time;train_accuracy;train_loss;valid_accuracy;valid_loss;valid_accuracy_robust;valid_accuracy_swa;valid_accuracy_robust_swa
59,5223;3,7980;4,4837;8,1900;4,0099;7,6138;8,1900;7,6138
121,8750;6,3540;4,3741;11,6100;3,8101;10,4000;11,6100;10,4000
184,0682;8,7840;4,2891;14,7300;3,6514;13,0724;14,7300;13,0724
244,4637;11,7400;4,1862;17,8600;3,5539;15,0552;17,8600;15,0552
309,2993;15,0700;4,0739;18,9400;3,5196;15,2000;18,9400;15,2000
369,5104;17,6740;3,9824;21,5200;3,4235;17,6793;21,5200;17,6793
428,9103;20,5320;3,8846;29,2100;2,9488;23,5897;29,2100;23,5897
486,6955;23,6060;3,8051;25,4700;3,4236;20,0414;25,4700;20,0414
544,3790;26,1240;3,7175;34,6900;2,7912;28,3103;34,6900;28,3103
601,9532;28,3100;3,6614;38,8800;2,4776;30,4448;38,8800;30,4448
666,9160;29,9620;3,6131;38,6400;2,4857;30,1310;38,6400;30,1310
730,5581;31,4560;3,5721;41,2500;2,3735;30,8414;41,2500;30,8414
792,8986;33,2320;3,5250;43,7500;2,3995;34,6586;43,7500;34,6586
857,1697;34,7840;3,4868;46,3100;2,0933;36,2966;46,3100;36,2966
920,7297;36,7520;3,4216;45,7700;2,2502;36,4724;45,7700;36,4724
984,0816;36,7660;3,4134;48,6800;1,9749;38,3517;48,6800;38,3517
1040,8391;38,1580;3,3815;47,3600;2,0759;37,1586;47,3600;37,1586
1098,0128;39,1260;3,3532;49,3200;1,9742;39,2552;49,3200;39,2552
1156,3711;40,2340;3,3261;48,6800;1,9766;36,2690;48,6800;36,2690
1214,4230;40,7460;3,3045;53,0800;1,8059;40,5379;53,0800;40,5379
1270,8719;41,4140;3,2880;51,0900;1,9102;39,6483;51,0900;39,6483
1327,7679;41,7380;3,2781;53,7600;1,7732;42,8793;53,7600;42,8793
1384,1536;42,9800;3,2501;53,7400;1,8062;42,4241;53,7400;42,4241
1440,7012;43,2740;3,2428;57,5300;1,6029;44,9345;57,5300;44,9345
1501,1858;43,4320;3,2274;56,9800;1,6563;44,9414;56,9800;44,9414
1560,0775;44,1800;3,2110;58,9800;1,5417;46,4138;58,9800;46,4138
1619,2479;44,8280;3,1928;56,7000;1,6572;43,8241;56,7000;43,8241
1677,8662;45,1420;3,1882;56,2600;1,6446;43,2241;56,2600;43,2241
1737,0111;44,8480;3,1899;60,1000;1,4874;47,2069;60,1000;47,2069
1795,2096;45,9900;3,1616;58,5000;1,5685;45,0690;58,5000;45,0690
1854,3332;46,4460;3,1529;59,1700;1,5481;46,2310;59,1700;46,2310
1911,1553;46,8060;3,1372;57,1100;1,6327;44,2517;57,1100;44,2517
1971,5593;47,2600;3,1134;60,5900;1,4804;47,2690;60,5900;47,2690
2030,0902;46,8740;3,1313;60,7600;1,4592;47,6828;60,7600;47,6828
2088,9112;47,7040;3,1171;59,9800;1,5055;46,2724;59,9800;46,2724
2147,2226;48,1300;3,0990;59,4900;1,5536;46,8310;59,4900;46,8310
2204,5439;48,5000;3,1022;62,4100;1,4105;48,6621;62,4100;48,6621
2261,3757;48,9600;3,0740;63,6700;1,3723;50,1310;63,6700;50,1310
2323,2393;48,8000;3,0764;61,7900;1,4384;49,4621;61,7900;49,4621
2382,5600;49,2980;3,0712;62,2700;1,4205;47,6655;62,2700;47,6655
2441,4706;49,6760;3,0595;62,1400;1,4175;48,4793;62,1400;48,4793
2501,5480;49,5080;3,0628;62,4100;1,4152;49,3241;62,4100;49,3241
2558,5327;50,1280;3,0528;64,8100;1,2995;52,1103;64,8100;52,1103
2618,1058;50,4540;3,0476;63,9600;1,3289;51,7103;63,9600;51,7103
2674,0766;50,9860;3,0159;65,0400;1,3212;52,2241;65,0400;52,2241
2732,7731;51,8340;2,9996;65,2600;1,3193;51,6621;65,2600;51,6621
2791,7441;50,9520;3,0240;65,9000;1,2919;51,8069;65,9000;51,8069
2850,5176;51,6520;3,0075;65,9200;1,2700;52,4034;65,9200;52,4034
2909,6658;51,6860;3,0087;65,7600;1,2712;52,8690;65,7600;52,8690
2966,4682;51,8200;2,9928;65,5900;1,2975;52,1414;65,5900;52,1414
3024,2696;52,6400;2,9848;65,2900;1,2982;52,0103;65,2900;52,0103
3080,9340;53,0280;2,9627;66,7000;1,2457;53,5207;66,7000;53,5207
3140,8220;53,2580;2,9483;67,5000;1,1884;54,0931;67,5000;54,0931
3200,3063;53,0080;2,9570;67,1700;1,2298;54,4966;67,1700;54,4966
3259,3415;54,2060;2,9462;67,7700;1,2173;55,2103;67,7700;55,2103
3318,6576;54,1480;2,9324;68,0400;1,1830;53,8931;68,0400;53,8931
3375,8639;54,2840;2,9275;69,1500;1,1612;55,2172;69,1500;55,2172
3434,7748;54,5700;2,9184;68,4900;1,1706;55,4793;68,4900;55,4793
3492,3681;55,2360;2,8968;69,2100;1,1361;54,3828;69,2100;54,3828
3552,9629;55,4680;2,8980;70,1400;1,1181;56,0517;70,1400;56,0517
3612,3077;54,4320;2,9241;69,2200;1,1428;55,9655;69,2200;55,9655
3671,9076;55,7240;2,8974;70,6200;1,0858;57,1621;70,6200;57,1621
3731,3721;56,2080;2,8744;70,3400;1,1031;56,5207;70,3400;56,5207
3789,8265;55,8820;2,8862;70,1000;1,0976;55,3483;70,1000;55,3483
3847,8147;55,8900;2,8942;70,9600;1,0700;57,6448;70,9600;57,6448
3904,5626;57,4680;2,8449;71,5700;1,0643;58,0310;71,5700;58,0310
3964,8981;57,1360;2,8635;71,4200;1,0509;58,2448;71,4200;58,2448
4023,7314;56,5780;2,8707;72,2900;1,0385;58,3000;72,2900;58,3000
4084,0104;56,8720;2,8571;72,5200;1,0269;58,2517;72,5200;58,2517
4142,7286;57,3160;2,8524;71,4900;1,0587;58,8448;71,4900;58,8448
4200,2414;57,8560;2,8494;72,6700;1,0137;59,1793;72,6700;59,1793
4258,0084;57,9360;2,8225;72,9500;1,0112;58,4379;72,9500;58,4379
4315,1261;58,2440;2,8271;73,1100;0,9940;59,4276;73,1100;59,4276
4374,3166;58,6660;2,8130;73,0700;0,9962;59,5759;73,0700;59,5759
4433,4861;58,9760;2,8122;73,5400;0,9924;59,4414;73,5400;59,4414
4491,6653;59,2700;2,7900;73,6100;0,9901;59,9241;73,6100;59,9241
4550,7798;58,8480;2,8093;73,4900;0,9872;59,6138;73,4900;59,6138
4608,2863;59,5460;2,7885;74,2500;0,9505;60,0483;74,2500;60,0483
4666,7210;60,3280;2,7720;74,3900;0,9588;60,5034;74,3900;60,5034
4724,5523;60,3600;2,7684;74,5000;0,9612;60,3483;74,5000;60,3483
4784,2473;60,2480;2,7613;74,7200;0,9263;61,0138;74,7200;61,0138
4842,4315;60,6980;2,7673;75,0900;0,9469;61,2552;75,0900;61,2552
4902,8038;61,3120;2,7476;74,8300;0,9252;61,1034;74,8300;61,1034
4963,7986;61,3280;2,7421;75,2000;0,9410;61,0345;75,2000;61,0345
5021,5326;60,5740;2,7633;74,9400;0,9318;60,8793;74,9400;60,8793
5080,3095;60,8420;2,7574;75,1100;0,9283;61,1621;75,1100;61,1621
5140,2579;61,7860;2,7434;75,7300;0,9170;61,0655;75,7300;61,0655
5199,5102;61,7600;2,7268;75,6900;0,9176;61,8621;75,6900;61,8621
5258,2515;61,7480;2,7288;75,5500;0,9094;61,2552;75,5500;61,2552
5316,7674;61,8620;2,7155;75,6900;0,9008;61,7207;75,6900;61,7207
5375,3638;61,5360;2,7378;75,5700;0,9156;61,5103;75,5700;61,5103
5433,1375;61,7580;2,7360;76,2100;0,8966;61,9034;76,2100;61,9034
5492,2615;62,2700;2,7109;75,9700;0,9090;61,9414;75,9700;61,9414
5550,7136;61,8900;2,7478;76,0500;0,9027;62,2448;76,0500;62,2448
5609,2834;61,7720;2,7366;76,0500;0,8937;62,2138;76,0500;62,2138
5668,4441;62,0160;2,7299;75,9500;0,8861;62,0310;75,9500;62,0310
5727,0061;62,4640;2,7225;76,1600;0,9158;62,1241;76,1600;62,1241
5785,3632;62,3280;2,7153;76,1700;0,9121;62,1069;76,1700;62,1069
5842,3216;62,2160;2,7074;76,3300;0,8885;62,1621;76,3300;62,1621
5901,5434;62,1640;2,7227;76,2300;0,8866;62,2586;76,2300;62,2586
5959,3279;47,4680;3,1082;60,9700;1,5055;47,7862;60,9700;47,7862
6018,1881;46,0480;3,1562;59,6000;1,5493;45,6862;59,6000;45,6862
6077,3984;46,6680;3,1293;58,6100;1,6086;45,3828;58,6100;45,3828
6137,0827;46,5380;3,1416;57,5200;1,6344;43,9517;57,5200;43,9517
6194,9847;46,7260;3,1350;59,5600;1,5226;46,0000;59,5600;46,0000
6252,7575;46,9840;3,1250;59,9900;1,5165;46,3897;59,9900;46,3897
6312,0414;47,3680;3,1054;61,9500;1,4337;48,8517;61,9500;48,8517
6370,4055;47,2260;3,1292;60,2100;1,5175;45,3897;60,2100;45,3897
6429,9225;47,2700;3,1212;60,2400;1,4835;47,2000;60,2400;47,2000
6488,3537;47,6540;3,1042;61,6900;1,4570;47,5138;61,6900;47,5138
6547,3906;47,3960;3,1211;60,2400;1,4976;47,1483;60,2400;47,1483
6605,1696;48,5620;3,0836;62,0800;1,4464;47,7379;62,0800;47,7379
6661,2492;48,8160;3,0847;62,9400;1,3993;49,7207;62,9400;49,7207
6720,6844;48,1880;3,0915;61,4600;1,4668;47,1034;61,4600;47,1034
6779,1098;48,6140;3,0782;61,3900;1,4550;48,1345;61,3900;48,1345
6839,0712;48,9560;3,0835;62,8900;1,4061;49,3862;62,8900;49,3862
6897,5076;48,9820;3,0787;60,7600;1,4784;47,8414;60,7600;47,8414
6956,7376;49,1700;3,0640;63,4800;1,3789;49,7483;63,4800;49,7483
7015,1224;48,8240;3,0725;64,1700;1,3427;50,9345;64,1700;50,9345
7072,1686;49,7100;3,0484;61,6300;1,4491;48,5621;61,6300;48,5621
7130,6488;48,9240;3,0719;64,7900;1,3097;52,5034;64,7900;52,5034
7188,3820;49,2340;3,0718;63,9300;1,3408;49,4759;63,9300;49,4759
7248,6981;50,2280;3,0261;62,8000;1,4008;49,2862;62,8000;49,2862
7307,0290;50,1920;3,0377;62,1100;1,4155;47,6103;62,1100;47,6103
7365,6754;49,7740;3,0396;63,6400;1,3553;48,4621;63,6400;48,4621
7425,1290;50,1220;3,0416;62,3700;1,4397;47,1655;62,3700;47,1655
7481,4388;49,3320;3,0788;64,7000;1,3150;51,7414;64,7000;51,7414
7542,1742;49,9760;3,0531;65,3700;1,2789;51,1276;65,3700;51,1276
7599,5396;49,9420;3,0445;64,8200;1,3171;51,5379;64,8200;51,5379
7659,6972;50,4880;3,0243;61,1300;1,4835;48,2138;61,1300;48,2138
7720,1798;50,5660;3,0384;65,6200;1,2625;51,8448;65,6200;51,8448
7781,2079;49,6860;3,0469;63,0900;1,3782;48,7000;63,0900;48,7000
7842,3162;50,3600;3,0352;63,2600;1,4015;48,7345;63,2600;48,7345
7903,9841;50,7260;3,0199;63,4800;1,4036;50,3207;63,4800;50,3207
7962,3974;50,2240;3,0244;65,5500;1,2673;52,4931;65,5500;52,4931
8024,1658;50,8480;3,0131;63,5700;1,3756;50,2724;63,5700;50,2724
8084,4235;50,8360;3,0194;65,5100;1,2779;52,2966;65,5100;52,2966
8144,5001;51,2880;3,0036;65,8000;1,2996;51,0138;65,8000;51,0138
8207,8182;50,3780;3,0413;64,0700;1,3245;50,8034;64,0700;50,8034
8277,9215;51,3720;2,9967;65,9300;1,2909;52,6000;65,9300;52,6000
8349,5338;51,7180;2,9965;64,2700;1,3572;50,2345;64,2700;50,2345
8425,4539;51,1140;3,0064;65,5500;1,2884;51,5483;65,5500;51,5483
8504,0707;51,7040;2,9893;65,9900;1,3012;52,1172;65,9900;52,1172
8584,9737;50,9420;3,0169;66,4700;1,2436;53,4828;66,4700;53,4828
8670,5323;52,0920;2,9861;65,9300;1,2871;52,1552;65,9300;52,1552
8762,6934;51,9780;2,9891;65,5000;1,2921;53,4069;65,5000;53,4069
8853,9570;51,5760;2,9994;66,1400;1,2711;50,9345;66,1400;50,9345
8942,8335;51,6340;2,9893;66,3900;1,2389;53,3655;66,3900;53,3655
9023,6843;51,8460;2,9838;67,6500;1,1926;53,4690;67,6500;53,4690
9100,9413;52,0800;2,9806;67,0000;1,2431;53,5138;67,0000;53,5138
9173,2199;51,3920;2,9967;66,1600;1,2501;51,3207;66,1600;51,3207
9245,0602;52,5960;2,9671;66,8900;1,2269;53,0207;66,8900;53,0207
9315,4106;52,0640;2,9765;66,4300;1,2678;52,5759;66,4300;52,5759
9386,3728;52,1140;2,9761;67,6100;1,1849;53,2759;67,6100;53,2759
9463,1285;51,9700;2,9914;66,9500;1,2458;51,6345;66,9500;51,6345
9546,2247;52,8040;2,9649;66,3600;1,2662;51,9862;66,3600;51,9862
9633,7966;52,6620;2,9792;68,3700;1,1840;54,5931;68,3700;54,5931
9727,1674;52,4620;2,9805;66,7800;1,2491;53,2345;66,7800;53,2345
9816,1573;52,5620;2,9683;67,8900;1,2130;53,9517;67,8900;53,9517
9898,4248;52,9620;2,9643;67,9600;1,1859;53,8862;67,9600;53,8862
9973,5699;52,9940;2,9495;67,0000;1,2352;52,3138;67,0000;52,3138
10049,0549;53,5860;2,9508;65,0900;1,3392;50,8828;65,0900;50,8828
10119,5120;53,5020;2,9375;68,0500;1,2013;53,2138;68,0500;53,2138
10186,9118;53,2020;2,9488;67,8400;1,1815;54,1759;67,8400;54,1759
10259,5871;53,0740;2,9478;68,2300;1,2018;51,7379;68,2300;51,7379
10334,7386;53,5740;2,9448;67,8700;1,1770;55,3241;67,8700;55,3241
10414,8721;53,4060;2,9442;68,1900;1,1916;53,7069;68,1900;53,7069
10498,3698;54,4040;2,9275;68,1600;1,1784;55,3448;68,1600;55,3448
10591,0716;53,3460;2,9585;68,1100;1,1795;53,0759;68,1100;53,0759
10684,2281;53,6780;2,9476;68,6900;1,1489;56,1552;68,6900;56,1552
10772,8902;53,6100;2,9406;68,2600;1,1570;55,0241;68,2600;55,0241
10855,2706;54,0240;2,9481;68,6000;1,1581;53,9862;68,6000;53,9862
10931,4863;53,3840;2,9512;67,7400;1,1791;53,9483;67,7400;53,9483
11003,4796;53,5680;2,9392;68,9100;1,1618;54,1379;68,9100;54,1379
11078,3961;53,9900;2,9355;69,8300;1,1121;55,9276;69,8300;55,9276
11148,2673;54,3100;2,9187;67,8000;1,2053;53,9448;67,8000;53,9448
11215,6150;54,3720;2,9224;69,0700;1,1330;55,7310;69,0700;55,7310
11288,4459;54,5780;2,9115;69,1500;1,1454;54,1552;69,1500;54,1552
11367,9559;55,0620;2,8961;69,6900;1,1224;55,8828;69,6900;55,8828
11447,5096;54,7380;2,9105;68,5400;1,1605;55,0414;68,5400;55,0414
11537,4989;54,6240;2,9182;69,6600;1,1317;55,5138;69,6600;55,5138
11631,0233;54,9040;2,9113;68,6800;1,1562;55,0414;68,6800;55,0414
11725,5405;55,5460;2,8859;69,8900;1,1169;56,0379;69,8900;56,0379
11812,2651;55,3420;2,9008;70,4400;1,1019;54,6862;70,4400;54,6862
11891,5442;55,5280;2,8908;70,3600;1,1012;57,3655;70,3600;57,3655
11968,7338;55,0780;2,9062;71,5000;1,0565;56,8931;71,5000;56,8931
12041,1058;54,8640;2,8997;69,1100;1,1549;54,4862;69,1100;54,4862
12109,7480;55,7820;2,8760;70,4100;1,0905;55,6966;70,4100;55,6966
12185,5180;55,3260;2,8935;69,4600;1,1288;56,9724;69,4600;56,9724
12257,8204;55,9260;2,8822;70,7400;1,0613;56,9414;70,7400;56,9414
12330,0330;55,5640;2,8926;69,7100;1,1356;55,2966;69,7100;55,2966
12405,9369;55,7720;2,8745;71,0200;1,0868;57,4759;71,0200;57,4759
12487,4239;56,3740;2,8541;69,5300;1,1582;55,0138;69,5300;55,0138
12573,0468;56,4100;2,8512;70,3300;1,1226;56,5276;70,3300;56,5276
12665,2882;56,0700;2,8708;70,0800;1,1156;56,0414;70,0800;56,0414
12759,0562;56,1680;2,8690;71,4500;1,0629;57,2241;71,4500;57,2241
12854,5085;56,2160;2,8704;71,3300;1,0651;57,8414;71,3300;57,8414
12941,7617;57,0040;2,8565;71,4500;1,0486;57,5931;71,4500;57,5931
13027,5426;56,7120;2,8610;72,2000;1,0346;57,5241;72,2000;57,5241
13103,9444;56,3740;2,8655;71,3900;1,0649;57,4724;71,3900;57,4724
13178,1411;56,3200;2,8819;72,3900;1,0064;57,7448;72,3900;57,7448
13246,7504;56,7840;2,8693;72,5900;1,0052;57,0379;72,5900;57,0379
13319,3929;57,3940;2,8297;71,4000;1,0499;57,2862;71,4000;57,2862
13397,0057;57,5640;2,8368;72,4800;0,9947;58,4172;72,4800;58,4172
13482,9007;57,3780;2,8333;72,8500;1,0073;57,3966;72,8500;57,3966
13571,3979;57,5520;2,8351;73,1000;0,9954;58,6345;73,1000;58,6345
13664,1894;57,5480;2,8394;73,0300;0,9839;58,3655;73,0300;58,3655
13752,4223;57,5900;2,8271;72,5000;1,0098;57,5483;72,5000;57,5483
13834,1663;58,7480;2,7908;71,7700;1,0453;58,5241;71,7700;58,5241
13911,1445;57,8580;2,8135;72,0900;1,0296;59,1207;72,0900;59,1207
13983,1686;58,3360;2,8058;72,8500;1,0075;58,7931;72,8500;58,7931
14051,6923;58,6080;2,8003;73,2500;0,9906;58,9586;73,2500;58,9586
14119,3583;58,4400;2,7957;73,7200;0,9569;60,0931;73,7200;60,0931
14191,0497;58,7040;2,7968;73,6400;0,9861;60,2483;73,6400;60,2483
14268,0351;58,0520;2,8119;73,2200;0,9892;57,0586;73,2200;57,0586
14350,7843;58,8040;2,7917;72,2800;1,0279;57,7138;72,2800;57,7138
14439,5191;59,2660;2,7862;74,0600;0,9873;59,7345;74,0600;59,7345
14531,3276;59,0540;2,7987;73,3700;0,9829;59,4828;73,3700;59,4828
14617,3935;59,3080;2,7931;73,5500;0,9689;58,9379;73,5500;58,9379
14700,9279;60,0240;2,7605;74,9300;0,9204;60,6276;74,9300;60,6276
14777,5463;58,7780;2,8074;74,0100;0,9595;60,5414;74,0100;60,5414
14849,5631;59,7300;2,7761;74,6000;0,9533;61,1862;74,6000;61,1862
14919,6009;60,1940;2,7612;73,2500;0,9858;59,2483;73,2500;59,2483
14987,9643;59,5020;2,7890;74,7400;0,9177;61,2897;74,7400;61,2897
15061,6105;59,7280;2,7774;74,4200;0,9534;60,9103;74,4200;60,9103
15137,2128;59,7980;2,7792;75,2900;0,9243;60,8552;75,2900;60,8552
15213,9234;60,0300;2,7684;74,8200;0,9357;59,9448;74,8200;59,9448
15297,4452;60,5280;2,7430;75,2200;0,9103;61,3138;75,2200;61,3138
15385,0166;60,9520;2,7214;75,0400;0,9178;60,8276;75,0400;60,8276
15477,2410;61,3940;2,7169;75,4300;0,9099;61,4759;75,4300;61,4759
15573,6834;61,1160;2,7377;74,9600;0,9166;61,3793;74,9600;61,3793
15662,5842;61,1780;2,7252;75,1200;0,9034;61,9828;75,1200;61,9828
15748,1855;60,7200;2,7524;75,2300;0,9069;60,7931;75,2300;60,7931
15831,9258;60,9020;2,7420;75,1600;0,9186;61,2828;75,1600;61,2828
15912,9012;60,9220;2,7360;75,6500;0,8980;62,1724;75,6500;62,1724
15989,5384;61,4800;2,7224;75,8200;0,9043;61,7241;75,8200;61,7241
16068,2009;61,5040;2,7061;75,4700;0,9018;61,4586;75,4700;61,4586
16143,7304;61,4160;2,7369;75,3900;0,8866;62,0862;75,3900;62,0862
16214,5433;61,8180;2,7220;76,4800;0,8854;62,0931;76,4800;62,0931
16285,9869;61,4520;2,7359;75,6700;0,8855;61,7862;75,6700;61,7862
16360,0983;62,8460;2,6942;77,0900;0,8602;62,0793;77,0900;62,0793
16440,3133;62,9860;2,6753;76,5600;0,8632;62,9931;76,5600;62,9931
16524,3166;62,7040;2,6976;76,7600;0,8555;63,5483;76,7600;63,5483
16612,7354;62,5340;2,7024;76,4700;0,8644;62,2069;76,4700;62,2069
16707,2740;62,6140;2,6933;77,3400;0,8350;63,6310;77,3400;63,6310
16797,6940;62,7880;2,6976;76,6300;0,8439;63,4759;76,6300;63,4759
16884,4333;62,9780;2,6937;77,7200;0,8162;64,2793;77,7200;64,2793
16964,8899;63,2720;2,6844;77,6300;0,8332;63,1586;77,6300;63,1586
17041,4508;63,0280;2,6858;77,4300;0,8196;63,9759;77,4300;63,9759
17115,2936;63,6840;2,6664;77,3800;0,8323;63,4931;77,3800;63,4931
17185,3794;63,4440;2,6728;77,5300;0,8260;62,6138;77,5300;62,6138
17253,7465;63,9760;2,6688;78,0800;0,8087;64,0448;78,0800;64,0448
17327,2026;63,8740;2,6731;77,9100;0,8062;64,0655;77,9100;64,0655
17405,9744;64,4080;2,6498;77,7700;0,8133;64,3724;77,7700;64,3724
17489,1098;63,2740;2,6812;77,9600;0,8063;63,9276;77,9600;63,9276
17575,8992;64,1340;2,6482;78,2900;0,7943;64,7586;78,2900;64,7586
17668,7397;64,4440;2,6331;78,6300;0,7830;64,2690;78,6300;64,2690
17763,2192;64,3120;2,6543;78,5200;0,8074;64,5276;78,5200;64,5276
17850,7250;64,7540;2,6333;78,7500;0,7833;64,7172;78,7500;64,7172
17930,0888;64,7320;2,6274;78,3800;0,8065;64,8138;78,3800;64,8138
18006,7005;65,0200;2,6297;78,9900;0,7792;65,0276;78,9900;65,0276
18081,2710;64,7020;2,6447;79,5000;0,7695;65,2448;79,5000;65,2448
18150,9415;65,0480;2,6364;79,1600;0,7815;65,6414;79,1600;65,6414
18220,2124;65,1000;2,6269;79,2800;0,7719;65,0172;79,2800;65,0172
18292,3789;65,8620;2,6114;79,7600;0,7641;65,3034;79,7600;65,3034
18366,6949;65,3780;2,6281;79,3500;0,7653;64,9414;79,3500;64,9414
18445,8931;65,4740;2,6210;79,3500;0,7644;65,6517;79,3500;65,6517
18529,5281;66,1680;2,6039;79,3800;0,7723;65,8414;79,3800;65,8414
18615,8980;66,4360;2,6010;79,5600;0,7556;65,9448;79,5600;65,9448
18711,0035;65,6400;2,6148;79,4600;0,7742;65,6448;79,4600;65,6448
18803,1434;66,2020;2,5899;79,2500;0,7649;65,1931;79,2500;65,1931
18891,1019;65,6860;2,6202;79,8600;0,7540;66,0241;79,8600;66,0241
18974,2034;66,3980;2,5945;79,9000;0,7519;66,0552;79,9000;66,0552
19053,6969;66,3800;2,6039;79,9500;0,7557;65,9655;79,9500;65,9655
19130,3020;66,5760;2,5821;80,1400;0,7405;66,2034;80,1400;66,2034
19202,9710;66,1240;2,6069;80,3300;0,7472;66,2069;80,3300;66,2069
19268,1097;66,5020;2,6018;80,0300;0,7472;65,7897;80,0300;65,7897
19341,2191;66,7000;2,5939;79,8000;0,7559;66,5138;79,8000;66,5138
19418,6663;66,7100;2,6022;80,3700;0,7389;66,1207;80,3700;66,1207
19500,9206;67,1340;2,5757;80,1500;0,7411;66,0414;80,1500;66,0414
19585,5109;67,3180;2,5627;80,2000;0,7406;66,6448;80,2000;66,6448
19676,2819;67,3220;2,5690;80,4000;0,7335;66,4793;80,4000;66,4793
19768,1085;66,4300;2,6000;80,4700;0,7363;66,4069;80,4700;66,4069
19858,7688;66,0100;2,6067;80,2200;0,7295;66,5448;80,2200;66,5448
19945,2287;66,7940;2,5869;80,3000;0,7362;66,4655;80,3000;66,4655
20027,7935;67,5500;2,5661;80,1000;0,7397;66,0345;80,1000;66,0345
20107,8566;66,8960;2,5737;80,3100;0,7357;66,5138;80,3100;66,5138
20184,4916;66,9080;2,5944;80,2200;0,7431;66,4483;80,2200;66,4483
20258,6289;66,4680;2,6066;80,2300;0,7283;66,4828;80,2300;66,4828
20332,3611;66,9760;2,5924;80,3200;0,7305;66,6897;80,3200;66,6897
20402,4722;67,3760;2,5730;80,4400;0,7289;66,8310;80,4400;66,8310
20474,3950;67,3440;2,5674;80,2600;0,7315;66,2931;80,2600;66,2931
20546,8370;67,0480;2,5695;80,4400;0,7297;66,6345;80,4400;66,6345
20621,4603;67,6020;2,5631;80,5900;0,7297;66,4897;80,5900;66,4897
20701,7801;67,8380;2,5576;80,4700;0,7252;66,7552;80,4700;66,7552
20790,3656;67,4840;2,5625;80,4900;0,7240;66,8276;80,4900;66,8276
20882,7929;67,4060;2,5678;80,3900;0,7288;66,8172;80,3900;66,8172
20974,2766;67,4720;2,5647;80,4500;0,7408;66,4310;80,4500;66,4310
21061,0692;67,4940;2,5791;80,2600;0,7351;66,7000;80,2600;66,7000
21143,2777;67,3880;2,5687;80,3700;0,7354;66,7414;80,3700;66,7414
21221,8507;49,2100;3,0556;58,5400;1,6007;45,5172;58,5400;45,5172
21297,6717;48,0380;3,0788;63,3200;1,3790;48,1379;63,3200;48,1379
21366,6493;47,9940;3,0927;60,3000;1,5212;44,8552;60,3000;44,8552
21438,0014;48,2660;3,0919;62,6100;1,4303;48,3276;62,6100;48,3276
21509,1341;48,5620;3,0712;65,0100;1,3211;50,8345;65,0100;50,8345
21582,5117;49,1520;3,0688;61,8100;1,4419;47,0621;61,8100;47,0621
21664,4400;49,1000;3,0620;65,3500;1,2844;49,8172;65,3500;49,8172
21750,5873;49,9860;3,0361;62,4300;1,4222;49,5103;62,4300;49,5103
21843,0725;49,1660;3,0546;63,5700;1,3676;49,4069;63,5700;49,4069
21935,2356;49,5540;3,0505;64,7200;1,3279;51,0931;64,7200;51,0931
22021,5449;49,4720;3,0538;64,9400;1,3379;50,4931;64,9400;50,4931
22106,4434;50,5300;3,0039;65,3300;1,3014;51,6241;65,3300;51,6241
22185,1544;49,9460;3,0365;65,9600;1,2862;52,1483;65,9600;52,1483
22258,5321;50,1420;3,0416;63,6000;1,3724;49,4138;63,6000;49,4138
22326,8388;50,7240;3,0091;64,2900;1,3551;49,4414;64,2900;49,4414
22394,5526;50,8840;3,0098;64,3900;1,3292;50,5655;64,3900;50,5655
22466,3273;50,6320;3,0296;65,9500;1,2525;51,3931;65,9500;51,3931
22543,5253;51,5660;2,9957;65,8100;1,2715;52,0448;65,8100;52,0448
22626,9432;51,3540;2,9953;66,6300;1,2620;52,6379;66,6300;52,6379
22713,0650;50,4980;3,0220;64,7700;1,3179;50,6414;64,7700;50,6414
22805,4780;50,5340;3,0268;66,2000;1,2704;52,5552;66,2000;52,5552
22895,8837;51,0440;3,0122;65,8600;1,2858;52,5207;65,8600;52,5207
22985,4103;51,0260;3,0025;68,2900;1,1935;54,4586;68,2900;54,4586
23064,2526;51,4040;3,0040;67,0800;1,2020;52,8310;67,0800;52,8310
23137,7638;51,4180;3,0048;64,0800;1,3860;50,8724;64,0800;50,8724
23208,0112;51,6340;2,9894;66,4500;1,2402;53,2000;66,4500;53,2000
23275,0370;51,9580;2,9783;65,4500;1,2956;51,3172;65,4500;51,3172
23348,5931;51,8320;2,9892;66,4600;1,2390;51,8552;66,4600;51,8552
23426,6909;52,0480;2,9789;67,2000;1,2368;51,9552;67,2000;51,9552
23507,9674;51,7580;3,0022;65,9700;1,2529;51,7379;65,9700;51,7379
23592,7331;51,8760;2,9940;67,1700;1,2002;52,9966;67,1700;52,9966
23683,1397;51,4600;3,0091;66,8300;1,2428;52,6483;66,8300;52,6483
23777,8694;52,1720;2,9702;65,4900;1,3053;51,9483;65,4900;51,9483
23869,0596;51,9340;2,9800;67,7200;1,2140;52,9966;67,7200;52,9966
23953,0294;52,2900;2,9645;66,9800;1,2314;52,1000;66,9800;52,1000
24032,2263;52,2020;2,9856;67,0700;1,2485;51,4000;67,0700;51,4000
24109,6329;51,7360;2,9930;66,8100;1,2554;52,7655;66,8100;52,7655
24186,0279;52,2380;2,9753;67,9500;1,2108;53,4621;67,9500;53,4621
24249,9736;52,1000;2,9705;66,8400;1,2355;53,2897;66,8400;53,2897
24323,8716;52,0440;2,9742;67,0500;1,2445;54,2138;67,0500;54,2138
24410,6547;52,1620;2,9768;67,0900;1,2332;52,2966;67,0900;52,2966
24502,2432;51,6680;2,9989;65,3000;1,3128;51,1207;65,3000;51,1207
24580,7961;52,2300;2,9701;68,4700;1,1912;54,2931;68,4700;54,2931
24646,5659;52,7540;2,9612;67,3400;1,2026;53,7069;67,3400;53,7069
24717,7114;52,0140;2,9742;67,6700;1,2261;54,2483;67,6700;54,2483
24800,6874;52,2080;2,9765;66,8200;1,2467;50,5138;66,8200;50,5138
24891,6612;52,1340;2,9802;67,5800;1,2229;53,8931;67,5800;53,8931
24975,6201;51,6720;2,9952;66,9000;1,2286;52,4138;66,9000;52,4138
25048,0443;53,0460;2,9429;66,8000;1,2363;52,0552;66,8000;52,0552
25112,5629;52,4400;2,9809;68,0000;1,2155;54,2690;68,0000;54,2690
25189,9678;52,4360;2,9749;67,3100;1,2422;53,6793;67,3100;53,6793
25281,0740;52,1780;2,9792;67,3300;1,2258;52,0759;67,3300;52,0759
25370,1747;52,3840;2,9803;68,5200;1,1616;55,2655;68,5200;55,2655
25441,4209;52,5080;2,9540;67,9700;1,2069;54,0517;67,9700;54,0517
25510,8818;52,5560;2,9618;67,6300;1,1959;53,0138;67,6300;53,0138
25598,8134;52,3840;2,9791;67,4600;1,2096;54,0241;67,4600;54,0241
25692,4401;52,7460;2,9595;68,2600;1,1767;53,8655;68,2600;53,8655
25767,3010;52,5620;2,9698;66,9600;1,2361;53,5862;66,9600;53,5862
25832,8021;52,6400;2,9681;67,8900;1,1881;53,0862;67,8900;53,0862
25905,0117;53,1260;2,9545;67,7900;1,2027;53,6931;67,7900;53,6931
25990,2097;52,1200;2,9708;67,5800;1,2172;53,2448;67,5800;53,2448
26076,2967;52,6560;2,9707;67,4900;1,1977;53,3793;67,4900;53,3793
26145,9558;52,6660;2,9650;68,6100;1,1772;53,5724;68,6100;53,5724
26210,1736;52,8580;2,9539;67,6800;1,2110;53,2448;67,6800;53,2448
26286,3589;52,7620;2,9598;67,8700;1,1938;54,1862;67,8700;54,1862
26376,3702;53,3440;2,9498;69,2300;1,1504;55,5138;69,2300;55,5138
26467,0961;52,4560;2,9735;66,7500;1,2905;51,7862;66,7500;51,7862
26543,7148;52,7740;2,9468;67,9700;1,1939;52,8517;67,9700;52,8517
26606,5642;52,8260;2,9645;69,0900;1,1551;56,5690;69,0900;56,5690
26682,3097;53,4620;2,9358;68,3400;1,1780;53,9207;68,3400;53,9207
26769,2900;53,0820;2,9415;68,3500;1,1794;54,2207;68,3500;54,2207
26863,9141;52,8620;2,9612;67,3000;1,2103;54,0586;67,3000;54,0586
26944,3628;53,0020;2,9479;67,8900;1,2277;53,6000;67,8900;53,6000
27020,1279;52,6360;2,9567;68,7000;1,1727;54,6276;68,7000;54,6276
27086,0022;52,6680;2,9653;67,0000;1,2221;53,5759;67,0000;53,5759
27165,5987;52,9460;2,9576;67,8100;1,1995;54,5690;67,8100;54,5690
27257,5874;52,5080;2,9719;67,6800;1,2192;54,4897;67,6800;54,4897
27340,5582;53,1620;2,9480;68,6900;1,1584;55,4966;68,6900;55,4966
27410,9766;53,2020;2,9424;69,3100;1,1592;55,2724;69,3100;55,2724
27477,4593;52,7380;2,9661;67,4200;1,2226;53,9345;67,4200;53,9345
27558,0011;53,7020;2,9441;66,7500;1,2489;53,4517;66,7500;53,4517
27650,4327;53,2140;2,9434;68,3100;1,1773;55,1724;68,3100;55,1724
27731,0868;53,0800;2,9556;68,5100;1,1734;54,5379;68,5100;54,5379
27797,9442;52,9160;2,9479;69,0700;1,1507;55,3207;69,0700;55,3207
27866,5932;53,3500;2,9370;66,6500;1,2586;53,2517;66,6500;53,2517
27949,6980;54,0960;2,9225;68,9500;1,1417;55,2207;68,9500;55,2207
28044,4381;53,3020;2,9554;68,5700;1,1628;54,7621;68,5700;54,7621
28122,1812;53,1960;2,9554;68,1000;1,1900;55,8793;68,1000;55,8793
28189,5413;53,1380;2,9499;68,5400;1,1988;53,9862;68,5400;53,9862
28259,5919;54,0260;2,9218;69,5900;1,1454;55,3966;69,5900;55,3966
28345,6025;53,8060;2,9323;69,4300;1,1393;55,9966;69,4300;55,9966
28438,4260;53,3220;2,9451;68,1600;1,1808;54,2966;68,1600;54,2966
28513,2238;53,9700;2,9155;68,6400;1,1818;54,2172;68,6400;54,2172
28579,8160;53,2020;2,9532;68,2500;1,1720;54,0724;68,2500;54,0724
28651,5011;54,0920;2,9367;69,0400;1,1702;55,9552;69,0400;55,9552
28737,2367;53,5360;2,9391;69,9300;1,1230;56,1621;69,9300;56,1621
28828,2637;54,2860;2,9251;69,4300;1,1569;55,4759;69,4300;55,4759
28902,9014;53,3300;2,9368;67,7000;1,2200;53,9793;67,7000;53,9793
28969,1925;53,8780;2,9217;68,5600;1,1707;55,1517;68,5600;55,1517
29046,4979;53,5400;2,9359;69,4000;1,1399;54,4897;69,4000;54,4897
29138,5731;53,6300;2,9394;69,4400;1,1360;55,0862;69,4400;55,0862
29224,6611;53,8440;2,9314;65,7900;1,2780;51,0655;65,7900;51,0655
29296,6359;53,2160;2,9465;70,0300;1,1268;55,1759;70,0300;55,1759
29362,2970;53,7400;2,9275;69,4400;1,1542;56,3138;69,4400;56,3138
29441,5948;54,1700;2,9303;67,5300;1,2174;54,5655;67,5300;54,5655
29532,4238;54,1060;2,9153;68,9600;1,1798;55,2310;68,9600;55,2310
29621,4519;53,9700;2,9271;66,7900;1,2428;52,4483;66,7900;52,4483
29693,9017;54,4700;2,9142;70,7600;1,0995;56,0483;70,7600;56,0483
29758,6453;54,1160;2,9203;69,4400;1,1364;54,5931;69,4400;54,5931
29837,3511;54,2420;2,9171;68,6900;1,1789;54,9621;68,6900;54,9621
29924,9655;54,1320;2,9251;68,4400;1,1943;54,3828;68,4400;54,3828
30010,6118;54,6060;2,9070;68,9300;1,1532;55,2276;68,9300;55,2276
30084,6092;54,0520;2,9155;68,6000;1,1524;54,4034;68,6000;54,4034
30150,5119;54,0160;2,9266;68,5100;1,1734;54,0345;68,5100;54,0345
30230,1938;54,3140;2,9220;68,1500;1,1771;54,4034;68,1500;54,4034
30321,4998;54,8400;2,8994;70,7900;1,1054;55,5310;70,7900;55,5310
30407,9040;54,5580;2,9076;70,0100;1,1122;56,1586;70,0100;56,1586
30485,2791;55,0160;2,9009;69,7900;1,1095;56,0931;69,7900;56,0931
30553,7011;54,3820;2,9045;70,0300;1,0874;56,9310;70,0300;56,9310
30626,8976;54,8080;2,9030;68,2100;1,2167;52,3517;68,2100;52,3517
30716,4990;55,2660;2,8875;69,8200;1,1338;56,2379;69,8200;56,2379
30808,0368;54,6280;2,9033;70,0100;1,0998;55,6276;70,0100;55,6276
30886,7574;54,3620;2,9155;70,2300;1,1269;54,8276;70,2300;54,8276
30953,6665;54,5820;2,9107;68,3600;1,1718;55,5724;68,3600;55,5724
31026,6478;54,5700;2,9098;68,9900;1,1566;53,3138;68,9900;53,3138
31113,6601;55,1900;2,9008;69,0700;1,1665;54,7793;69,0700;54,7793
31205,6286;54,4260;2,9122;70,5200;1,1119;57,4069;70,5200;57,4069
31284,5640;54,5680;2,9114;70,0500;1,1008;56,0379;70,0500;56,0379
31351,6499;55,5280;2,8809;70,0600;1,1051;56,0276;70,0600;56,0276
31425,2516;54,9380;2,8917;70,9100;1,0934;56,8966;70,9100;56,8966
31510,0777;55,0240;2,8873;70,0500;1,0990;56,3862;70,0500;56,3862
31600,0150;54,6980;2,9044;69,0600;1,1531;54,3241;69,0600;54,3241
31666,7592;55,1860;2,8903;68,5100;1,1675;55,6517;68,5100;55,6517
31733,8130;55,1360;2,9023;70,3100;1,0963;57,8172;70,3100;57,8172
31801,7424;55,1000;2,8840;69,4600;1,1216;54,9448;69,4600;54,9448
31869,2545;54,8700;2,8924;70,1000;1,1145;55,3379;70,1000;55,3379
31938,7194;55,3000;2,8904;70,7000;1,1031;56,9517;70,7000;56,9517
32004,5419;54,9360;2,8991;71,0900;1,0923;57,4448;71,0900;57,4448
32072,0368;55,5620;2,8821;70,5700;1,0890;56,6207;70,5700;56,6207
32139,8920;55,6280;2,8847;70,9600;1,0715;56,7379;70,9600;56,7379
32206,9383;55,1400;2,9062;69,8800;1,1197;56,4793;69,8800;56,4793
32274,9922;55,3340;2,8822;70,1600;1,1320;54,2586;70,1600;54,2586
32357,7347;55,8260;2,8686;71,0000;1,0766;56,7069;71,0000;56,7069
32438,9053;55,7480;2,8774;70,8800;1,0888;56,5724;70,8800;56,5724
32520,9675;54,8280;2,9022;70,2900;1,1106;56,2172;70,2900;56,2172
32603,0719;56,0920;2,8683;71,3200;1,0562;57,5000;71,3200;57,5000
32684,5790;56,0720;2,8679;71,0900;1,0505;56,6103;71,0900;56,6103
32766,8109;55,1480;2,9007;70,6100;1,0814;56,5448;70,6100;56,5448
32849,2479;55,8720;2,8654;70,4700;1,1042;56,3138;70,4700;56,3138
32929,7333;56,1560;2,8708;70,8100;1,0716;57,0586;70,8100;57,0586
33011,3528;55,8840;2,8848;71,4900;1,0787;57,5655;71,4900;57,5655
33090,9998;55,9340;2,8729;71,4700;1,0561;57,0069;71,4700;57,0069
33170,2186;55,9920;2,8595;70,6300;1,0828;56,2000;70,6300;56,2000
33251,2522;55,5500;2,8812;71,4000;1,0532;57,3000;71,4000;57,3000
33333,1522;55,6360;2,8789;71,4200;1,0553;58,0069;71,4200;58,0069
33415,9393;55,6680;2,8821;71,7800;1,0612;57,8931;71,7800;57,8931
33499,4150;55,6060;2,8635;71,6300;1,0603;57,5241;71,6300;57,5241
33583,0660;56,3860;2,8471;71,0800;1,1059;54,6552;71,0800;54,6552
33667,3611;56,0240;2,8740;70,3100;1,0912;54,9517;70,3100;54,9517
33750,9138;56,1680;2,8677;69,8400;1,1173;54,6793;69,8400;54,6793
33833,7177;56,0700;2,8593;72,9200;1,0107;57,9586;72,9200;57,9586
33913,5952;56,2600;2,8603;70,2300;1,1059;55,4034;70,2300;55,4034
33995,3159;55,9420;2,8550;71,5700;1,0369;57,1345;71,5700;57,1345
34077,7694;56,4820;2,8640;72,4600;1,0278;57,7621;72,4600;57,7621
34160,4233;56,4860;2,8382;72,3600;1,0371;58,3069;72,3600;58,3069
34240,5958;56,4780;2,8598;70,7600;1,0892;56,8345;70,7600;56,8345
34322,0040;56,5120;2,8520;69,3300;1,1712;54,3034;69,3300;54,3034
34400,9002;56,7800;2,8508;71,1200;1,0604;58,0448;71,1200;58,0448
34477,6753;57,0760;2,8455;71,5600;1,0620;57,9310;71,5600;57,9310
34553,7427;57,3000;2,8403;73,2600;0,9889;58,9448;73,2600;58,9448
34627,9579;57,0660;2,8372;72,3100;1,0231;57,5897;72,3100;57,5897
34703,6638;56,8840;2,8461;70,5900;1,0998;57,4241;70,5900;57,4241
34778,4129;56,6760;2,8591;71,0300;1,0707;58,0276;71,0300;58,0276
34855,5059;56,9800;2,8333;70,9500;1,0924;56,4655;70,9500;56,4655
34929,7224;57,2980;2,8311;72,0200;1,0388;58,1897;72,0200;58,1897
35003,7123;56,3380;2,8628;72,1600;1,0152;57,9138;72,1600;57,9138
35077,2375;56,6720;2,8494;72,2700;1,0253;59,3690;72,2700;59,3690
35148,9102;57,0880;2,8309;72,3200;1,0127;58,2414;72,3200;58,2414
35221,7137;56,5920;2,8502;70,6100;1,0751;57,1655;70,6100;57,1655
35289,2133;57,4280;2,8346;72,0400;1,0519;57,3621;72,0400;57,3621
35359,3359;56,8320;2,8430;72,5700;1,0059;58,4276;72,5700;58,4276
35430,6188;57,3800;2,8351;71,6900;1,0334;58,6103;71,6900;58,6103
35502,1952;57,1340;2,8300;73,4800;0,9939;59,4276;73,4800;59,4276
35576,1813;57,2360;2,8525;72,2500;1,0215;59,5138;72,2500;59,5138
35652,0303;57,4380;2,8376;71,5600;1,0661;58,1241;71,5600;58,1241
35726,8041;57,4420;2,8286;73,9900;0,9683;59,0931;73,9900;59,0931
35801,1038;57,7040;2,8219;73,2200;0,9710;58,6759;73,2200;58,6759
35874,2367;57,8160;2,8205;72,7700;1,0136;58,5069;72,7700;58,5069
35948,6632;58,1540;2,8001;71,7300;1,0403;57,5517;71,7300;57,5517
36023,6549;57,7680;2,8196;73,5600;0,9845;58,9724;73,5600;58,9724
36100,4579;57,5620;2,8203;72,6400;1,0120;57,5310;72,6400;57,5310
36175,7743;57,6100;2,8282;70,3200;1,1166;55,1448;70,3200;55,1448
36251,2875;58,1140;2,8073;73,1600;0,9925;58,5069;73,1600;58,5069
36326,6156;58,1720;2,8013;72,4500;1,0160;58,7069;72,4500;58,7069
36401,0705;57,7660;2,8259;72,7100;1,0112;58,6000;72,7100;58,6000
36478,4757;57,6120;2,8306;73,1200;0,9835;59,0690;73,1200;59,0690
36554,0046;57,8140;2,8205;72,2400;1,0187;58,7379;72,2400;58,7379
36631,7284;58,5360;2,7945;72,4900;1,0064;58,6793;72,4900;58,6793
36706,8208;57,9040;2,8222;73,4700;0,9802;60,1862;73,4700;60,1862
36781,9816;58,5120;2,8028;73,0100;0,9913;58,2379;73,0100;58,2379
36855,4135;58,4320;2,7932;72,9900;1,0044;59,8586;72,9900;59,8586
36927,6148;58,2920;2,8078;73,5800;0,9796;59,3034;73,5800;59,3034
36999,9699;58,7800;2,7844;73,4200;0,9816;60,2828;73,4200;60,2828
37072,6640;59,1800;2,7706;73,6300;0,9892;59,1793;73,6300;59,1793
37144,7818;58,7840;2,7903;72,6500;1,0000;58,3069;72,6500;58,3069
37219,6024;58,8800;2,7763;73,3100;1,0089;58,3034;73,3100;58,3034
37293,3280;58,8300;2,7941;74,3900;0,9507;60,4414;74,3900;60,4414
37369,3749;58,8780;2,7849;74,2800;0,9641;59,9207;74,2800;59,9207
37446,0990;59,6320;2,7717;73,9000;0,9528;61,0931;73,9000;61,0931
37525,7763;58,4220;2,8082;73,3200;0,9983;58,9034;73,3200;58,9034
37605,6366;59,1820;2,7704;74,2800;0,9670;59,5793;74,2800;59,5793
37686,7258;59,2320;2,7880;73,5600;0,9798;59,6069;73,5600;59,6069
37769,4999;58,2540;2,8156;73,4300;0,9738;59,5862;73,4300;59,5862
37851,5983;58,6580;2,7934;73,1300;1,0029;60,0897;73,1300;60,0897
37938,3283;59,5200;2,7747;73,4300;0,9810;59,6034;73,4300;59,6034
38022,9727;59,2260;2,7893;74,6900;0,9413;60,3310;74,6900;60,3310
38108,8207;59,4980;2,7769;73,6800;0,9541;60,6241;73,6800;60,6241
38197,3695;59,3160;2,7748;74,8100;0,9021;60,8517;74,8100;60,8517
38287,6557;59,0300;2,7917;75,1300;0,9167;60,2138;75,1300;60,2138
38377,6581;59,3000;2,7741;74,0800;0,9443;60,2000;74,0800;60,2000
38473,7238;59,1400;2,7763;74,0100;0,9403;59,6966;74,0100;59,6966
38568,8730;60,2720;2,7627;74,0100;0,9660;61,1793;74,0100;61,1793
38666,0119;59,8840;2,7546;74,0700;0,9685;59,2276;74,0700;59,2276
38763,8528;59,7000;2,7710;73,8700;0,9554;60,3241;73,8700;60,3241
38863,0944;59,8600;2,7573;74,4000;0,9438;59,9241;74,4000;59,9241
38960,6543;59,1820;2,7784;74,4400;0,9512;60,8207;74,4400;60,8207
39054,6370;60,0700;2,7570;74,7700;0,9387;61,1414;74,7700;61,1414
39149,6974;60,0060;2,7555;75,3600;0,9162;61,2448;75,3600;61,2448
39243,4810;60,2540;2,7475;74,9600;0,9132;60,7172;74,9600;60,7172
39334,8790;59,9100;2,7582;75,2800;0,9078;62,7931;75,2800;62,7931
39423,8440;60,0340;2,7593;74,8600;0,9153;61,4724;74,8600;61,4724
39510,4300;60,4960;2,7355;75,9800;0,8836;62,3586;75,9800;62,3586
39593,0789;60,1240;2,7472;75,5500;0,8790;62,3000;75,5500;62,3000
39677,7836;60,3780;2,7427;75,4600;0,8913;61,2586;75,4600;61,2586
39757,3419;59,8660;2,7637;74,7600;0,9369;60,8345;74,7600;60,8345
39834,8333;60,1880;2,7525;75,1600;0,9166;61,4483;75,1600;61,4483
39915,0838;60,2020;2,7518;75,5700;0,9102;61,5103;75,5700;61,5103
39991,2817;60,4100;2,7467;75,9300;0,8879;61,9483;75,9300;61,9483
40068,8494;60,3040;2,7509;75,3200;0,8996;61,3724;75,3200;61,3724
40143,6496;60,5420;2,7432;75,3800;0,8995;62,4621;75,3800;62,4621
40220,3973;60,5740;2,7428;75,8300;0,9124;62,5345;75,8300;62,5345
40295,4401;60,4800;2,7475;76,0600;0,8825;61,9828;76,0600;61,9828
40375,2846;61,0660;2,7365;76,0100;0,8795;61,4241;76,0100;61,4241
40452,8023;60,6460;2,7393;76,2500;0,8810;62,0552;76,2500;62,0552
40530,2631;60,9360;2,7304;76,2000;0,8687;62,3552;76,2000;62,3552
40610,9582;61,3100;2,7151;75,9400;0,8862;62,6069;75,9400;62,6069
40690,3477;60,9320;2,7327;75,2600;0,9107;62,1690;75,2600;62,1690
40769,2810;61,4680;2,7113;76,1900;0,8696;62,6552;76,1900;62,6552
40849,7758;61,1500;2,7226;76,2900;0,8930;62,4759;76,2900;62,4759
40926,8423;60,9720;2,7453;76,8400;0,8646;61,4793;76,8400;61,4793
41006,0661;61,8480;2,7126;76,2900;0,8742;62,4414;76,2900;62,4414
41083,3936;61,2100;2,7285;75,4000;0,9035;62,8552;75,4000;62,8552
41159,3299;62,2620;2,6933;76,5400;0,8703;62,3310;76,5400;62,3310
41236,7154;61,1300;2,7365;76,3900;0,9093;62,3897;76,3900;62,3897
41311,0223;62,1380;2,7003;76,7000;0,8598;62,8828;76,7000;62,8828
41382,4022;61,3820;2,7296;76,8500;0,8608;62,6276;76,8500;62,6276
41453,0127;62,3560;2,6936;76,1500;0,8756;62,6276;76,1500;62,6276
41525,3687;61,4340;2,7232;76,1700;0,8788;62,7276;76,1700;62,7276
41598,1049;61,9800;2,7057;77,1600;0,8434;62,9724;77,1600;62,9724
41671,2027;61,6240;2,7133;76,7100;0,8509;63,3897;76,7100;63,3897
41745,3473;62,2800;2,6968;76,4800;0,8620;63,3483;76,4800;63,3483
41815,7033;61,5600;2,7118;76,6300;0,8658;62,7414;76,6300;62,7414
41888,9124;62,7400;2,6821;76,5500;0,8669;62,8621;76,5500;62,8621
41963,4113;62,1400;2,7031;76,7000;0,8607;63,5586;76,7000;63,5586
42032,1623;62,0940;2,7093;77,0100;0,8539;62,1655;77,0100;62,1655
42104,5308;63,4680;2,6505;77,4700;0,8322;64,0483;77,4700;64,0483
42179,9859;62,9420;2,6782;76,6800;0,8647;62,8828;76,6800;62,8828
42255,2468;62,4660;2,7057;77,2200;0,8388;63,2759;77,2200;63,2759
42334,2777;62,5160;2,6834;77,4800;0,8305;64,2517;77,4800;64,2517
42412,2939;62,6820;2,6764;77,5800;0,8491;62,9138;77,5800;62,9138
42488,9491;63,3080;2,6584;77,5700;0,8331;62,6966;77,5700;62,6966
42568,8557;62,6080;2,7002;77,3600;0,8465;63,4966;77,3600;63,4966
42646,8955;63,0480;2,6670;77,3100;0,8292;63,6828;77,3100;63,6828
42728,5726;63,0360;2,6830;77,1100;0,8561;63,6931;77,1100;63,6931
42808,6548;63,0300;2,6848;77,2300;0,8353;62,9345;77,2300;62,9345
42888,2594;62,6820;2,6847;77,7200;0,8299;63,4552;77,7200;63,4552
42968,2412;63,3820;2,6823;77,8700;0,8165;64,4103;77,8700;64,4103
43048,3195;63,4800;2,6681;78,0000;0,8053;63,8862;78,0000;63,8862
43127,5883;63,8980;2,6320;77,8700;0,8069;64,2517;77,8700;64,2517
43208,1348;63,6000;2,6576;78,6400;0,8052;64,6172;78,6400;64,6172
43288,7951;63,4740;2,6738;77,7700;0,8252;64,3897;77,7700;64,3897
43370,9729;63,6000;2,6711;77,8600;0,8227;64,1207;77,8600;64,1207
43452,7600;63,8040;2,6485;77,6100;0,8208;63,8448;77,6100;63,8448
43534,1349;63,7300;2,6490;77,7900;0,8138;65,1172;77,7900;65,1172
43610,2417;63,7560;2,6573;78,4100;0,8082;64,7276;78,4100;64,7276
43687,9552;63,4580;2,6739;78,9900;0,7848;65,4414;78,9900;65,4414
43768,5926;64,2880;2,6480;77,6900;0,8230;62,8379;77,6900;62,8379
43850,4403;64,1480;2,6468;78,3200;0,8046;64,3241;78,3200;64,3241
43926,7428;64,3420;2,6366;78,6100;0,8036;65,2966;78,6100;65,2966
44002,6365;64,2440;2,6453;78,5600;0,7914;64,7759;78,5600;64,7759
44079,5163;64,6420;2,6185;78,2800;0,8137;63,6724;78,2800;63,6724
44153,1797;64,6340;2,6294;78,8700;0,8009;65,4448;78,8700;65,4448
44229,8154;64,5040;2,6413;78,5500;0,7786;65,4000;78,5500;65,4000
44303,6376;64,4880;2,6330;78,9500;0,7855;64,9379;78,9500;64,9379
44376,5974;64,7720;2,6335;78,8600;0,7948;65,5103;78,8600;65,5103
44449,5156;64,5160;2,6250;78,7000;0,7743;65,2069;78,7000;65,2069
44521,0119;64,5040;2,6338;79,1000;0,7744;65,3345;79,1000;65,3345
44590,1263;65,3600;2,6130;79,5700;0,7662;65,8517;79,5700;65,8517
44663,5995;64,5620;2,6405;78,8300;0,7799;65,4862;78,8300;65,4862
44738,2416;64,7260;2,6266;79,1000;0,7627;65,4586;79,1000;65,4586
44810,3837;65,0980;2,6240;78,7100;0,7912;64,6483;78,7100;64,6483
44881,6378;65,1660;2,6304;78,8700;0,7840;64,2448;78,8700;64,2448
44956,2597;65,3120;2,6103;79,2800;0,7685;65,3862;79,2800;65,3862
45030,3458;65,8180;2,6028;79,0600;0,7713;66,1690;79,0600;66,1690
45105,8199;65,5640;2,6098;79,0000;0,7882;64,7379;79,0000;64,7379
45183,1366;65,1660;2,6137;79,5700;0,7635;65,9345;79,5700;65,9345
45258,7488;65,2600;2,6263;79,5500;0,7568;66,0793;79,5500;66,0793
45335,8260;65,6220;2,6067;79,9700;0,7534;66,1103;79,9700;66,1103
45410,4589;65,7580;2,6054;79,3500;0,7571;65,6966;79,3500;65,6966
45483,5216;65,4640;2,6013;79,1500;0,7793;65,3310;79,1500;65,3310
45557,0439;65,6280;2,6159;79,1700;0,7658;65,5034;79,1700;65,5034
45630,3667;65,7820;2,6020;79,5900;0,7576;66,2621;79,5900;66,2621
45705,1914;66,7040;2,5807;79,9200;0,7397;66,0793;79,9200;66,0793
45780,6987;66,0560;2,5952;80,1400;0,7470;66,1000;80,1400;66,1000
45853,6953;66,0620;2,5864;79,1300;0,7699;65,8345;79,1300;65,8345
45927,7630;66,2720;2,5824;80,1300;0,7502;66,3241;80,1300;66,3241
45997,9750;66,1720;2,5897;80,1900;0,7427;66,4793;80,1900;66,4793
46070,8623;66,2420;2,5794;80,2400;0,7363;66,1552;80,2400;66,1552
46144,6896;66,0820;2,5889;80,0100;0,7422;66,1586;80,0100;66,1586
46218,9108;66,6060;2,5794;79,8200;0,7530;66,4000;79,8200;66,4000
46292,1801;66,8820;2,5764;80,4300;0,7321;66,5207;80,4300;66,5207
46364,3283;66,9160;2,5632;80,6300;0,7312;66,6828;80,6300;66,6828
46434,4761;66,9540;2,5794;80,1400;0,7372;66,1862;80,1400;66,1862
46505,7624;66,3240;2,5940;80,5600;0,7342;66,2448;80,5600;66,2448
46578,0714;66,6960;2,5724;80,0800;0,7337;66,2276;80,0800;66,2276
46651,1020;67,2380;2,5660;80,4200;0,7323;66,3862;80,4200;66,3862
46723,3520;67,2860;2,5630;80,5300;0,7212;66,7724;80,5300;66,7724
46795,5129;67,3040;2,5748;80,5600;0,7303;66,7414;80,5600;66,7414
46866,7620;66,7320;2,5803;80,3400;0,7225;66,6828;80,3400;66,6828
46940,7582;66,6880;2,5852;80,9300;0,7092;67,5828;80,9300;67,5828
47013,9165;67,7640;2,5539;80,5500;0,7204;66,9966;80,5500;66,9966
47093,4709;67,6640;2,5512;80,7200;0,7186;66,9483;80,7200;66,9483
47168,2040;67,3100;2,5705;80,8000;0,7138;67,7103;80,8000;67,7103
47244,1072;68,0400;2,5376;80,3300;0,7286;67,2000;80,3300;67,2000
47320,8216;67,7060;2,5454;81,0400;0,7124;67,4517;81,0400;67,4517
47397,7144;67,8780;2,5511;81,0100;0,7139;67,5000;81,0100;67,5000
47477,5126;67,6720;2,5372;80,7500;0,7197;67,6931;80,7500;67,6931
47560,5560;67,3380;2,5750;81,0700;0,7020;68,0759;81,0700;68,0759
47640,1699;68,1280;2,5468;80,3400;0,7288;67,1655;80,3400;67,1655
47720,3167;68,2600;2,5433;80,9000;0,7227;67,1690;80,9000;67,1690
47802,1459;67,9660;2,5331;81,0000;0,7128;67,8793;81,0000;67,8793
47885,1391;68,2540;2,5410;81,1300;0,7071;67,5793;81,1300;67,5793
47970,6415;68,1680;2,5389;81,1900;0,6879;67,5655;81,1900;67,5655
48057,9213;67,8760;2,5569;81,3100;0,7046;67,8345;81,3100;67,8345
48144,1281;68,3680;2,5240;80,8700;0,7101;67,4862;80,8700;67,4862
48231,6279;68,3120;2,5534;80,8700;0,7128;67,5103;80,8700;67,5103
48322,9745;67,7600;2,5567;81,1700;0,7067;67,8448;81,1700;67,8448
48416,2094;68,1020;2,5437;81,2000;0,7003;67,9586;81,2000;67,9586
48511,4348;68,6260;2,5247;81,4200;0,7057;68,3655;81,4200;68,3655
48606,4111;68,5960;2,5110;81,5800;0,7009;68,1483;81,5800;68,1483
48703,2884;68,6480;2,5349;81,5200;0,6919;68,0828;81,5200;68,0828
48802,2582;68,7100;2,5175;81,6700;0,6828;68,3483;81,6700;68,3483
48902,2919;68,7480;2,5352;81,3300;0,6862;68,4517;81,3300;68,4517
49003,8576;68,6220;2,5266;81,2400;0,6977;68,3828;81,2400;68,3828
49106,2742;68,7080;2,5372;81,6300;0,6940;68,7724;81,6300;68,7724
49208,1929;69,1100;2,5198;81,5400;0,6886;68,6414;81,5400;68,6414
49280,1297;68,4500;2,5188;81,4200;0,6928;68,2759;81,4200;68,2759
49350,9330;68,5580;2,5305;81,4000;0,6950;68,7034;81,4000;68,7034
49423,7220;69,0380;2,5287;81,3700;0,6891;68,5103;81,3700;68,5103
49500,7693;68,7220;2,5332;81,5800;0,6953;68,3345;81,5800;68,3345
49578,4289;69,0380;2,5267;81,7600;0,6813;68,4621;81,7600;68,4621
49654,1476;69,5260;2,4938;81,3900;0,6964;68,3828;81,3900;68,3828
49730,3649;69,3720;2,5106;81,7600;0,6926;68,2966;81,7600;68,2966
49806,4983;69,4340;2,5115;81,7200;0,6865;68,5345;81,7200;68,5345
49883,6817;69,5840;2,5150;81,6300;0,6906;68,2310;81,6300;68,2310
49963,1199;69,4880;2,4886;81,7600;0,6814;68,5552;81,7600;68,5552
50040,1178;69,7880;2,5006;81,8100;0,6784;68,8069;81,8100;68,8069
50115,0037;69,6300;2,5049;81,7300;0,6876;68,2897;81,7300;68,2897
50209,5127;68,9680;2,5151;81,5900;0,6847;68,1931;81,5900;68,1931
50297,8815;69,8100;2,4878;81,6500;0,6857;68,5276;81,6500;68,5276
50381,4816;69,4160;2,5030;82,1000;0,6777;68,5552;82,1000;68,5552
50460,1916;69,0680;2,5085;81,8300;0,6801;68,3759;81,8300;68,3759
50538,4884;69,8680;2,4989;82,1900;0,6667;68,2828;82,1900;68,2828
50613,0969;69,3900;2,5159;82,2300;0,6738;68,6621;82,2300;68,6621
50686,3039;69,1340;2,5148;82,2000;0,6751;68,5379;82,2000;68,5379
50759,4399;70,5740;2,4792;81,7300;0,6749;68,5207;81,7300;68,5207
50838,0839;70,0780;2,4992;81,8400;0,6738;68,3207;81,8400;68,3207
50920,4882;69,2740;2,5188;82,0000;0,6817;68,3034;82,0000;68,3034
51005,8247;69,3560;2,5196;81,9500;0,6773;68,6414;81,9500;68,6414
51095,4541;69,2720;2,5169;81,7200;0,6763;68,7000;81,7200;68,7000
51188,7494;69,8000;2,4967;81,8900;0,6768;68,7828;81,8900;68,7828
51283,7172;69,9800;2,4831;82,0100;0,6808;68,5138;82,0100;68,5138
51379,1767;69,3120;2,5145;81,9000;0,6740;68,7483;81,9000;68,7483
51478,4452;69,7980;2,4897;82,1200;0,6793;68,8483;82,1200;68,8483
51580,7468;69,5020;2,5056;81,8600;0,6807;68,5448;81,8600;68,5448
51681,9374;69,9820;2,4836;81,9500;0,6744;68,7207;81,9500;68,7207
51779,4122;69,9220;2,5130;81,8400;0,6775;68,8207;81,8400;68,8207
51875,5734;69,6620;2,4992;82,2100;0,6634;68,9448;82,2100;68,9448
51971,5431;69,4800;2,5231;82,2800;0,6761;68,8793;82,2800;68,8793
52064,0815;69,9740;2,4914;82,0200;0,6735;68,7552;82,0200;68,7552
52159,3103;70,1740;2,4965;82,2400;0,6723;69,1345;82,2400;69,1345
52252,5306;69,5860;2,4908;82,4500;0,6684;68,5655;82,4500;68,5655
52345,5079;69,5240;2,5147;81,6300;0,6829;68,7276;81,6300;68,7276
52433,6536;69,5220;2,5211;82,1400;0,6690;69,0586;82,1400;69,0586
52518,1219;70,3160;2,4864;82,1600;0,6671;69,0724;82,1600;69,0724
52603,4619;69,4940;2,5179;82,0200;0,6720;68,8552;82,0200;68,8552
52687,3597;69,9700;2,4873;82,2500;0,6729;68,8379;82,2500;68,8379
52766,5202;69,3700;2,5222;82,2100;0,6825;68,6690;82,2100;68,6690
52841,7445;70,2760;2,4849;82,3600;0,6770;68,8379;82,3600;68,8379
52917,5115;69,9300;2,4876;82,1500;0,6706;69,0034;82,1500;69,0034
52992,1985;47,4040;3,0991;59,7200;1,5228;45,5724;59,7200;45,5724
53065,9272;45,7860;3,1468;59,6600;1,5710;44,4517;59,6600;44,4517
53144,4230;46,7020;3,1261;61,0000;1,4749;48,0379;61,0000;48,0379
53223,5655;48,1120;3,0826;62,8000;1,4001;47,7586;62,8000;47,7586
53301,9058;47,6220;3,1062;62,5600;1,4084;46,2690;62,5600;46,2690
53384,2159;48,8440;3,0590;62,5200;1,4425;48,1483;62,5200;48,1483
53472,1103;49,5660;3,0436;66,0400;1,2721;51,0897;66,0400;51,0897
53564,5303;50,1400;3,0224;62,9800;1,3859;49,5172;62,9800;49,5172
53663,6851;49,8680;3,0439;64,1200;1,3720;50,4862;64,1200;50,4862
53764,7100;49,9140;3,0406;62,7700;1,4060;48,2793;62,7700;48,2793
53869,1698;50,5220;3,0208;66,0700;1,2740;52,3276;66,0700;52,3276
53973,8030;50,5480;3,0023;65,7500;1,3346;52,7621;65,7500;52,7621
54079,3024;50,5880;3,0140;66,6500;1,2434;51,3172;66,6500;51,3172
54183,5682;51,0340;3,0001;66,8700;1,2506;54,1034;66,8700;54,1034
54287,2735;52,0880;2,9775;65,1000;1,3033;50,6103;65,1000;50,6103
54383,8610;51,1680;3,0046;67,1200;1,2125;52,7759;67,1200;52,7759
54480,1396;51,4140;2,9899;66,7200;1,2448;52,5862;66,7200;52,5862
54574,6650;50,9980;2,9976;66,1400;1,2575;52,6552;66,1400;52,6552
54665,7963;51,9380;2,9745;68,4700;1,1826;54,1000;68,4700;54,1000
54754,4914;51,5860;2,9926;68,8700;1,1679;55,9069;68,8700;55,9069
54843,5625;51,7020;2,9854;65,6900;1,2906;50,9862;65,6900;50,9862
54926,4181;51,8620;2,9883;67,2600;1,2359;52,4621;67,2600;52,4621
55005,3094;51,6740;2,9876;67,4100;1,2176;52,2138;67,4100;52,2138
55080,5738;52,2120;2,9787;67,0300;1,2166;53,9690;67,0300;53,9690
55153,5865;52,1000;2,9765;65,9200;1,2741;51,2586;65,9200;51,2586
55228,9136;52,7440;2,9557;69,2800;1,1593;54,7966;69,2800;54,7966
55307,0561;52,0180;2,9798;68,9200;1,1546;54,0276;68,9200;54,0276
55385,3100;52,3280;2,9659;66,0000;1,2752;52,2379;66,0000;52,2379
55469,4146;53,3240;2,9323;66,2300;1,2602;51,4828;66,2300;51,4828
55556,8185;52,1760;2,9703;67,9500;1,1936;53,8000;67,9500;53,8000
55649,6162;52,2260;2,9836;68,1000;1,1924;53,4172;68,1000;53,4172
55744,5702;52,5320;2,9605;67,7000;1,1946;51,9310;67,7000;51,9310
55845,4382;52,2600;2,9663;68,8400;1,1513;55,0379;68,8400;55,0379
55946,5377;52,4840;2,9509;68,4000;1,2029;54,3379;68,4000;54,3379
56043,4723;52,8460;2,9566;66,4100;1,2686;53,5000;66,4100;53,5000
56139,2159;53,4720;2,9407;67,9400;1,1853;53,7103;67,9400;53,7103
56231,2644;52,1860;2,9662;67,8500;1,2244;54,3207;67,8500;54,3207
56316,1367;52,8840;2,9479;66,1300;1,2826;51,7724;66,1300;51,7724
56396,8302;52,6140;2,9597;69,9000;1,1230;54,9138;69,9000;54,9138
56473,4623;53,2140;2,9498;68,6200;1,1517;54,1586;68,6200;54,1586
56549,7547;52,6680;2,9486;66,6300;1,2655;52,6759;66,6300;52,6759
56622,2243;52,0420;2,9731;68,8600;1,1676;54,9966;68,8600;54,9966
56696,4848;52,3720;2,9655;68,6400;1,1978;54,0724;68,6400;54,0724
56768,2258;52,0860;2,9861;68,3900;1,1777;52,9655;68,3900;52,9655
56847,6207;53,2120;2,9413;68,8800;1,1666;55,2207;68,8800;55,2207
56928,8038;52,7140;2,9521;68,8800;1,1608;53,3931;68,8800;53,3931
57014,1208;52,7760;2,9598;69,3100;1,1442;53,3586;69,3100;53,3586
57102,5876;52,8780;2,9585;69,3500;1,1426;54,2517;69,3500;54,2517
57194,6405;52,4900;2,9695;67,8600;1,1936;53,6586;67,8600;53,6586
57289,7804;53,2640;2,9332;67,9300;1,2023;53,3621;67,9300;53,3621
57384,4096;52,5760;2,9672;67,7700;1,2115;53,3414;67,7700;53,3414
57482,4208;53,0340;2,9494;68,4300;1,1649;54,6069;68,4300;54,6069
57584,1930;52,7640;2,9540;67,9700;1,2095;55,0345;67,9700;55,0345
57685,1770;52,7100;2,9587;68,9600;1,1392;54,4897;68,9600;54,4897
57781,8896;53,0260;2,9649;68,7200;1,1668;53,4069;68,7200;53,4069
57873,6634;53,4780;2,9400;67,6900;1,2121;54,0931;67,6900;54,0931
57963,9567;53,0380;2,9481;66,9900;1,2208;53,8034;66,9900;53,8034
58048,8978;53,2680;2,9422;68,2600;1,1972;54,2862;68,2600;54,2862
58133,8104;53,1760;2,9530;68,8200;1,1890;54,3241;68,8200;54,3241
58218,2025;53,5820;2,9355;67,9200;1,2106;53,1897;67,9200;53,1897
58301,4254;52,9520;2,9423;67,6200;1,2252;54,1448;67,6200;54,1448
58381,4257;53,4700;2,9272;69,2300;1,1671;56,5655;69,2300;56,5655
58456,4030;53,6500;2,9425;68,7200;1,1626;55,1759;68,7200;55,1759
58528,1919;53,3940;2,9381;68,3300;1,1734;55,6310;68,3300;55,6310
58603,1206;53,3100;2,9326;69,0600;1,1585;55,3069;69,0600;55,3069
58682,5310;53,2020;2,9514;69,1200;1,1679;55,1069;69,1200;55,1069
58767,1237;53,6880;2,9255;68,0800;1,1979;53,1897;68,0800;53,1897
58858,5533;53,0480;2,9582;68,7900;1,1577;55,5103;68,7900;55,5103
58952,4690;52,8980;2,9576;68,4100;1,1793;52,8586;68,4100;52,8586
59050,3217;53,0100;2,9477;68,9900;1,1517;54,3586;68,9900;54,3586
59150,8851;53,0560;2,9397;68,5500;1,1874;54,3793;68,5500;54,3793
59255,2163;52,8600;2,9521;67,6200;1,2312;54,7966;67,6200;54,7966
59358,5295;53,2140;2,9384;68,4700;1,1820;53,8655;68,4700;53,8655
59458,5064;52,7300;2,9618;66,3000;1,2699;52,1586;66,3000;52,1586
59555,4055;53,0040;2,9369;68,0900;1,1926;53,7690;68,0900;53,7690
59646,9072;52,8180;2,9522;68,8200;1,1392;54,7483;68,8200;54,7483
59736,3214;53,4540;2,9276;68,1500;1,2218;53,7138;68,1500;53,7138
59819,5198;53,8540;2,9258;68,8400;1,1650;55,1966;68,8400;55,1966
59901,0705;53,4220;2,9380;68,7100;1,1965;53,8172;68,7100;53,8172
59973,4105;52,5380;2,9555;69,5700;1,1377;56,0759;69,5700;56,0759
60045,8809;53,8380;2,9246;67,0600;1,2489;51,8379;67,0600;51,8379
60122,8564;52,9720;2,9549;68,6000;1,1734;54,4483;68,6000;54,4483
60201,6635;54,0200;2,9186;68,5500;1,1853;54,3655;68,5500;54,3655
60282,6990;53,7640;2,9389;68,7900;1,1559;54,8655;68,7900;54,8655
60366,0731;53,6700;2,9311;66,7200;1,2351;53,5862;66,7200;53,5862
60457,8810;52,4240;2,9614;68,2300;1,2208;53,3138;68,2300;53,3138
60547,6742;53,9520;2,9317;68,1700;1,1824;54,8483;68,1700;54,8483
60638,9672;53,6460;2,9294;69,9900;1,1403;55,1862;69,9900;55,1862
60734,4554;53,4360;2,9362;69,0500;1,1464;55,9966;69,0500;55,9966
60832,1858;53,5000;2,9353;68,2700;1,1799;54,7655;68,2700;54,7655
60933,5207;53,5560;2,9382;67,8600;1,1930;54,7552;67,8600;54,7552
61030,0125;54,0420;2,9077;69,4200;1,1354;54,3103;69,4200;54,3103
61128,3827;53,5340;2,9367;69,4300;1,1256;55,8862;69,4300;55,8862
61222,2363;53,3560;2,9401;69,5300;1,1693;54,5172;69,5300;54,5172
61313,0082;53,7300;2,9282;67,9700;1,2011;53,5069;67,9700;53,5069
61401,2165;52,9500;2,9463;69,1900;1,1548;54,2862;69,1900;54,2862
61484,3554;53,5820;2,9258;67,7300;1,2145;53,3897;67,7300;53,3897
61566,6589;53,4620;2,9251;69,4500;1,1310;55,1138;69,4500;55,1138
61644,5828;53,3780;2,9369;68,1800;1,1812;52,8483;68,1800;52,8483
61718,6575;52,7180;2,9533;69,7500;1,1104;56,4379;69,7500;56,4379
61792,2793;53,2880;2,9450;68,4600;1,1574;54,8345;68,4600;54,8345
61862,3971;53,8700;2,9320;68,7500;1,1866;53,3759;68,7500;53,3759
61935,0600;53,5020;2,9461;67,5800;1,2079;54,2310;67,5800;54,2310
62012,7626;53,6320;2,9318;69,5200;1,1126;54,5897;69,5200;54,5897
62094,4265;53,9840;2,9265;68,0800;1,1854;55,5621;68,0800;55,5621
62183,5799;53,2240;2,9441;68,2700;1,1698;54,4414;68,2700;54,4414
62274,1507;53,2560;2,9482;68,4000;1,1719;55,6724;68,4000;55,6724
62363,4660;53,6200;2,9374;67,6100;1,2212;52,1000;67,6100;52,1000
62458,5555;53,2300;2,9428;68,9400;1,1626;55,0103;68,9400;55,0103
62557,5891;53,4260;2,9413;66,1200;1,2650;52,4690;66,1200;52,4690
62657,6492;53,6440;2,9365;69,0500;1,1449;55,2724;69,0500;55,2724
62753,5687;53,7220;2,9301;66,7500;1,2477;52,5586;66,7500;52,5586
62849,1716;53,5180;2,9310;68,1900;1,1826;54,0207;68,1900;54,0207
62941,7919;53,3840;2,9315;69,0300;1,1925;54,8828;69,0300;54,8828
63030,4232;53,7420;2,9224;68,8200;1,1638;54,7828;68,8200;54,7828
63119,1560;53,2680;2,9459;69,2500;1,1395;55,7966;69,2500;55,7966
63209,9972;53,7100;2,9363;69,6900;1,1144;55,6345;69,6900;55,6345
63299,3026;53,6240;2,9305;68,9000;1,1629;54,9621;68,9000;54,9621
63387,2305;53,2020;2,9534;68,3300;1,1822;53,1379;68,3300;53,1379
63475,8458;53,2380;2,9411;68,1400;1,2039;53,2517;68,1400;53,2517
63559,7930;54,5700;2,9046;69,2100;1,1248;55,4655;69,2100;55,4655
63634,2662;53,1380;2,9402;68,3600;1,1636;55,1621;68,3600;55,1621
63709,8869;53,2600;2,9488;69,3700;1,1444;55,4897;69,3700;55,4897
63782,8845;53,8160;2,9323;69,5900;1,0995;56,2414;69,5900;56,2414
63852,9992;53,8660;2,9355;69,4700;1,1293;55,9621;69,4700;55,9621
63929,2911;54,0880;2,9152;69,0400;1,1309;55,8276;69,0400;55,8276
64008,4544;54,0080;2,9162;69,7800;1,1250;55,4586;69,7800;55,4586
64092,8564;54,2440;2,9138;70,3300;1,1269;56,8724;70,3300;56,8724
64179,6923;53,9660;2,9254;68,5900;1,1930;54,1828;68,5900;54,1828
64269,5568;54,6120;2,9036;69,5100;1,1218;56,1828;69,5100;56,1828
64361,5272;53,7860;2,9311;70,6300;1,0880;56,5517;70,6300;56,5517
64453,7734;54,0320;2,9210;69,0600;1,1648;55,8759;69,0600;55,8759
64550,1436;53,6540;2,9279;69,4300;1,1401;54,4034;69,4300;54,4034
64649,0888;53,8520;2,9270;67,9600;1,1738;54,8517;67,9600;54,8517
64714,4795;54,4280;2,9057;68,4300;1,1641;54,4000;68,4300;54,4000
64780,7691;53,5560;2,9344;68,7000;1,1876;55,0586;68,7000;55,0586
64860,5845;54,5780;2,9028;69,1200;1,1588;54,5793;69,1200;54,5793
64932,7371;54,2420;2,9272;67,7600;1,2067;52,9448;67,7600;52,9448
65005,9472;53,6700;2,9313;68,5700;1,1715;54,3793;68,5700;54,3793
65079,6016;54,1900;2,9215;69,4500;1,1379;55,8034;69,4500;55,8034
65156,0983;53,8180;2,9211;69,5800;1,1373;55,6207;69,5800;55,6207
65226,8481;53,9660;2,9212;68,6900;1,1684;53,7966;68,6900;53,7966
65301,1383;53,5360;2,9249;69,1000;1,1466;56,3069;69,1000;56,3069
65380,8032;54,1140;2,9269;68,8000;1,1524;54,9241;68,8000;54,9241
65453,8694;53,8820;2,9232;68,9800;1,1460;55,1966;68,9800;55,1966
65519,5156;54,6440;2,9033;69,1700;1,1382;55,3655;69,1700;55,3655
65610,6720;54,4680;2,9054;69,0900;1,1541;55,8724;69,0900;55,8724
65701,4183;54,0720;2,9134;69,6800;1,1107;55,8103;69,6800;55,8103
65788,0800;54,2540;2,9230;69,8400;1,1079;54,7345;69,8400;54,7345
65876,1501;54,0480;2,9286;67,9800;1,1772;54,8552;67,9800;54,8552
65970,2286;53,7740;2,9306;69,6300;1,1072;55,5828;69,6300;55,5828
66059,7467;54,6880;2,8949;68,8700;1,1398;54,2931;68,8700;54,2931
66144,2055;54,2900;2,9118;69,0400;1,1319;54,7586;69,0400;54,7586
66237,5742;54,1700;2,9209;68,3400;1,1740;55,3897;68,3400;55,3897
66329,1294;54,0220;2,9236;69,4300;1,1374;56,1276;69,4300;56,1276
66415,1732;53,8260;2,9153;69,5400;1,1222;55,3862;69,5400;55,3862
66499,7783;54,4180;2,9131;69,0000;1,1500;54,5069;69,0000;54,5069
66584,3501;54,3840;2,9100;70,1400;1,1056;55,5379;70,1400;55,5379
66677,6198;53,6980;2,9406;68,4000;1,1886;54,1241;68,4000;54,1241
66772,3922;53,9400;2,9252;68,8700;1,1766;55,4793;68,8700;55,4793
66862,5224;54,1520;2,9128;68,9400;1,1943;55,4138;68,9400;55,4138
66952,9919;54,8720;2,8901;69,5600;1,1447;54,8034;69,5600;54,8034
67045,7757;54,2780;2,9028;70,0000;1,1093;55,2586;70,0000;55,2586
67139,1536;54,1740;2,9206;68,8000;1,1542;54,1207;68,8000;54,1207
67226,4998;54,8920;2,8971;67,5500;1,2078;54,7172;67,5500;54,7172
67313,1473;54,7080;2,8943;69,8400;1,1155;55,4655;69,8400;55,4655
67397,8408;54,4020;2,9113;68,6300;1,1724;55,2103;68,6300;55,2103
67484,9927;54,2420;2,9197;70,4600;1,1060;56,3276;70,4600;56,3276
67576,6682;54,3820;2,9089;67,6200;1,2185;54,1414;67,6200;54,1414
67669,0912;53,8540;2,9237;69,8300;1,1231;56,1862;69,8300;56,1862
67762,6945;54,4580;2,9113;70,2100;1,1084;56,2414;70,2100;56,2414
67855,0297;54,8980;2,8987;69,3600;1,1463;54,7897;69,3600;54,7897
67947,7257;54,7040;2,8990;69,3800;1,1343;56,2552;69,3800;56,2552
68039,3561;54,0180;2,9305;68,2500;1,1827;55,4207;68,2500;55,4207
68127,4872;54,2780;2,9109;69,8000;1,1252;55,6862;69,8000;55,6862
68215,4200;54,7880;2,8998;70,1900;1,1241;54,9103;70,1900;54,9103
68304,5235;54,9160;2,9010;69,6200;1,1388;56,1207;69,6200;56,1207
68390,0005;54,7280;2,9149;68,6900;1,1776;54,9724;68,6900;54,9724
68480,4539;55,1080;2,8827;70,7000;1,0835;57,4552;70,7000;57,4552
68567,5987;53,8860;2,9218;68,9800;1,1690;54,5897;68,9800;54,5897
68659,1484;54,2260;2,9039;70,2200;1,0861;56,4448;70,2200;56,4448
68748,1236;54,7980;2,8995;69,1300;1,1474;56,1379;69,1300;56,1379
68843,2081;54,6860;2,9011;69,8000;1,1052;56,5448;69,8000;56,5448
68934,6253;54,7420;2,9122;69,8200;1,1260;56,7138;69,8200;56,7138
69026,7269;54,4300;2,9193;70,6400;1,0958;55,8207;70,6400;55,8207
69117,6049;54,0200;2,9243;69,1900;1,1329;55,4069;69,1900;55,4069
69205,9915;54,8160;2,9027;68,1100;1,1732;53,2862;68,1100;53,2862
69294,3081;54,9760;2,8975;69,6000;1,1232;55,9621;69,6000;55,9621
69382,8012;55,0320;2,8877;70,1200;1,1043;55,4379;70,1200;55,4379
69470,5103;54,2700;2,9152;69,5000;1,1274;55,5828;69,5000;55,5828
69555,4524;54,3640;2,9203;68,8400;1,1610;55,0000;68,8400;55,0000
69640,4817;54,7100;2,9070;68,4200;1,1739;54,0483;68,4200;54,0483
69727,4279;54,9440;2,8806;70,4400;1,0855;56,3552;70,4400;56,3552
69813,5529;54,4580;2,9221;69,4700;1,1311;55,1862;69,4700;55,1862
69900,1244;54,8240;2,9030;71,0400;1,0732;57,3414;71,0400;57,3414
69992,4228;54,4440;2,9129;69,8500;1,0920;55,8828;69,8500;55,8828
70077,9402;54,3700;2,9052;70,4100;1,0943;55,9483;70,4100;55,9483
70165,1639;54,7220;2,9034;69,1000;1,1243;55,5276;69,1000;55,5276
70249,1758;54,4280;2,9235;70,3300;1,1058;56,4069;70,3300;56,4069
70334,9830;54,4520;2,9022;69,8000;1,1243;55,5379;69,8000;55,5379
70423,1506;55,0100;2,8792;69,1400;1,1555;56,1931;69,1400;56,1931
70509,5773;54,9820;2,9018;70,9800;1,0841;56,8000;70,9800;56,8000
70583,9180;54,2020;2,9148;70,5100;1,0879;56,1828;70,5100;56,1828
70664,5363;55,1200;2,8798;69,6300;1,1248;56,6793;69,6300;56,6793
70756,4533;54,9180;2,8968;70,3400;1,1102;55,1793;70,3400;55,1793
70848,9158;54,8920;2,8961;70,8400;1,0812;56,6310;70,8400;56,6310
70941,7059;54,8000;2,8929;69,6400;1,1064;54,8310;69,6400;54,8310
71040,2668;55,3440;2,8725;70,8700;1,0612;57,9552;70,8700;57,9552
71137,4350;54,8800;2,8980;70,1000;1,1061;56,4276;70,1000;56,4276
71232,4592;55,2920;2,8786;70,8900;1,0671;56,0000;70,8900;56,0000
71325,1556;55,7160;2,8707;69,5400;1,1487;56,0483;69,5400;56,0483
71415,2646;54,8260;2,9057;70,0300;1,1158;56,2724;70,0300;56,2724
71516,6282;53,8740;2,9278;69,4400;1,1569;55,0034;69,4400;55,0034
71615,1388;54,3520;2,9101;69,9300;1,1114;56,2000;69,9300;56,2000
71710,6869;54,9360;2,8894;70,7700;1,0917;56,6517;70,7700;56,6517
71805,4319;55,0940;2,8822;70,1100;1,1037;56,9276;70,1100;56,9276
71899,1654;54,6720;2,9000;70,3400;1,0837;56,7897;70,3400;56,7897
71993,1358;55,3300;2,8743;70,5400;1,0979;56,8069;70,5400;56,8069
72086,4201;54,2980;2,9093;69,7700;1,1381;56,4172;69,7700;56,4172
72180,4558;55,0660;2,8917;69,9000;1,1117;56,1931;69,9000;56,1931
72275,0819;55,3540;2,8694;71,0800;1,0812;57,0000;71,0800;57,0000
72366,9185;54,3680;2,9186;70,7600;1,0722;57,0103;70,7600;57,0103
72464,9926;55,1620;2,8851;69,8500;1,1199;55,6586;69,8500;55,6586
72553,2088;55,3020;2,8774;70,5300;1,0591;55,6448;70,5300;55,6448
72644,2451;55,2280;2,8847;69,5200;1,1683;55,6586;69,5200;55,6586
72734,7457;55,1780;2,8884;69,9100;1,1182;56,2724;69,9100;56,2724
72830,6323;54,9000;2,8994;69,4400;1,1456;54,7000;69,4400;54,7000
72930,0910;54,2760;2,9147;70,9800;1,0465;57,0414;70,9800;57,0414
73025,8337;54,6040;2,9228;69,5300;1,1248;54,0862;69,5300;54,0862
73119,8968;55,3880;2,8784;69,3200;1,1392;53,7448;69,3200;53,7448
73213,4434;54,4560;2,9058;70,4600;1,1116;57,9483;70,4600;57,9483
73309,3671;55,6420;2,8792;68,8300;1,1544;54,1862;68,8300;54,1862
73404,5635;55,4300;2,8782;70,5700;1,0869;56,7448;70,5700;56,7448
73500,5683;55,4660;2,8806;71,0700;1,0678;57,4724;71,0700;57,4724
73594,2817;55,1240;2,9021;71,5700;1,0731;57,0517;71,5700;57,0517
73686,5513;55,1220;2,8928;70,2500;1,1191;55,9828;70,2500;55,9828
73783,8748;55,5200;2,8794;71,3900;1,0661;57,1931;71,3900;57,1931
73877,3840;55,4000;2,8840;71,1300;1,0805;56,8517;71,1300;56,8517
73972,5861;55,3140;2,8716;71,6500;1,0495;57,1655;71,6500;57,1655
74069,2045;55,3040;2,8862;70,6400;1,0864;56,2862;70,6400;56,2862
74163,6520;55,2120;2,8977;71,3400;1,0809;55,9517;71,3400;55,9517
74262,7572;56,0860;2,8524;72,0900;1,0377;58,1483;72,0900;58,1483
74363,4117;55,2100;2,8851;69,6700;1,1333;55,8414;69,6700;55,8414
74465,2490;55,7080;2,8760;72,4000;1,0257;57,8379;72,4000;57,8379
74558,9201;55,8100;2,8733;70,2800;1,0954;56,1724;70,2800;56,1724
74658,8225;55,9780;2,8657;70,8000;1,0665;57,2966;70,8000;57,2966
74751,7838;55,6700;2,8742;70,3500;1,0902;56,3276;70,3500;56,3276
74848,9468;55,9220;2,8636;69,5400;1,1402;55,8103;69,5400;55,8103
74944,7429;55,4340;2,8881;70,5000;1,0909;56,4379;70,5000;56,4379
75029,7984;55,3220;2,8828;71,5800;1,0330;57,5966;71,5800;57,5966
75123,6759;55,4900;2,8779;71,0300;1,0892;56,8586;71,0300;56,8586
75215,4764;55,3080;2,8905;71,7900;1,0625;56,9724;71,7900;56,9724
75309,5929;55,9920;2,8674;69,9300;1,1198;56,2966;69,9300;56,2966
75405,7349;56,1780;2,8599;71,0300;1,0721;57,3517;71,0300;57,3517
75498,5113;55,4260;2,8782;70,0300;1,0977;56,6448;70,0300;56,6448
75593,5031;55,7320;2,8676;71,4600;1,0551;58,3276;71,4600;58,3276
75688,5932;55,6060;2,8794;70,8600;1,0786;57,3966;70,8600;57,3966
75781,4458;56,0620;2,8665;70,8100;1,1177;56,2759;70,8100;56,2759
75876,5407;55,5340;2,8905;71,5700;1,0449;58,1414;71,5700;58,1414
75971,1209;55,5080;2,8823;69,5700;1,1416;57,0310;69,5700;57,0310
76065,5499;55,9540;2,8651;69,9300;1,1096;56,2414;69,9300;56,2414
76134,5476;55,7300;2,8738;70,6300;1,0854;56,3586;70,6300;56,3586
76200,4159;55,5520;2,8746;71,9100;1,0393;58,1621;71,9100;58,1621
76283,7634;55,5900;2,8769;71,3400;1,0496;57,8759;71,3400;57,8759
76369,1193;55,9700;2,8751;71,2600;1,0557;57,2690;71,2600;57,2690
76457,9356;55,4580;2,8742;71,6200;1,0609;57,0207;71,6200;57,0207
76548,3835;55,7260;2,8825;70,4200;1,0878;55,9000;70,4200;55,9000
76638,5537;55,2120;2,8831;69,8000;1,1377;55,8241;69,8000;55,8241
76730,3309;55,9460;2,8708;70,9400;1,0969;56,0172;70,9400;56,0172
76820,3930;55,9820;2,8668;71,4300;1,0533;57,4897;71,4300;57,4897
76910,8132;55,7460;2,8771;71,0600;1,0708;56,3310;71,0600;56,3310
76999,9282;55,9680;2,8703;70,4200;1,1043;55,7207;70,4200;55,7207
77092,0980;55,7940;2,8652;71,8700;1,0333;56,8207;71,8700;56,8207
77185,5171;55,9400;2,8703;71,9500;1,0437;58,2276;71,9500;58,2276
77273,4037;55,6800;2,8683;70,8200;1,0940;56,9000;70,8200;56,9000
77364,6013;55,8080;2,8596;70,4900;1,0942;56,0207;70,4900;56,0207
77458,3841;56,4320;2,8587;70,6900;1,0575;55,8069;70,6900;55,8069
77549,2754;56,6420;2,8611;71,3600;1,0661;57,7138;71,3600;57,7138
77642,5661;55,5580;2,8784;72,5600;1,0180;59,4103;72,5600;59,4103
77734,7772;56,2800;2,8529;72,1800;1,0314;58,4793;72,1800;58,4793
77830,3628;56,7480;2,8470;72,4100;1,0234;58,6138;72,4100;58,6138
77921,1908;56,1860;2,8606;71,5700;1,0372;57,2793;71,5700;57,2793
78013,8862;55,7440;2,8811;72,6600;1,0274;58,9069;72,6600;58,9069
78110,0938;56,5700;2,8467;71,5100;1,0620;56,4172;71,5100;56,4172
78203,8871;56,5140;2,8539;71,4800;1,0641;57,4241;71,4800;57,4241
78296,8955;56,2960;2,8431;71,1200;1,0664;56,6724;71,1200;56,6724
78389,9978;56,4680;2,8552;70,5600;1,0895;56,0172;70,5600;56,0172
78484,2938;55,9660;2,8750;71,5100;1,0553;57,6690;71,5100;57,6690
78575,7814;55,7060;2,8754;71,7600;1,0642;57,9103;71,7600;57,9103
78668,3842;55,8180;2,8797;70,2900;1,0922;55,4621;70,2900;55,4621
78762,5638;55,6820;2,8744;71,0500;1,0743;57,1034;71,0500;57,1034
78855,6735;56,6140;2,8432;70,6500;1,0766;56,3724;70,6500;56,3724
78947,8685;56,6260;2,8421;70,9000;1,0847;57,4276;70,9000;57,4276
79041,3918;56,4540;2,8495;70,1200;1,1142;56,1448;70,1200;56,1448
79135,5314;55,7680;2,8663;70,8300;1,0738;54,9310;70,8300;54,9310
79228,4839;55,8200;2,8724;71,4800;1,0354;56,5897;71,4800;56,5897
79319,9019;56,4040;2,8395;71,4800;1,0457;57,6172;71,4800;57,6172
79410,8240;56,0860;2,8668;71,2300;1,0536;57,3379;71,2300;57,3379
79498,9067;56,1000;2,8749;71,3700;1,0431;56,6966;71,3700;56,6966
79587,2599;56,1360;2,8664;71,1600;1,0808;56,9276;71,1600;56,9276
79678,2743;56,8900;2,8395;72,9800;0,9881;59,4345;72,9800;59,4345
79766,2965;56,1760;2,8698;72,2400;1,0083;56,5483;72,2400;56,5483
79858,2495;56,1080;2,8719;72,5200;1,0292;59,4793;72,5200;59,4793
79935,6883;57,0760;2,8342;72,3500;1,0244;57,1483;72,3500;57,1483
80025,9125;56,5040;2,8563;71,2700;1,0541;57,2931;71,2700;57,2931
80114,4582;57,3700;2,8087;71,7400;1,0378;58,6103;71,7400;58,6103
80204,8163;56,6860;2,8477;73,7400;0,9655;59,9034;73,7400;59,9034
80291,0527;56,5620;2,8582;72,5500;1,0206;57,6621;72,5500;57,6621
80378,5148;56,7740;2,8480;71,0700;1,0785;57,1034;71,0700;57,1034
80464,4259;57,0640;2,8387;72,4300;1,0165;58,4276;72,4300;58,4276
80548,6419;56,9620;2,8378;71,6200;1,0572;56,9621;71,6200;56,9621
80634,1716;56,6640;2,8453;72,3300;1,0190;57,9448;72,3300;57,9448
80714,2787;55,7840;2,8776;72,4700;1,0131;58,9000;72,4700;58,9000
80787,1307;56,3940;2,8546;71,8100;1,0493;56,0621;71,8100;56,0621
80879,1213;56,9240;2,8446;72,2700;1,0056;59,3000;72,2700;59,3000
80968,2168;57,1780;2,8390;72,1900;1,0340;59,1172;72,1900;59,1172
81041,5943;56,5440;2,8337;72,6700;1,0122;59,3276;72,6700;59,3276
81134,4982;56,4780;2,8549;72,4900;1,0194;58,4862;72,4900;58,4862
81214,3572;56,7700;2,8463;71,8800;1,0519;58,8310;71,8800;58,8310
81285,5936;56,5880;2,8507;71,8200;1,0159;58,5517;71,8200;58,5517
81385,6109;56,8860;2,8287;72,0000;1,0416;57,1724;72,0000;57,1724
81479,9807;57,5240;2,8262;72,4200;1,0208;58,0379;72,4200;58,0379
81572,3923;57,2720;2,8311;70,7400;1,0892;56,8552;70,7400;56,8552
81665,3973;57,4340;2,8268;72,0500;1,0265;57,9483;72,0500;57,9483
81756,2442;57,0220;2,8369;72,4200;1,0328;58,8552;72,4200;58,8552
81854,2257;57,7840;2,8141;71,3000;1,0568;56,7379;71,3000;56,7379
81945,6442;56,9300;2,8465;72,9800;1,0286;58,5621;72,9800;58,5621
82035,8197;57,4980;2,8275;72,6900;0,9998;58,8552;72,6900;58,8552
82128,2482;57,1180;2,8264;72,9200;1,0104;58,6724;72,9200;58,6724
82221,0300;57,0180;2,8453;72,4400;1,0421;57,0483;72,4400;57,0483
82315,8915;56,9140;2,8422;72,0600;1,0270;57,8724;72,0600;57,8724
82409,9055;56,8920;2,8350;71,8400;1,0640;56,8207;71,8400;56,8207
82502,2882;57,5900;2,8172;72,8300;1,0181;58,7138;72,8300;58,7138
82592,9113;58,0260;2,8120;71,6600;1,0484;56,7172;71,6600;56,7172
82675,5625;57,4960;2,8285;73,3500;0,9955;59,6966;73,3500;59,6966
82770,5337;57,3500;2,8246;72,8300;0,9992;58,6483;72,8300;58,6483
82866,0428;57,1800;2,8326;72,6600;1,0081;58,6793;72,6600;58,6793
82963,2340;57,3140;2,8333;73,6400;0,9663;60,0552;73,6400;60,0552
83061,0676;57,2360;2,8287;71,6200;1,0367;57,5517;71,6200;57,5517
83154,2784;57,5240;2,8283;72,9900;0,9864;59,3586;72,9900;59,3586
83249,2273;57,2320;2,8265;73,6800;0,9753;59,6897;73,6800;59,6897
83341,1598;56,4820;2,8555;73,8600;0,9591;59,7862;73,8600;59,7862
83434,1743;57,6740;2,8181;73,0500;1,0191;58,4552;73,0500;58,4552
83530,7843;57,3780;2,8286;71,7700;1,0496;57,0448;71,7700;57,0448
83631,8423;57,1920;2,8367;73,2800;0,9990;58,0862;73,2800;58,0862
83729,2565;57,5560;2,8274;72,9300;1,0001;59,5241;72,9300;59,5241
83823,0731;57,6460;2,8139;72,2900;1,0202;57,9759;72,2900;57,9759
83914,5690;57,4560;2,8242;73,0200;0,9970;58,5483;73,0200;58,5483
84006,9578;57,9020;2,8073;73,7700;0,9585;59,3138;73,7700;59,3138
84106,1551;57,2440;2,8247;72,4900;1,0009;58,8897;72,4900;58,8897
84198,8197;56,7900;2,8455;73,1200;0,9925;58,6828;73,1200;58,6828
84292,4181;56,9600;2,8332;72,8800;0,9938;58,6655;72,8800;58,6655
84386,5767;57,6260;2,8257;73,5100;0,9741;58,6034;73,5100;58,6034
84478,5742;58,2240;2,8024;73,6300;0,9679;59,6345;73,6300;59,6345
84571,7465;57,9000;2,8201;73,0000;1,0071;58,3414;73,0000;58,3414
84664,8037;58,3480;2,7839;72,9100;1,0082;57,5690;72,9100;57,5690
84757,9557;58,0780;2,8037;73,3700;0,9972;58,3966;73,3700;58,3966
84847,9225;57,6440;2,8296;72,9200;1,0115;58,8310;72,9200;58,8310
84941,8143;58,3820;2,8112;73,0800;0,9775;58,7172;73,0800;58,7172
85036,5169;58,3400;2,8032;73,2300;0,9893;58,3552;73,2300;58,3552
85130,8739;57,9220;2,8153;73,5600;0,9809;59,2414;73,5600;59,2414
85223,1426;57,9640;2,8066;72,8800;1,0145;58,3276;72,8800;58,3276
85318,3784;57,4460;2,8183;73,6400;0,9666;59,9379;73,6400;59,9379
85407,8950;57,3960;2,8336;73,1300;0,9998;58,9034;73,1300;58,9034
85502,7977;57,5040;2,8380;73,8200;0,9571;59,7000;73,8200;59,7000
85594,1796;58,1480;2,8055;72,1500;1,0215;57,9621;72,1500;57,9621
85685,9189;57,7580;2,8192;73,4300;0,9830;59,8310;73,4300;59,8310
85779,5998;57,7340;2,8140;73,6000;0,9487;58,7172;73,6000;58,7172
85868,3818;58,1080;2,7955;73,5400;0,9918;58,4931;73,5400;58,4931
85961,8357;57,9660;2,8016;73,5400;0,9649;59,5517;73,5400;59,5517
86055,9444;58,2860;2,7998;73,3400;0,9877;59,1069;73,3400;59,1069
86147,6195;58,6540;2,7877;73,0500;1,0030;59,3897;73,0500;59,3897
86240,5907;58,3780;2,7947;74,4700;0,9449;59,7345;74,4700;59,7345
86326,7231;58,1400;2,8041;74,0600;0,9397;59,9103;74,0600;59,9103
86420,5567;58,1700;2,7991;74,0200;0,9657;60,6138;74,0200;60,6138
86514,2902;58,7240;2,7802;73,9900;0,9727;59,4310;73,9900;59,4310
86604,1904;58,6360;2,7979;72,9400;0,9979;58,7138;72,9400;58,7138
86692,9511;58,4040;2,7976;73,8600;0,9641;59,2621;73,8600;59,2621
86766,6209;58,0020;2,8171;75,0900;0,9360;60,3966;75,0900;60,3966
86853,1678;58,5000;2,7906;74,1300;0,9661;59,0000;74,1300;59,0000
86942,7797;58,5960;2,7803;74,4700;0,9396;59,7345;74,4700;59,7345
87029,0518;58,4120;2,8003;73,8900;0,9717;59,0621;73,8900;59,0621
87118,7053;58,5460;2,7930;72,7700;1,0075;57,6724;72,7700;57,6724
87208,5578;58,6140;2,7970;74,0100;0,9620;60,1103;74,0100;60,1103
87297,7360;58,4780;2,7908;74,0500;0,9638;60,6138;74,0500;60,6138
87392,4065;58,7300;2,7803;73,1100;0,9653;60,0862;73,1100;60,0862
87488,5939;58,0280;2,8138;73,5900;0,9679;58,4690;73,5900;58,4690
87580,4873;58,8200;2,7913;73,5000;0,9958;59,2172;73,5000;59,2172
87669,4936;59,3800;2,7576;73,9200;0,9626;59,7207;73,9200;59,7207
87755,4196;58,7040;2,7932;74,7000;0,9487;60,0138;74,7000;60,0138
87840,5079;58,5700;2,7932;73,0900;1,0104;58,7793;73,0900;58,7793
87929,8699;58,8820;2,7727;74,1200;0,9578;60,2724;74,1200;60,2724
88020,9051;58,0200;2,8049;74,1900;0,9425;60,3517;74,1900;60,3517
88109,9859;58,3740;2,8127;74,2200;0,9633;59,1828;74,2200;59,1828
88199,2873;58,4340;2,7883;75,1100;0,9037;60,4621;75,1100;60,4621
88295,3650;58,6560;2,7934;74,4600;0,9519;60,4586;74,4600;60,4586
88387,0632;58,6840;2,7901;74,3300;0,9543;58,7276;74,3300;58,7276
88479,2045;58,5560;2,7931;73,7200;0,9818;60,6897;73,7200;60,6897
88568,6601;58,7760;2,7905;74,2900;0,9666;59,7931;74,2900;59,7931
88656,0592;58,7760;2,7919;74,0500;0,9637;58,9241;74,0500;58,9241
88742,8004;58,8820;2,7811;74,4500;0,9591;59,1828;74,4500;59,1828
88829,4341;58,4800;2,7927;74,4100;0,9501;60,6276;74,4100;60,6276
88925,9206;58,8740;2,7858;73,6800;0,9809;59,8207;73,6800;59,8207
89015,8837;58,7120;2,7977;74,2500;0,9659;59,6966;74,2500;59,6966
89109,5780;58,7000;2,7799;74,5900;0,9276;60,6862;74,5900;60,6862
89201,9306;58,6580;2,7983;74,0100;0,9443;60,1276;74,0100;60,1276
89288,0223;59,0900;2,7897;73,8600;0,9534;59,3897;73,8600;59,3897
89374,4424;58,9260;2,7899;74,3800;0,9317;59,1483;74,3800;59,1483
89464,6881;60,1860;2,7395;74,9300;0,9353;60,5483;74,9300;60,5483
89558,3405;59,3560;2,7767;74,5300;0,9474;60,3828;74,5300;60,3828
89656,3388;59,8060;2,7551;74,4000;0,9318;60,2379;74,4000;60,2379
89750,5689;58,6960;2,7884;73,7500;0,9714;58,2621;73,7500;58,2621
89849,2577;59,5920;2,7668;74,7700;0,9386;59,9310;74,7700;59,9310
89942,1276;59,6300;2,7687;75,1200;0,9167;60,8414;75,1200;60,8414
90033,2706;59,4740;2,7619;73,6100;0,9565;59,0655;73,6100;59,0655
90119,5763;59,8200;2,7731;75,5300;0,9294;60,1897;75,5300;60,1897
90207,0505;59,2060;2,7685;73,9600;0,9539;59,7103;73,9600;59,7103
90298,9423;59,2000;2,7743;74,1400;0,9475;59,5034;74,1400;59,5034
90388,5908;59,1640;2,7742;73,8300;0,9501;59,0138;73,8300;59,0138
90486,3096;58,8440;2,7852;74,4800;0,9433;59,4966;74,4800;59,4966
90572,6127;58,9580;2,7719;74,5100;0,9305;60,4448;74,5100;60,4448
90661,2854;59,4200;2,7638;75,4200;0,9199;61,3448;75,4200;61,3448
90745,8309;59,4300;2,7677;75,0600;0,9237;61,2966;75,0600;61,2966
90831,8836;59,6400;2,7592;75,1800;0,9221;61,0552;75,1800;61,0552
90919,9312;59,4160;2,7771;73,7200;0,9651;59,2414;73,7200;59,2414
91008,8282;59,3440;2,7717;73,3700;0,9962;58,7448;73,3700;58,7448
91095,2923;59,7100;2,7540;74,7700;0,9346;59,8586;74,7700;59,8586
91182,1191;60,0040;2,7446;75,1200;0,9220;60,4966;75,1200;60,4966
91260,7577;60,1900;2,7429;74,4900;0,9521;60,1931;74,4900;60,1931
91348,0780;59,7420;2,7534;75,3700;0,9038;60,5379;75,3700;60,5379
91435,2760;59,3260;2,7662;75,4200;0,9041;61,9379;75,4200;61,9379
91522,4287;59,9600;2,7412;76,0600;0,8779;61,4172;76,0600;61,4172
91611,9585;59,6220;2,7698;75,6900;0,8961;62,5759;75,6900;62,5759
91696,9019;60,2600;2,7331;74,6400;0,9317;60,2862;74,6400;60,2862
91767,7863;60,0420;2,7560;74,9800;0,9083;61,2793;74,9800;61,2793
91837,6441;59,9060;2,7508;75,5500;0,9031;60,5379;75,5500;60,5379
91930,3739;60,0280;2,7502;74,5600;0,9443;60,7621;74,5600;60,7621
92028,2043;59,5320;2,7642;75,7300;0,9137;61,4897;75,7300;61,4897
92125,7492;60,0560;2,7509;74,7100;0,9226;60,8828;74,7100;60,8828
92223,6650;59,7880;2,7629;75,7500;0,9005;60,5828;75,7500;60,5828
92320,3645;60,1360;2,7631;75,5900;0,8903;61,8724;75,5900;61,8724
92413,3634;60,2240;2,7588;74,5700;0,9294;60,5517;74,5700;60,5517
92506,7007;60,1500;2,7629;75,6700;0,9119;61,0310;75,6700;61,0310
92601,0581;59,9460;2,7706;75,5600;0,9012;60,8966;75,5600;60,8966
92693,2159;60,4920;2,7403;74,7600;0,9381;60,2276;74,7600;60,2276
92781,1411;59,8880;2,7557;74,6800;0,9385;60,3655;74,6800;60,3655
92870,2764;60,5020;2,7354;75,7200;0,8964;61,6724;75,7200;61,6724
92961,2789;60,0100;2,7568;76,0500;0,8852;61,8862;76,0500;61,8862
93051,4492;60,0800;2,7500;75,1000;0,9199;60,7241;75,1000;60,7241
93137,4470;59,7240;2,7635;75,7500;0,9022;61,0172;75,7500;61,0172
93225,6170;60,5840;2,7397;75,6000;0,8887;61,8655;75,6000;61,8655
93315,7582;60,3200;2,7517;74,5800;0,9172;59,0759;74,5800;59,0759
93405,0660;60,3140;2,7477;75,9000;0,8706;62,6690;75,9000;62,6690
93499,1878;60,2580;2,7405;75,3100;0,8983;61,3586;75,3100;61,3586
93591,6937;60,4220;2,7442;75,6000;0,8906;61,3793;75,6000;61,3793
93685,9323;60,4100;2,7431;76,1800;0,8730;62,0138;76,1800;62,0138
93781,6148;60,3120;2,7506;76,0100;0,8855;61,7586;76,0100;61,7586
93878,5349;60,4300;2,7543;74,8800;0,9102;61,1069;74,8800;61,1069
93977,3978;60,7260;2,7371;75,6000;0,9089;61,4552;75,6000;61,4552
94043,0334;60,7260;2,7225;76,3600;0,8688;61,3069;76,3600;61,3069
94107,9721;60,7980;2,7329;74,8800;0,9352;60,8931;74,8800;60,8931
94174,0503;60,8680;2,7249;75,8300;0,8983;61,7069;75,8300;61,7069
94242,5011;61,0160;2,7221;76,3000;0,8659;61,9655;76,3000;61,9655
94309,7862;60,7980;2,7193;76,2800;0,8721;61,7069;76,2800;61,7069
94374,7306;61,5580;2,7171;76,2000;0,8882;61,7621;76,2000;61,7621
94442,8421;60,7140;2,7433;76,1200;0,8801;61,0724;76,1200;61,0724
94516,5618;60,9540;2,7221;75,9100;0,8707;61,9448;75,9100;61,9448
94586,6783;60,9360;2,7288;75,9400;0,8880;61,6966;75,9400;61,6966
94655,2253;60,8420;2,7337;76,4900;0,8606;61,9483;76,4900;61,9483
94753,6005;60,7860;2,7227;75,5400;0,9156;60,4793;75,5400;60,4793
94848,3260;61,4160;2,7109;76,5800;0,8950;61,9034;76,5800;61,9034
94938,7018;61,2560;2,7182;75,5900;0,8970;61,6862;75,5900;61,6862
95024,6817;61,9440;2,6989;76,4900;0,8512;62,9310;76,4900;62,9310
95106,7405;61,2280;2,7089;75,3500;0,8992;61,0241;75,3500;61,0241
95186,2282;60,9840;2,7260;76,7100;0,8477;62,5000;76,7100;62,5000
95259,6987;61,4240;2,7142;75,3500;0,9060;61,9414;75,3500;61,9414
95329,3116;60,7880;2,7223;76,2800;0,8721;62,9552;76,2800;62,9552
95401,2059;61,8940;2,6931;76,2800;0,8722;62,5172;76,2800;62,5172
95473,9413;61,5000;2,7231;76,2200;0,8828;60,9207;76,2200;60,9207
95543,5822;60,8460;2,7336;75,4100;0,9042;61,6207;75,4100;61,6207
95617,2749;60,9560;2,7369;76,1900;0,8607;61,1207;76,1900;61,1207
95692,6423;60,5580;2,7373;75,9700;0,8811;61,7517;75,9700;61,7517
95776,0662;60,4740;2,7356;76,4500;0,8610;61,9000;76,4500;61,9000
95863,2819;61,3080;2,7271;76,9200;0,8602;61,6690;76,9200;61,6690
95955,4869;61,8360;2,6894;76,1300;0,8624;62,4034;76,1300;62,4034
96051,3552;61,6960;2,7193;76,6400;0,8597;61,9241;76,6400;61,9241
96148,5746;61,6600;2,7140;76,9000;0,8495;62,5690;76,9000;62,5690
96238,9846;60,8060;2,7320;76,5600;0,8628;62,4621;76,5600;62,4621
96326,8944;60,8560;2,7238;76,7700;0,8437;62,4241;76,7700;62,4241
96404,6289;61,9040;2,7011;76,5400;0,8642;62,2690;76,5400;62,2690
96482,5106;61,7500;2,7074;76,3300;0,8860;62,9931;76,3300;62,9931
96552,2772;61,6340;2,7121;76,2000;0,8721;62,6069;76,2000;62,6069
96622,2036;61,6700;2,7168;77,0600;0,8510;63,3276;77,0600;63,3276
96692,6335;61,5660;2,7161;76,2600;0,8639;61,9207;76,2600;61,9207
96762,0894;62,1380;2,6954;76,9500;0,8587;62,0759;76,9500;62,0759
96834,4848;61,8240;2,7058;76,8000;0,8680;63,2379;76,8000;63,2379
96909,1506;62,6680;2,6773;76,9300;0,8588;62,7586;76,9300;62,7586
96986,5468;62,2180;2,6900;77,3900;0,8472;63,3966;77,3900;63,3966
97067,5501;62,1760;2,6906;76,1200;0,8619;62,2069;76,1200;62,2069
97151,5908;62,2840;2,6796;77,2400;0,8325;63,3414;77,2400;63,3414
97239,0604;62,4660;2,6834;76,6500;0,8576;63,0241;76,6500;63,0241
97332,0815;61,4360;2,7117;77,0400;0,8633;63,3517;77,0400;63,3517
97426,6997;62,6860;2,6798;76,6300;0,8503;63,5172;76,6300;63,5172
97519,8256;61,7560;2,6863;76,5600;0,8562;62,3586;76,5600;62,3586
97601,9910;62,0600;2,6906;76,9300;0,8533;63,0172;76,9300;63,0172
97678,5111;62,0160;2,7079;77,6100;0,8267;63,1345;77,6100;63,1345
97748,6887;62,6700;2,6846;77,4100;0,8339;64,4034;77,4100;64,4034
97820,5947;61,9000;2,7027;77,0600;0,8555;62,8414;77,0600;62,8414
97893,9724;62,0260;2,6903;77,1300;0,8580;63,1931;77,1300;63,1931
97959,2192;61,7660;2,7074;77,3400;0,8423;63,0069;77,3400;63,0069
98037,1162;61,7260;2,7102;77,0800;0,8452;62,9724;77,0800;62,9724
98122,0319;62,1820;2,6940;77,7300;0,8253;64,2241;77,7300;64,2241
98210,6497;62,3080;2,6882;77,4500;0,8565;62,4897;77,4500;62,4897
98303,9742;62,3920;2,6879;77,2800;0,8392;63,0966;77,2800;63,0966
98399,2234;62,4580;2,6796;76,8500;0,8603;63,8724;76,8500;63,8724
98494,6798;62,9300;2,6747;76,8400;0,8427;62,5103;76,8400;62,5103
98594,8853;62,3260;2,6940;77,0700;0,8435;63,0276;77,0700;63,0276
98693,2078;63,0100;2,6634;77,9700;0,8217;63,1310;77,9700;63,1310
98793,2779;62,1920;2,6980;77,8800;0,8144;63,1655;77,8800;63,1655
98891,5792;63,0240;2,6762;77,4000;0,8404;63,5103;77,4000;63,5103
98983,8103;62,6400;2,6686;77,7900;0,8209;63,9552;77,7900;63,9552
99073,1702;63,0700;2,6559;76,8100;0,8592;63,6621;76,8100;63,6621
99155,9144;62,3300;2,6951;76,9400;0,8375;63,5897;76,9400;63,5897
99239,1688;62,5340;2,6812;77,6100;0,8307;62,8310;77,6100;62,8310
99318,9210;62,9980;2,6807;78,1600;0,8021;63,8034;78,1600;63,8034
99394,7431;62,0820;2,6893;77,3100;0,8197;63,0966;77,3100;63,0966
99468,8800;62,6820;2,6734;77,3000;0,8335;63,4586;77,3000;63,4586
99536,6135;62,7140;2,6903;77,8300;0,8119;63,8759;77,8300;63,8759
99608,0964;63,6140;2,6594;77,7800;0,8193;63,4138;77,7800;63,4138
99687,5766;63,0440;2,6628;77,7100;0,8240;63,6000;77,7100;63,6000
99771,0197;63,4340;2,6524;78,3000;0,8096;64,4931;78,3000;64,4931
99858,0805;63,0920;2,6711;77,7600;0,8286;63,3828;77,7600;63,3828
99946,5616;62,9200;2,6782;78,0300;0,8250;64,3966;78,0300;64,3966
100034,6205;63,0900;2,6711;78,7400;0,7985;63,6034;78,7400;63,6034
100127,8792;63,1200;2,6629;77,3700;0,8409;62,4276;77,3700;62,4276
100221,0440;63,0400;2,6894;78,1700;0,8062;63,8241;78,1700;63,8241
100321,9225;62,8440;2,6762;77,9900;0,7979;64,2655;77,9900;64,2655
100421,1966;62,5880;2,6798;77,7900;0,8064;63,9103;77,7900;63,9103
100520,0545;63,2940;2,6719;76,9700;0,8386;62,9793;76,9700;62,9793
100616,8354;63,8900;2,6486;77,9300;0,8224;64,0759;77,9300;64,0759
100707,8470;63,8780;2,6493;78,2200;0,7924;64,6345;78,2200;64,6345
100799,3636;63,4800;2,6710;78,0900;0,8100;63,0310;78,0900;63,0310
100884,2531;63,1780;2,6655;78,7500;0,7847;64,5793;78,7500;64,5793
100963,9400;63,7880;2,6436;77,9400;0,7938;64,5966;77,9400;64,5966
101040,9596;62,9880;2,6757;77,8900;0,8101;63,8414;77,8900;63,8414
101117,5342;64,2280;2,6299;78,1000;0,8187;64,1310;78,1000;64,1310
101188,6244;63,6140;2,6573;77,8900;0,8103;63,8379;77,8900;63,8379
101259,6365;63,4960;2,6391;78,8300;0,7854;64,8483;78,8300;64,8483
101331,5245;63,8980;2,6584;77,5400;0,8161;63,2862;77,5400;63,2862
101406,4621;63,4460;2,6673;78,1900;0,8201;64,2655;78,1900;64,2655
101482,7723;63,6540;2,6675;78,0400;0,8042;64,7069;78,0400;64,7069
101565,7197;63,7640;2,6506;78,5400;0,7959;64,0552;78,5400;64,0552
101650,9698;63,6780;2,6530;78,5500;0,7830;64,6448;78,5500;64,6448
101742,0890;63,6840;2,6743;79,1500;0,7801;64,9931;79,1500;64,9931
101833,6387;63,8840;2,6403;78,5100;0,7900;64,0241;78,5100;64,0241
101926,8159;63,9560;2,6411;77,8700;0,8365;64,2172;77,8700;64,2172
102024,0195;64,2880;2,6396;78,1300;0,8118;64,0172;78,1300;64,0172
102122,4549;63,4880;2,6546;78,1500;0,7924;63,9897;78,1500;63,9897
102220,9207;64,3580;2,6257;78,6100;0,8021;65,2828;78,6100;65,2828
102318,0423;63,3900;2,6528;78,3300;0,8023;64,8690;78,3300;64,8690
102410,7793;63,9740;2,6359;79,1600;0,7735;65,7276;79,1600;65,7276
102500,7953;64,6540;2,6280;78,9000;0,7888;64,3586;78,9000;64,3586
102583,1361;63,5360;2,6605;78,5800;0,7873;64,2000;78,5800;64,2000
102665,8542;64,5120;2,6194;79,0300;0,7747;65,1448;79,0300;65,1448
102749,2231;64,3020;2,6225;78,1500;0,8053;64,0828;78,1500;64,0828
102829,7905;64,2740;2,6360;79,1200;0,7683;65,4759;79,1200;65,4759
102907,7964;64,0880;2,6405;78,4200;0,7981;64,7241;78,4200;64,7241
102983,6600;64,3740;2,6235;78,5700;0,7872;64,6379;78,5700;64,6379
103053,3182;63,9540;2,6536;78,3600;0,7820;64,6241;78,3600;64,6241
103123,8635;64,4580;2,6288;79,3400;0,7630;65,4862;79,3400;65,4862
103197,1408;63,9320;2,6380;79,1200;0,7646;65,8138;79,1200;65,8138
103272,5428;63,6980;2,6563;78,9300;0,7786;64,5310;78,9300;64,5310
103345,0230;64,5840;2,6216;78,7700;0,7951;64,6276;78,7700;64,6276
103418,3723;64,3800;2,6369;78,2000;0,7845;64,1931;78,2000;64,1931
103497,4608;64,7420;2,6177;79,2300;0,7748;65,5586;79,2300;65,5586
103581,7005;64,4860;2,6324;78,7700;0,7889;65,0828;78,7700;65,0828
103670,7796;64,6280;2,6275;79,3000;0,7644;65,4345;79,3000;65,4345
103762,3881;64,8180;2,6222;79,3600;0,7602;65,6379;79,3600;65,6379
103856,1620;65,4640;2,6026;78,9100;0,7815;64,4793;78,9100;64,4793
103954,6615;65,0460;2,6057;79,7600;0,7557;66,2517;79,7600;66,2517
104056,9501;65,4620;2,6058;79,2100;0,7742;65,1897;79,2100;65,1897
104157,1276;64,4020;2,6203;79,4900;0,7501;64,7414;79,4900;64,7414
104251,4766;65,7240;2,5872;79,0200;0,7701;65,3207;79,0200;65,3207
104339,8356;65,2040;2,6088;79,8900;0,7461;65,6034;79,8900;65,6034
104425,9211;64,9640;2,6236;78,6700;0,7753;64,6897;78,6700;64,6897
104506,0561;65,4640;2,6045;78,9100;0,7740;65,9069;78,9100;65,9069
104585,9358;65,0880;2,6111;80,1100;0,7562;65,7690;80,1100;65,7690
104660,6107;65,5540;2,6003;79,1900;0,7613;65,3483;79,1900;65,3483
104731,2174;65,4000;2,6034;79,0100;0,7704;65,0207;79,0100;65,0207
104801,0946;64,8620;2,6076;78,9100;0,7692;65,1310;78,9100;65,1310
104874,5250;64,9760;2,6214;79,5400;0,7623;65,1793;79,5400;65,1793
104950,0657;65,2440;2,6247;78,9300;0,7718;65,0103;78,9300;65,0103
105029,1724;64,7360;2,6260;79,4100;0,7543;65,2621;79,4100;65,2621
105113,4726;65,6740;2,5937;79,9700;0,7367;65,8793;79,9700;65,8793
105200,7043;65,3120;2,5985;79,2200;0,7761;65,2276;79,2200;65,2276
105294,3190;65,7700;2,6024;80,0700;0,7377;65,6897;80,0700;65,6897
105393,0784;65,6380;2,6043;80,2800;0,7247;66,2517;80,2800;66,2517
105495,0009;65,2620;2,6101;79,8600;0,7461;66,2207;79,8600;66,2207
105591,4446;66,1280;2,5902;79,5400;0,7713;65,0552;79,5400;65,0552
105685,5183;65,3040;2,6098;79,3200;0,7636;65,0552;79,3200;65,0552
105778,0200;65,4860;2,6091;80,2900;0,7576;66,2552;80,2900;66,2552
105864,0045;65,8500;2,5836;80,0000;0,7521;65,2483;80,0000;65,2483
105946,6282;65,8480;2,5975;79,2600;0,7719;65,1034;79,2600;65,1034
106025,5993;65,7480;2,6011;79,9300;0,7516;65,8897;79,9300;65,8897
106099,9697;65,3980;2,6087;79,6800;0,7573;66,0655;79,6800;66,0655
106175,3440;65,6520;2,5957;78,7400;0,7877;65,5828;78,7400;65,5828
106248,6976;65,3300;2,6173;80,4300;0,7429;67,0690;80,4300;67,0690
106324,7579;65,5600;2,6057;80,6200;0,7330;65,9483;80,6200;65,9483
106394,7162;65,6400;2,6000;79,3700;0,7588;65,7655;79,3700;65,7655
106468,6328;65,8020;2,5900;80,0100;0,7387;66,4966;80,0100;66,4966
106541,3956;65,8360;2,5990;80,2000;0,7466;65,7862;80,2000;65,7862
106614,4963;65,9500;2,5919;79,8400;0,7516;65,5759;79,8400;65,5759
106690,2405;65,7940;2,5933;79,9100;0,7504;66,2897;79,9100;66,2897
106772,5115;66,6620;2,5697;80,2500;0,7434;66,4034;80,2500;66,4034
106854,6684;66,3840;2,5822;79,9100;0,7558;65,1103;79,9100;65,1103
106939,3039;67,0300;2,5564;80,1500;0,7520;66,2586;80,1500;66,2586
107031,9634;66,4820;2,5875;80,3400;0,7459;66,0276;80,3400;66,0276
107124,6675;66,3840;2,5772;80,4100;0,7351;66,7034;80,4100;66,7034
107220,4816;66,7200;2,5729;80,1200;0,7466;66,1138;80,1200;66,1138
107319,3006;66,3360;2,5844;80,6100;0,7227;66,9828;80,6100;66,9828
107419,9297;66,3220;2,5811;80,3900;0,7381;66,6103;80,3900;66,6103
107513,9955;66,9400;2,5737;80,0300;0,7504;66,6931;80,0300;66,6931
107609,8468;67,1720;2,5658;80,2600;0,7422;66,3931;80,2600;66,3931
107708,1869;66,4120;2,5906;80,7200;0,7314;66,1207;80,7200;66,1207
107798,2835;66,6740;2,5795;80,8700;0,7198;66,1483;80,8700;66,1483
107887,0929;66,4280;2,5786;80,6300;0,7178;66,2069;80,6300;66,2069
107972,4629;67,3540;2,5376;80,9300;0,7212;66,9345;80,9300;66,9345
108055,6563;66,6520;2,5756;80,4800;0,7304;65,7207;80,4800;65,7207
108137,4301;67,1240;2,5637;80,1300;0,7301;66,7103;80,1300;66,7103
108211,5039;67,3500;2,5425;80,7900;0,7197;66,8690;80,7900;66,8690
108285,0332;66,7180;2,5647;79,9500;0,7339;66,7586;79,9500;66,7586
108357,5591;67,1700;2,5659;80,6600;0,7245;66,0310;80,6600;66,0310
108431,9555;66,9860;2,5698;80,7100;0,7261;65,8621;80,7100;65,8621
108510,5048;67,2920;2,5618;80,6600;0,7193;67,4552;80,6600;67,4552
108590,9910;66,4360;2,5712;80,6300;0,7070;66,9034;80,6300;66,9034
108673,0412;67,1640;2,5575;80,6200;0,7140;67,1621;80,6200;67,1621
108758,9711;67,4000;2,5534;80,8400;0,7167;66,6690;80,8400;66,6690
108845,0760;67,6240;2,5493;80,8400;0,7230;67,4103;80,8400;67,4103
108940,8934;67,2400;2,5486;80,6500;0,7224;66,7828;80,6500;66,7828
109035,3814;66,9860;2,5695;80,6600;0,7133;67,3034;80,6600;67,3034
109134,6312;67,8120;2,5348;80,8300;0,7186;67,2414;80,8300;67,2414
109231,9937;67,5640;2,5542;81,2800;0,7137;67,3966;81,2800;67,3966
109327,9570;67,1660;2,5592;81,6800;0,7013;67,4690;81,6800;67,4690
109428,1590;66,6320;2,5871;81,4800;0,6906;67,4172;81,4800;67,4172
109528,8323;67,4560;2,5542;80,8500;0,7120;66,9862;80,8500;66,9862
109628,8520;67,2520;2,5592;80,7400;0,7230;66,6345;80,7400;66,6345
109720,7680;67,5320;2,5547;81,3300;0,6938;67,5483;81,3300;67,5483
109808,6893;67,4980;2,5412;80,9600;0,6988;67,8793;80,9600;67,8793
109892,1156;67,7940;2,5388;81,2900;0,7075;67,5103;81,2900;67,5103
109973,3455;67,8060;2,5450;81,5400;0,6956;68,4414;81,5400;68,4414
110051,4357;67,7580;2,5378;81,6000;0,6928;67,7379;81,6000;67,7379
110124,6169;67,5200;2,5653;81,5100;0,7026;67,0690;81,5100;67,0690
110198,4858;68,1600;2,5412;81,4100;0,6923;66,6414;81,4100;66,6414
110267,8662;68,1840;2,5362;81,5100;0,6980;67,4414;81,5100;67,4414
110342,0360;68,2860;2,5251;80,9600;0,7001;66,7586;80,9600;66,7586
110422,8062;67,9080;2,5336;81,5200;0,7082;66,8345;81,5200;66,8345
110506,5283;68,5260;2,5222;81,1200;0,7010;67,3690;81,1200;67,3690
110596,3996;68,6980;2,5101;81,5200;0,6877;68,0793;81,5200;68,0793
110683,8591;68,1360;2,5335;81,3800;0,6970;67,8759;81,3800;67,8759
110777,0389;68,0740;2,5482;81,4300;0,6928;67,4552;81,4300;67,4552
110877,3046;68,5000;2,5178;81,8600;0,6938;68,0517;81,8600;68,0517
110980,2554;68,1940;2,5411;81,1500;0,7101;67,2069;81,1500;67,2069
111082,7356;67,8340;2,5599;81,3800;0,7097;67,1345;81,3800;67,1345
111180,6531;68,1380;2,5351;81,0800;0,6991;67,1345;81,0800;67,1345
111270,9330;68,7680;2,5051;81,0900;0,7056;67,1034;81,0900;67,1034
111363,6720;68,8840;2,5007;81,7400;0,6895;67,7931;81,7400;67,7931
111448,1930;68,6720;2,5115;81,5100;0,6848;67,8207;81,5100;67,8207
111527,4330;68,5640;2,5285;81,9300;0,6961;67,7345;81,9300;67,7345
111602,1147;69,0120;2,5132;81,4300;0,7008;68,0069;81,4300;68,0069
111678,4319;67,8000;2,5496;81,5500;0,6837;67,7241;81,5500;67,7241
111754,8495;68,9880;2,5165;81,6400;0,6954;67,7000;81,6400;67,7000
111826,2020;68,3500;2,5388;81,9500;0,6746;68,2103;81,9500;68,2103
111899,9373;68,6920;2,5179;81,3700;0,6847;67,0897;81,3700;67,0897
111972,5553;68,5800;2,5308;81,6100;0,6766;67,8276;81,6100;67,8276
112047,2827;68,5080;2,5319;82,0000;0,6726;67,8793;82,0000;67,8793
112124,2905;68,7240;2,5175;81,8300;0,6806;67,5724;81,8300;67,5724
112203,0812;69,0680;2,5031;81,5500;0,6955;67,5759;81,5500;67,5759
112288,1670;69,2880;2,5125;81,9200;0,6768;68,4793;81,9200;68,4793
112376,5849;68,6340;2,5221;82,2000;0,6732;67,9690;82,2000;67,9690
112461,9520;68,6900;2,5215;82,0100;0,6836;68,0862;82,0100;68,0862
112545,4799;68,4920;2,5234;81,7500;0,6982;68,3655;81,7500;68,3655
112634,7187;69,2220;2,4915;81,6800;0,6851;67,6000;81,6800;67,6000
112723,7188;68,6720;2,5195;81,9900;0,6782;68,3931;81,9900;68,3931
112820,8032;69,3500;2,4989;82,1000;0,6729;67,9276;82,1000;67,9276
112920,5854;68,7280;2,5246;81,7900;0,6885;68,0172;81,7900;68,0172
113016,0638;68,9280;2,5200;82,0400;0,6702;68,6345;82,0400;68,6345
113114,3587;69,1780;2,5185;82,5700;0,6615;68,3414;82,5700;68,3414
113207,6686;69,1360;2,5069;81,6200;0,6904;67,7276;81,6200;67,7276
113300,0376;69,3380;2,5050;82,0400;0,6705;68,6310;82,0400;68,6310
113387,9671;69,3220;2,5042;82,4000;0,6735;68,4448;82,4000;68,4448
113478,6208;69,8880;2,4740;82,3500;0,6517;68,3172;82,3500;68,3172
113565,2974;69,4840;2,5011;82,0900;0,6667;68,7207;82,0900;68,7207
113649,8680;69,8580;2,4869;82,2100;0,6755;68,2586;82,2100;68,2586
113736,1284;69,2380;2,5132;82,3400;0,6713;68,3690;82,3400;68,3690
113818,2035;69,4780;2,5012;81,6100;0,7004;67,9828;81,6100;67,9828
113893,0029;69,3080;2,5082;82,4000;0,6543;68,3138;82,4000;68,3138
113960,7215;70,1040;2,4836;82,1800;0,6749;68,1310;82,1800;68,1310
114034,5952;69,5020;2,5034;82,2100;0,6662;68,1655;82,2100;68,1655
114111,7917;69,7760;2,5008;82,5900;0,6592;68,9897;82,5900;68,9897
114192,8492;70,1120;2,4794;82,3600;0,6652;68,4966;82,3600;68,4966
114275,0306;69,9340;2,4830;82,4100;0,6678;68,8172;82,4100;68,8172
114358,6436;70,2180;2,4890;82,5700;0,6647;68,5862;82,5700;68,5862
114448,3916;69,7260;2,4775;81,7800;0,6849;68,1379;81,7800;68,1379
114544,0205;70,0920;2,4824;82,3900;0,6674;68,9655;82,3900;68,9655
114642,2962;69,4980;2,5028;82,3600;0,6769;68,4103;82,3600;68,4103
114744,5622;69,8660;2,4926;82,5200;0,6575;69,3414;82,5200;69,3414
114837,3087;69,6280;2,4991;82,6300;0,6652;68,8793;82,6300;68,8793
114925,1551;69,9460;2,4845;82,5500;0,6563;69,1138;82,5500;69,1138
115004,7817;69,9020;2,4993;82,9600;0,6638;69,1724;82,9600;69,1724
115088,3000;70,3480;2,4760;82,7400;0,6644;69,0931;82,7400;69,0931
115168,7462;70,2640;2,4774;82,8200;0,6543;69,5552;82,8200;69,5552
115240,9929;70,4420;2,4675;82,5300;0,6631;69,0172;82,5300;69,0172
115314,1778;70,2080;2,4821;82,7900;0,6602;68,5862;82,7900;68,5862
115395,3212;70,2360;2,4780;82,6600;0,6616;68,6862;82,6600;68,6862
115478,7885;69,9000;2,4970;82,4700;0,6625;69,1276;82,4700;69,1276
115555,4437;70,4660;2,4702;82,5400;0,6641;69,1069;82,5400;69,1069
115633,2326;70,3860;2,4806;82,5500;0,6716;69,0828;82,5500;69,0828
115721,2515;70,5320;2,4549;82,8400;0,6592;69,0207;82,8400;69,0207
115809,9163;70,5620;2,4747;82,9300;0,6514;68,7655;82,9300;68,7655
115903,4299;70,3520;2,4864;82,8600;0,6562;68,7379;82,8600;68,7379
116004,5802;70,0860;2,4766;82,2700;0,6786;69,0207;82,2700;69,0207
116098,1822;70,6280;2,4685;82,8500;0,6517;69,0621;82,8500;69,0621
116191,6947;70,1400;2,4781;82,2800;0,6729;68,7069;82,2800;68,7069
116279,0316;71,3580;2,4588;82,6700;0,6524;69,5655;82,6700;69,5655
116357,7664;69,7660;2,4988;82,5500;0,6552;69,3207;82,5500;69,3207
116439,1426;70,7940;2,4453;82,3000;0,6750;68,8138;82,3000;68,8138
116526,2160;70,3300;2,4699;82,6300;0,6494;68,9207;82,8300;68,8897
116615,9419;70,2280;2,4678;82,3200;0,6764;68,1621;82,4700;68,1759
116709,0606;69,0000;2,5088;82,3600;0,6686;67,9103;82,2600;68,1690
116809,2248;68,2660;2,5338;81,5500;0,7041;65,9724;81,4800;66,0276
116922,1619;67,8680;2,5382;81,1400;0,7107;67,0655;81,3300;66,8207
117028,4268;67,2340;2,5653;81,0800;0,7091;66,5897;80,9800;65,9483
117136,4188;67,8240;2,5383;80,5400;0,7191;66,2483;81,1700;66,0793
117244,3175;67,3560;2,5509;81,0400;0,7158;66,7897;79,9600;64,7414
117353,3601;67,1080;2,5748;81,2700;0,7046;67,4724;81,0100;66,0138
117459,1812;66,8980;2,5684;80,6400;0,7228;66,0345;80,5700;65,3483
117555,9960;67,4300;2,5438;80,5100;0,7367;66,4448;80,4100;65,8448
117651,5351;67,6300;2,5427;80,5600;0,7383;66,0276;81,1500;65,7655
117739,3378;66,9160;2,5796;81,1700;0,7228;66,9517;80,6100;64,4828
117823,7153;67,0620;2,5467;80,7300;0,7281;66,2310;80,8500;65,1655
117913,4296;66,7060;2,5781;80,6600;0,7261;67,4690;80,5500;64,5517
118007,6280;67,1660;2,5694;81,1100;0,7124;66,7828;80,5800;64,8759
118111,5871;66,8560;2,5656;80,6100;0,7507;67,1931;80,8200;65,8103
118225,4514;67,4240;2,5558;80,2500;0,7392;65,9276;80,5500;65,3414
118333,6828;66,7360;2,5705;80,4100;0,7543;66,3276;80,7000;66,2483
118437,5948;67,2640;2,5596;80,6700;0,7361;66,8069;81,0200;66,6793
118533,8773;66,4960;2,5814;79,8700;0,7553;65,6103;79,9700;65,5966
118629,2949;67,3860;2,5473;80,4500;0,7433;65,9862;79,9500;65,2138
118713,4471;66,5000;2,5786;80,2900;0,7328;66,3414;80,8800;65,8966
118796,5678;66,9400;2,5657;80,2700;0,7585;65,8000;79,4900;63,5828
118886,0244;67,6120;2,5408;80,2500;0,7298;65,1793;80,2900;64,6759
118975,7335;66,8140;2,5663;80,5500;0,7331;66,1034;80,0900;64,0000
119074,6942;67,0080;2,5580;80,5800;0,7284;66,2759;80,6000;65,1000
119170,1514;66,8720;2,5675;80,3200;0,7429;66,7241;80,4400;65,2345
119272,7993;67,0860;2,5570;80,2600;0,7603;65,8172;80,6100;65,8621
119379,5710;67,2760;2,5434;80,4300;0,7335;66,5241;80,1200;64,3897
119487,3719;66,8880;2,5424;80,4400;0,7359;66,0483;80,1000;65,0897
119591,4809;66,7400;2,5794;80,5100;0,7379;66,3759;80,8100;66,1828
119688,3338;66,5280;2,5861;80,6700;0,7467;66,9966;80,6100;66,6172
119775,0578;67,4120;2,5533;81,0900;0,7217;67,0586;80,8200;66,4103
119868,8910;66,1600;2,5834;80,1900;0,7432;65,9931;80,8900;67,1655
119971,7131;67,0720;2,5576;80,9500;0,7443;66,4793;81,0100;67,0828
120078,4037;66,7160;2,5799;80,6800;0,7371;66,5517;80,8600;67,2793
120185,7307;66,1400;2,5888;80,3400;0,7517;66,4034;80,6900;66,9138
120279,7686;66,6320;2,5653;80,4600;0,7470;67,1103;80,0300;65,0690
120372,5650;67,2440;2,5545;81,0800;0,7413;67,3862;80,4700;65,3138
120454,2777;66,3440;2,5776;79,7300;0,7825;65,5034;80,0900;65,2724
120546,0036;66,6880;2,5677;81,1300;0,7375;66,5655;80,5800;65,8966
120646,3259;67,0120;2,5399;80,0000;0,7518;64,7828;80,7100;67,3517
120755,1420;67,3100;2,5546;80,6900;0,7269;66,3310;80,9500;67,1379
120871,6080;67,3820;2,5576;80,6300;0,7421;65,7379;81,2100;66,2448
120981,1788;66,4440;2,5782;80,7800;0,7436;66,1897;80,6900;66,3414
121085,1196;67,0480;2,5635;80,4200;0,7537;66,0276;80,1400;66,2276
121177,0540;66,5480;2,5776;80,8200;0,7221;66,5724;80,5900;65,9966
121264,6644;67,2340;2,5695;80,0500;0,7620;65,4759;79,8500;64,9379
121350,6741;67,1380;2,5591;80,0800;0,7654;65,8517;80,5100;65,7862
121441,7886;67,1900;2,5583;80,4200;0,7317;66,6828;80,5800;64,9621
121540,2234;66,9840;2,5648;80,6500;0,7506;66,0310;80,9000;66,4345
121648,9515;66,8920;2,5713;81,0400;0,7381;65,1897;80,5100;67,0483
121772,4422;66,6420;2,5588;80,4500;0,7320;65,6483;80,2900;65,1345
121887,7668;65,8880;2,5954;80,2600;0,7632;65,5000;79,7700;64,9310
121999,1360;66,8380;2,5591;80,2000;0,7475;65,8276;80,0300;65,1448
122101,6911;66,1980;2,5788;80,8100;0,7304;65,8276;80,2600;64,9759
122200,2970;66,7460;2,5761;80,6500;0,7299;65,8621;80,9600;65,7931
122294,4598;66,9140;2,5646;80,8300;0,7298;65,9655;80,5700;66,4207
122379,3501;66,6340;2,5701;80,5200;0,7354;66,2483;80,7400;65,6897
122462,9260;67,1960;2,5492;80,7100;0,7360;65,9552;80,0100;65,2862
122544,3327;66,7820;2,5694;80,0300;0,7542;65,5414;80,6000;65,9517
122623,4907;66,9320;2,5643;80,5600;0,7460;66,7862;80,1300;65,1103
122703,5624;66,6880;2,5650;80,5700;0,7398;65,8828;80,3500;66,7345
122790,3942;67,1660;2,5533;80,0500;0,7432;64,7483;80,5100;66,7828
122881,6196;66,7080;2,5699;80,2600;0,7490;66,9069;79,7600;65,7655
122974,2229;66,6680;2,5631;80,7100;0,7242;66,7483;80,4700;67,1621
123071,9533;66,9620;2,5586;80,3300;0,7568;66,2483;80,7600;67,6966
123181,2847;67,1980;2,5412;80,6500;0,7493;65,7759;80,9800;68,2414
123300,0871;66,7620;2,5655;80,1300;0,7582;66,3793;80,5200;68,1724
123410,8432;66,9140;2,5533;80,6300;0,7406;66,1345;80,5600;66,6724
123515,1928;66,7300;2,5687;80,1900;0,7446;65,5655;80,9600;66,7310
123613,1718;66,3060;2,5802;80,5400;0,7316;65,5724;80,5900;66,4414
123705,1109;66,4880;2,5727;80,0300;0,7566;66,4138;80,4700;67,5862
123768,9690;70,3480;2,4760;82,7400;0,6644;69,0931;82,7400;69,0931
123850,8784;70,2640;2,4774;82,8200;0,6543;69,5552;82,8200;69,5552
123925,6030;70,4420;2,4675;82,5300;0,6631;69,0172;82,5300;69,0172
124000,4719;70,1760;2,4823;82,8900;0,6597;68,6379;82,8900;68,6379
124080,6632;70,2620;2,4781;82,6800;0,6616;68,7103;82,6800;68,7103
124145,3072;69,8900;2,4969;82,4200;0,6630;69,0103;82,4200;69,0103
124229,7819;70,5020;2,4703;82,5600;0,6641;69,0483;82,5600;69,0483
124295,8777;70,3840;2,4805;82,6000;0,6715;69,0241;82,6000;69,0241
124374,8969;70,5280;2,4551;82,8100;0,6586;69,0276;82,8100;69,0276
124450,7943;70,5640;2,4747;82,9100;0,6516;68,7621;82,9100;68,7621
124526,4852;70,3340;2,4864;82,8800;0,6563;68,7552;82,8800;68,7552
124610,1454;70,1100;2,4766;82,3900;0,6781;69,0828;82,3900;69,0828
124685,5988;70,6180;2,4686;82,8900;0,6530;69,0345;82,8900;69,0345
124768,4095;70,1720;2,4780;82,2600;0,6730;68,7379;82,2600;68,7379
124849,7729;71,2880;2,4587;82,6600;0,6535;69,5448;82,6600;69,5448
124916,9655;69,7720;2,4987;82,6100;0,6553;69,3069;82,6100;69,3069
125015,0297;70,8940;2,4452;82,2200;0,6755;68,6966;82,2200;68,6966
125112,8580;70,2760;2,4700;82,6400;0,6520;68,8759;82,8600;68,9379
125203,0220;70,3300;2,4675;82,2300;0,6782;68,2828;82,5000;67,9897
125298,4770;68,9940;2,5088;82,2900;0,6697;67,6966;82,2300;68,0690
125393,5547;68,1700;2,5343;81,5500;0,7060;65,6828;81,5100;66,1345
125483,8980;67,9400;2,5382;80,9900;0,7113;67,3862;81,3300;66,1448
125574,9714;67,2780;2,5650;81,0900;0,7108;66,6414;81,0300;65,9517
125657,3948;67,9000;2,5383;80,8700;0,7133;66,5207;81,2500;66,1000
125752,7200;67,3040;2,5510;81,1500;0,7229;66,5931;80,0300;65,0724
125843,9349;67,0200;2,5740;81,2800;0,6993;67,2379;80,3900;65,5897
125922,0346;67,0940;2,5683;80,4400;0,7300;65,6103;80,2400;65,2793
126015,1623;67,4900;2,5444;80,6500;0,7412;66,0897;80,1100;65,6793
126103,7275;67,5000;2,5434;80,5200;0,7408;66,1655;80,6300;65,2724
126201,2433;66,7180;2,5814;81,0100;0,7341;66,2621;80,2400;63,8724
126283,1999;66,9880;2,5466;80,8200;0,7359;65,8000;80,6700;65,1586
126385,9789;66,8860;2,5772;80,7300;0,7303;67,2552;80,5000;65,0793
126474,6536;67,1780;2,5703;81,0300;0,7046;66,5414;81,2300;65,6655
126569,4380;66,8680;2,5647;80,6500;0,7548;66,8724;80,9000;65,4103
126672,6757;67,3460;2,5564;80,3100;0,7326;65,9241;80,4100;64,8655
126779,8681;66,5640;2,5707;80,3800;0,7462;65,9000;80,4000;65,7414
126872,5308;67,1160;2,5589;80,7600;0,7243;66,7621;80,7900;66,2862
126957,7207;66,6400;2,5801;79,9100;0,7492;65,3690;80,0400;65,4069
127055,1208;67,5080;2,5469;80,1200;0,7541;65,5862;79,7900;64,0138
127148,6353;66,7140;2,5775;80,2900;0,7273;66,6655;80,5600;65,9103
127234,2661;66,9080;2,5659;80,2000;0,7541;66,1655;79,7200;63,6862
127332,9779;67,5400;2,5412;80,6500;0,7215;65,7241;80,8000;65,3310
127423,9230;66,7980;2,5660;80,7600;0,7330;66,2655;80,1500;63,5621
127520,7177;66,9800;2,5596;80,5800;0,7378;66,2034;80,5200;65,3103
127612,3454;67,0440;2,5663;80,8700;0,7328;67,1966;81,2100;66,0586
127704,6527;67,0180;2,5582;80,5200;0,7518;66,1138;80,0700;64,7897
127784,1720;67,4380;2,5427;80,7300;0,7267;66,3276;80,1200;65,3793
127880,2834;67,1680;2,5423;80,5100;0,7276;65,9483;80,2000;64,9379
127966,2315;66,9140;2,5789;80,6000;0,7398;66,0897;80,5400;66,2690
128058,4533;66,4960;2,5865;80,3500;0,7461;66,7586;80,9200;66,3241
128152,2377;67,3560;2,5513;80,8300;0,7254;66,7828;80,7500;66,2931
128239,8011;66,2380;2,5830;80,2500;0,7405;66,4034;81,1400;67,0931
128336,2817;67,1540;2,5576;80,7300;0,7528;66,0345;81,3400;66,9483
128417,3376;66,7820;2,5802;80,7600;0,7269;66,6241;81,3900;67,3034
128512,8637;66,1160;2,5899;80,5600;0,7493;66,4310;81,0600;66,7931
128608,8865;66,6140;2,5655;80,8000;0,7342;67,2931;80,5300;65,0310
128691,4629;67,2780;2,5549;80,9600;0,7355;67,3759;80,8200;65,5552
128785,3089;66,2960;2,5778;80,0100;0,7744;65,4000;80,0800;64,1724
128873,8520;66,9660;2,5671;80,8600;0,7514;66,1586;81,2000;65,9069
128972,5311;67,1100;2,5409;80,3400;0,7387;65,3069;80,7100;66,3345
129050,9552;67,3600;2,5538;80,3300;0,7394;66,1655;80,6400;66,0276
129143,9245;67,2960;2,5589;80,3300;0,7492;65,2897;81,1100;65,2862
129237,9788;66,6060;2,5779;80,7300;0,7441;66,2655;80,9500;66,7379
129317,4473;66,8520;2,5638;80,4800;0,7518;65,4552;80,5800;66,7379
129420,6154;66,5260;2,5784;80,7800;0,7138;66,2966;80,9000;67,2759
129498,3147;67,3800;2,5665;80,0800;0,7587;65,7655;79,5800;64,2276
129596,4731;67,0860;2,5591;80,0100;0,7654;65,5586;80,7800;66,1759
129679,7798;67,1660;2,5583;80,5200;0,7306;66,5310;80,5000;66,2172
129773,5569;67,0560;2,5646;80,4700;0,7461;66,2345;80,9000;66,9897
129854,9563;66,8280;2,5720;80,7700;0,7302;65,7345;80,6300;66,5724
129948,9442;66,5160;2,5595;80,5400;0,7384;66,0828;80,2900;65,7483
130038,6424;66,1300;2,5966;80,4700;0,7615;65,7517;80,5600;66,2931
130141,2640;66,9000;2,5575;80,5700;0,7364;66,3828;80,2100;64,9793
130214,1360;66,2240;2,5771;80,7600;0,7235;66,5000;80,7100;66,1069
130307,7543;66,7040;2,5761;80,7600;0,7333;66,3828;81,7200;66,6897
130396,7542;66,7640;2,5653;80,7600;0,7375;66,4310;81,0100;67,1655
130474,3481;66,7360;2,5694;80,9900;0,7221;66,7655;81,0500;65,2517
130575,4959;67,2880;2,5490;80,7000;0,7453;65,8621;78,8500;63,7034
130661,3031;66,7460;2,5700;79,8200;0,7715;65,2414;80,1700;65,9103
130739,4205;66,9860;2,5645;80,6300;0,7575;66,5931;80,3600;65,9241
130840,2250;66,6980;2,5648;80,4000;0,7511;65,8897;80,7500;67,6379
130933,6338;67,1660;2,5532;80,3300;0,7296;65,5483;80,9400;67,9414
131014,1597;66,7620;2,5707;80,6900;0,7413;66,7000;81,1500;67,1690
131111,3000;66,4840;2,5648;80,4600;0,7325;66,1862;81,2300;66,9000
131205,9833;66,7840;2,5597;80,5600;0,7554;66,5414;81,1200;67,5069
131299,2406;67,3020;2,5398;80,9100;0,7499;66,3345;81,2400;68,2207
131390,3099;66,6060;2,5673;80,2600;0,7494;65,9897;80,5600;66,5310
131486,8160;66,9720;2,5536;80,9100;0,7271;66,6172;80,9300;65,5517
131580,9833;66,6940;2,5699;79,9900;0,7463;65,2138;80,9400;66,1310
131664,3923;66,1680;2,5795;80,7800;0,7337;65,9966;80,9100;66,2448
131757,9621;66,4940;2,5724;80,5100;0,7410;66,8897;81,3900;68,1897
