inf-norm-min-adv-dist;inf-norm-PGD-dist;inf-norm-sec-att-dist;inf-norm-Clever-0.0-samples;2-norm-min-adv-dist;2-norm-PGD-dist;2-norm-sec-att-dist;2-norm-Clever-0.0-samples;1-norm-min-adv-dist;1-norm-PGD-dist;1-norm-sec-att-dist;1-norm-Clever-0.0-samples
0.0;0.0;0.0;0.0;0.0;0.0;0.0;0.0;0.0;0.0;0.0;0.0
0.0;0.0;0.0;0.0;0.0;0.0;0.0;0.0;0.0;0.0;0.0;0.0
0.0;0.0;0.0;0.0;0.0;0.0;0.0;0.0;0.0;0.0;0.0;0.0
0.0;0.0;0.0;0.0;0.0;0.0;0.0;0.0;0.0;0.0;0.0;0.0
0.0;0.0;0.0;0.0;0.0;0.0;0.0;0.0;0.0;0.0;0.0;0.0
0.0;0.0;0.0;0.0;0.0;0.0;0.0;0.0;0.0;0.0;0.0;0.0
0.0;0.0;0.0;0.0;0.0;0.0;0.0;0.0;0.0;0.0;0.0;0.0
0.0;0.0;0.0;0.0;0.0;0.0;0.0;0.0;0.0;0.0;0.0;0.0
0.0;0.0;0.0;0.0;0.0;0.0;0.0;0.0;0.0;0.0;0.0;0.0
0.0;0.0;0.0;0.0;0.0;0.0;0.0;0.0;0.0;0.0;0.0;0.0
0.0;0.0;0.0;0.0;0.0;0.0;0.0;0.0;0.0;0.0;0.0;0.0
0.0;0.0;0.0;0.0;0.0;0.0;0.0;0.0;0.0;0.0;0.0;0.0
0.0;0.0;0.0;0.0;0.0;0.0;0.0;0.0;0.0;0.0;0.0;0.0
0.0;0.0;0.0;0.0;0.0;0.0;0.0;0.0;0.0;0.0;0.0;0.0
0.0;0.0;0.0;0.0;0.0;0.0;0.0;0.0;0.0;0.0;0.0;0.0
0.0;0.0;0.0;0.0;0.0;0.0;0.0;0.0;0.0;0.0;0.0;0.0
0.0;0.0;0.0;0.0;0.0;0.0;0.0;0.0;0.0;0.0;0.0;0.0
0.0;0.0;0.0;0.0;0.0;0.0;0.0;0.0;0.0;0.0;0.0;0.0
0.0;0.0;0.0;0.0;0.0;0.0;0.0;0.0;0.0;0.0;0.0;0.0
0.0;0.0;0.0;0.0;0.0;0.0;0.0;0.0;0.0;0.0;0.0;0.0
0.0;0.0;0.0;0.0;0.0;0.0;0.0;0.0;0.0;0.0;0.0;0.0
0.0;0.0;0.0;0.0;0.0;0.0;0.0;0.0;0.0;0.0;0.0;0.0
0.0;0.0;0.0;0.0;0.0;0.0;0.0;0.0;0.0;0.0;0.0;0.0
0.0;0.0;0.0;0.0;0.0;0.0;0.0;0.0;0.0;0.0;0.0;0.0
0.0;0.0;0.0;0.0;0.0;0.0;0.0;0.0;0.0;0.0;0.0;0.0
0.0;0.0;0.0;0.0;0.0;0.0;0.0;0.0;0.0;0.0;0.0;0.0
0.0;0.0;0.0;0.0;0.0;0.0;0.0;0.0;0.0;0.0;0.0;0.0
0.0;0.0;0.0;0.0;0.0;0.0;0.0;0.0;0.0;0.0;0.0;0.0
0.0;0.0;0.0;0.0;0.0;0.0;0.0;0.0;0.0;0.0;0.0;0.0
0.0;0.0;0.0;0.0;0.0;0.0;0.0;0.0;0.0;0.0;0.0;0.0
0.0;0.0;0.0;0.0;0.0;0.0;0.0;0.0;0.0;0.0;0.0;0.0
0.0;0.0;0.0;0.0;0.0;0.0;0.0;0.0;0.0;0.0;0.0;0.0
0.0;0.0;0.0;0.0;0.0;0.0;0.0;0.0;0.0;0.0;0.0;0.0
0.0;0.0;0.0;0.0;0.0;0.0;0.0;0.0;0.0;0.0;0.0;0.0
0.0;0.0;0.0;0.0;0.0;0.0;0.0;0.0;0.0;0.0;0.0;0.0
0.0;0.0;0.0;0.0;0.0;0.0;0.0;0.0;0.0;0.0;0.0;0.0
0.0;0.0;0.0;0.0;0.0;0.0;0.0;0.0;0.0;0.0;0.0;0.0
0.0;0.0;0.0;0.0;0.0;0.0;0.0;0.0;0.0;0.0;0.0;0.0
0.0;0.0;0.0;0.0;0.0;0.0;0.0;0.0;0.0;0.0;0.0;0.0
0.0;0.0;0.0;0.0;0.0;0.0;0.0;0.0;0.0;0.0;0.0;0.0
0.0;0.0;0.0;0.0;0.0;0.0;0.0;0.0;0.0;0.0;0.0;0.0
0.0;0.0;0.0;0.0;0.0;0.0;0.0;0.0;0.0;0.0;0.0;0.0
0.0;0.0;0.0;0.0;0.0;0.0;0.0;0.0;0.0;0.0;0.0;0.0
0.0;0.0;0.0;0.0;0.0;0.0;0.0;0.0;0.0;0.0;0.0;0.0
0.0;0.0;0.0;0.0;0.0;0.0;0.0;0.0;0.0;0.0;0.0;0.0
0.0;0.0;0.0;0.0;0.0;0.0;0.0;0.0;0.0;0.0;0.0;0.0
0.0;0.0;0.0;0.0;0.0;0.0;0.0;0.0;0.0;0.0;0.0;0.0
0.0;0.0;0.0;0.0;0.0;0.0;0.0;0.0;0.0;0.0;0.0;0.0
0.0;0.0;0.0;0.0;0.0;0.0;0.0;0.0;0.0;0.0;0.0;0.0
0.0;0.0;0.0;0.0;0.0;0.0;0.0;0.0;0.0;0.0;0.0;0.0
0.0;0.0;0.0;0.0;0.0;0.0;0.0;0.0;0.0;0.0;0.0;0.0
0.0;0.0;0.0;0.0;0.0;0.0;0.0;0.0;0.0;0.0;0.0;0.0
0.0;0.0;0.0;0.0;0.0;0.0;0.0;0.0;0.0;0.0;0.0;0.0
0.0;0.0;0.0;0.0;0.0;0.0;0.0;0.0;0.0;0.0;0.0;0.0
0.0;0.0;0.0;0.0;0.0;0.0;0.0;0.0;0.0;0.0;0.0;0.0
0.0;0.0;0.0;0.0;0.0;0.0;0.0;0.0;0.0;0.0;0.0;0.0
0.0;0.0;0.0;0.0;0.0;0.0;0.0;0.0;0.0;0.0;0.0;0.0
0.0;0.0;0.0;0.0;0.0;0.0;0.0;0.0;0.0;0.0;0.0;0.0
0.0;0.0;0.0;0.0;0.0;0.0;0.0;0.0;0.0;0.0;0.0;0.0
0.0;0.0;0.0;0.0;0.0;0.0;0.0;0.0;0.0;0.0;0.0;0.0
0.0;0.0;0.0;0.0;0.0;0.0;0.0;0.0;0.0;0.0;0.0;0.0
0.0;0.0;0.0;0.0;0.0;0.0;0.0;0.0;0.0;0.0;0.0;0.0
0.0;0.0;0.0;0.0;0.0;0.0;0.0;0.0;0.0;0.0;0.0;0.0
0.0;0.0;0.0;0.0;0.0;0.0;0.0;0.0;0.0;0.0;0.0;0.0
0.0;0.0;0.0;0.0;0.0;0.0;0.0;0.0;0.0;0.0;0.0;0.0
0.0;0.0;0.0;0.0;0.0;0.0;0.0;0.0;0.0;0.0;0.0;0.0
0.0;0.0;0.0;0.0;0.0;0.0;0.0;0.0;0.0;0.0;0.0;0.0
0.0;0.0;0.0;0.0;0.0;0.0;0.0;0.0;0.0;0.0;0.0;0.0
0.0;0.0;0.0;0.0;0.0;0.0;0.0;0.0;0.0;0.0;0.0;0.0
0.0;0.0;0.0;0.0;0.0;0.0;0.0;0.0;0.0;0.0;0.0;0.0
0.0;0.0;0.0;0.0;0.0;0.0;0.0;0.0;0.0;0.0;0.0;0.0
0.0;0.0;0.0;0.0;0.0;0.0;0.0;0.0;0.0;0.0;0.0;0.0
0.0;0.0;0.0;0.0;0.0;0.0;0.0;0.0;0.0;0.0;0.0;0.0
0.0;0.0;0.0;0.0;0.0;0.0;0.0;0.0;0.0;0.0;0.0;0.0
0.0;0.0;0.0;0.0;0.0;0.0;0.0;0.0;0.0;0.0;0.0;0.0
0.0;0.0;0.0;0.0;0.0;0.0;0.0;0.0;0.0;0.0;0.0;0.0
0.0;0.0;0.0;0.0;0.0;0.0;0.0;0.0;0.0;0.0;0.0;0.0
0.0;0.0;0.0;0.0;0.0;0.0;0.0;0.0;0.0;0.0;0.0;0.0
0.0;0.0;0.0;0.0;0.0;0.0;0.0;0.0;0.0;0.0;0.0;0.0
0.0;0.0;0.0;0.0;0.0;0.0;0.0;0.0;0.0;0.0;0.0;0.0
0.0;0.0;0.0;0.0;0.0;0.0;0.0;0.0;0.0;0.0;0.0;0.0
0.0;0.0;0.0;0.0;0.0;0.0;0.0;0.0;0.0;0.0;0.0;0.0
0.0;0.0;0.0;0.0;0.0;0.0;0.0;0.0;0.0;0.0;0.0;0.0
0.0;0.0;0.0;0.0;0.0;0.0;0.0;0.0;0.0;0.0;0.0;0.0
0.0;0.0;0.0;0.0;0.0;0.0;0.0;0.0;0.0;0.0;0.0;0.0
0.0;0.0;0.0;0.0;0.0;0.0;0.0;0.0;0.0;0.0;0.0;0.0
0.0;0.0;0.0;0.0;0.0;0.0;0.0;0.0;0.0;0.0;0.0;0.0
0.0;0.0;0.0;0.0;0.0;0.0;0.0;0.0;0.0;0.0;0.0;0.0
0.0;0.0;0.0;0.0;0.0;0.0;0.0;0.0;0.0;0.0;0.0;0.0
0.0;0.0;0.0;0.0;0.0;0.0;0.0;0.0;0.0;0.0;0.0;0.0
0.0;0.0;0.0;0.0;0.0;0.0;0.0;0.0;0.0;0.0;0.0;0.0
0.0;0.0;0.0;0.0;0.0;0.0;0.0;0.0;0.0;0.0;0.0;0.0
0.0;0.0;0.0;0.0;0.0;0.0;0.0;0.0;0.0;0.0;0.0;0.0
0.0;0.0;0.0;0.0;0.0;0.0;0.0;0.0;0.0;0.0;0.0;0.0
0.0;0.0;0.0;0.0;0.0;0.0;0.0;0.0;0.0;0.0;0.0;0.0
0.0;0.0;0.0;0.0;0.0;0.0;0.0;0.0;0.0;0.0;0.0;0.0
0.0;0.0;0.0;0.0;0.0;0.0;0.0;0.0;0.0;0.0;0.0;0.0
0.0;0.0;0.0;0.0;0.0;0.0;0.0;0.0;0.0;0.0;0.0;0.0
0.0;0.0;0.0;0.0;0.0;0.0;0.0;0.0;0.0;0.0;0.0;0.0
0.0;0.0;0.0;0.0;0.0;0.0;0.0;0.0;0.0;0.0;0.0;0.0
0.0;0.0;0.0;0.0;0.0;0.0;0.0;0.0;0.0;0.0;0.0;0.0
0.0;0.0;0.0;0.0;0.0;0.0;0.0;0.0;0.0;0.0;0.0;0.0
0.0;0.0;0.0;0.0;0.0;0.0;0.0;0.0;0.0;0.0;0.0;0.0
0.0;0.0;0.0;0.0;0.0;0.0;0.0;0.0;0.0;0.0;0.0;0.0
0.0;0.0;0.0;0.0;0.0;0.0;0.0;0.0;0.0;0.0;0.0;0.0
0.0;0.0;0.0;0.0;0.0;0.0;0.0;0.0;0.0;0.0;0.0;0.0
0.0;0.0;0.0;0.0;0.0;0.0;0.0;0.0;0.0;0.0;0.0;0.0
0.0;0.0;0.0;0.0;0.0;0.0;0.0;0.0;0.0;0.0;0.0;0.0
0.0;0.0;0.0;0.0;0.0;0.0;0.0;0.0;0.0;0.0;0.0;0.0
0.0;0.0;0.0;0.0;0.0;0.0;0.0;0.0;0.0;0.0;0.0;0.0
0.0;0.0;0.0;0.0;0.0;0.0;0.0;0.0;0.0;0.0;0.0;0.0
0.0;0.0;0.0;0.0;0.0;0.0;0.0;0.0;0.0;0.0;0.0;0.0
0.0;0.0;0.0;0.0;0.0;0.0;0.0;0.0;0.0;0.0;0.0;0.0
0.0;0.0;0.0;0.0;0.0;0.0;0.0;0.0;0.0;0.0;0.0;0.0
0.0;0.0;0.0;0.0;0.0;0.0;0.0;0.0;0.0;0.0;0.0;0.0
0.0;0.0;0.0;0.0;0.0;0.0;0.0;0.0;0.0;0.0;0.0;0.0
0.0;0.0;0.0;0.0;0.0;0.0;0.0;0.0;0.0;0.0;0.0;0.0
0.0;0.0;0.0;0.0;0.0;0.0;0.0;0.0;0.0;0.0;0.0;0.0
0.0;0.0;0.0;0.0;0.0;0.0;0.0;0.0;0.0;0.0;0.0;0.0
0.0;0.0;0.0;0.0;0.0;0.0;0.0;0.0;0.0;0.0;0.0;0.0
0.0;0.0;0.0;0.0;0.0;0.0;0.0;0.0;0.0;0.0;0.0;0.0
0.0;0.0;0.0;0.0;0.0;0.0;0.0;0.0;0.0;0.0;0.0;0.0
0.0;0.0;0.0;0.0;0.0;0.0;0.0;0.0;0.0;0.0;0.0;0.0
0.0;0.0;0.0;0.0;0.0;0.0;0.0;0.0;0.0;0.0;0.0;0.0
0.0;0.0;0.0;0.0;0.0;0.0;0.0;0.0;0.0;0.0;0.0;0.0
0.0;0.0;0.0;0.0;0.0;0.0;0.0;0.0;0.0;0.0;0.0;0.0
0.0;0.0;0.0;0.0;0.0;0.0;0.0;0.0;0.0;0.0;0.0;0.0
0.0;0.0;0.0;0.0;0.0;0.0;0.0;0.0;0.0;0.0;0.0;0.0
0.0;0.0;0.0;0.0;0.0;0.0;0.0;0.0;0.0;0.0;0.0;0.0
0.0;0.0;0.0;0.0;0.0;0.0;0.0;0.0;0.0;0.0;0.0;0.0
0.0;0.0;0.0;0.0;0.0;0.0;0.0;0.0;0.0;0.0;0.0;0.0
0.0;0.0;0.0;0.0;0.0;0.0;0.0;0.0;0.0;0.0;0.0;0.0
0.0;0.0;0.0;0.0;0.0;0.0;0.0;0.0;0.0;0.0;0.0;0.0
0.0;0.0;0.0;0.0;0.0;0.0;0.0;0.0;0.0;0.0;0.0;0.0
0.0;0.0;0.0;0.0;0.0;0.0;0.0;0.0;0.0;0.0;0.0;0.0
0.0;0.0;0.0;0.0;0.0;0.0;0.0;0.0;0.0;0.0;0.0;0.0
0.0;0.0;0.0;0.0;0.0;0.0;0.0;0.0;0.0;0.0;0.0;0.0
0.0;0.0;0.0;0.0;0.0;0.0;0.0;0.0;0.0;0.0;0.0;0.0
0.0;0.0;0.0;0.0;0.0;0.0;0.0;0.0;0.0;0.0;0.0;0.0
0.0;0.0;0.0;0.0;0.0;0.0;0.0;0.0;0.0;0.0;0.0;0.0
0.0;0.0;0.0;0.0;0.0;0.0;0.0;0.0;0.0;0.0;0.0;0.0
0.0;0.0;0.0;0.0;0.0;0.0;0.0;0.0;0.0;0.0;0.0;0.0
0.0;0.0;0.0;0.0;0.0;0.0;0.0;0.0;0.0;0.0;0.0;0.0
0.0;0.0;0.0;0.0;0.0;0.0;0.0;0.0;0.0;0.0;0.0;0.0
3.6656856536865234e-05;0.00010001659393310547;3.6656856536865234e-05;0.0;0.009965138509869576;0.009965138509869576;0.07500898838043213;0.0;0.11631257832050323;1.5621674060821533;0.11631257832050323;0.0
7.140636444091797e-05;0.00010001659393310547;7.140636444091797e-05;0.0;0.010000002570450306;0.010000002570450306;0.11207831650972366;0.0;0.2519986033439636;1.885353446006775;0.2519986033439636;0.0
0.00010001659393310547;0.00010001659393310547;0.0001050904393196106;0.0;0.017307868227362633;0.017307868227362633;0.09338036924600601;0.0;0.2961556911468506;3.200282573699951;0.2961556911468506;0.0
0.00011693091073539108;0.00020003318786621094;0.00011693091073539108;0.0;0.03157583624124527;0.03157583624124527;0.10930364578962326;0.0;0.7419797778129578;6.233667373657227;0.7419797778129578;0.0
0.00015295506455004215;0.00020003318786621094;0.00015295506455004215;0.0;0.032334811985492706;0.032334811985492706;0.10321925580501556;0.0;1.1086794137954712;5.520978927612305;1.1086794137954712;0.0
0.0003000497817993164;0.0003000497817993164;0.00042068958282470703;0.0;0.05253312364220619;0.05253312364220619;0.13439549505710602;0.0;1.2788944244384766;12.173318862915039;1.2788944244384766;0.0
0.0003000497817993164;0.0003000497817993164;0.0003146529197692871;0.0;0.0526958592236042;0.0526958592236042;0.1514846533536911;0.0;1.5358729362487793;17.76263427734375;1.5358729362487793;0.0
0.0003000497817993164;0.0003000497817993164;0.0005294233560562134;0.0;0.05276042968034744;0.05276042968034744;0.1378062665462494;0.0;1.593276858329773;12.330221176147461;1.593276858329773;0.0
0.0003000497817993164;0.0003000497817993164;0.0003836303949356079;0.0;0.05969083309173584;0.05969083309173584;0.14097100496292114;0.0;1.6298935413360596;21.313932418823242;1.6298935413360596;0.0
0.00037451088428497314;0.0004000663757324219;0.00037451088428497314;0.0;0.0598321408033371;0.0598321408033371;0.14803940057754517;0.0;1.9752743244171143;19.225311279296875;1.9752743244171143;0.0
0.0003863871097564697;0.0004000663757324219;0.0003863871097564697;0.0;0.05983938276767731;0.05983938276767731;0.12633077800273895;0.0;2.0675930976867676;12.761847496032715;2.0675930976867676;0.0
0.0004000663757324219;0.0004000663757324219;0.0005287565290927887;0.0;0.0598585344851017;0.0598585344851017;0.11635672301054001;0.0;2.067673444747925;9.990991592407227;2.067673444747925;0.0
0.0004000663757324219;0.0004000663757324219;0.0004810001701116562;0.0;0.06637125462293625;0.06637125462293625;0.14139528572559357;0.0;2.1639442443847656;11.023706436157227;2.1639442443847656;0.0
0.0004000663757324219;0.0004000663757324219;0.0004933187738060951;0.0;0.06701001524925232;0.06701001524925232;0.1292528510093689;0.0;2.1774778366088867;14.086831092834473;2.1774778366088867;0.0
0.0004000663757324219;0.0004000663757324219;0.000601649284362793;0.0;0.07351876050233841;0.07351876050233841;0.14306621253490448;0.0;2.2553491592407227;11.48709487915039;2.2553491592407227;0.0
0.0005000829696655273;0.0005000829696655273;0.0007460005581378937;0.0;0.0793142020702362;0.0793142020702362;0.35099828243255615;0.0;2.326964855194092;18.37584686279297;2.326964855194092;0.0
0.0005000829696655273;0.0005000829696655273;0.0005448125302791595;0.0;0.08028583228588104;0.08028583228588104;0.1261163055896759;0.0;2.617368221282959;12.96676254272461;2.617368221282959;0.0
0.0005000829696655273;0.0005000829696655273;0.000562476459890604;0.0;0.08068864047527313;0.08068864047527313;0.1451137363910675;0.0;2.6437525749206543;18.12061309814453;2.6437525749206543;0.0
0.0005000829696655273;0.0005000829696655273;0.0006802082061767578;0.0;0.08095728605985641;0.08095728605985641;0.14777782559394836;0.0;2.829525947570801;20.55682373046875;2.829525947570801;0.0
0.0005000829696655273;0.0005000829696655273;0.0005397498607635498;0.0;0.08535121381282806;0.08535121381282806;0.16902576386928558;0.0;2.9410881996154785;14.160491943359375;2.9410881996154785;0.0
0.0005000829696655273;0.0005000829696655273;0.0005386173725128174;0.0;0.08780094981193542;0.08780094981193542;0.15462510287761688;0.0;3.1509079933166504;22.653736114501953;3.1509079933166504;0.0
0.0005374215543270111;0.0009001493453979492;0.0005374215543270111;0.0;0.08785134553909302;0.08785134553909302;0.1557452231645584;0.0;3.1596012115478516;23.773168563842773;3.1596012115478516;0.0
0.0005577113479375839;0.0006000995635986328;0.0005577113479375839;0.0;0.09431891143321991;0.09431891143321991;0.1247507631778717;0.0;3.5978970527648926;13.804790496826172;3.5978970527648926;0.0
0.0006000995635986328;0.0006000995635986328;0.0009088777005672455;0.0;0.0944448709487915;0.0944448709487915;0.16395489871501923;0.0;3.601490020751953;13.623446464538574;3.601490020751953;0.0
0.0006000995635986328;0.0006000995635986328;0.0011207163333892822;0.0;0.09500374644994736;0.09500374644994736;0.1525135338306427;0.0;3.7279486656188965;25.183746337890625;3.7279486656188965;0.0
0.0006000995635986328;0.0006000995635986328;0.0008110404014587402;0.0;0.09502414613962173;0.09502414613962173;0.19023115932941437;0.0;3.8436338901519775;28.459068298339844;3.8436338901519775;0.0
0.0006000995635986328;0.0006000995635986328;0.0007236897945404053;0.0;0.09655342251062393;0.09655342251062393;0.499917209148407;0.0;3.8603339195251465;21.410907745361328;3.8603339195251465;0.0
0.0006000995635986328;0.0006000995635986328;0.0008584856986999512;0.0;0.09986860305070877;0.09986860305070877;0.3207392692565918;0.0;3.920621395111084;15.052228927612305;3.920621395111084;0.0
0.0006000995635986328;0.0006000995635986328;0.0006691776216030121;0.0;0.100452721118927;0.100452721118927;0.31439143419265747;0.0;4.231265544891357;17.80223846435547;4.231265544891357;0.0
0.0006000995635986328;0.0006000995635986328;0.0007768869400024414;0.0;0.10122451931238174;0.10122451931238174;0.1621018648147583;0.0;4.5239410400390625;31.317615509033203;4.5239410400390625;0.0
0.0007001161575317383;0.0007001161575317383;0.0007821321487426758;0.0;0.10166005045175552;0.10166005045175552;0.18085773289203644;0.0;4.525927543640137;27.037979125976562;4.525927543640137;0.0
0.0007001161575317383;0.0007001161575317383;0.0008455812931060791;0.0;0.10723209381103516;0.10723209381103516;0.28764358162879944;0.0;4.6374406814575195;14.730056762695312;4.6374406814575195;0.0
0.0007001161575317383;0.0007001161575317383;0.0013239812105894089;0.0;0.10902748256921768;0.10902748256921768;0.17492899298667908;0.0;4.6992292404174805;40.07249450683594;4.6992292404174805;0.0
0.0007001161575317383;0.0007001161575317383;0.0007890164852142334;0.0;0.11518048495054245;0.11518048495054245;0.17032970488071442;0.0;5.009366512298584;25.764734268188477;5.009366512298584;0.0
0.0007001161575317383;0.0007001161575317383;0.000991901382803917;0.0;0.11534405499696732;0.11534405499696732;0.17619702219963074;0.0;5.209918975830078;44.42884063720703;5.209918975830078;0.0
0.0008001327514648438;0.0008001327514648438;0.0009710192680358887;0.0;0.12299150228500366;0.12299150228500366;0.2219398319721222;0.0;5.731440544128418;18.365001678466797;5.731440544128418;0.0
0.0008001327514648438;0.0008001327514648438;0.0011112689971923828;0.0;0.12313919514417648;0.12313919514417648;0.16841118037700653;0.0;5.7999372482299805;30.88446807861328;5.7999372482299805;0.0
0.0008001327514648438;0.0008001327514648438;0.0008356273174285889;0.0;0.1287584900856018;0.1287584900856018;0.25781527161598206;0.0;5.904142379760742;22.934574127197266;5.904142379760742;0.0
0.0008001327514648438;0.0008001327514648438;0.0013438044115900993;0.0;0.12881791591644287;0.12881791591644287;0.19306644797325134;0.0;5.997743606567383;19.31375503540039;5.997743606567383;0.0
0.0009001493453979492;0.0009001493453979492;0.0014935135841369629;0.0;0.1294538378715515;0.1294538378715515;0.1716858446598053;0.0;6.306632041931152;22.89437484741211;6.306632041931152;0.0
0.0009001493453979492;0.0009001493453979492;0.00119752436876297;0.0;0.12961286306381226;0.12961286306381226;0.21060539782047272;0.0;6.567131042480469;18.566112518310547;6.567131042480469;0.0
0.0009001493453979492;0.0009001493453979492;0.00133436918258667;0.0;0.14134322106838226;0.14134322106838226;0.22400011122226715;0.0;6.65329647064209;34.07244110107422;6.65329647064209;0.0
0.0009001493453979492;0.0009001493453979492;0.0011180490255355835;0.0;0.1479867398738861;0.1479867398738861;0.8079292178153992;0.0;6.678697109222412;28.77371597290039;6.678697109222412;0.0
0.0009001493453979492;0.0009001493453979492;0.0013892613351345062;0.0;0.14829932153224945;0.14829932153224945;0.24422070384025574;0.0;7.010110855102539;25.992202758789062;7.010110855102539;0.0
0.0009001493453979492;0.0009001493453979492;0.0014715492725372314;0.0;0.15669000148773193;0.15669000148773193;0.27540123462677;0.0;7.448166847229004;28.515525817871094;7.448166847229004;0.0
0.0010001659393310547;0.0010001659393310547;0.001242905855178833;0.0;0.1567564755678177;0.1567564755678177;0.2720358371734619;0.0;8.088125228881836;27.43794822692871;8.088125228881836;0.0
0.0010001659393310547;0.0010001659393310547;0.0012038946151733398;0.0;0.15676365792751312;0.15676365792751312;0.3514692485332489;0.0;8.169981002807617;33.090179443359375;8.169981002807617;0.0
0.0011001825332641602;0.0011001825332641602;0.0017581386491656303;0.0;0.157693549990654;0.157693549990654;0.2469429224729538;0.0;8.37913703918457;34.37262725830078;8.37913703918457;0.0
0.0011001825332641602;0.0011001825332641602;0.0011371970176696777;0.0;0.17591145634651184;0.17591145634651184;0.45017459988594055;0.0;8.403457641601562;37.3975944519043;8.403457641601562;0.0
0.0012001991271972656;0.0012001991271972656;0.0018826425075531006;0.0;0.17705005407333374;0.17705005407333374;0.3198836147785187;0.0;8.636491775512695;29.878536224365234;8.636491775512695;0.0
0.0012001991271972656;0.0012001991271972656;0.0012533366680145264;0.0;0.17804041504859924;0.17804041504859924;0.44071850180625916;0.0;8.860751152038574;42.53577423095703;8.860751152038574;0.0
0.0012001991271972656;0.0012001991271972656;0.0018433928489685059;0.0;0.19597718119621277;0.19597718119621277;0.3210695683956146;0.0;9.028240203857422;34.5572624206543;9.028240203857422;0.0
0.0012001991271972656;0.0012001991271972656;0.0018002167344093323;0.0;0.2066669464111328;0.2066669464111328;0.3088085353374481;0.0;9.048033714294434;60.326080322265625;9.048033714294434;0.0
0.0012001991271972656;0.0012001991271972656;0.0018931254744529724;0.0;0.21367478370666504;0.21367478370666504;0.38538658618927;0.0;9.148883819580078;30.050838470458984;9.148883819580078;0.0
0.001221122220158577;0.001600027084350586;0.001221122220158577;0.0;0.21521732211112976;0.21521732211112976;0.361301064491272;0.0;9.678504943847656;87.94548034667969;9.678504943847656;0.0
0.0012233573943376541;0.0016002655029296875;0.0012233573943376541;0.0;0.2155122607946396;0.2155122607946396;0.40353667736053467;0.0;10.458038330078125;65.69648742675781;10.458038330078125;0.0
0.001300022006034851;0.001300022006034851;0.001655776984989643;0.0;0.21730096638202667;0.21730096638202667;0.3973940908908844;0.0;10.9537353515625;50.83135223388672;10.9537353515625;0.0
0.001300215721130371;0.001300215721130371;0.0014832615852355957;0.0;0.217969611287117;0.217969611287117;0.45361998677253723;0.0;11.184154510498047;66.49547576904297;11.184154510498047;0.0
0.001300215721130371;0.001300215721130371;0.0020292620174586773;0.0;0.22098739445209503;0.22098739445209503;0.383089154958725;0.0;11.76901626586914;53.46769714355469;11.76901626586914;0.0
0.001300215721130371;0.001300215721130371;0.0019027143716812134;0.0;0.22510921955108643;0.22510921955108643;0.33651822805404663;0.0;12.346885681152344;57.13846206665039;12.346885681152344;0.0
0.0014002323150634766;0.0014002323150634766;0.00207597017288208;0.0;0.22609427571296692;0.22609427571296692;0.4496733248233795;0.0;12.358638763427734;48.24568176269531;12.358638763427734;0.0
0.0014002323150634766;0.0014002323150634766;0.002113763242959976;0.0;0.22741472721099854;0.22741472721099854;0.3089101016521454;0.0;12.423731803894043;48.929420471191406;12.423731803894043;0.0
0.0014339238405227661;0.0017850995063781738;0.0014339238405227661;0.0;0.22835850715637207;0.22835850715637207;0.30046346783638;0.0;12.600783348083496;43.283164978027344;12.600783348083496;0.0
0.001500248908996582;0.001500248908996582;0.0018360018730163574;0.0;0.232091024518013;0.232091024518013;0.3024212121963501;0.0;13.863253593444824;44.64167022705078;13.863253593444824;0.0
0.001500248908996582;0.001500248908996582;0.002732478082180023;0.0;0.23443672060966492;0.23443672060966492;0.42222580313682556;0.0;14.032155990600586;61.0716552734375;14.032155990600586;0.0
0.001500248908996582;0.001500248908996582;0.002200186252593994;0.0;0.23866647481918335;0.23866647481918335;0.4175480604171753;0.0;14.113783836364746;56.70892333984375;14.113783836364746;0.0
0.0015991628170013428;0.0015991628170013428;0.0024566296488046646;0.0;0.2454107105731964;0.2454107105731964;0.7535539865493774;0.0;14.11422348022461;74.5589599609375;14.11422348022461;0.0
0.001600027084350586;0.001600027084350586;0.0025034546852111816;0.0;0.24710038304328918;0.24710038304328918;0.4652935266494751;0.0;14.166460037231445;100.22695922851562;14.166460037231445;0.0
0.0016002655029296875;0.0016002655029296875;0.001639924943447113;0.0;0.25092563033103943;0.25092563033103943;0.589272141456604;0.0;14.310449600219727;38.515663146972656;14.310449600219727;0.0
0.001687556505203247;0.001687556505203247;0.0025332868099212646;0.0;0.2576645612716675;0.2576645612716675;0.48310184478759766;0.0;14.387981414794922;45.499847412109375;14.387981414794922;0.0
0.0016915500164031982;0.0016915500164031982;0.0031481310725212097;0.0;0.2622185945510864;0.2622185945510864;0.4971233308315277;0.0;14.704402923583984;58.26493835449219;14.704402923583984;0.0
0.001695394515991211;0.001695394515991211;0.002933267503976822;0.0;0.2655138373374939;0.2655138373374939;0.4284219741821289;0.0;14.988992691040039;54.938453674316406;14.988992691040039;0.0
0.0016965270042419434;0.0016965270042419434;0.0021294057369232178;0.0;0.27159541845321655;0.27159541845321655;0.3324466645717621;0.0;15.001639366149902;63.776336669921875;15.001639366149902;0.0
0.0016997754573822021;0.0016997754573822021;0.0021401047706604004;0.0;0.2718430161476135;0.2718430161476135;0.7576711177825928;0.0;15.093366622924805;48.732025146484375;15.093366622924805;0.0
0.0017000287771224976;0.0017000287771224976;0.0028594359755516052;0.0;0.2787643373012543;0.2787643373012543;0.4572506546974182;0.0;15.140531539916992;58.560516357421875;15.140531539916992;0.0
0.001700282096862793;0.001700282096862793;0.002034243196249008;0.0;0.28011757135391235;0.28011757135391235;0.4318908452987671;0.0;15.289421081542969;50.16912078857422;15.289421081542969;0.0
0.001700282096862793;0.001700282096862793;0.003233194351196289;0.0;0.2834871709346771;0.2834871709346771;0.49939170479774475;0.0;15.39980697631836;78.74758911132812;15.39980697631836;0.0
0.001700282096862793;0.001700282096862793;0.003215283155441284;0.0;0.2860015630722046;0.2860015630722046;0.4916536211967468;0.0;15.705476760864258;60.393287658691406;15.705476760864258;0.0
0.001700282096862793;0.001700282096862793;0.002508215606212616;0.0;0.2866585850715637;0.2866585850715637;0.5247858166694641;0.0;16.008705139160156;59.269710540771484;16.008705139160156;0.0
0.0017927587032318115;0.0017927587032318115;0.0031271763145923615;0.0;0.2876376509666443;0.2876376509666443;0.5049421191215515;0.0;16.146732330322266;65.98628997802734;16.146732330322266;0.0
0.001799996942281723;0.001799996942281723;0.00253121554851532;0.0;0.287889301776886;0.287889301776886;0.39499175548553467;0.0;16.327695846557617;85.12394714355469;16.327695846557617;0.0
0.0018002986907958984;0.0018002986907958984;0.0032523125410079956;0.0;0.2903895080089569;0.2903895080089569;0.5107145309448242;0.0;16.511966705322266;71.44070434570312;16.511966705322266;0.0
0.0018711686134338379;0.0018711686134338379;0.0032552629709243774;0.0;0.29077842831611633;0.29077842831611633;0.5620471835136414;0.0;16.828685760498047;87.81120300292969;16.828685760498047;0.0
0.0018763244152069092;0.002172112464904785;0.0018763244152069092;0.0;0.29222768545150757;0.29222768545150757;0.5313817858695984;0.0;16.851119995117188;54.7082633972168;16.851119995117188;0.0
0.0018877685070037842;0.0018877685070037842;0.003290414810180664;0.0;0.29377657175064087;0.3818246126174927;0.29377657175064087;0.0;17.275562286376953;67.96208190917969;17.275562286376953;0.0
0.0018880963325500488;0.0018880963325500488;0.0029174238443374634;0.0;0.29446959495544434;0.29446959495544434;0.4613458514213562;0.0;17.313800811767578;90.39106750488281;17.313800811767578;0.0
0.0018903613090515137;0.0018903613090515137;0.0026159286499023438;0.0;0.2980327010154724;0.2980327010154724;0.45632749795913696;0.0;17.405628204345703;155.95938110351562;17.405628204345703;0.0
0.001896679401397705;0.001896679401397705;0.0025433897972106934;0.0;0.2980997562408447;0.2980997562408447;0.3082256317138672;0.0;17.944530487060547;94.48680114746094;17.944530487060547;0.0
0.0018973201513290405;0.0018973201513290405;0.004071593284606934;0.0;0.2991279065608978;0.3328400254249573;0.2991279065608978;0.0;18.053192138671875;50.52816390991211;18.053192138671875;0.0
0.0018987059593200684;0.0018987059593200684;0.0028668679296970367;0.0;0.29967379570007324;0.29967379570007324;0.7279945015907288;0.0;18.179582595825195;78.59425354003906;18.179582595825195;0.0
0.0018997490406036377;0.0018997490406036377;0.003740128129720688;0.0;0.3008500933647156;0.3008500933647156;0.9132745862007141;0.0;18.200416564941406;67.73370361328125;18.200416564941406;0.0
0.0019599199295043945;0.0019599199295043945;0.0032378435134887695;0.0;0.31397294998168945;0.31397294998168945;0.49602067470550537;0.0;18.591421127319336;89.793212890625;18.591421127319336;0.0
0.001961052417755127;0.001961052417755127;0.0025860480964183807;0.0;0.3147110641002655;0.3147110641002655;0.495581716299057;0.0;18.825477600097656;79.36605834960938;18.825477600097656;0.0
0.0019779205322265625;0.0019779205322265625;0.0032644830644130707;0.0;0.31507620215415955;0.31507620215415955;0.4895239472389221;0.0;18.850706100463867;65.88282012939453;18.850706100463867;0.0
0.0019928067922592163;0.0019928067922592163;0.0032217325642704964;0.0;0.33027368783950806;0.37056052684783936;0.33027368783950806;0.0;18.949886322021484;54.634212493896484;18.949886322021484;0.0
0.00199735164642334;0.00199735164642334;0.0027883611619472504;0.0;0.3314146399497986;0.3314146399497986;0.5702319741249084;0.0;18.959617614746094;73.94298553466797;18.959617614746094;0.0
0.002054572105407715;0.002369757741689682;0.002054572105407715;0.0;0.33965054154396057;0.33965054154396057;0.9911025762557983;0.0;19.094623565673828;84.37647247314453;19.094623565673828;0.0
0.0020635128021240234;0.0020635128021240234;0.0038470514118671417;0.0;0.33996471762657166;0.33996471762657166;0.41215601563453674;0.0;19.16515350341797;119.78182983398438;19.16515350341797;0.0
0.002063930034637451;0.002063930034637451;0.0021483898162841797;0.0;0.3416333794593811;0.3416333794593811;0.5196812152862549;0.0;19.338119506835938;78.96049499511719;19.338119506835938;0.0
0.0020668134093284607;0.0020668134093284607;0.003110826015472412;0.0;0.3422206938266754;0.3422206938266754;0.6517735123634338;0.0;19.388599395751953;91.92155456542969;19.388599395751953;0.0
0.0020739473402500153;0.0020739473402500153;0.003304004669189453;0.0;0.34265270829200745;0.34265270829200745;0.5510157942771912;0.0;19.56162452697754;78.84175872802734;19.56162452697754;0.0
0.0020829439163208008;0.0020829439163208008;0.003204047679901123;0.0;0.3506569564342499;0.3506569564342499;0.6392375826835632;0.0;20.349681854248047;127.19243621826172;20.349681854248047;0.0
0.002087324857711792;0.002087324857711792;0.0027661919593811035;0.0;0.35068216919898987;0.49401021003723145;0.35068216919898987;0.0;20.395893096923828;82.8233871459961;20.395893096923828;0.0
0.0021550655364990234;0.0021550655364990234;0.004141174256801605;0.0;0.35363155603408813;0.35363155603408813;0.6370554566383362;0.0;20.421714782714844;113.2732925415039;20.421714782714844;0.0
0.00216500461101532;0.002275809645652771;0.00216500461101532;0.0;0.35688453912734985;0.35688453912734985;0.7405866980552673;0.0;20.722503662109375;60.21470642089844;20.722503662109375;0.0
0.0022456347942352295;0.0022456347942352295;0.003196999430656433;0.0;0.3619205951690674;0.3619205951690674;0.5395287871360779;0.0;21.221847534179688;99.50316619873047;21.221847534179688;0.0
0.0022552013397216797;0.0022552013397216797;0.003089308738708496;0.0;0.3689354956150055;0.3689354956150055;0.6467710137367249;0.0;21.349193572998047;93.84111022949219;21.349193572998047;0.0
0.002328813076019287;0.002328813076019287;0.004439011216163635;0.0;0.370613157749176;0.8463647961616516;0.370613157749176;0.0;21.515668869018555;70.14286804199219;21.515668869018555;0.0
0.0023311078548431396;0.002981901168823242;0.0023311078548431396;0.0;0.3745306432247162;0.3745306432247162;0.6921036243438721;0.0;21.726144790649414;75.8987045288086;21.726144790649414;0.0
0.0023390352725982666;0.0023390352725982666;0.00329512357711792;0.0;0.38020434975624084;0.38020434975624084;0.6618829965591431;0.0;21.942720413208008;80.24746704101562;21.942720413208008;0.0
0.0023453831672668457;0.0023453831672668457;0.004506584256887436;0.0;0.38289234042167664;0.38289234042167664;0.5927627086639404;0.0;22.142833709716797;65.13484954833984;22.142833709716797;0.0
0.0023468732833862305;0.0023468732833862305;0.0035381317138671875;0.0;0.3868284225463867;0.3868284225463867;0.6196699142456055;0.0;22.37905502319336;63.25102996826172;22.37905502319336;0.0
0.002383112907409668;0.002383112907409668;0.004139326512813568;0.0;0.3875597417354584;0.43421581387519836;0.3875597417354584;0.0;22.56902313232422;83.66392517089844;22.56902313232422;0.0
0.002384483814239502;0.002384483814239502;0.0030130743980407715;0.0;0.3883104920387268;0.3883104920387268;0.420710027217865;0.0;22.693391799926758;132.12298583984375;22.693391799926758;0.0
0.002406865358352661;0.002406865358352661;0.0035562533885240555;0.0;0.38920676708221436;0.38920676708221436;0.5388832092285156;0.0;23.048484802246094;96.4007339477539;23.048484802246094;0.0
0.0024097561836242676;0.0024097561836242676;0.004066601395606995;0.0;0.3907712996006012;0.3907712996006012;1.0724966526031494;0.0;23.612791061401367;74.92355346679688;23.612791061401367;0.0
0.002415180206298828;0.002415180206298828;0.003714427351951599;0.0;0.39265942573547363;0.464677631855011;0.39265942573547363;0.0;23.764495849609375;103.24610900878906;23.764495849609375;0.0
0.0024427175521850586;0.0024427175521850586;0.004030235111713409;0.0;0.39762887358665466;0.7347268462181091;0.39762887358665466;0.0;23.785694122314453;67.82695007324219;23.785694122314453;0.0
0.0025027692317962646;0.0025027692317962646;0.004394665360450745;0.0;0.3988957107067108;0.3988957107067108;0.8749818205833435;0.0;24.849830627441406;85.20159912109375;24.849830627441406;0.0
0.0025174468755722046;0.0025174468755722046;0.0028621256351470947;0.0;0.39926767349243164;0.39926767349243164;0.5298632383346558;0.0;24.977357864379883;61.746891021728516;24.977357864379883;0.0
0.002521336078643799;0.002521336078643799;0.00409543514251709;0.0;0.40071555972099304;0.40071555972099304;0.6286279559135437;0.0;25.144489288330078;147.24017333984375;25.144489288330078;0.0
0.0026037991046905518;0.0026037991046905518;0.004202447831630707;0.0;0.4167556166648865;0.4167556166648865;0.786211371421814;0.0;25.216144561767578;127.73678588867188;25.216144561767578;0.0
0.0026220493018627167;0.0026220493018627167;0.0030673816800117493;0.0;0.41729477047920227;0.41729477047920227;0.5842006206512451;0.0;25.24118423461914;107.94190216064453;25.24118423461914;0.0
0.0026256442070007324;0.0026256442070007324;0.004437237977981567;0.0;0.419219970703125;0.419219970703125;0.7214987874031067;0.0;25.564546585083008;134.5680389404297;25.564546585083008;0.0
0.0026665329933166504;0.0026665329933166504;0.003987669944763184;0.0;0.4237443804740906;0.4237443804740906;0.6213318705558777;0.0;26.598827362060547;131.396240234375;26.598827362060547;0.0
0.0026712417602539062;0.0026712417602539062;0.0038217157125473022;0.0;0.4248051047325134;0.4248051047325134;0.6081422567367554;0.0;26.99144744873047;84.39903259277344;26.99144744873047;0.0
0.002684354782104492;0.002684354782104492;0.003370821475982666;0.0;0.4298291504383087;0.5375081896781921;0.4298291504383087;0.0;27.49350357055664;106.29106140136719;27.49350357055664;0.0
0.0026970505714416504;0.0026970505714416504;0.004439160227775574;0.0;0.4393613636493683;0.4393613636493683;0.601348340511322;0.0;27.61933135986328;95.35615539550781;27.61933135986328;0.0
0.0026986002922058105;0.0026986002922058105;0.0041075050830841064;0.0;0.44184544682502747;0.44184544682502747;0.8554897904396057;0.0;28.684751510620117;103.59785461425781;28.684751510620117;0.0
0.00277651846408844;0.00277651846408844;0.006038293242454529;0.0;0.4430488348007202;0.4430488348007202;1.0452840328216553;0.0;28.99555206298828;92.40300750732422;28.99555206298828;0.0
0.0027768313884735107;0.0027768313884735107;0.006482794880867004;0.0;0.4471524953842163;0.4471524953842163;0.7010219097137451;0.0;29.40823745727539;147.451904296875;29.40823745727539;0.0
0.0028343219310045242;0.003281719982624054;0.0028343219310045242;0.0;0.45112335681915283;0.45112335681915283;1.1607379913330078;0.0;29.511066436767578;100.4163818359375;29.511066436767578;0.0
0.002867460250854492;0.002867460250854492;0.005975194275379181;0.0;0.4523888826370239;0.5473443269729614;0.4523888826370239;0.0;29.5433349609375;132.8180694580078;29.5433349609375;0.0
0.0028704404830932617;0.0028704404830932617;0.004686951637268066;0.0;0.4566025733947754;0.4566025733947754;0.6982404589653015;0.0;29.882808685302734;133.25604248046875;29.882808685302734;0.0
0.0029001235961914062;0.0029001235961914062;0.0050666481256484985;0.0;0.4572280943393707;0.5552575588226318;0.4572280943393707;0.0;30.344886779785156;45.42790985107422;30.344886779785156;0.0
0.002905428409576416;0.002905428409576416;0.004691764712333679;0.0;0.4573400616645813;0.4573400616645813;0.6087535619735718;0.0;31.110862731933594;113.21737670898438;31.110862731933594;0.0
0.0029465556144714355;0.0029465556144714355;0.0062553733587265015;0.0;0.4583209455013275;0.4583209455013275;0.7863729596138;0.0;31.457029342651367;79.35111236572266;31.457029342651367;0.0
0.002955913543701172;0.002955913543701172;0.006502091884613037;0.0;0.4630661606788635;0.4954257011413574;0.4630661606788635;0.0;33.007232666015625;101.64529418945312;33.007232666015625;0.0
0.002984941005706787;0.002984941005706787;0.005591034889221191;0.0;0.463155061006546;0.7039915919303894;0.463155061006546;0.0;33.08379364013672;118.439697265625;33.08379364013672;0.0
0.0030074119567871094;0.0030074119567871094;0.003940001130104065;0.0;0.4636141359806061;0.5364906787872314;0.4636141359806061;0.0;33.5269889831543;131.34124755859375;33.5269889831543;0.0
0.00301206111907959;0.00301206111907959;0.004083305597305298;0.0;0.4676581025123596;0.568210780620575;0.4676581025123596;0.0;33.52972412109375;53.93623352050781;33.52972412109375;0.0
0.003014594316482544;0.003014594316482544;0.0038775578141212463;0.0;0.4718257486820221;0.5939095616340637;0.4718257486820221;0.0;33.6196403503418;137.5785369873047;33.6196403503418;0.0
0.0030159354209899902;0.0030159354209899902;0.004728203173726797;0.0;0.4743618369102478;0.4743618369102478;0.9472759962081909;0.0;33.634639739990234;119.80946350097656;33.634639739990234;0.0
0.003031134605407715;0.003031134605407715;0.005043148994445801;0.0;0.4753480553627014;0.4753480553627014;1.2416702508926392;0.0;33.64018249511719;105.00695037841797;33.64018249511719;0.0
0.0030555129051208496;0.0030555129051208496;0.007269442081451416;0.0;0.4805734157562256;0.4805734157562256;0.7231968641281128;0.0;34.122398376464844;158.23385620117188;34.122398376464844;0.0
0.0031086206436157227;0.0031086206436157227;0.0069604478776454926;0.0;0.48486894369125366;0.5814381837844849;0.48486894369125366;0.0;34.3543586730957;114.65650177001953;34.3543586730957;0.0
0.0031138062477111816;0.0031138062477111816;0.00542101263999939;0.0;0.4906647503376007;0.4906647503376007;0.7891829013824463;0.0;34.48337173461914;153.71743774414062;34.48337173461914;0.0
0.003133833408355713;0.003133833408355713;0.005163431167602539;0.0;0.492844820022583;0.8380211591720581;0.492844820022583;0.0;35.25840759277344;136.1368865966797;35.25840759277344;0.0
0.003137558698654175;0.003137558698654175;0.004951067268848419;0.0;0.49383604526519775;0.4967968463897705;0.49383604526519775;0.0;35.361385345458984;125.24024963378906;35.361385345458984;0.0
0.003137946128845215;0.003137946128845215;0.004145294427871704;0.0;0.4951730966567993;0.4951730966567993;0.6722068786621094;0.0;35.385475158691406;138.93524169921875;35.385475158691406;0.0
0.003166794776916504;0.003166794776916504;0.004794195294380188;0.0;0.49664387106895447;0.49664387106895447;0.6967871785163879;0.0;35.40068817138672;129.64938354492188;35.40068817138672;0.0
0.0032027363777160645;0.0032027363777160645;0.005686752498149872;0.0;0.4982917010784149;0.4982917010784149;1.3160094022750854;0.0;35.65934371948242;164.93130493164062;35.65934371948242;0.0
0.0032080411911010742;0.0032080411911010742;0.00803212821483612;0.0;0.5014258623123169;0.5014258623123169;0.7572488784790039;0.0;36.12571716308594;185.21078491210938;36.12571716308594;0.0
0.0032268762588500977;0.0032268762588500977;0.0058330148458480835;0.0;0.5020853877067566;0.5927907824516296;0.5020853877067566;0.0;37.27751159667969;96.17744445800781;37.27751159667969;0.0
0.0032888874411582947;0.0032888874411582947;0.007401451468467712;0.0;0.5034530758857727;0.5034530758857727;0.532066285610199;0.0;37.506996154785156;134.45565795898438;37.506996154785156;0.0
0.003293544054031372;0.003293544054031372;0.004910774528980255;0.0;0.5128109455108643;0.5128109455108643;0.7854470014572144;0.0;37.74656677246094;142.60287475585938;37.74656677246094;0.0
0.0033154338598251343;0.0033154338598251343;0.004792414605617523;0.0;0.5130922794342041;0.8123188614845276;0.5130922794342041;0.0;38.17903518676758;123.89321899414062;38.17903518676758;0.0
0.0033234357833862305;0.0033234357833862305;0.0069554150104522705;0.0;0.5131857395172119;0.5377220511436462;0.5131857395172119;0.0;38.20222091674805;116.52619934082031;38.20222091674805;0.0
0.003326714038848877;0.003326714038848877;0.005101509392261505;0.0;0.5145846009254456;0.5534300208091736;0.5145846009254456;0.0;38.33768081665039;102.12100982666016;38.33768081665039;0.0
0.0033409595489501953;0.0033409595489501953;0.006091974675655365;0.0;0.5216197371482849;0.5705364346504211;0.5216197371482849;0.0;38.58970642089844;87.79200744628906;38.58970642089844;0.0
0.0033410489559173584;0.0033410489559173584;0.006875067949295044;0.0;0.5266545414924622;0.7144101858139038;0.5266545414924622;0.0;39.080955505371094;305.33984375;39.080955505371094;0.0
0.0033469125628471375;0.0034303665161132812;0.0033469125628471375;0.0;0.5291427969932556;0.5291427969932556;0.8617850542068481;0.0;39.8109130859375;88.04578399658203;39.8109130859375;0.0
0.003408759832382202;0.003408759832382202;0.00678272545337677;0.0;0.5306771993637085;0.5306771993637085;0.8385555148124695;0.0;40.339569091796875;112.20970916748047;40.339569091796875;0.0
0.0034130215644836426;0.0034130215644836426;0.005055323243141174;0.0;0.5314880609512329;0.5314880609512329;0.7776854038238525;0.0;40.524932861328125;118.69730377197266;40.524932861328125;0.0
0.003425031900405884;0.003425031900405884;0.004717506468296051;0.0;0.5334936380386353;0.5415357351303101;0.5334936380386353;0.0;40.61505889892578;151.19015502929688;40.61505889892578;0.0
0.0034781917929649353;0.0034781917929649353;0.009542405605316162;0.0;0.5378113389015198;0.547063410282135;0.5378113389015198;0.0;40.70225143432617;168.8197021484375;40.70225143432617;0.0
0.0034904032945632935;0.0034904032945632935;0.005218207836151123;0.0;0.5419464707374573;0.5419464707374573;0.5965023636817932;0.0;40.788909912109375;155.75213623046875;40.788909912109375;0.0
0.003511667251586914;0.003511667251586914;0.007035218179225922;0.0;0.5428827404975891;0.5428827404975891;0.8320190906524658;0.0;41.39146423339844;117.26290893554688;41.39146423339844;0.0
0.003515303134918213;0.003515303134918213;0.008520632982254028;0.0;0.5481074452400208;0.5481074452400208;0.8612663745880127;0.0;41.70414733886719;123.59620666503906;41.70414733886719;0.0
0.0035160481929779053;0.0035160481929779053;0.0063169002532958984;0.0;0.5497727394104004;0.5497727394104004;0.8519064784049988;0.0;41.759891510009766;152.531005859375;41.759891510009766;0.0
0.003533989191055298;0.003533989191055298;0.007629305124282837;0.0;0.5512864589691162;0.6318525075912476;0.5512864589691162;0.0;42.4097900390625;205.36968994140625;42.4097900390625;0.0
0.003535628318786621;0.003535628318786621;0.006566531956195831;0.0;0.5514806509017944;0.5514806509017944;1.1182904243469238;0.0;42.538726806640625;112.60870361328125;42.538726806640625;0.0
0.0035530030727386475;0.0035530030727386475;0.0075451284646987915;0.0;0.5516109466552734;0.8548077940940857;0.5516109466552734;0.0;42.94905090332031;184.1663360595703;42.94905090332031;0.0
0.003569280728697777;0.003569280728697777;0.004722952842712402;0.0;0.5516549348831177;0.5516549348831177;0.8819937705993652;0.0;43.44655227661133;144.92718505859375;43.44655227661133;0.0
0.0035767927765846252;0.0035767927765846252;0.005077287554740906;0.0;0.5531112551689148;0.5531112551689148;0.9727709889411926;0.0;43.84364318847656;140.09971618652344;43.84364318847656;0.0
0.003587830811738968;0.003587830811738968;0.010246004909276962;0.0;0.5584593415260315;0.5584593415260315;0.8279037475585938;0.0;44.185211181640625;141.63937377929688;44.185211181640625;0.0
0.0036149322986602783;0.0036149322986602783;0.006826937198638916;0.0;0.5682149529457092;0.5911977887153625;0.5682149529457092;0.0;44.439788818359375;116.23832702636719;44.439788818359375;0.0
0.0036856532096862793;0.0036856532096862793;0.006343826651573181;0.0;0.5713611245155334;0.5713611245155334;0.9757715463638306;0.0;45.24945831298828;128.25555419921875;45.24945831298828;0.0
0.0037134885787963867;0.0037134885787963867;0.009102731943130493;0.0;0.5754457116127014;0.6426064372062683;0.5754457116127014;0.0;45.50090026855469;152.2884521484375;45.50090026855469;0.0
0.0037347078323364258;0.0037347078323364258;0.007308870553970337;0.0;0.5767441987991333;0.5767441987991333;0.9990412592887878;0.0;45.788455963134766;61.510311126708984;45.788455963134766;0.0
0.0037460923194885254;0.0037460923194885254;0.004450391978025436;0.0;0.5805578231811523;0.7692152261734009;0.5805578231811523;0.0;46.46465301513672;158.206787109375;46.46465301513672;0.0
0.0037745237350463867;0.0037745237350463867;0.00867326557636261;0.0;0.587493896484375;1.05446195602417;0.587493896484375;0.0;47.187957763671875;190.45889282226562;47.187957763671875;0.0
0.0037910938262939453;0.0037910938262939453;0.007014185190200806;0.0;0.588468074798584;0.7287197113037109;0.588468074798584;0.0;47.26093673706055;139.2216033935547;47.26093673706055;0.0
0.003810986876487732;0.003810986876487732;0.00424957275390625;0.0;0.5928343534469604;0.5928343534469604;0.9190124869346619;0.0;47.351524353027344;209.50027465820312;47.351524353027344;0.0
0.0038195550441741943;0.0038195550441741943;0.012692436575889587;0.0;0.5939834117889404;0.6969711780548096;0.5939834117889404;0.0;47.457740783691406;149.9777069091797;47.457740783691406;0.0
0.0038207173347473145;0.0038207173347473145;0.00515216588973999;0.0;0.59520024061203;0.59520024061203;0.989612340927124;0.0;48.49485778808594;149.92947387695312;48.49485778808594;0.0
0.0038234442472457886;0.0038234442472457886;0.007289774715900421;0.0;0.5957862138748169;0.5957862138748169;0.8525908589363098;0.0;48.53612518310547;242.0693359375;48.53612518310547;0.0
0.0038383007049560547;0.0038383007049560547;0.00653626024723053;0.0;0.6005940437316895;0.6005940437316895;0.7308520078659058;0.0;49.19264221191406;165.5927734375;49.19264221191406;0.0
0.003859877586364746;0.003859877586364746;0.007377535104751587;0.0;0.6015790700912476;0.6015790700912476;1.0103752613067627;0.0;49.645301818847656;161.5834503173828;49.645301818847656;0.0
0.0038641691207885742;0.0038641691207885742;0.007467284798622131;0.0;0.602291464805603;0.602291464805603;1.0088318586349487;0.0;50.36188507080078;129.33621215820312;50.36188507080078;0.0
0.003865540027618408;0.003865540027618408;0.0066788047552108765;0.0;0.6072676777839661;0.8985123038291931;0.6072676777839661;0.0;51.13490295410156;210.07272338867188;51.13490295410156;0.0
0.0039009302854537964;0.0039009302854537964;0.007489971816539764;0.0;0.6120301485061646;0.6120301485061646;1.0440421104431152;0.0;51.467811584472656;248.9303436279297;51.467811584472656;0.0
0.003923177719116211;0.003923177719116211;0.007744982838630676;0.0;0.6154621243476868;0.9258221983909607;0.6154621243476868;0.0;51.6118049621582;163.24403381347656;51.6118049621582;0.0
0.003958463668823242;0.003958463668823242;0.006396949291229248;0.0;0.6163922548294067;0.684672474861145;0.6163922548294067;0.0;51.63199996948242;195.4295654296875;51.63199996948242;0.0
0.003969132900238037;0.003969132900238037;0.006912529468536377;0.0;0.6172065734863281;0.6172065734863281;1.1166530847549438;0.0;53.118099212646484;170.9056396484375;53.118099212646484;0.0
0.004018358886241913;0.004018358886241913;0.0076297372579574585;0.0;0.618755042552948;0.6192797422409058;0.618755042552948;0.0;53.45050048828125;130.1400909423828;53.45050048828125;0.0
0.004042208194732666;0.004042208194732666;0.009594380855560303;0.0;0.6227462291717529;0.6227462291717529;0.7821193933486938;0.0;53.52225112915039;197.38870239257812;53.52225112915039;0.0
0.0040566399693489075;0.0040566399693489075;0.007549270987510681;0.0;0.6261260509490967;0.7184060215950012;0.6261260509490967;0.0;53.671382904052734;172.54827880859375;53.671382904052734;0.0
0.004096537828445435;0.004096537828445435;0.005498528480529785;0.0;0.6272602677345276;0.6272602677345276;0.9619143605232239;0.0;53.81233596801758;155.59857177734375;53.81233596801758;0.0
0.0041048526763916016;0.0041048526763916016;0.009429574012756348;0.0;0.6290057897567749;0.6290057897567749;1.0962859392166138;0.0;54.313087463378906;239.2347412109375;54.313087463378906;0.0
0.004114434123039246;0.004114434123039246;0.010432124137878418;0.0;0.6299157738685608;0.6488122940063477;0.6299157738685608;0.0;54.734413146972656;209.42225646972656;54.734413146972656;0.0
0.004114687442779541;0.004114687442779541;0.007870886474847794;0.0;0.6333640217781067;0.6333640217781067;1.0603400468826294;0.0;55.398502349853516;159.37437438964844;55.398502349853516;0.0
0.004140973091125488;0.004140973091125488;0.007280506193637848;0.0;0.6371034383773804;0.8825653791427612;0.6371034383773804;0.0;55.428199768066406;225.934326171875;55.428199768066406;0.0
0.004179030656814575;0.004179030656814575;0.007954120635986328;0.0;0.6396960616111755;0.764735996723175;0.6396960616111755;0.0;55.71646499633789;190.61273193359375;55.71646499633789;0.0
0.004190027713775635;0.004190027713775635;0.009958773851394653;0.0;0.640847384929657;0.640847384929657;1.241275429725647;0.0;56.00444793701172;175.2854461669922;56.00444793701172;0.0
0.004254922270774841;0.004254922270774841;0.007110625505447388;0.0;0.6416353583335876;0.6416353583335876;0.8926663398742676;0.0;56.1026611328125;136.92630004882812;56.1026611328125;0.0
0.004265546798706055;0.004265546798706055;0.008689165115356445;0.0;0.642850935459137;0.642850935459137;0.7742097973823547;0.0;56.45317840576172;126.6322021484375;56.45317840576172;0.0
0.004266560077667236;0.004266560077667236;0.007997095584869385;0.0;0.6429648399353027;0.6429648399353027;0.9440000653266907;0.0;56.871131896972656;184.3915252685547;56.871131896972656;0.0
0.004276275634765625;0.004276275634765625;0.0073018670082092285;0.0;0.6435925364494324;0.7719268202781677;0.6435925364494324;0.0;57.64264678955078;142.69482421875;57.64264678955078;0.0
0.004302322864532471;0.004302322864532471;0.007761240005493164;0.0;0.6469159722328186;0.7721036076545715;0.6469159722328186;0.0;58.199951171875;291.55517578125;58.199951171875;0.0
0.004304766654968262;0.004304766654968262;0.009897083044052124;0.0;0.6518158912658691;0.6794862151145935;0.6518158912658691;0.0;58.48303985595703;245.3666229248047;58.48303985595703;0.0
0.004329666495323181;0.004329666495323181;0.007782399654388428;0.0;0.6579758524894714;0.9860493540763855;0.6579758524894714;0.0;59.03010940551758;252.53378295898438;59.03010940551758;0.0
0.004359304904937744;0.004359304904937744;0.006796687841415405;0.0;0.6642289757728577;0.700673520565033;0.6642289757728577;0.0;59.1318473815918;188.41036987304688;59.1318473815918;0.0
0.004363059997558594;0.004363059997558594;0.005434766411781311;0.0;0.6653725504875183;0.6653725504875183;0.8515537977218628;0.0;59.2171630859375;163.8216552734375;59.2171630859375;0.0
0.0043756961822509766;0.0043756961822509766;0.005680710077285767;0.0;0.6695492267608643;0.8774968981742859;0.6695492267608643;0.0;60.053932189941406;223.97219848632812;60.053932189941406;0.0
0.004377298057079315;0.004377298057079315;0.005513109266757965;0.0;0.669759213924408;0.669759213924408;1.4371848106384277;0.0;60.83802795410156;190.7725830078125;60.83802795410156;0.0
0.004381060600280762;0.004381060600280762;0.00577998161315918;0.0;0.6704393029212952;0.6704393029212952;1.0897969007492065;0.0;61.582401275634766;169.8541717529297;61.582401275634766;0.0
0.0044088661670684814;0.0044088661670684814;0.009459346532821655;0.0;0.6716151237487793;0.6716151237487793;1.1558332443237305;0.0;61.6024169921875;208.02056884765625;61.6024169921875;0.0
0.004420816898345947;0.004420816898345947;0.005336493253707886;0.0;0.6730080842971802;0.6730080842971802;0.982774019241333;0.0;62.00321960449219;162.82330322265625;62.00321960449219;0.0
0.004447326064109802;0.004447326064109802;0.009062960743904114;0.0;0.6731467843055725;0.7878010272979736;0.6731467843055725;0.0;62.29887771606445;152.9698486328125;62.29887771606445;0.0
0.004452526569366455;0.004452526569366455;0.01399390771985054;0.0;0.6762092709541321;0.7823590636253357;0.6762092709541321;0.0;62.48102569580078;209.2924346923828;62.48102569580078;0.0
0.004456579685211182;0.004456579685211182;0.007394552230834961;0.0;0.6763349771499634;0.8297101259231567;0.6763349771499634;0.0;63.122169494628906;213.22097778320312;63.122169494628906;0.0
0.004476720467209816;0.004476720467209816;0.008045561611652374;0.0;0.6814090609550476;0.6924394369125366;0.6814090609550476;0.0;63.50260925292969;160.61598205566406;63.50260925292969;0.0
0.004486076533794403;0.004489108920097351;0.004486076533794403;0.0;0.6832853555679321;0.6886268258094788;0.6832853555679321;0.0;63.76034927368164;165.51136779785156;63.76034927368164;0.0
0.004494890570640564;0.004494890570640564;0.0063283443450927734;0.0;0.6851338744163513;0.6851338744163513;1.0632394552230835;0.0;64.48394775390625;120.7840347290039;64.48394775390625;0.0
0.004499673843383789;0.004499673843383789;0.01087351143360138;0.0;0.6864350438117981;0.6864350438117981;0.7691150307655334;0.0;64.77338409423828;122.27896118164062;64.77338409423828;0.0
0.00454983115196228;0.00454983115196228;0.006525397300720215;0.0;0.6889808177947998;0.6889808177947998;0.9256687760353088;0.0;65.56818389892578;233.12420654296875;65.56818389892578;0.0
0.004586540162563324;0.004586540162563324;0.005746051669120789;0.0;0.6890518665313721;0.6890518665313721;0.8422721028327942;0.0;65.61418151855469;200.73318481445312;65.61418151855469;0.0
0.004588782787322998;0.004588782787322998;0.011983588337898254;0.0;0.6907487511634827;0.6907487511634827;1.0423520803451538;0.0;67.20889282226562;207.54833984375;67.20889282226562;0.0
0.004606783390045166;0.004606783390045166;0.0062533169984817505;0.0;0.6908403635025024;0.6908403635025024;0.9000533223152161;0.0;67.72884368896484;177.89224243164062;67.72884368896484;0.0
0.004622042179107666;0.004622042179107666;0.013025090098381042;0.0;0.6926814913749695;0.7606316804885864;0.6926814913749695;0.0;68.67550659179688;312.8506164550781;68.67550659179688;0.0
0.004626456648111343;0.004626456648111343;0.00713956356048584;0.0;0.6928600668907166;0.6928600668907166;1.0681250095367432;0.0;68.77240753173828;262.58740234375;68.77240753173828;0.0
0.004648268222808838;0.004648268222808838;0.005575539078563452;0.0;0.692965567111969;0.7789514660835266;0.692965567111969;0.0;68.91178131103516;294.5802917480469;68.91178131103516;0.0
0.004657931625843048;0.004657931625843048;0.008645191788673401;0.0;0.703109085559845;0.7863466143608093;0.703109085559845;0.0;69.0389404296875;188.87319946289062;69.0389404296875;0.0
0.004679501056671143;0.004679501056671143;0.007352069020271301;0.0;0.7054311633110046;0.8091678619384766;0.7054311633110046;0.0;70.12158203125;135.4813995361328;70.12158203125;0.0
0.0046894848346710205;0.0046894848346710205;0.009310662746429443;0.0;0.7091293931007385;1.003989338874817;0.7091293931007385;0.0;70.67967224121094;160.36215209960938;70.67967224121094;0.0
0.004695296287536621;0.004695296287536621;0.008565232157707214;0.0;0.7093039751052856;0.7093039751052856;0.7134494781494141;0.0;70.80548095703125;275.19769287109375;70.80548095703125;0.0
0.004725294187664986;0.004725294187664986;0.0070085786283016205;0.0;0.7160883545875549;0.8782657384872437;0.7160883545875549;0.0;70.97357177734375;171.58187866210938;70.97357177734375;0.0
0.004745215177536011;0.004745215177536011;0.00666828453540802;0.0;0.7214134931564331;0.7796047925949097;0.7214134931564331;0.0;71.41038513183594;226.2545166015625;71.41038513183594;0.0
0.004752844572067261;0.004752844572067261;0.007774293422698975;0.0;0.7237199544906616;0.7237199544906616;1.1179996728897095;0.0;71.50616455078125;242.76791381835938;71.50616455078125;0.0
0.004790127277374268;0.004819795489311218;0.004790127277374268;0.0;0.7247479557991028;0.7247479557991028;1.1343516111373901;0.0;71.94163513183594;165.0883026123047;71.94163513183594;0.0
0.004817336797714233;0.004817336797714233;0.008595578372478485;0.0;0.7312055230140686;0.7785901427268982;0.7312055230140686;0.0;72.56542205810547;218.49081420898438;72.56542205810547;0.0
0.00482863187789917;0.00482863187789917;0.00533042848110199;0.0;0.735075831413269;0.7728694081306458;0.735075831413269;0.0;72.7624740600586;168.5279541015625;72.7624740600586;0.0
0.004837751388549805;0.004837751388549805;0.007788941264152527;0.0;0.7357692122459412;0.7357692122459412;1.0228513479232788;0.0;74.08247375488281;170.93307495117188;74.08247375488281;0.0
0.004857808351516724;0.004857808351516724;0.010309547185897827;0.0;0.7439908385276794;0.8419770002365112;0.7439908385276794;0.0;74.29547882080078;239.30279541015625;74.29547882080078;0.0
0.004868865013122559;0.004868865013122559;0.01147596538066864;0.0;0.7443888187408447;0.8617249727249146;0.7443888187408447;0.0;74.43939208984375;294.1466064453125;74.43939208984375;0.0
0.004879474639892578;0.005241692066192627;0.004879474639892578;0.0;0.7473094463348389;0.946077823638916;0.7473094463348389;0.0;75.20411682128906;290.7420654296875;75.20411682128906;0.0
0.004885435104370117;0.004885435104370117;0.010098308324813843;0.0;0.7493191957473755;0.8752497434616089;0.7493191957473755;0.0;75.56086730957031;193.38552856445312;75.56086730957031;0.0
0.0049073100090026855;0.0049073100090026855;0.008430883288383484;0.0;0.7540603876113892;0.8957884907722473;0.7540603876113892;0.0;75.67192077636719;285.93194580078125;75.67192077636719;0.0
0.004910901188850403;0.004910901188850403;0.010693132877349854;0.0;0.7544872164726257;0.9401270151138306;0.7544872164726257;0.0;76.23650360107422;236.98338317871094;76.23650360107422;0.0
0.0049454569816589355;0.0049454569816589355;0.010379716753959656;0.0;0.7564675211906433;1.741891860961914;0.7564675211906433;0.0;76.54798126220703;288.2237243652344;76.54798126220703;0.0
0.00495380163192749;0.00495380163192749;0.010534346103668213;0.0;0.7565928101539612;1.0752865076065063;0.7565928101539612;0.0;77.13525390625;253.01971435546875;77.13525390625;0.0
0.004970729351043701;0.004970729351043701;0.011702567338943481;0.0;0.7588157057762146;0.7588157057762146;1.3325601816177368;0.0;77.16024017333984;220.03619384765625;77.16024017333984;0.0
0.004997968673706055;0.004997968673706055;0.014934197068214417;0.0;0.7599908113479614;0.7599908113479614;0.8071886897087097;0.0;77.32174682617188;296.62261962890625;77.32174682617188;0.0
0.005021929740905762;0.005021929740905762;0.008219718933105469;0.0;0.7602307796478271;0.9093335866928101;0.7602307796478271;0.0;77.97638702392578;187.87118530273438;77.97638702392578;0.0
0.005051851272583008;0.005051851272583008;0.008562520146369934;0.0;0.7610729932785034;1.2727413177490234;0.7610729932785034;0.0;78.27619934082031;253.3319091796875;78.27619934082031;0.0
0.005093209445476532;0.005093209445476532;0.00927799940109253;0.0;0.7644014954566956;0.8685217499732971;0.7644014954566956;0.0;78.89418029785156;227.5942840576172;78.89418029785156;0.0
0.005100861191749573;0.005100861191749573;0.008399084210395813;0.0;0.7669485807418823;1.134659767150879;0.7669485807418823;0.0;78.9029312133789;177.57237243652344;78.9029312133789;0.0
0.005124479532241821;0.005124479532241821;0.013119742274284363;0.0;0.767448902130127;0.8175779581069946;0.767448902130127;0.0;79.16666412353516;304.77178955078125;79.16666412353516;0.0
0.0051310062408447266;0.0051310062408447266;0.008863262832164764;0.0;0.7744008898735046;0.8320354223251343;0.7744008898735046;0.0;79.33377838134766;222.06398010253906;79.33377838134766;0.0
0.0051468610763549805;0.0051468610763549805;0.010683208703994751;0.0;0.7788649201393127;0.7788649201393127;0.8698731660842896;0.0;79.39399719238281;306.5697937011719;79.39399719238281;0.0
0.005155652761459351;0.005155652761459351;0.01122543215751648;0.0;0.7799932956695557;0.8856145143508911;0.7799932956695557;0.0;79.84453582763672;178.97105407714844;79.84453582763672;0.0
0.00517621636390686;0.00517621636390686;0.009707629680633545;0.0;0.781105101108551;0.82510906457901;0.781105101108551;0.0;79.93165588378906;196.2449493408203;79.93165588378906;0.0
0.005258321762084961;0.005258321762084961;0.013330355286598206;0.0;0.7858003377914429;0.8279352784156799;0.7858003377914429;0.0;80.1877670288086;199.17642211914062;80.1877670288086;0.0
0.00525917112827301;0.00525917112827301;0.009928449988365173;0.0;0.7887516617774963;0.7887516617774963;0.8737398386001587;0.0;80.60273742675781;184.51930236816406;80.60273742675781;0.0
0.005275547504425049;0.005275547504425049;0.008954793214797974;0.0;0.7896496057510376;0.8472524881362915;0.7896496057510376;0.0;80.79916381835938;262.5909729003906;80.79916381835938;0.0
0.0053121596574783325;0.0053121596574783325;0.014481455087661743;0.0;0.7921238541603088;1.0941390991210938;0.7921238541603088;0.0;80.96713256835938;207.9001922607422;80.96713256835938;0.0
0.005341529846191406;0.005341529846191406;0.013755828142166138;0.0;0.7927759885787964;1.3636746406555176;0.7927759885787964;0.0;81.30740356445312;196.34388732910156;81.30740356445312;0.0
0.005373448133468628;0.005373448133468628;0.009997740387916565;0.0;0.7954934239387512;0.7954934239387512;1.039297103881836;0.0;81.46676635742188;200.19915771484375;81.46676635742188;0.0
0.005380451679229736;0.007370084524154663;0.005380451679229736;0.0;0.7990732789039612;0.862434446811676;0.7990732789039612;0.0;81.87908935546875;302.03936767578125;81.87908935546875;0.0
0.0053961873054504395;0.0053961873054504395;0.00963437557220459;0.0;0.8014252781867981;0.8825624585151672;0.8014252781867981;0.0;82.26960754394531;136.080810546875;82.26960754394531;0.0
0.005431199446320534;0.006334781646728516;0.005431199446320534;0.0;0.8034844994544983;0.8250265121459961;0.8034844994544983;0.0;82.27456665039062;185.56858825683594;82.27456665039062;0.0
0.005465269088745117;0.005465269088745117;0.008810833096504211;0.0;0.8039820194244385;0.8039820194244385;1.252219557762146;0.0;82.33972930908203;305.6519775390625;82.33972930908203;0.0
0.005489915609359741;0.005489915609359741;0.012927606701850891;0.0;0.805925190448761;1.3668646812438965;0.805925190448761;0.0;82.65234375;304.104248046875;82.65234375;0.0
0.0054902443662285805;0.0054902443662285805;0.00627266988158226;0.0;0.8115572929382324;0.8115572929382324;1.3868076801300049;0.0;82.75552368164062;296.52606201171875;82.75552368164062;0.0
0.005522087216377258;0.005522087216377258;0.013491272926330566;0.0;0.8130207061767578;1.4294686317443848;0.8130207061767578;0.0;82.79917907714844;190.9541015625;82.79917907714844;0.0
0.005522787570953369;0.005522787570953369;0.010962963104248047;0.0;0.8141258358955383;1.1034241914749146;0.8141258358955383;0.0;82.85476684570312;240.07595825195312;82.85476684570312;0.0
0.005555093288421631;0.005555093288421631;0.009153813123703003;0.0;0.8176975250244141;0.8176975250244141;2.0027291774749756;0.0;83.08270263671875;201.44998168945312;83.08270263671875;0.0
0.005556821823120117;0.005556821823120117;0.005894988775253296;0.0;0.8182212114334106;1.2937090396881104;0.8182212114334106;0.0;83.41121673583984;274.9085998535156;83.41121673583984;0.0
0.005576759576797485;0.005576759576797485;0.013125061988830566;0.0;0.819334864616394;0.9852217435836792;0.819334864616394;0.0;83.93465423583984;113.97383117675781;83.93465423583984;0.0
0.005577117204666138;0.005577117204666138;0.008927911520004272;0.0;0.8195203542709351;1.1643776893615723;0.8195203542709351;0.0;84.08898162841797;184.33529663085938;84.08898162841797;0.0
0.0055885910987854;0.0055885910987854;0.007826566696166992;0.0;0.8199541568756104;0.8717278838157654;0.8199541568756104;0.0;84.32498168945312;235.579345703125;84.32498168945312;0.0
0.005590617656707764;0.005590617656707764;0.015712589025497437;0.0;0.8223903775215149;0.9118457436561584;0.8223903775215149;0.0;84.46673583984375;235.11447143554688;84.46673583984375;0.0
0.005607873201370239;0.005607873201370239;0.015234887599945068;0.0;0.825049877166748;0.825049877166748;1.188420295715332;0.0;84.68362426757812;244.69468688964844;84.68362426757812;0.0
0.005619704723358154;0.005619704723358154;0.008450493216514587;0.0;0.828245997428894;1.0300806760787964;0.828245997428894;0.0;84.72755432128906;250.65072631835938;84.72755432128906;0.0
0.005641967058181763;0.005641967058181763;0.0074746012687683105;0.0;0.8304792046546936;1.575594425201416;0.8304792046546936;0.0;84.886962890625;134.31048583984375;84.886962890625;0.0
0.005649834871292114;0.005649834871292114;0.011090710759162903;0.0;0.8312988877296448;0.8312988877296448;1.2468174695968628;0.0;85.22229766845703;250.05908203125;85.22229766845703;0.0
0.005659908056259155;0.005659908056259155;0.013148456811904907;0.0;0.8358367681503296;0.8561652302742004;0.8358367681503296;0.0;85.52082824707031;245.8601531982422;85.52082824707031;0.0
0.005665963515639305;0.005665963515639305;0.00630931556224823;0.0;0.8363854885101318;1.0610508918762207;0.8363854885101318;0.0;85.54898834228516;205.06951904296875;85.54898834228516;0.0
0.005666851997375488;0.005666851997375488;0.015334516763687134;0.0;0.8373575806617737;0.8373575806617737;0.9653146862983704;0.0;85.77335357666016;258.5875244140625;85.77335357666016;0.0
0.0056999921798706055;0.0056999921798706055;0.011121243238449097;0.0;0.8399143218994141;0.8399143218994141;0.9747926592826843;0.0;85.77445983886719;235.3540802001953;85.77445983886719;0.0
0.005706191062927246;0.005706191062927246;0.017036527395248413;0.0;0.839981734752655;1.0865135192871094;0.839981734752655;0.0;86.13329315185547;271.7856140136719;86.13329315185547;0.0
0.005761958658695221;0.005761958658695221;0.012882500886917114;0.0;0.8415409922599792;1.0968014001846313;0.8415409922599792;0.0;86.63128662109375;299.9982604980469;86.63128662109375;0.0
0.00577312707901001;0.00577312707901001;0.012821048498153687;0.0;0.8439649343490601;0.8760266900062561;0.8439649343490601;0.0;87.35064697265625;204.9993438720703;87.35064697265625;0.0
0.005779340863227844;0.005779340863227844;0.013552427291870117;0.0;0.8440720438957214;0.8440720438957214;0.8817533254623413;0.0;87.37741088867188;289.02984619140625;87.37741088867188;0.0
0.00578896701335907;0.00578896701335907;0.006754547357559204;0.0;0.8447498679161072;0.9543035626411438;0.8447498679161072;0.0;87.4248046875;193.2302703857422;87.4248046875;0.0
0.005796074867248535;0.005796074867248535;0.007016360759735107;0.0;0.8453242778778076;1.0473215579986572;0.8453242778778076;0.0;88.13680267333984;297.6890869140625;88.13680267333984;0.0
0.005837179720401764;0.005837179720401764;0.013657718896865845;0.0;0.8470902442932129;0.8470902442932129;0.8488860130310059;0.0;88.44176483154297;263.2205505371094;88.44176483154297;0.0
0.005846917629241943;0.005846917629241943;0.009977377019822598;0.0;0.8473821878433228;1.2944014072418213;0.8473821878433228;0.0;88.57925415039062;194.17300415039062;88.57925415039062;0.0
0.005857914686203003;0.005857914686203003;0.014119371771812439;0.0;0.8516913652420044;1.0547322034835815;0.8516913652420044;0.0;88.87571716308594;281.4598083496094;88.87571716308594;0.0
0.005874216556549072;0.005874216556549072;0.013493791222572327;0.0;0.8525955080986023;1.2687747478485107;0.8525955080986023;0.0;89.33099365234375;196.26902770996094;89.33099365234375;0.0
0.00590631365776062;0.00590631365776062;0.008596658706665039;0.0;0.8529760837554932;1.7893784046173096;0.8529760837554932;0.0;89.9107437133789;306.7027587890625;89.9107437133789;0.0
0.005983114242553711;0.005983114242553711;0.013221204280853271;0.0;0.8532698154449463;0.9944029450416565;0.8532698154449463;0.0;90.28662109375;209.82000732421875;90.28662109375;0.0
0.0060040950775146484;0.0060040950775146484;0.010711312294006348;0.0;0.8567385077476501;1.266593337059021;0.8567385077476501;0.0;90.40848541259766;294.48126220703125;90.40848541259766;0.0
0.006032541394233704;0.006032541394233704;0.01203492283821106;0.0;0.8569233417510986;0.9792549014091492;0.8569233417510986;0.0;90.4088134765625;265.3885498046875;90.4088134765625;0.0
0.006042420864105225;0.006042420864105225;0.008627980947494507;0.0;0.8581565618515015;1.0936428308486938;0.8581565618515015;0.0;90.54871368408203;263.28741455078125;90.54871368408203;0.0
0.006053566932678223;0.006053566932678223;0.015705227851867676;0.0;0.8602709174156189;0.9795261025428772;0.8602709174156189;0.0;90.99749755859375;264.3628845214844;90.99749755859375;0.0
0.00607144832611084;0.00607144832611084;0.011896193027496338;0.0;0.861126184463501;0.861126184463501;0.989232063293457;0.0;91.0960464477539;303.5202941894531;91.0960464477539;0.0
0.006139904260635376;0.006139904260635376;0.008835434913635254;0.0;0.8663792014122009;0.8663792014122009;0.8771054744720459;0.0;91.4064712524414;267.35308837890625;91.4064712524414;0.0
0.006144672632217407;0.006144672632217407;0.011595070362091064;0.0;0.870396077632904;1.0286083221435547;0.870396077632904;0.0;91.92110443115234;268.168701171875;91.92110443115234;0.0
0.006165921688079834;0.006165921688079834;0.016227737069129944;0.0;0.8741787672042847;1.3748674392700195;0.8741787672042847;0.0;93.06197357177734;197.95285034179688;93.06197357177734;0.0
0.006174147129058838;0.006174147129058838;0.008511722087860107;0.0;0.8749192357063293;0.8749192357063293;1.2037675380706787;0.0;93.505615234375;294.61627197265625;93.505615234375;0.0
0.006205558776855469;0.006205558776855469;0.00699189305305481;0.0;0.8769980669021606;1.0678057670593262;0.8769980669021606;0.0;93.96061706542969;296.69110107421875;93.96061706542969;0.0
0.006250351667404175;0.006250351667404175;0.013493829406797886;0.0;0.8784066438674927;1.0358023643493652;0.8784066438674927;0.0;94.60432434082031;302.5495300292969;94.60432434082031;0.0
0.006284892559051514;0.006284892559051514;0.012920886278152466;0.0;0.8835840225219727;1.1167765855789185;0.8835840225219727;0.0;95.48389434814453;301.4778747558594;95.48389434814453;0.0
0.006299301981925964;0.006299301981925964;0.008852481842041016;0.0;0.8838552236557007;0.8838552236557007;1.1946780681610107;0.0;96.21226501464844;173.55978393554688;96.21226501464844;0.0
0.006308913230895996;0.006308913230895996;0.006942078471183777;0.0;0.8856330513954163;1.2250244617462158;0.8856330513954163;0.0;96.23892974853516;255.31423950195312;96.23892974853516;0.0
0.006355538964271545;0.006355538964271545;0.012271076440811157;0.0;0.8856629729270935;0.8856629729270935;0.9030555486679077;0.0;96.7711181640625;263.56854248046875;96.7711181640625;0.0
0.006364494562149048;0.006364494562149048;0.018753021955490112;0.0;0.8869688510894775;1.1259431838989258;0.8869688510894775;0.0;97.30455017089844;313.2386169433594;97.30455017089844;0.0
0.006375819444656372;0.006375819444656372;0.011440247297286987;0.0;0.8878080248832703;0.9968135356903076;0.8878080248832703;0.0;98.44194030761719;229.25958251953125;98.44194030761719;0.0
0.006384849548339844;0.006384849548339844;0.012955675832927227;0.0;0.8899661302566528;1.2793660163879395;0.8899661302566528;0.0;98.84371948242188;132.856689453125;98.84371948242188;0.0
0.006453871726989746;0.006453871726989746;0.014780700206756592;0.0;0.9011853933334351;1.0816197395324707;0.9011853933334351;0.0;98.86178588867188;308.2020263671875;98.86178588867188;0.0
0.006456643342971802;0.006456643342971802;0.011504977941513062;0.0;0.9015582799911499;1.3031156063079834;0.9015582799911499;0.0;99.00146484375;284.9759216308594;99.00146484375;0.0
0.006460368633270264;0.006460368633270264;0.009846299886703491;0.0;0.905628502368927;0.905628502368927;1.3806477785110474;0.0;99.13739776611328;295.10809326171875;99.13739776611328;0.0
0.006486266851425171;0.006486266851425171;0.013373076915740967;0.0;0.9077644944190979;1.3200870752334595;0.9077644944190979;0.0;99.2603759765625;291.95172119140625;99.2603759765625;0.0
0.006488248705863953;0.006488248705863953;0.013712018728256226;0.0;0.9098965525627136;1.1119858026504517;0.9098965525627136;0.0;99.71662902832031;246.1454315185547;99.71662902832031;0.0
0.006515584886074066;0.006515584886074066;0.0077437348663806915;0.0;0.9138007760047913;1.0465922355651855;0.9138007760047913;0.0;99.7498779296875;295.7627868652344;99.7498779296875;0.0
0.0065288543701171875;0.0065288543701171875;0.009709201753139496;0.0;0.9147513508796692;1.0762100219726562;0.9147513508796692;0.0;100.22512817382812;308.2110595703125;100.22512817382812;0.0
0.006547689437866211;0.006547689437866211;0.012637890875339508;0.0;0.9159655570983887;1.024215817451477;0.9159655570983887;0.0;100.25415802001953;306.784912109375;100.25415802001953;0.0
0.006580740213394165;0.006580740213394165;0.012114167213439941;0.0;0.9160221815109253;1.433870553970337;0.9160221815109253;0.0;102.43484497070312;175.41839599609375;102.43484497070312;0.0
0.006649434566497803;0.006649434566497803;0.011592000722885132;0.0;0.9161673784255981;0.9948847889900208;0.9161673784255981;0.0;102.81178283691406;264.783447265625;102.81178283691406;0.0
0.00671955943107605;0.00671955943107605;0.012956738471984863;0.0;0.919273853302002;1.0333911180496216;0.919273853302002;0.0;102.99720764160156;289.0699157714844;102.99720764160156;0.0
0.006733417510986328;0.006733417510986328;0.008956581354141235;0.0;0.9193193912506104;1.162082314491272;0.9193193912506104;0.0;103.49203491210938;306.7916259765625;103.49203491210938;0.0
0.0067351460456848145;0.0067351460456848145;0.008144497871398926;0.0;0.9218276739120483;0.9856047630310059;0.9218276739120483;0.0;103.83966064453125;301.06536865234375;103.83966064453125;0.0
0.006751656532287598;0.006751656532287598;0.010755568742752075;0.0;0.9261577725410461;0.9261577725410461;1.0639891624450684;0.0;104.25900268554688;226.66612243652344;104.25900268554688;0.0
0.006754279136657715;0.006754279136657715;0.019620031118392944;0.0;0.9300040006637573;1.0228097438812256;0.9300040006637573;0.0;104.59630584716797;144.92361450195312;104.59630584716797;0.0
0.006786346435546875;0.006786346435546875;0.015534430742263794;0.0;0.9315713047981262;1.395471215248108;0.9315713047981262;0.0;104.76554870605469;289.0753479003906;104.76554870605469;0.0
0.006817936897277832;0.006817936897277832;0.012304723262786865;0.0;0.9336015582084656;0.9367424845695496;0.9336015582084656;0.0;105.27098083496094;295.27777099609375;105.27098083496094;0.0
0.006823450326919556;0.006823450326919556;0.015395969152450562;0.0;0.9341207146644592;1.035072922706604;0.9341207146644592;0.0;105.42619323730469;221.64328002929688;105.42619323730469;0.0
0.006830096244812012;0.006830096244812012;0.014577031135559082;0.0;0.935248076915741;1.0495749711990356;0.935248076915741;0.0;105.86038970947266;275.35357666015625;105.86038970947266;0.0
0.006833553314208984;0.006833553314208984;0.007776796817779541;0.0;0.9363597631454468;0.9363597631454468;1.2888916730880737;0.0;108.73135375976562;288.94427490234375;108.73135375976562;0.0
0.0068552494049072266;0.0068552494049072266;0.008505165576934814;0.0;0.9378751516342163;1.7305893898010254;0.9378751516342163;0.0;108.78581237792969;235.7667999267578;108.78581237792969;0.0
0.006887614727020264;0.006887614727020264;0.018659472465515137;0.0;0.9381832480430603;1.3563557863235474;0.9381832480430603;0.0;112.04007720947266;309.635498046875;112.04007720947266;0.0
0.006932705640792847;0.006932705640792847;0.017108887434005737;0.0;0.9391341209411621;1.6730098724365234;0.9391341209411621;0.0;112.34864807128906;301.6352233886719;112.34864807128906;0.0
0.006960481405258179;0.006960481405258179;0.013383746147155762;0.0;0.940485417842865;1.6206228733062744;0.940485417842865;0.0;112.61508178710938;303.0009460449219;112.61508178710938;0.0
0.006978809833526611;0.006978809833526611;0.011400535702705383;0.0;0.9433946013450623;1.4519492387771606;0.9433946013450623;0.0;112.91825866699219;203.84909057617188;112.91825866699219;0.0
0.006981611251831055;0.006981611251831055;0.01724398136138916;0.0;0.9445199370384216;1.3349394798278809;0.9445199370384216;0.0;112.94661712646484;251.03419494628906;112.94661712646484;0.0
0.0069882869720458984;0.0069882869720458984;0.0083046555519104;0.0;0.9452229738235474;1.6075092554092407;0.9452229738235474;0.0;113.51028442382812;290.9514465332031;113.51028442382812;0.0
0.0069966912269592285;0.0069966912269592285;0.009190911427140236;0.0;0.9469157457351685;1.149068832397461;0.9469157457351685;0.0;113.96309661865234;305.51348876953125;113.96309661865234;0.0
0.0069966912269592285;0.0069966912269592285;0.010089099407196045;0.0;0.9475708603858948;1.082162857055664;0.9475708603858948;0.0;114.32821655273438;308.74078369140625;114.32821655273438;0.0
0.007000640034675598;0.007000640034675598;0.017617762088775635;0.0;0.9560306668281555;1.2105063199996948;0.9560306668281555;0.0;114.55242919921875;302.5068664550781;114.55242919921875;0.0
0.007005266845226288;0.007005266845226288;0.01801028847694397;0.0;0.9563343524932861;1.2986074686050415;0.9563343524932861;0.0;115.03932189941406;284.3088073730469;115.03932189941406;0.0
0.00701528787612915;0.00701528787612915;0.01614367961883545;0.0;0.9571458101272583;2.1285653114318848;0.9571458101272583;0.0;115.27934265136719;311.9750671386719;115.27934265136719;0.0
0.007025241851806641;0.007025241851806641;0.015920788049697876;0.0;0.9626629948616028;1.083975911140442;0.9626629948616028;0.0;115.29060363769531;295.2760314941406;115.29060363769531;0.0
0.007029533386230469;0.007029533386230469;0.012234598398208618;0.0;0.9628152847290039;1.0793530941009521;0.9628152847290039;0.0;116.12155151367188;302.36773681640625;116.12155151367188;0.0
0.007035896182060242;0.007035896182060242;0.01135455071926117;0.0;0.9671335816383362;1.1994231939315796;0.9671335816383362;0.0;116.50390625;307.63299560546875;116.50390625;0.0
0.007059797644615173;0.007059797644615173;0.016865521669387817;0.0;0.9678918719291687;0.9678918719291687;1.0399597883224487;0.0;117.45201873779297;308.36981201171875;117.45201873779297;0.0
0.007068455219268799;0.007068455219268799;0.017054259777069092;0.0;0.9713587164878845;0.9713587164878845;0.9724710583686829;0.0;117.68136596679688;303.05474853515625;117.68136596679688;0.0
0.007093071937561035;0.007093071937561035;0.01894623041152954;0.0;0.9755036234855652;1.107048749923706;0.9755036234855652;0.0;118.68435668945312;265.10223388671875;118.68435668945312;0.0
0.007132172584533691;0.007132172584533691;0.01766245625913143;0.0;0.9761733412742615;1.6337944269180298;0.9761733412742615;0.0;119.43978881835938;200.28860473632812;119.43978881835938;0.0
0.007133781909942627;0.007133781909942627;0.012648135423660278;0.0;0.979036271572113;1.2980436086654663;0.979036271572113;0.0;119.84835815429688;293.1188049316406;119.84835815429688;0.0
0.007163748145103455;0.007163748145103455;0.018700823187828064;0.0;0.9813166856765747;1.4184938669204712;0.9813166856765747;0.0;119.96387481689453;273.0379638671875;119.96387481689453;0.0
0.007181033492088318;0.007181033492088318;0.01585233211517334;0.0;0.9906877279281616;1.1059085130691528;0.9906877279281616;0.0;120.45074462890625;291.9681396484375;120.45074462890625;0.0
0.007219523191452026;0.007219523191452026;0.019536226987838745;0.0;0.9916279315948486;1.2420470714569092;0.9916279315948486;0.0;121.09880828857422;240.9404296875;121.09880828857422;0.0
0.007249891757965088;0.007249891757965088;0.016833454370498657;0.0;0.994979739189148;0.994979739189148;1.2782927751541138;0.0;121.47450256347656;273.1150207519531;121.47450256347656;0.0
0.00725787878036499;0.00725787878036499;0.016306430101394653;0.0;1.0007734298706055;1.4871894121170044;1.0007734298706055;0.0;121.997314453125;303.1995849609375;121.997314453125;0.0
0.007262587547302246;0.007262587547302246;0.01812988519668579;0.0;1.0070955753326416;1.2495445013046265;1.0070955753326416;0.0;122.07994079589844;294.55242919921875;122.07994079589844;0.0
0.007268726825714111;0.007268726825714111;0.007929444313049316;0.0;1.0074533224105835;1.1679050922393799;1.0074533224105835;0.0;122.95045471191406;298.7027587890625;122.95045471191406;0.0
0.00729861855506897;0.009434401988983154;0.00729861855506897;0.0;1.0087394714355469;1.0087394714355469;1.1677087545394897;0.0;123.43453216552734;305.69378662109375;123.43453216552734;0.0
0.0073223114013671875;0.0073223114013671875;0.017186209559440613;0.0;1.014488935470581;1.0735806226730347;1.014488935470581;0.0;123.68004608154297;312.0009765625;123.68004608154297;0.0
0.00733262300491333;0.00733262300491333;0.015671338886022568;0.0;1.0220884084701538;1.5311511754989624;1.0220884084701538;0.0;124.23501586914062;297.39788818359375;124.23501586914062;0.0
0.007332652807235718;0.007332652807235718;0.01178334653377533;0.0;1.0248442888259888;1.6828049421310425;1.0248442888259888;0.0;124.40399169921875;296.7640380859375;124.40399169921875;0.0
0.00739147886633873;0.00739147886633873;0.007625281810760498;0.0;1.0332047939300537;1.2403298616409302;1.0332047939300537;0.0;124.40553283691406;237.6437225341797;124.40553283691406;0.0
0.007425844669342041;0.007425844669342041;0.018670082092285156;0.0;1.0347212553024292;1.3310577869415283;1.0347212553024292;0.0;124.82365417480469;309.2820129394531;124.82365417480469;0.0
0.007445216178894043;0.007445216178894043;0.011965342797338963;0.0;1.035238265991211;1.035238265991211;1.088614583015442;0.0;125.15057373046875;305.40264892578125;125.15057373046875;0.0
0.00749516487121582;0.00749516487121582;0.01203387975692749;0.0;1.0365822315216064;1.0995454788208008;1.0365822315216064;0.0;125.51805114746094;301.2768859863281;125.51805114746094;0.0
0.007501721382141113;0.007501721382141113;0.017357587814331055;0.0;1.0366425514221191;1.0366425514221191;1.1098487377166748;0.0;125.52608489990234;309.552001953125;125.52608489990234;0.0
0.007546126842498779;0.007546126842498779;0.009866446256637573;0.0;1.037227988243103;1.1335597038269043;1.037227988243103;0.0;126.4616928100586;303.87811279296875;126.4616928100586;0.0
0.007567167282104492;0.007567167282104492;0.010358122177422047;0.0;1.0388987064361572;1.6599558591842651;1.0388987064361572;0.0;127.10250091552734;265.6295471191406;127.10250091552734;0.0
0.0076143741607666016;0.0076143741607666016;0.008932135999202728;0.0;1.0432305335998535;1.4833303689956665;1.0432305335998535;0.0;127.75137329101562;309.7598571777344;127.75137329101562;0.0
0.0076247453689575195;0.0076247453689575195;0.01716536283493042;0.0;1.0462936162948608;1.468017339706421;1.0462936162948608;0.0;128.23031616210938;308.55670166015625;128.23031616210938;0.0
0.007702350616455078;0.007702350616455078;0.013089939951896667;0.0;1.0476295948028564;1.1480952501296997;1.0476295948028564;0.0;128.33827209472656;282.414306640625;128.33827209472656;0.0
0.007708936929702759;0.007912993431091309;0.007708936929702759;0.0;1.0513607263565063;1.2775739431381226;1.0513607263565063;0.0;128.65863037109375;309.945556640625;128.65863037109375;0.0
0.007715880870819092;0.007715880870819092;0.009465336799621582;0.0;1.0551502704620361;1.9037001132965088;1.0551502704620361;0.0;128.69146728515625;277.7229919433594;128.69146728515625;0.0
0.007718637585639954;0.007718637585639954;0.015561938285827637;0.0;1.0564383268356323;1.0564383268356323;1.0866119861602783;0.0;129.1064910888672;296.57757568359375;129.1064910888672;0.0
0.007724463939666748;0.007724463939666748;0.01355510950088501;0.0;1.0568108558654785;2.186511993408203;1.0568108558654785;0.0;131.0175018310547;310.2677001953125;131.0175018310547;0.0
0.007736489176750183;0.007736489176750183;0.012487828731536865;0.0;1.0601763725280762;1.606632947921753;1.0601763725280762;0.0;131.23619079589844;307.9385986328125;131.23619079589844;0.0
0.007764160633087158;0.007764160633087158;0.021266579627990723;0.0;1.0614222288131714;1.6008703708648682;1.0614222288131714;0.0;131.70419311523438;308.06634521484375;131.70419311523438;0.0
0.0077658891677856445;0.0077658891677856445;0.0195024311542511;0.0;1.062484860420227;1.1228951215744019;1.062484860420227;0.0;132.4413604736328;293.752197265625;132.4413604736328;0.0
0.007818222045898438;0.007818222045898438;0.015247315168380737;0.0;1.0657193660736084;1.3296353816986084;1.0657193660736084;0.0;132.81068420410156;291.814697265625;132.81068420410156;0.0
0.00787663459777832;0.00787663459777832;0.02097296714782715;0.0;1.0694020986557007;1.355443000793457;1.0694020986557007;0.0;132.99258422851562;284.7237243652344;132.99258422851562;0.0
0.007903516292572021;0.007903516292572021;0.009805932641029358;0.0;1.078135371208191;1.418294072151184;1.078135371208191;0.0;134.72869873046875;305.15301513671875;134.72869873046875;0.0
0.007931649684906006;0.007931649684906006;0.0114687979221344;0.0;1.0829068422317505;1.1532357931137085;1.0829068422317505;0.0;136.02288818359375;280.94073486328125;136.02288818359375;0.0
0.007946908473968506;0.007946908473968506;0.030528873205184937;0.0;1.0829710960388184;1.3712762594223022;1.0829710960388184;0.0;136.11904907226562;307.0111083984375;136.11904907226562;0.0
0.007999725639820099;0.007999725639820099;0.0175265371799469;0.0;1.0832669734954834;1.5135877132415771;1.0832669734954834;0.0;136.6563720703125;311.7708740234375;136.6563720703125;0.0
0.00802624225616455;0.00802624225616455;0.020794212818145752;0.0;1.0838618278503418;1.4763679504394531;1.0838618278503418;0.0;136.70956420898438;299.2755126953125;136.70956420898438;0.0
0.008036181330680847;0.008036181330680847;0.010856270790100098;0.0;1.0874232053756714;1.364774465560913;1.0874232053756714;0.0;137.5548095703125;302.30316162109375;137.5548095703125;0.0
0.008058011531829834;0.011705011129379272;0.008058011531829834;0.0;1.0959701538085938;1.1082134246826172;1.0959701538085938;0.0;137.64378356933594;254.96893310546875;137.64378356933594;0.0
0.00807642936706543;0.00807642936706543;0.022753804922103882;0.0;1.0989246368408203;1.15516197681427;1.0989246368408203;0.0;137.74887084960938;306.4302062988281;137.74887084960938;0.0
0.008099347352981567;0.008099347352981567;0.016904622316360474;0.0;1.0992982387542725;1.7974529266357422;1.0992982387542725;0.0;137.88973999023438;266.1147766113281;137.88973999023438;0.0
0.008105218410491943;0.008105218410491943;0.012027211487293243;0.0;1.1041752099990845;1.2498725652694702;1.1041752099990845;0.0;138.35496520996094;258.69488525390625;138.35496520996094;0.0
0.008118979632854462;0.008118979632854462;0.009404391050338745;0.0;1.1073029041290283;1.1852598190307617;1.1073029041290283;0.0;138.75909423828125;138.75909423828125;186.21900939941406;0.0
0.008143186569213867;0.008143186569213867;0.01311485469341278;0.0;1.1074614524841309;1.3037422895431519;1.1074614524841309;0.0;138.8746337890625;138.8746337890625;209.50306701660156;0.0
0.008153021335601807;0.008153021335601807;0.017501041293144226;0.0;1.1098078489303589;1.72788405418396;1.1098078489303589;0.0;139.39756774902344;305.87335205078125;139.39756774902344;0.0
0.00815996527671814;0.00815996527671814;0.01513567566871643;0.0;1.1109538078308105;2.0397377014160156;1.1109538078308105;0.0;139.67413330078125;302.2256164550781;139.67413330078125;0.0
0.008160948753356934;0.008160948753356934;0.015847116708755493;0.0;1.1222761869430542;1.314485788345337;1.1222761869430542;0.0;139.68206787109375;299.61181640625;139.68206787109375;0.0
0.008176259696483612;0.008176259696483612;0.0219733789563179;0.0;1.1234973669052124;1.169118046760559;1.1234973669052124;0.0;140.20236206054688;249.55470275878906;140.20236206054688;0.0
0.008188128471374512;0.008188128471374512;0.02320954203605652;0.0;1.1235251426696777;1.5450212955474854;1.1235251426696777;0.0;140.58432006835938;311.4803466796875;140.58432006835938;0.0
0.008230701088905334;0.008230701088905334;0.017353713512420654;0.0;1.1294493675231934;1.1294493675231934;1.2466206550598145;0.0;141.60324096679688;296.9090576171875;141.60324096679688;0.0
0.008239924907684326;0.008239924907684326;0.01972481608390808;0.0;1.131456971168518;1.305728793144226;1.131456971168518;0.0;142.07925415039062;317.55224609375;142.07925415039062;0.0
0.00826474279165268;0.00826474279165268;0.011894583702087402;0.0;1.1360706090927124;1.2206228971481323;1.1360706090927124;0.0;143.67276000976562;298.1950378417969;143.67276000976562;0.0
0.00828772783279419;0.00828772783279419;0.015445560216903687;0.0;1.1419395208358765;1.4645321369171143;1.1419395208358765;0.0;143.9482421875;304.35687255859375;143.9482421875;0.0
0.008317768573760986;0.008317768573760986;0.019244641065597534;0.0;1.1420942544937134;1.3932629823684692;1.1420942544937134;0.0;143.94857788085938;270.6200866699219;143.94857788085938;0.0
0.008369982242584229;0.008369982242584229;0.015448272228240967;0.0;1.1451811790466309;1.2885136604309082;1.1451811790466309;0.0;144.0072479248047;278.55694580078125;144.0072479248047;0.0
0.008376359939575195;0.008376359939575195;0.016903281211853027;0.0;1.1457000970840454;1.1457000970840454;1.1602649688720703;0.0;144.16064453125;212.9895477294922;144.16064453125;0.0
0.00839550793170929;0.00839550793170929;0.01809641718864441;0.0;1.1548116207122803;2.185190439224243;1.1548116207122803;0.0;145.3701934814453;287.4849853515625;145.3701934814453;0.0
0.008478522300720215;0.008478522300720215;0.016887307167053223;0.0;1.1582520008087158;1.8549472093582153;1.1582520008087158;0.0;145.38858032226562;283.3114013671875;145.38858032226562;0.0
0.008486524224281311;0.008486524224281311;0.024070143699645996;0.0;1.158868670463562;1.5547577142715454;1.158868670463562;0.0;145.66937255859375;304.7940673828125;145.66937255859375;0.0
0.008496545255184174;0.008496545255184174;0.015465477481484413;0.0;1.1603549718856812;1.8178285360336304;1.1603549718856812;0.0;145.7611083984375;322.69171142578125;145.7611083984375;0.0
0.008497387170791626;0.008497387170791626;0.015509933233261108;0.0;1.1632294654846191;1.1632294654846191;1.2692619562149048;0.0;145.9092559814453;300.8993835449219;145.9092559814453;0.0
0.008506983518600464;0.012191146612167358;0.008506983518600464;0.0;1.1661914587020874;1.453787922859192;1.1661914587020874;0.0;146.42684936523438;276.4971923828125;146.42684936523438;0.0
0.008515454828739166;0.008515454828739166;0.017280668020248413;0.0;1.169081449508667;1.5287723541259766;1.169081449508667;0.0;146.68948364257812;295.52154541015625;146.68948364257812;0.0
0.008530497550964355;0.008530497550964355;0.010975956916809082;0.0;1.175809621810913;1.4265620708465576;1.175809621810913;0.0;147.09339904785156;309.5288391113281;147.09339904785156;0.0
0.008552156388759613;0.008552156388759613;0.012640297412872314;0.0;1.1783751249313354;1.3363491296768188;1.1783751249313354;0.0;147.13339233398438;313.3193359375;147.13339233398438;0.0
0.008594006299972534;0.008594006299972534;0.025546759366989136;0.0;1.1871178150177002;1.240607738494873;1.1871178150177002;0.0;147.59988403320312;147.59988403320312;211.03489685058594;0.0
0.008607983589172363;0.008607983589172363;0.0178415197879076;0.0;1.1890734434127808;1.1890734434127808;1.3244115114212036;0.0;148.07376098632812;300.4644775390625;148.07376098632812;0.0
0.008612260222434998;0.008612260222434998;0.013263121247291565;0.0;1.1941404342651367;1.5355496406555176;1.1941404342651367;0.0;148.51223754882812;148.51223754882812;173.361572265625;0.0
0.008658112958073616;0.008658112958073616;0.017121344804763794;0.0;1.1944071054458618;1.560602068901062;1.1944071054458618;0.0;148.57113647460938;312.783203125;148.57113647460938;0.0
0.008664250373840332;0.008664250373840332;0.022853612899780273;0.0;1.1954861879348755;1.4460382461547852;1.1954861879348755;0.0;148.73696899414062;309.11334228515625;148.73696899414062;0.0
0.008704990148544312;0.008704990148544312;0.018178578466176987;0.0;1.19632887840271;1.6236369609832764;1.19632887840271;0.0;148.98899841308594;310.27886962890625;148.98899841308594;0.0
0.008706927299499512;0.008706927299499512;0.015050739049911499;0.0;1.1990829706192017;1.1990829706192017;1.3235111236572266;0.0;149.1246795654297;149.1246795654297;165.38601684570312;0.0
0.008737027645111084;0.008737027645111084;0.013351142406463623;0.0;1.2060868740081787;1.4241628646850586;1.2060868740081787;0.0;149.47415161132812;303.64111328125;149.47415161132812;0.0
0.008767247200012207;0.008767247200012207;0.01915714144706726;0.0;1.2075022459030151;1.5659162998199463;1.2075022459030151;0.0;149.73731994628906;308.194091796875;149.73731994628906;0.0
0.008847922086715698;0.008847922086715698;0.014065325260162354;0.0;1.2133487462997437;1.5668208599090576;1.2133487462997437;0.0;150.2101593017578;310.56964111328125;150.2101593017578;0.0
0.008858263492584229;0.008858263492584229;0.01752033829689026;0.0;1.2152899503707886;1.8502860069274902;1.2152899503707886;0.0;150.602294921875;308.5570068359375;150.602294921875;0.0
0.00886160135269165;0.010368295013904572;0.00886160135269165;0.0;1.2165952920913696;1.694300651550293;1.2165952920913696;0.0;150.62274169921875;305.8248596191406;150.62274169921875;0.0
0.008903205394744873;0.008903205394744873;0.029606729745864868;0.0;1.221443772315979;1.4195760488510132;1.221443772315979;0.0;150.6263427734375;281.478271484375;150.6263427734375;0.0
0.008921504020690918;0.008921504020690918;0.026312828063964844;0.0;1.2256823778152466;1.2256823778152466;2.4762678146362305;0.0;151.40682983398438;257.8885803222656;151.40682983398438;0.0
0.008982464671134949;0.008982464671134949;0.020881667733192444;0.0;1.2312021255493164;1.5312002897262573;1.2312021255493164;0.0;153.16395568847656;247.70492553710938;153.16395568847656;0.0
0.009090244770050049;0.009090244770050049;0.015262216329574585;0.0;1.236863374710083;1.7419939041137695;1.236863374710083;0.0;153.5625;299.40496826171875;153.5625;0.0
0.00917293131351471;0.00917293131351471;0.023378431797027588;0.0;1.240726351737976;1.420809268951416;1.240726351737976;0.0;153.64993286132812;308.73321533203125;153.64993286132812;0.0
0.009187668561935425;0.009187668561935425;0.030443310737609863;0.0;1.2408664226531982;2.299827814102173;1.2408664226531982;0.0;154.76895141601562;289.712158203125;154.76895141601562;0.0
0.009194374084472656;0.009194374084472656;0.015184164047241211;0.0;1.2432668209075928;2.088418960571289;1.2432668209075928;0.0;154.8871612548828;307.5154724121094;154.8871612548828;0.0
0.00920821726322174;0.00920821726322174;0.028192996978759766;0.0;1.2443307638168335;1.7115079164505005;1.2443307638168335;0.0;155.333251953125;300.20758056640625;155.333251953125;0.0
0.00922122597694397;0.00922122597694397;0.021120280027389526;0.0;1.2514967918395996;1.4485729932785034;1.2514967918395996;0.0;155.60890197753906;191.15972900390625;155.60890197753906;0.0
0.009254515171051025;0.009254515171051025;0.017072509974241257;0.0;1.2519882917404175;1.2519882917404175;1.4030771255493164;0.0;156.28457641601562;304.163330078125;156.28457641601562;0.0
0.00925453007221222;0.00925453007221222;0.02543291449546814;0.0;1.2527419328689575;1.3957027196884155;1.2527419328689575;0.0;156.59413146972656;303.38714599609375;156.59413146972656;0.0
0.009272217750549316;0.009272217750549316;0.024768531322479248;0.0;1.257972240447998;1.257972240447998;1.264094591140747;0.0;156.60841369628906;304.0411682128906;156.60841369628906;0.0
0.009293854236602783;0.009293854236602783;0.014785170555114746;0.0;1.259865164756775;1.5075156688690186;1.259865164756775;0.0;156.68759155273438;308.01617431640625;156.68759155273438;0.0
0.009326517581939697;0.009326517581939697;0.011995792388916016;0.0;1.2618805170059204;1.7300782203674316;1.2618805170059204;0.0;157.048095703125;316.46966552734375;157.048095703125;0.0
0.00933530181646347;0.00933530181646347;0.023010998964309692;0.0;1.2646781206130981;2.069728136062622;1.2646781206130981;0.0;157.1517333984375;275.58905029296875;157.1517333984375;0.0
0.009367942810058594;0.009367942810058594;0.0233306884765625;0.0;1.2651022672653198;1.3737317323684692;1.2651022672653198;0.0;157.4243927001953;246.82095336914062;157.4243927001953;0.0
0.00937071442604065;0.00937071442604065;0.0176965594291687;0.0;1.2683160305023193;1.2683160305023193;1.3793472051620483;0.0;158.3831787109375;288.3603515625;158.3831787109375;0.0
0.00941169261932373;0.00941169261932373;0.02237299084663391;0.0;1.2686285972595215;1.8945327997207642;1.2686285972595215;0.0;158.75375366210938;307.2269287109375;158.75375366210938;0.0
0.009412772953510284;0.009412772953510284;0.016425788402557373;0.0;1.272825837135315;1.6519867181777954;1.272825837135315;0.0;159.1865997314453;284.4635009765625;159.1865997314453;0.0
0.009415507316589355;0.009415507316589355;0.011275172233581543;0.0;1.2811026573181152;1.5820739269256592;1.2811026573181152;0.0;161.3832550048828;300.009765625;161.3832550048828;0.0
0.00942230224609375;0.00942230224609375;0.016266822814941406;0.0;1.283969759941101;1.4660086631774902;1.283969759941101;0.0;162.0333251953125;292.6369934082031;162.0333251953125;0.0
0.009450428187847137;0.009450428187847137;0.015697315335273743;0.0;1.2867565155029297;2.3979997634887695;1.2867565155029297;0.0;162.5463409423828;278.7969970703125;162.5463409423828;0.0
0.009454667568206787;0.009454667568206787;0.020030617713928223;0.0;1.287234902381897;1.602561593055725;1.287234902381897;0.0;162.94097900390625;299.1553955078125;162.94097900390625;0.0
0.009526640176773071;0.009526640176773071;0.019825905561447144;0.0;1.287675142288208;1.3483195304870605;1.287675142288208;0.0;163.45411682128906;277.85113525390625;163.45411682128906;0.0
0.009528398513793945;0.009528398513793945;0.015098512172698975;0.0;1.289135456085205;1.797850251197815;1.289135456085205;0.0;164.55287170410156;304.5853271484375;164.55287170410156;0.0
0.009536445140838623;0.009536445140838623;0.026027321815490723;0.0;1.2909449338912964;1.4811277389526367;1.2909449338912964;0.0;164.73251342773438;306.154296875;164.73251342773438;0.0
0.009549140930175781;0.009549140930175781;0.017251670360565186;0.0;1.292063593864441;2.5621886253356934;1.292063593864441;0.0;165.28077697753906;304.6440124511719;165.28077697753906;0.0
0.009552597999572754;0.009552597999572754;0.02405327558517456;0.0;1.2921364307403564;1.5180672407150269;1.2921364307403564;0.0;165.286376953125;309.841796875;165.286376953125;0.0
0.009573817253112793;0.009573817253112793;0.026999086141586304;0.0;1.2940908670425415;1.6024583578109741;1.2940908670425415;0.0;166.62350463867188;166.62350463867188;212.87847900390625;0.0
0.009615659713745117;0.009615659713745117;0.027135491371154785;0.0;1.2964608669281006;1.5549676418304443;1.2964608669281006;0.0;166.7235565185547;284.15484619140625;166.7235565185547;0.0
0.009618878364562988;0.009618878364562988;0.010747596621513367;0.0;1.305268406867981;2.2727630138397217;1.305268406867981;0.0;167.20285034179688;307.0096435546875;167.20285034179688;0.0
0.00962752103805542;0.00962752103805542;0.023658782243728638;0.0;1.3100746870040894;1.583849310874939;1.3100746870040894;0.0;167.9514923095703;290.6172180175781;167.9514923095703;0.0
0.00966113805770874;0.00966113805770874;0.014049828052520752;0.0;1.3120023012161255;1.6260722875595093;1.3120023012161255;0.0;168.06124877929688;311.16802978515625;168.06124877929688;0.0
0.0096779465675354;0.0096779465675354;0.01618020236492157;0.0;1.3147644996643066;1.4319138526916504;1.3147644996643066;0.0;168.4637908935547;303.7208557128906;168.4637908935547;0.0
0.009696409106254578;0.009696409106254578;0.020745396614074707;0.0;1.3150312900543213;1.663367748260498;1.3150312900543213;0.0;168.99612426757812;308.7215576171875;168.99612426757812;0.0
0.009704291820526123;0.009704291820526123;0.01289350539445877;0.0;1.315975308418274;2.220660448074341;1.315975308418274;0.0;169.81312561035156;308.4393310546875;169.81312561035156;0.0
0.009729266166687012;0.009729266166687012;0.011843323707580566;0.0;1.319010853767395;1.5930614471435547;1.319010853767395;0.0;170.3181610107422;302.24676513671875;170.3181610107422;0.0
0.009752355515956879;0.009752355515956879;0.011603385210037231;0.0;1.3241174221038818;2.6131398677825928;1.3241174221038818;0.0;171.08181762695312;293.9520263671875;171.08181762695312;0.0
0.009818613529205322;0.009818613529205322;0.015761300921440125;0.0;1.327533483505249;1.5273308753967285;1.327533483505249;0.0;171.1568603515625;312.0393981933594;171.1568603515625;0.0
0.009843170642852783;0.009843170642852783;0.02624906599521637;0.0;1.331523060798645;1.3698310852050781;1.331523060798645;0.0;171.3295440673828;312.72613525390625;171.3295440673828;0.0
0.009843617677688599;0.009843617677688599;0.018295690417289734;0.0;1.3333271741867065;1.9322030544281006;1.3333271741867065;0.0;171.8316650390625;171.8316650390625;174.47171020507812;0.0
0.00986027717590332;0.00986027717590332;0.013779163360595703;0.0;1.3341525793075562;1.5572997331619263;1.3341525793075562;0.0;172.10784912109375;210.12582397460938;172.10784912109375;0.0
0.00987154245376587;0.010052859783172607;0.00987154245376587;0.0;1.3382842540740967;1.6296614408493042;1.3382842540740967;0.0;172.66827392578125;312.67120361328125;172.66827392578125;0.0
0.009901821613311768;0.009901821613311768;0.020199477672576904;0.0;1.3417439460754395;1.8444479703903198;1.3417439460754395;0.0;173.4330596923828;311.54925537109375;173.4330596923828;0.0
0.009917974472045898;0.009917974472045898;0.013091802597045898;0.0;1.3452917337417603;1.5224263668060303;1.3452917337417603;0.0;175.13604736328125;302.40789794921875;175.13604736328125;0.0
0.009936481714248657;0.009936481714248657;0.025272995233535767;0.0;1.3453161716461182;1.992201328277588;1.3453161716461182;0.0;175.31236267089844;281.6166076660156;175.31236267089844;0.0
0.00995790958404541;0.010583162307739258;0.00995790958404541;0.0;1.3462721109390259;1.5188745260238647;1.3462721109390259;0.0;175.860595703125;310.1932067871094;175.860595703125;0.0
0.009965658187866211;0.009965658187866211;0.010859251022338867;0.0;1.3467676639556885;1.7889115810394287;1.3467676639556885;0.0;177.30865478515625;310.2314758300781;177.30865478515625;0.0
0.010019421577453613;0.010019421577453613;0.029106944799423218;0.0;1.3525760173797607;1.529793620109558;1.3525760173797607;0.0;177.46792602539062;312.7658996582031;177.46792602539062;0.0
0.010031282901763916;0.010031282901763916;0.023125380277633667;0.0;1.3525818586349487;1.8426235914230347;1.3525818586349487;0.0;178.48501586914062;307.3787841796875;178.48501586914062;0.0
0.010046005249023438;0.010046005249023438;0.01633518934249878;0.0;1.3536794185638428;1.5583754777908325;1.3536794185638428;0.0;180.49636840820312;296.652587890625;180.49636840820312;0.0
0.010115087032318115;0.010115087032318115;0.015626877546310425;0.0;1.356400966644287;1.745921015739441;1.356400966644287;0.0;180.56884765625;309.1419982910156;180.56884765625;0.0
0.010129004716873169;0.010129004716873169;0.022116288542747498;0.0;1.3574786186218262;1.9976787567138672;1.3574786186218262;0.0;181.04116821289062;308.49041748046875;181.04116821289062;0.0
0.010160267353057861;0.010160267353057861;0.025706112384796143;0.0;1.3576745986938477;2.423656463623047;1.3576745986938477;0.0;181.07916259765625;301.17578125;181.07916259765625;0.0
0.010183095932006836;0.010183095932006836;0.02988487482070923;0.0;1.3700969219207764;4.354453086853027;1.3700969219207764;0.0;181.7684326171875;257.0252685546875;181.7684326171875;0.0
0.010193191468715668;0.010193191468715668;0.01628780923783779;0.0;1.3713421821594238;1.7076237201690674;1.3713421821594238;0.0;182.52049255371094;307.6007995605469;182.52049255371094;0.0
0.010198235511779785;0.010198235511779785;0.010906055569648743;0.0;1.3719511032104492;1.7162784337997437;1.3719511032104492;0.0;182.58889770507812;298.8936767578125;182.58889770507812;0.0
0.010217621922492981;0.010217621922492981;0.016056418418884277;0.0;1.3726177215576172;3.328958749771118;1.3726177215576172;0.0;183.39859008789062;310.9055480957031;183.39859008789062;0.0
0.010226365178823471;0.010226365178823471;0.012939080595970154;0.0;1.3736282587051392;1.6816890239715576;1.3736282587051392;0.0;183.45664978027344;299.317138671875;183.45664978027344;0.0
0.010226845741271973;0.010226845741271973;0.01624668389558792;0.0;1.385606050491333;2.433288812637329;1.385606050491333;0.0;183.55455017089844;321.26910400390625;183.55455017089844;0.0
0.010227441787719727;0.010227441787719727;0.018696099519729614;0.0;1.3890851736068726;1.5114365816116333;1.3890851736068726;0.0;184.0118408203125;247.4438934326172;184.0118408203125;0.0
0.010234445333480835;0.010234445333480835;0.021281957626342773;0.0;1.393195629119873;1.4062516689300537;1.393195629119873;0.0;184.35220336914062;289.60064697265625;184.35220336914062;0.0
0.010258615016937256;0.010258615016937256;0.01539931446313858;0.0;1.3953005075454712;1.5390013456344604;1.3953005075454712;0.0;184.35821533203125;303.1893615722656;184.35821533203125;0.0
0.010283857583999634;0.010283857583999634;0.026172220706939697;0.0;1.4014228582382202;2.771008253097534;1.4014228582382202;0.0;185.26856994628906;311.0164794921875;185.26856994628906;0.0
0.010290771722793579;0.010290771722793579;0.021463453769683838;0.0;1.4022711515426636;2.9703006744384766;1.4022711515426636;0.0;185.46966552734375;296.35552978515625;185.46966552734375;0.0
0.010305225849151611;0.010305225849151611;0.02742627263069153;0.0;1.4029000997543335;3.0299184322357178;1.4029000997543335;0.0;185.78631591796875;308.56903076171875;185.78631591796875;0.0
0.010349631309509277;0.010349631309509277;0.01709619164466858;0.0;1.4029200077056885;1.5419402122497559;1.4029200077056885;0.0;186.82797241210938;295.5693664550781;186.82797241210938;0.0
0.010349631309509277;0.010349631309509277;0.038738369941711426;0.0;1.40718412399292;1.924453854560852;1.40718412399292;0.0;187.03662109375;285.36553955078125;187.03662109375;0.0
0.010350644588470459;0.010350644588470459;0.03257066011428833;0.0;1.4081249237060547;2.013516426086426;1.4081249237060547;0.0;187.38050842285156;276.05322265625;187.38050842285156;0.0
0.010362505912780762;0.010362505912780762;0.024647951126098633;0.0;1.4090604782104492;1.7635701894760132;1.4090604782104492;0.0;187.85516357421875;308.42584228515625;187.85516357421875;0.0
0.010368861258029938;0.010368861258029938;0.014753326773643494;0.0;1.4141274690628052;1.8822801113128662;1.4141274690628052;0.0;188.1457977294922;307.28692626953125;188.1457977294922;0.0
0.010436832904815674;0.010436832904815674;0.03953227400779724;0.0;1.4151567220687866;2.1146390438079834;1.4151567220687866;0.0;188.7899169921875;301.81109619140625;188.7899169921875;0.0
0.010493040084838867;0.010493040084838867;0.035385966300964355;0.0;1.4185371398925781;1.696847915649414;1.4185371398925781;0.0;189.36306762695312;300.5570068359375;189.36306762695312;0.0
0.010539710521697998;0.010539710521697998;0.02826288342475891;0.0;1.4204845428466797;1.8416656255722046;1.4204845428466797;0.0;189.71466064453125;306.0671691894531;189.71466064453125;0.0
0.010545909404754639;0.010545909404754639;0.02615135908126831;0.0;1.4218134880065918;2.075768232345581;1.4218134880065918;0.0;192.4400634765625;303.29522705078125;192.4400634765625;0.0
0.01068471372127533;0.01068471372127533;0.037228018045425415;0.0;1.4268933534622192;1.8939695358276367;1.4268933534622192;0.0;192.5515594482422;311.5254211425781;192.5515594482422;0.0
0.01070171594619751;0.01070171594619751;0.029400236904621124;0.0;1.427010178565979;1.6189730167388916;1.427010178565979;0.0;192.596435546875;282.0975341796875;192.596435546875;0.0
0.0107031911611557;0.0107031911611557;0.015772566199302673;0.0;1.4317553043365479;1.931788682937622;1.4317553043365479;0.0;192.79202270507812;272.161376953125;192.79202270507812;0.0
0.010717332363128662;0.010717332363128662;0.017986059188842773;0.0;1.4321454763412476;1.635669469833374;1.4321454763412476;0.0;193.68077087402344;310.5615234375;193.68077087402344;0.0
0.010749783366918564;0.010749783366918564;0.020033597946166992;0.0;1.4330246448516846;2.0251710414886475;1.4330246448516846;0.0;194.67572021484375;314.0362548828125;194.67572021484375;0.0
0.010813474655151367;0.010813474655151367;0.013276651501655579;0.0;1.4423773288726807;1.6547904014587402;1.4423773288726807;0.0;195.09527587890625;195.09527587890625;313.8753662109375;0.0
0.010849446058273315;0.010849446058273315;0.016343235969543457;0.0;1.4438953399658203;1.5414338111877441;1.4438953399658203;0.0;196.7569580078125;297.2591552734375;196.7569580078125;0.0
0.010875701904296875;0.010875701904296875;0.020401906222105026;0.0;1.4440876245498657;1.9716554880142212;1.4440876245498657;0.0;197.33938598632812;285.8569641113281;197.33938598632812;0.0
0.010897316038608551;0.010897316038608551;0.02297985553741455;0.0;1.446183681488037;2.1384527683258057;1.446183681488037;0.0;197.3638916015625;287.09161376953125;197.3638916015625;0.0
0.010968714952468872;0.010968714952468872;0.01728150248527527;0.0;1.4464631080627441;1.69270920753479;1.4464631080627441;0.0;197.9742431640625;298.12469482421875;197.9742431640625;0.0
0.010987341403961182;0.010987341403961182;0.025183871388435364;0.0;1.4467809200286865;3.6941866874694824;1.4467809200286865;0.0;198.3621368408203;305.11187744140625;198.3621368408203;0.0
0.011022806167602539;0.011022806167602539;0.03273165225982666;0.0;1.4536848068237305;2.5059502124786377;1.4536848068237305;0.0;198.53329467773438;302.79400634765625;198.53329467773438;0.0
0.011061877012252808;0.011061877012252808;0.013616383075714111;0.0;1.4553953409194946;2.265202045440674;1.4553953409194946;0.0;198.75942993164062;278.4613342285156;198.75942993164062;0.0
0.011100590229034424;0.011100590229034424;0.012268394231796265;0.0;1.4577754735946655;1.781028151512146;1.4577754735946655;0.0;199.84104919433594;299.40167236328125;199.84104919433594;0.0
0.011126220226287842;0.011126220226287842;0.028723716735839844;0.0;1.4601142406463623;2.7674083709716797;1.4601142406463623;0.0;200.64935302734375;295.07073974609375;200.64935302734375;0.0
0.011128708720207214;0.011128708720207214;0.01572636514902115;0.0;1.4638067483901978;1.7293636798858643;1.4638067483901978;0.0;200.66848754882812;289.0193176269531;200.66848754882812;0.0
0.011178195476531982;0.011178195476531982;0.029199212789535522;0.0;1.464138388633728;1.571302056312561;1.464138388633728;0.0;200.8162841796875;314.84466552734375;200.8162841796875;0.0
0.01121203601360321;0.01121203601360321;0.014254331588745117;0.0;1.4682115316390991;1.8417431116104126;1.4682115316390991;0.0;202.00933837890625;303.1129150390625;202.00933837890625;0.0
0.011303815990686417;0.011303815990686417;0.0232047438621521;0.0;1.4683277606964111;1.537192702293396;1.4683277606964111;0.0;202.26766967773438;306.835693359375;202.26766967773438;0.0
0.011309146881103516;0.011309146881103516;0.031326740980148315;0.0;1.4830843210220337;1.6441689729690552;1.4830843210220337;0.0;202.54327392578125;202.54327392578125;341.50775146484375;0.0
0.011370599269866943;0.011370599269866943;0.020290613174438477;0.0;1.4873499870300293;1.7911872863769531;1.4873499870300293;0.0;203.84671020507812;203.84671020507812;399.4375915527344;0.0
0.011424750089645386;0.011424750089645386;0.018967214971780777;0.0;1.489038109779358;2.0597188472747803;1.489038109779358;0.0;203.91815185546875;308.07086181640625;203.91815185546875;0.0
0.011483103036880493;0.011483103036880493;0.023099303245544434;0.0;1.492608904838562;2.5925910472869873;1.492608904838562;0.0;204.29779052734375;260.8429870605469;204.29779052734375;0.0
0.011489391326904297;0.011489391326904297;0.03762209415435791;0.0;1.4940341711044312;2.8643271923065186;1.4940341711044312;0.0;205.62527465820312;312.4684143066406;205.62527465820312;0.0
0.011516153812408447;0.011516153812408447;0.046858638525009155;0.0;1.4948718547821045;1.7586110830307007;1.4948718547821045;0.0;208.27442932128906;295.0965576171875;208.27442932128906;0.0
0.011525571346282959;0.011525571346282959;0.01633874885737896;0.0;1.499997615814209;1.9940778017044067;1.499997615814209;0.0;208.63406372070312;301.43133544921875;208.63406372070312;0.0
0.011543512344360352;0.011543512344360352;0.014895081520080566;0.0;1.5003321170806885;1.9976788759231567;1.5003321170806885;0.0;208.9163818359375;314.9631042480469;208.9163818359375;0.0
0.011597633361816406;0.011597633361816406;0.026140272617340088;0.0;1.5010731220245361;1.5010731220245361;3.716536045074463;0.0;209.4588623046875;308.6457214355469;209.4588623046875;0.0
0.011601299047470093;0.011601299047470093;0.022721529006958008;0.0;1.5014069080352783;2.1893270015716553;1.5014069080352783;0.0;210.2834930419922;302.9374084472656;210.2834930419922;0.0
0.011622190475463867;0.011622190475463867;0.023986339569091797;0.0;1.5126903057098389;2.4553725719451904;1.5126903057098389;0.0;211.25094604492188;293.6086120605469;211.25094604492188;0.0
0.011622369289398193;0.011622369289398193;0.014895886182785034;0.0;1.5145987272262573;1.9040321111679077;1.5145987272262573;0.0;211.9981689453125;308.93927001953125;211.9981689453125;0.0
0.011730968952178955;0.011730968952178955;0.013572335243225098;0.0;1.5148646831512451;2.6536710262298584;1.5148646831512451;0.0;212.06411743164062;310.1343078613281;212.06411743164062;0.0
0.0118388831615448;0.0118388831615448;0.028067074716091156;0.0;1.5208051204681396;3.980412483215332;1.5208051204681396;0.0;214.0880889892578;304.87994384765625;214.0880889892578;0.0
0.011876463890075684;0.011876463890075684;0.03345829248428345;0.0;1.521804928779602;2.331566333770752;1.521804928779602;0.0;214.39273071289062;307.2862548828125;214.39273071289062;0.0
0.01197025179862976;0.01197025179862976;0.040194928646087646;0.0;1.5241364240646362;2.635586977005005;1.5241364240646362;0.0;215.07894897460938;273.14093017578125;215.07894897460938;0.0
0.011973023414611816;0.011973023414611816;0.028238773345947266;0.0;1.5245453119277954;1.5245453119277954;1.8097403049468994;0.0;215.91627502441406;303.8431396484375;215.91627502441406;0.0
0.011977612972259521;0.011977612972259521;0.031804025173187256;0.0;1.5306074619293213;2.251267433166504;1.5306074619293213;0.0;216.47586059570312;292.2350769042969;216.47586059570312;0.0
0.012003600597381592;0.012003600597381592;0.020501673221588135;0.0;1.5315625667572021;2.6766793727874756;1.5315625667572021;0.0;217.24148559570312;302.8272705078125;217.24148559570312;0.0
0.012011706829071045;0.012011706829071045;0.0256536602973938;0.0;1.5321464538574219;2.3117387294769287;1.5321464538574219;0.0;217.65780639648438;302.6658935546875;217.65780639648438;0.0
0.012014530599117279;0.012014530599117279;0.022291719913482666;0.0;1.5379836559295654;1.5379836559295654;1.5699517726898193;0.0;217.89395141601562;302.92291259765625;217.89395141601562;0.0
0.012047052383422852;0.012047052383422852;0.027029335498809814;0.0;1.5387922525405884;3.227936267852783;1.5387922525405884;0.0;218.5547637939453;297.51177978515625;218.5547637939453;0.0
0.012085527181625366;0.012085527181625366;0.026988685131072998;0.0;1.5396438837051392;1.570315957069397;1.5396438837051392;0.0;219.96783447265625;219.96783447265625;310.0333557128906;0.0
0.01211923360824585;0.01211923360824585;0.019227325916290283;0.0;1.5406004190444946;1.9615930318832397;1.5406004190444946;0.0;220.07601928710938;220.07601928710938;245.43128967285156;0.0
0.012125343084335327;0.012125343084335327;0.03867703676223755;0.0;1.5464801788330078;1.7463603019714355;1.5464801788330078;0.0;222.76223754882812;304.0833740234375;222.76223754882812;0.0
0.012170135974884033;0.012170135974884033;0.03941643238067627;0.0;1.5465689897537231;1.5523465871810913;1.5465689897537231;0.0;224.2090606689453;270.0393981933594;224.2090606689453;0.0
0.012238174676895142;0.012238174676895142;0.01986079290509224;0.0;1.5486321449279785;2.429161787033081;1.5486321449279785;0.0;224.7191162109375;304.7367248535156;224.7191162109375;0.0
0.01232871413230896;0.01232871413230896;0.05522822588682175;0.0;1.55789053440094;2.33665132522583;1.55789053440094;0.0;226.121826171875;226.121826171875;1230.5885009765625;0.0
0.012365996837615967;0.012365996837615967;0.0340273380279541;0.0;1.5601218938827515;2.206207513809204;1.5601218938827515;0.0;228.74954223632812;312.20294189453125;228.74954223632812;0.0
0.01238250732421875;0.01238250732421875;0.020689785480499268;0.0;1.5631057024002075;3.557258129119873;1.5631057024002075;0.0;231.033447265625;231.033447265625;262.55462646484375;0.0
0.012426972389221191;0.012426972389221191;0.02073448896408081;0.0;1.5645663738250732;2.6963064670562744;1.5645663738250732;0.0;231.46629333496094;231.46629333496094;268.1163330078125;0.0
0.012505769729614258;0.012505769729614258;0.02447032928466797;0.0;1.5660451650619507;2.147012710571289;1.5660451650619507;0.0;233.32449340820312;290.22906494140625;233.32449340820312;0.0
0.012611687183380127;0.012611687183380127;0.02574390172958374;0.0;1.567931890487671;1.8256421089172363;1.567931890487671;0.0;234.73092651367188;302.9078369140625;234.73092651367188;0.0
0.012721136212348938;0.012721136212348938;0.023463964462280273;0.0;1.5740283727645874;2.3805809020996094;1.5740283727645874;0.0;237.3123321533203;307.67156982421875;237.3123321533203;0.0
0.012737095355987549;0.012737095355987549;0.013293594121932983;0.0;1.5783716440200806;2.241123914718628;1.5783716440200806;0.0;239.06427001953125;285.1922607421875;239.06427001953125;0.0
0.012804388999938965;0.012804388999938965;0.04015606641769409;0.0;1.5807825326919556;2.8545310497283936;1.5807825326919556;0.0;239.15570068359375;297.151123046875;239.15570068359375;0.0
0.012864485383033752;0.012864485383033752;0.03664505481719971;0.0;1.5879831314086914;1.8654682636260986;1.5879831314086914;0.0;240.5675048828125;295.5269470214844;240.5675048828125;0.0
0.012984812259674072;0.012984812259674072;0.021210670471191406;0.0;1.592092752456665;2.2407498359680176;1.592092752456665;0.0;241.73117065429688;299.2027893066406;241.73117065429688;0.0
0.012988865375518799;0.012988865375518799;0.025499820709228516;0.0;1.5985794067382812;4.458127498626709;1.5985794067382812;0.0;245.47779846191406;308.81829833984375;245.47779846191406;0.0
0.013002634048461914;0.013002634048461914;0.01624453067779541;0.0;1.602414846420288;2.0283203125;1.602414846420288;0.0;245.49525451660156;297.46875;245.49525451660156;0.0
0.013018429279327393;0.013018429279327393;0.025912269949913025;0.0;1.6040115356445312;2.3588943481445312;1.6040115356445312;0.0;248.10556030273438;293.55633544921875;248.10556030273438;0.0
0.013049691915512085;0.013049691915512085;0.03316587209701538;0.0;1.6043009757995605;2.37508487701416;1.6043009757995605;0.0;249.30242919921875;293.44549560546875;249.30242919921875;0.0
0.01309078186750412;0.018071532249450684;0.01309078186750412;0.0;1.6149669885635376;1.6149669885635376;1.6921035051345825;0.0;250.42039489746094;319.121337890625;250.42039489746094;0.0
0.01311790943145752;0.01311790943145752;0.0179356187582016;0.0;1.6169465780258179;1.9307020902633667;1.6169465780258179;0.0;253.5027313232422;311.89031982421875;253.5027313232422;0.0
0.013185083866119385;0.013185083866119385;0.051201045513153076;0.0;1.6212574243545532;1.6497440338134766;1.6212574243545532;0.0;254.1039581298828;304.0084533691406;254.1039581298828;0.0
0.013249516487121582;0.01411736011505127;0.013249516487121582;0.0;1.623439908027649;2.3858871459960938;1.623439908027649;0.0;254.41314697265625;307.326904296875;254.41314697265625;0.0
0.013310074806213379;0.013310074806213379;0.030831634998321533;0.0;1.6268353462219238;2.416752815246582;1.6268353462219238;0.0;255.6633758544922;308.41082763671875;255.6633758544922;0.0
0.013312160968780518;0.013312160968780518;0.02547118067741394;0.0;1.6336420774459839;1.9570767879486084;1.6336420774459839;0.0;261.493896484375;315.1265869140625;261.493896484375;0.0
0.013330578804016113;0.013330578804016113;0.03167027235031128;0.0;1.6378965377807617;1.6378965377807617;1.851683259010315;0.0;262.94183349609375;296.0491027832031;262.94183349609375;0.0
0.013337194919586182;0.013337194919586182;0.023861050605773926;0.0;1.6399415731430054;1.8472543954849243;1.6399415731430054;0.0;264.10595703125;313.4443054199219;264.10595703125;0.0
0.013394653797149658;0.013394653797149658;0.01883438229560852;0.0;1.6457277536392212;1.8616970777511597;1.6457277536392212;0.0;264.4414978027344;307.9569091796875;264.4414978027344;0.0
0.013408929109573364;0.013408929109573364;0.019080400466918945;0.0;1.6463109254837036;1.6463109254837036;1.7152557373046875;0.0;264.90570068359375;297.439208984375;264.90570068359375;0.0
0.01346588134765625;0.01346588134765625;0.032170116901397705;0.0;1.652291178703308;3.357919216156006;1.652291178703308;0.0;265.0771789550781;293.5887451171875;265.0771789550781;0.0
0.013503730297088623;0.013503730297088623;0.02242497354745865;0.0;1.6557438373565674;2.643162250518799;1.6557438373565674;0.0;267.738525390625;283.23468017578125;267.738525390625;0.0
0.013534754514694214;0.013534754514694214;0.014267265796661377;0.0;1.6571154594421387;2.7513062953948975;1.6571154594421387;0.0;272.0118408203125;208.80181884765625;272.0118408203125;0.0
0.013646528124809265;0.013646528124809265;0.03792247176170349;0.0;1.6573185920715332;1.7703275680541992;1.6573185920715332;0.0;286.4700927734375;253.99609375;286.4700927734375;0.0
0.013651132583618164;0.014539539813995361;0.013651132583618164;0.0;1.6591624021530151;3.687211275100708;1.6591624021530151;0.0;289.48968505859375;302.5867919921875;289.48968505859375;0.0
0.013702809810638428;0.013702809810638428;0.034945547580718994;0.0;1.6611027717590332;1.9621551036834717;1.6611027717590332;0.0;289.51129150390625;272.67572021484375;289.51129150390625;0.0
0.013703614473342896;0.013703614473342896;0.03202098608016968;0.0;1.6623833179473877;2.355797290802002;1.6623833179473877;0.0;290.9356689453125;314.18865966796875;290.9356689453125;0.0
0.013801932334899902;0.013801932334899902;0.03102917969226837;0.0;1.6661856174468994;3.71232008934021;1.6661856174468994;0.0;294.04669189453125;304.3516540527344;294.04669189453125;0.0
0.01381276547908783;0.01381276547908783;0.038546741008758545;0.0;1.6711972951889038;2.4499685764312744;1.6711972951889038;0.0;295.1054992675781;300.05694580078125;295.1054992675781;0.0
0.013842761516571045;0.013842761516571045;0.04835778474807739;0.0;1.6737639904022217;2.1526832580566406;1.6737639904022217;0.0;298.63018798828125;283.53466796875;298.63018798828125;0.0
0.013937294483184814;0.013937294483184814;0.024992644786834717;0.0;1.6745127439498901;2.382957935333252;1.6745127439498901;0.0;299.4622802734375;288.13427734375;299.4622802734375;0.0
0.013958454132080078;0.013958454132080078;0.024947285652160645;0.0;1.675185203552246;3.262636661529541;1.675185203552246;0.0;303.99249267578125;295.89093017578125;303.99249267578125;0.0
0.014038383960723877;0.014038383960723877;0.028724834322929382;0.0;1.6783334016799927;1.9015775918960571;1.6783334016799927;0.0;304.99493408203125;297.56793212890625;304.99493408203125;0.0
0.014107108116149902;0.014107108116149902;0.01952570676803589;0.0;1.679543375968933;1.934245228767395;1.679543375968933;0.0;305.9783935546875;306.49267578125;305.9783935546875;0.0
0.01412355899810791;0.01412355899810791;0.01747441291809082;0.0;1.6831769943237305;1.72768235206604;1.6831769943237305;0.0;309.411376953125;286.3410949707031;309.411376953125;0.0
0.014238700270652771;0.014238700270652771;0.023636437952518463;0.0;1.683827519416809;1.9227325916290283;1.683827519416809;0.0;310.4677429199219;295.2105407714844;310.4677429199219;0.0
0.014267802238464355;0.014267802238464355;0.01806032657623291;0.0;1.6853748559951782;2.283177375793457;1.6853748559951782;0.0;311.7811279296875;304.60870361328125;311.7811279296875;0.0
0.014355659484863281;0.014355659484863281;0.03673744201660156;0.0;1.6871355772018433;3.518394947052002;1.6871355772018433;0.0;314.7082214355469;292.85211181640625;314.7082214355469;0.0
0.014386594295501709;0.014386594295501709;0.027688950300216675;0.0;1.687177062034607;2.2534878253936768;1.687177062034607;0.0;315.42333984375;306.92742919921875;315.42333984375;0.0
0.014483213424682617;0.014483213424682617;0.016681551933288574;0.0;1.689862847328186;2.1457207202911377;1.689862847328186;0.0;316.26593017578125;276.66265869140625;316.26593017578125;0.0
0.014513731002807617;0.014513731002807617;0.021131128072738647;0.0;1.6925445795059204;3.314056396484375;1.6925445795059204;0.0;317.20391845703125;313.06561279296875;317.20391845703125;0.0
0.014542102813720703;0.014542102813720703;0.06235629320144653;0.0;1.6939821243286133;2.832613468170166;1.6939821243286133;0.0;318.2509765625;292.51324462890625;318.2509765625;0.0
0.014565110206604004;0.014565110206604004;0.017974846065044403;0.0;1.7082690000534058;2.3729794025421143;1.7082690000534058;0.0;319.7208251953125;312.5523681640625;319.7208251953125;0.0
0.014657169580459595;0.014657169580459595;0.029893338680267334;0.0;1.7096941471099854;1.8868529796600342;1.7096941471099854;0.0;327.28076171875;286.6541748046875;327.28076171875;0.0
0.01469278335571289;0.01469278335571289;0.03667348623275757;0.0;1.7117031812667847;1.7117031812667847;2.056652307510376;0.0;327.68304443359375;283.24066162109375;327.68304443359375;0.0
0.014775693416595459;0.014775693416595459;0.03721889853477478;0.0;1.713041067123413;1.9813344478607178;1.713041067123413;0.0;329.986328125;258.0784606933594;329.986328125;0.0
0.014781787991523743;0.014781787991523743;0.022886186838150024;0.0;1.7214585542678833;2.064580202102661;1.7214585542678833;0.0;332.9924011230469;281.219482421875;332.9924011230469;0.0
0.01484227180480957;0.01484227180480957;0.02978166937828064;0.0;1.7256442308425903;3.547970771789551;1.7256442308425903;0.0;333.98333740234375;288.3406066894531;333.98333740234375;0.0
0.0149003267288208;0.0149003267288208;0.032743602991104126;0.0;1.7271649837493896;2.56113600730896;1.7271649837493896;0.0;336.6243896484375;284.5258483886719;336.6243896484375;0.0
0.014959931373596191;0.014959931373596191;0.04360780119895935;0.0;1.7340545654296875;1.9889373779296875;1.7340545654296875;0.0;343.62750244140625;274.68548583984375;343.62750244140625;0.0
0.014963150024414062;0.014963150024414062;0.05753245949745178;0.0;1.7355444431304932;2.163362503051758;1.7355444431304932;0.0;343.7571105957031;291.154052734375;343.7571105957031;0.0
0.014995217323303223;0.014995217323303223;0.018496334552764893;0.0;1.7396442890167236;2.5039918422698975;1.7396442890167236;0.0;344.119140625;296.0649719238281;344.119140625;0.0
0.01499556377530098;0.01499556377530098;0.0298306941986084;0.0;1.7405242919921875;4.197441577911377;1.7405242919921875;0.0;345.5763854980469;255.24119567871094;345.5763854980469;0.0
0.015040755271911621;0.015040755271911621;0.03300517797470093;0.0;1.7447552680969238;2.1022114753723145;1.7447552680969238;0.0;349.0705261230469;278.4858703613281;349.0705261230469;0.0
0.015058368444442749;0.015058368444442749;0.039948396384716034;0.0;1.7585557699203491;1.9497685432434082;1.7585557699203491;0.0;349.30511474609375;298.39312744140625;349.30511474609375;0.0
0.015062868595123291;0.015062868595123291;0.01749548316001892;0.0;1.7603121995925903;1.9568125009536743;1.7603121995925903;0.0;357.0246276855469;308.541259765625;357.0246276855469;0.0
0.015201926231384277;0.015201926231384277;0.01629769802093506;0.0;1.7682843208312988;2.4116899967193604;1.7682843208312988;0.0;358.73822021484375;302.28900146484375;358.73822021484375;0.0
0.015260636806488037;0.015260636806488037;0.03609061241149902;0.0;1.7733246088027954;2.7963333129882812;1.7733246088027954;0.0;365.75421142578125;311.5157470703125;365.75421142578125;0.0
0.015271425247192383;0.015271425247192383;0.041182518005371094;0.0;1.7739923000335693;2.432124137878418;1.7739923000335693;0.0;367.511962890625;293.08203125;367.511962890625;0.0
0.015318870544433594;0.015318870544433594;0.0319787859916687;0.0;1.7916234731674194;1.7916234731674194;1.830879807472229;0.0;372.89276123046875;316.26312255859375;372.89276123046875;0.0
0.01534271240234375;0.01534271240234375;0.019234001636505127;0.0;1.808450698852539;3.3206675052642822;1.808450698852539;0.0;374.22021484375;311.5444641113281;374.22021484375;0.0
0.01535750925540924;0.01535750925540924;0.020351648330688477;0.0;1.8131747245788574;1.9125218391418457;1.8131747245788574;0.0;378.7763671875;314.76361083984375;378.7763671875;0.0
0.01542845368385315;0.01542845368385315;0.04698604345321655;0.0;1.8139140605926514;3.201286554336548;1.8139140605926514;0.0;380.29095458984375;314.26580810546875;380.29095458984375;0.0
0.015468299388885498;0.015468299388885498;0.017733514308929443;0.0;1.814737319946289;4.386195659637451;1.814737319946289;0.0;383.22149658203125;307.82159423828125;383.22149658203125;0.0
0.015728341415524483;0.015728341415524483;0.023065999150276184;0.0;1.8149809837341309;3.11814284324646;1.8149809837341309;0.0;386.6979064941406;290.1404113769531;386.6979064941406;0.0
0.01584044098854065;0.01584044098854065;0.02532815933227539;0.0;1.8190337419509888;2.3826093673706055;1.8190337419509888;0.0;397.6427001953125;244.97195434570312;397.6427001953125;0.0
0.015928566455841064;0.015928566455841064;0.0392037034034729;0.0;1.8193895816802979;3.3477351665496826;1.8193895816802979;0.0;398.9755859375;285.3323974609375;398.9755859375;0.0
0.015979446470737457;0.015979446470737457;0.0457645058631897;0.0;1.8229554891586304;3.012981414794922;1.8229554891586304;0.0;400.87921142578125;313.11846923828125;400.87921142578125;0.0
0.016055569052696228;0.016055569052696228;0.039116114377975464;0.0;1.8304545879364014;1.8304545879364014;1.8526378870010376;0.0;402.05230712890625;298.9529724121094;402.05230712890625;0.0
0.01607629656791687;0.01607629656791687;0.03056354820728302;0.0;1.8453752994537354;1.8453752994537354;1.94754159450531;0.0;408.477294921875;301.2855224609375;408.477294921875;0.0
0.016079723834991455;0.016079723834991455;0.01806451380252838;0.0;1.8487187623977661;2.80556321144104;1.8487187623977661;0.0;422.0577697753906;274.6355285644531;422.0577697753906;0.0
0.016108274459838867;0.016108274459838867;0.04731327295303345;0.0;1.8522400856018066;1.9161198139190674;1.8522400856018066;0.0;432.4366455078125;311.7098388671875;432.4366455078125;0.0
0.016273200511932373;0.016273200511932373;0.02314818650484085;0.0;1.8569920063018799;2.7110111713409424;1.8569920063018799;0.0;436.39990234375;310.5885314941406;436.39990234375;0.0
0.01628696918487549;0.01628696918487549;0.05133494734764099;0.0;1.8571557998657227;2.726534843444824;1.8571557998657227;0.0;437.3007507324219;313.672607421875;437.3007507324219;0.0
0.016523167490959167;0.016523167490959167;0.04393702745437622;0.0;1.8575929403305054;2.6969895362854004;1.8575929403305054;0.0;441.9149169921875;275.49468994140625;441.9149169921875;0.0
0.01657414436340332;0.01657414436340332;0.021609604358673096;0.0;1.86015784740448;2.416203737258911;1.86015784740448;0.0;445.3174133300781;309.5828552246094;445.3174133300781;0.0
0.01657688617706299;0.01657688617706299;0.02881723642349243;0.0;1.864471673965454;2.9815280437469482;1.864471673965454;0.0;448.460205078125;310.51568603515625;448.460205078125;0.0
0.016631364822387695;0.016631364822387695;0.021884173154830933;0.0;1.8649859428405762;2.555339813232422;1.8649859428405762;0.0;451.4600830078125;291.01361083984375;451.4600830078125;0.0
0.016642510890960693;0.016642510890960693;0.04691284894943237;0.0;1.8677951097488403;1.9995899200439453;1.8677951097488403;0.0;453.24517822265625;297.2533874511719;453.24517822265625;0.0
0.016670316457748413;0.017383217811584473;0.016670316457748413;0.0;1.8782105445861816;4.383832931518555;1.8782105445861816;0.0;453.96038818359375;309.55621337890625;453.96038818359375;0.0
0.01668715476989746;0.01668715476989746;0.052118122577667236;0.0;1.88154935836792;2.6947336196899414;1.88154935836792;0.0;457.6984558105469;312.59661865234375;457.6984558105469;0.0
0.016697466373443604;0.016697466373443604;0.030427932739257812;0.0;1.8830957412719727;3.1660523414611816;1.8830957412719727;0.0;459.17401123046875;307.0776672363281;459.17401123046875;0.0
0.016708552837371826;0.016708552837371826;0.02038326859474182;0.0;1.885910153388977;2.8915717601776123;1.885910153388977;0.0;459.8168640136719;307.3100280761719;459.8168640136719;0.0
0.016746073961257935;0.016746073961257935;0.019733190536499023;0.0;1.8867698907852173;2.5904152393341064;1.8867698907852173;0.0;461.02374267578125;306.15899658203125;461.02374267578125;0.0
0.016747236251831055;0.016747236251831055;0.03872579336166382;0.0;1.8894073963165283;3.975137948989868;1.8894073963165283;0.0;462.1941833496094;286.95550537109375;462.1941833496094;0.0
0.01688361167907715;0.01688361167907715;0.036891669034957886;0.0;1.8928574323654175;2.3607773780822754;1.8928574323654175;0.0;466.89373779296875;308.3319091796875;466.89373779296875;0.0
0.016926705837249756;0.016926705837249756;0.05650588497519493;0.0;1.8977967500686646;2.3596608638763428;1.8977967500686646;0.0;474.53521728515625;316.9580383300781;474.53521728515625;0.0
0.01704949140548706;0.01704949140548706;0.028339803218841553;0.0;1.9005634784698486;2.842635154724121;1.9005634784698486;0.0;486.8848876953125;300.90972900390625;486.8848876953125;0.0
0.017089396715164185;0.017089396715164185;0.051449984312057495;0.0;1.9012837409973145;2.1865856647491455;1.9012837409973145;0.0;490.1873779296875;312.627197265625;490.1873779296875;0.0
0.01712554693222046;0.01712554693222046;0.022625282406806946;0.0;1.9127055406570435;2.640852689743042;1.9127055406570435;0.0;491.005126953125;212.15597534179688;491.005126953125;0.0
0.017147541046142578;0.01715448498725891;0.017147541046142578;0.0;1.9145082235336304;2.7176222801208496;1.9145082235336304;0.0;491.305908203125;303.3080749511719;491.305908203125;0.0
0.017227619886398315;0.017227619886398315;0.028042644262313843;0.0;1.9196946620941162;1.9994347095489502;1.9196946620941162;0.0;491.45648193359375;316.545654296875;491.45648193359375;0.0
0.017294108867645264;0.017294108867645264;0.059082865715026855;0.0;1.9233609437942505;2.66268253326416;1.9233609437942505;0.0;492.43255615234375;319.268310546875;492.43255615234375;0.0
0.017343759536743164;0.017343759536743164;0.025528162717819214;0.0;1.923923373222351;3.1418447494506836;1.923923373222351;0.0;494.3172302246094;307.7470703125;494.3172302246094;0.0
0.017468899488449097;0.017468899488449097;0.038845837116241455;0.0;1.93019437789917;2.5994274616241455;1.93019437789917;0.0;503.71942138671875;314.47698974609375;503.71942138671875;0.0
0.017604321241378784;0.017604321241378784;0.03598332405090332;0.0;1.9354987144470215;1.9354987144470215;2.0933597087860107;0.0;506.6151123046875;261.0568542480469;506.6151123046875;0.0
0.017626821994781494;0.017626821994781494;0.03487926721572876;0.0;1.9440712928771973;3.5957000255584717;1.9440712928771973;0.0;512.0392456054688;301.40350341796875;512.0392456054688;0.0
0.017717361450195312;0.017717361450195312;0.03744328022003174;0.0;1.9465631246566772;2.8692526817321777;1.9465631246566772;0.0;512.1971435546875;299.20947265625;512.1971435546875;0.0
0.01797574758529663;0.01797574758529663;0.03889428824186325;0.0;1.9620286226272583;4.844013214111328;1.9620286226272583;0.0;512.24169921875;312.9246520996094;512.24169921875;0.0
0.017976777628064156;0.019481439143419266;0.017976777628064156;0.0;1.9640556573867798;2.6692235469818115;1.9640556573867798;0.0;514.7088012695312;314.19708251953125;514.7088012695312;0.0
0.01799789071083069;0.01799789071083069;0.06703251600265503;0.0;1.9665534496307373;3.283479690551758;1.9665534496307373;0.0;515.8699951171875;310.3646545410156;515.8699951171875;0.0
0.018035978078842163;0.018035978078842163;0.02712264657020569;0.0;1.9682756662368774;2.8881306648254395;1.9682756662368774;0.0;516.4876098632812;308.5721740722656;516.4876098632812;0.0
0.018255285918712616;0.018255285918712616;0.025330662727355957;0.0;1.987453818321228;2.8433187007904053;1.987453818321228;0.0;518.770263671875;316.8104248046875;518.770263671875;0.0
0.01829242706298828;0.01829242706298828;0.02691972255706787;0.0;1.9918859004974365;2.5187931060791016;1.9918859004974365;0.0;522.2111206054688;295.43255615234375;522.2111206054688;0.0
0.018325448036193848;0.018325448036193848;0.040968120098114014;0.0;1.9924010038375854;1.9924010038375854;2.0353095531463623;0.0;524.2898559570312;307.5406799316406;524.2898559570312;0.0
0.018356382846832275;0.018356382846832275;0.03945666551589966;0.0;1.996011734008789;2.5283000469207764;1.996011734008789;0.0;534.263671875;305.989013671875;534.263671875;0.0
0.018428146839141846;0.018428146839141846;0.02955305576324463;0.0;1.9985060691833496;1.9985060691833496;2.1364336013793945;0.0;543.2781982421875;301.25128173828125;543.2781982421875;0.0
0.0184553861618042;0.0184553861618042;0.028206881135702133;0.0;2.0022101402282715;3.561143636703491;2.0022101402282715;0.0;549.189697265625;304.5693359375;549.189697265625;0.0
0.01852169632911682;0.01852169632911682;0.04426628351211548;0.0;2.0165042877197266;2.448620080947876;2.0165042877197266;0.0;552.9228515625;308.3006591796875;552.9228515625;0.0
0.01865212619304657;0.01865212619304657;0.036586761474609375;0.0;2.0215210914611816;2.9984543323516846;2.0215210914611816;0.0;553.7767333984375;307.5650634765625;553.7767333984375;0.0
0.018653273582458496;0.018653273582458496;0.03236508369445801;0.0;2.0269219875335693;4.30237340927124;2.0269219875335693;0.0;556.2313842773438;304.0634765625;556.2313842773438;0.0
0.01897484064102173;0.01897484064102173;0.03629252314567566;0.0;2.0293397903442383;2.632514715194702;2.0293397903442383;0.0;559.99853515625;274.13006591796875;559.99853515625;0.0
0.0190659761428833;0.0190659761428833;0.06358012557029724;0.0;2.0355942249298096;2.456763982772827;2.0355942249298096;0.0;562.9122314453125;240.5657196044922;562.9122314453125;0.0
0.019172728061676025;0.019172728061676025;0.050940752029418945;0.0;2.046201229095459;3.693795919418335;2.046201229095459;0.0;570.5189819335938;298.83709716796875;570.5189819335938;0.0
0.01917429268360138;0.01917429268360138;0.02620798349380493;0.0;2.048657178878784;3.4012370109558105;2.048657178878784;0.0;572.122802734375;295.4905700683594;572.122802734375;0.0
0.019176997244358063;0.019176997244358063;0.0314062237739563;0.0;2.051664352416992;2.8713583946228027;2.051664352416992;0.0;572.24853515625;308.50970458984375;572.24853515625;0.0
0.019261449575424194;0.019261449575424194;0.03992129862308502;0.0;2.059264898300171;2.4179954528808594;2.059264898300171;0.0;576.775146484375;240.645263671875;576.775146484375;0.0
0.019288301467895508;0.019288301467895508;0.0789089947938919;0.0;2.0710644721984863;3.9905221462249756;2.0710644721984863;0.0;581.7083740234375;300.1549987792969;581.7083740234375;0.0
0.019331369549036026;0.019331369549036026;0.05713209509849548;0.0;2.081723213195801;3.922677516937256;2.081723213195801;0.0;584.58056640625;300.17767333984375;584.58056640625;0.0
0.019455134868621826;0.019455134868621826;0.07511121034622192;0.0;2.083782434463501;4.024724960327148;2.083782434463501;0.0;588.399658203125;304.07940673828125;588.399658203125;0.0
0.019716471433639526;0.019716471433639526;0.03220128268003464;0.0;2.0870535373687744;3.225891351699829;2.0870535373687744;0.0;589.0238647460938;305.3494567871094;589.0238647460938;0.0
0.019818544387817383;0.019818544387817383;0.03619241714477539;0.0;2.09212064743042;3.6191649436950684;2.09212064743042;0.0;596.0050048828125;308.22308349609375;596.0050048828125;0.0
0.020007550716400146;0.020007550716400146;0.05022847652435303;0.0;2.093888521194458;2.093888521194458;2.4677305221557617;0.0;596.005126953125;285.93609619140625;596.005126953125;0.0
0.020189642906188965;0.020189642906188965;0.05792650580406189;0.0;2.0972142219543457;3.631443500518799;2.0972142219543457;0.0;599.1875;307.5304870605469;599.1875;0.0
0.02022877335548401;0.02022877335548401;0.024519920349121094;0.0;2.098571538925171;2.392216682434082;2.098571538925171;0.0;603.814697265625;299.2974853515625;603.814697265625;0.0
0.020357847213745117;0.020357847213745117;0.07137185335159302;0.0;2.100027084350586;2.577425479888916;2.100027084350586;0.0;613.0617065429688;307.1528015136719;613.0617065429688;0.0
0.02036711573600769;0.02036711573600769;0.0255260169506073;0.0;2.1055519580841064;4.534633636474609;2.1055519580841064;0.0;621.4066162109375;309.053466796875;621.4066162109375;0.0
0.020569931715726852;0.020569931715726852;0.032779037952423096;0.0;2.1181559562683105;3.3618452548980713;2.1181559562683105;0.0;625.3756103515625;310.76617431640625;625.3756103515625;0.0
0.02066171169281006;0.02066171169281006;0.06420600414276123;0.0;2.11889386177063;2.6369807720184326;2.11889386177063;0.0;630.2420043945312;314.4796142578125;630.2420043945312;0.0
0.02066671848297119;0.02066671848297119;0.06272006034851074;0.0;2.120328903198242;2.769536256790161;2.120328903198242;0.0;630.4439086914062;275.81451416015625;630.4439086914062;0.0
0.02090662717819214;0.02090662717819214;0.022906959056854248;0.0;2.1205716133117676;5.075962543487549;2.1205716133117676;0.0;632.2075805664062;316.67425537109375;632.2075805664062;0.0
0.02119433879852295;0.02119433879852295;0.027365148067474365;0.0;2.1206319332122803;2.820361375808716;2.1206319332122803;0.0;639.572265625;311.656005859375;639.572265625;0.0
0.0212516188621521;0.0212516188621521;0.034601300954818726;0.0;2.122269868850708;2.8263754844665527;2.122269868850708;0.0;640.93408203125;292.708984375;640.93408203125;0.0
0.021256983280181885;0.021256983280181885;0.028745412826538086;0.0;2.130004405975342;2.130004405975342;2.355569839477539;0.0;648.0986328125;298.5068054199219;648.0986328125;0.0
0.021338164806365967;0.021338164806365967;0.05211406946182251;0.0;2.1402907371520996;3.22259521484375;2.1402907371520996;0.0;649.1903686523438;295.174072265625;649.1903686523438;0.0
0.02134382724761963;0.025694578886032104;0.02134382724761963;0.0;2.142404556274414;2.142404556274414;2.1620545387268066;0.0;649.908447265625;315.7022705078125;649.908447265625;0.0
0.02145656943321228;0.02145656943321228;0.025188028812408447;0.0;2.1458399295806885;3.5651395320892334;2.1458399295806885;0.0;654.888671875;305.1313171386719;654.888671875;0.0
0.021563291549682617;0.021563291549682617;0.03467026352882385;0.0;2.1517410278320312;3.5714190006256104;2.1517410278320312;0.0;658.146240234375;308.4676513671875;658.146240234375;0.0
0.021753668785095215;0.021753668785095215;0.055206894874572754;0.0;2.1583092212677;3.7284257411956787;2.1583092212677;0.0;659.406982421875;308.5758056640625;659.406982421875;0.0
0.02192610502243042;0.02192610502243042;0.03163013607263565;0.0;2.161162853240967;2.161162853240967;2.2699921131134033;0.0;662.7271728515625;310.759765625;662.7271728515625;0.0
0.021940231323242188;0.021940231323242188;0.060199037194252014;0.0;2.1641809940338135;4.425910949707031;2.1641809940338135;0.0;663.0729370117188;174.6663360595703;663.0729370117188;0.0
0.02197563648223877;0.02197563648223877;0.03332418203353882;0.0;2.178049087524414;2.980570077896118;2.178049087524414;0.0;668.9483032226562;305.568115234375;668.9483032226562;0.0
0.022077277302742004;0.022077277302742004;0.048347413539886475;0.0;2.1901540756225586;4.684701919555664;2.1901540756225586;0.0;674.5979614257812;306.77008056640625;674.5979614257812;0.0
0.022329509258270264;0.022329509258270264;0.045532941818237305;0.0;2.1908175945281982;2.378948211669922;2.1908175945281982;0.0;674.6264038085938;315.7901916503906;674.6264038085938;0.0
0.02250373363494873;0.02250373363494873;0.02845121920108795;0.0;2.1930599212646484;3.7582850456237793;2.1930599212646484;0.0;678.9815673828125;218.82040405273438;678.9815673828125;0.0
0.022786319255828857;0.022786319255828857;0.08804246783256531;0.0;2.1958417892456055;3.676365613937378;2.1958417892456055;0.0;679.5947265625;304.91656494140625;679.5947265625;0.0
0.023121178150177002;0.023121178150177002;0.024107515811920166;0.0;2.2016119956970215;2.538273811340332;2.2016119956970215;0.0;682.9288940429688;309.2823181152344;682.9288940429688;0.0
0.023175477981567383;0.023175477981567383;0.06828802824020386;0.0;2.2103335857391357;3.044795274734497;2.2103335857391357;0.0;683.2988891601562;307.18487548828125;683.2988891601562;0.0
0.023243475705385208;0.023243475705385208;0.03656908869743347;0.0;2.220271587371826;4.032270431518555;2.220271587371826;0.0;686.9888916015625;312.32623291015625;686.9888916015625;0.0
0.023341774940490723;0.023341774940490723;0.09265345335006714;0.0;2.2207517623901367;4.955474853515625;2.2207517623901367;0.0;687.1217041015625;290.0228271484375;687.1217041015625;0.0
0.023375749588012695;0.023375749588012695;0.02551107108592987;0.0;2.2212228775024414;4.267742156982422;2.2212228775024414;0.0;694.624755859375;312.50274658203125;694.624755859375;0.0
0.02337634563446045;0.02337634563446045;0.05020040273666382;0.0;2.226792335510254;4.69801664352417;2.226792335510254;0.0;695.4100952148438;304.9422912597656;695.4100952148438;0.0
0.023393630981445312;0.023393630981445312;0.06730180978775024;0.0;2.231752872467041;3.151125431060791;2.231752872467041;0.0;699.8695678710938;300.1977233886719;699.8695678710938;0.0
0.023402631282806396;0.023402631282806396;0.06247299909591675;0.0;2.240217924118042;3.556108236312866;2.240217924118042;0.0;705.6463012695312;288.861083984375;705.6463012695312;0.0
0.0234563946723938;0.0234563946723938;0.035241007804870605;0.0;2.2423455715179443;3.9071242809295654;2.2423455715179443;0.0;706.955078125;309.0547180175781;706.955078125;0.0
0.023494839668273926;0.023494839668273926;0.03224799036979675;0.0;2.250441551208496;3.3358442783355713;2.250441551208496;0.0;708.3522338867188;310.9696350097656;708.3522338867188;0.0
0.023598194122314453;0.023598194122314453;0.03735631704330444;0.0;2.251293420791626;2.707993268966675;2.251293420791626;0.0;713.137451171875;292.77520751953125;713.137451171875;0.0
0.02361464500427246;0.02361464500427246;0.0336490273475647;0.0;2.288525104522705;4.021426677703857;2.288525104522705;0.0;718.0626220703125;314.22265625;718.0626220703125;0.0
0.023646235466003418;0.023646235466003418;0.027268290519714355;0.0;2.2978785037994385;3.9744679927825928;2.2978785037994385;0.0;718.6884155273438;320.51434326171875;718.6884155273438;0.0
0.023847967386245728;0.023847967386245728;0.09584301710128784;0.0;2.2994353771209717;3.972776412963867;2.2994353771209717;0.0;736.4642333984375;300.66455078125;736.4642333984375;0.0
0.024008989334106445;0.024008989334106445;0.031088799238204956;0.0;2.3055944442749023;2.7398016452789307;2.3055944442749023;0.0;740.8624267578125;312.2353515625;740.8624267578125;0.0
0.024106279015541077;0.024106279015541077;0.04406353831291199;0.0;2.3077828884124756;4.25463342666626;2.3077828884124756;0.0;741.9293823242188;305.00079345703125;741.9293823242188;0.0
0.024315625429153442;0.024315625429153442;0.06592172384262085;0.0;2.3200199604034424;3.0311827659606934;2.3200199604034424;0.0;742.696044921875;300.6197509765625;742.696044921875;0.0
0.024583905935287476;0.024583905935287476;0.04595869779586792;0.0;2.3242948055267334;4.728024959564209;2.3242948055267334;0.0;751.028076171875;304.06695556640625;751.028076171875;0.0
0.02460247278213501;0.02460247278213501;0.04670137166976929;0.0;2.3282394409179688;3.3625597953796387;2.3282394409179688;0.0;774.4561767578125;318.06591796875;774.4561767578125;0.0
0.02468043565750122;0.02468043565750122;0.03440296649932861;0.0;2.342426061630249;4.327663898468018;2.342426061630249;0.0;779.0615234375;226.4242706298828;779.0615234375;0.0
0.02493979036808014;0.02493979036808014;0.04722902178764343;0.0;2.359541654586792;2.787842035293579;2.359541654586792;0.0;780.5902709960938;304.48321533203125;780.5902709960938;0.0
0.024972110986709595;0.024972110986709595;0.03385740518569946;0.0;2.3753786087036133;4.204013347625732;2.3753786087036133;0.0;785.7052001953125;305.802001953125;785.7052001953125;0.0
0.025056153535842896;0.02853912115097046;0.025056153535842896;0.0;2.3761870861053467;3.12551212310791;2.3761870861053467;0.0;788.1533203125;296.2317810058594;788.1533203125;0.0
0.02518671751022339;0.02518671751022339;0.05899050831794739;0.0;2.3867244720458984;3.984072685241699;2.3867244720458984;0.0;791.178466796875;273.517333984375;791.178466796875;0.0
0.025193870067596436;0.025193870067596436;0.054622113704681396;0.0;2.386752128601074;4.4618706703186035;2.386752128601074;0.0;812.6819458007812;291.2860107421875;812.6819458007812;0.0
0.025258302688598633;0.025258302688598633;0.06373877823352814;0.0;2.396324634552002;4.850894927978516;2.396324634552002;0.0;813.7840576171875;301.4578552246094;813.7840576171875;0.0
0.025291740894317627;0.025291740894317627;0.09098349511623383;0.0;2.4070332050323486;3.387842893600464;2.4070332050323486;0.0;819.4066162109375;304.80224609375;819.4066162109375;0.0
0.025521695613861084;0.025521695613861084;0.05183744430541992;0.0;2.4137303829193115;2.422527313232422;2.4137303829193115;0.0;820.3374633789062;309.43359375;820.3374633789062;0.0
0.025710374116897583;0.025710374116897583;0.09403932094573975;0.0;2.4234864711761475;4.776371002197266;2.4234864711761475;0.0;822.0396728515625;314.50897216796875;822.0396728515625;0.0
0.026161789894104004;0.026161789894104004;0.04815179109573364;0.0;2.4420759677886963;4.049033164978027;2.4420759677886963;0.0;840.6036987304688;303.877197265625;840.6036987304688;0.0
0.02640196681022644;0.02640196681022644;0.02807682752609253;0.0;2.4493870735168457;3.2860167026519775;2.4493870735168457;0.0;846.2191162109375;309.1047668457031;846.2191162109375;0.0
0.026652514934539795;0.026652514934539795;0.038406193256378174;0.0;2.4778265953063965;3.5601656436920166;2.4778265953063965;0.0;855.05908203125;300.4184875488281;855.05908203125;0.0
0.02672499418258667;0.02672499418258667;0.0504949688911438;0.0;2.4788262844085693;4.187123775482178;2.4788262844085693;0.0;857.385498046875;293.2508544921875;857.385498046875;0.0
0.02711719274520874;0.02711719274520874;0.042202889919281006;0.0;2.481356620788574;3.681090831756592;2.481356620788574;0.0;867.1331787109375;315.31268310546875;867.1331787109375;0.0
0.02719160169363022;0.02719160169363022;0.06545478105545044;0.0;2.4831128120422363;3.7495083808898926;2.4831128120422363;0.0;882.9537353515625;310.2735595703125;882.9537353515625;0.0
0.027201533317565918;0.027201533317565918;0.06309196352958679;0.0;2.5087597370147705;2.5087597370147705;2.800727367401123;0.0;883.2406005859375;313.08251953125;883.2406005859375;0.0
0.027400746941566467;0.027400746941566467;0.04872354865074158;0.0;2.5194501876831055;4.238831043243408;2.5194501876831055;0.0;884.9942016601562;302.096923828125;884.9942016601562;0.0
0.027405381202697754;0.027405381202697754;0.04535079002380371;0.0;2.536099910736084;3.3186140060424805;2.536099910736084;0.0;887.30224609375;286.6549072265625;887.30224609375;0.0
0.027444660663604736;0.027444660663604736;0.03299868106842041;0.0;2.5421972274780273;4.475643157958984;2.5421972274780273;0.0;891.0389404296875;305.909423828125;891.0389404296875;0.0
0.027465879917144775;0.027465879917144775;0.05985701084136963;0.0;2.5475351810455322;3.9340579509735107;2.5475351810455322;0.0;891.4747924804688;315.4371032714844;891.4747924804688;0.0
0.027491867542266846;0.028471171855926514;0.027491867542266846;0.0;2.5502259731292725;4.592581748962402;2.5502259731292725;0.0;892.8555908203125;313.7167663574219;892.8555908203125;0.0
0.02751736342906952;0.02751736342906952;0.045635998249053955;0.0;2.5620203018188477;3.265507698059082;2.5620203018188477;0.0;895.4131469726562;289.9953308105469;895.4131469726562;0.0
0.027679704129695892;0.027679704129695892;0.038028180599212646;0.0;2.5810670852661133;4.107298851013184;2.5810670852661133;0.0;895.7757568359375;310.9520263671875;895.7757568359375;0.0
0.027981549501419067;0.027981549501419067;0.062996044754982;0.0;2.594296932220459;4.701879978179932;2.594296932220459;0.0;900.8333740234375;319.3660888671875;900.8333740234375;0.0
0.028255969285964966;0.028255969285964966;0.09804922342300415;0.0;2.6036360263824463;5.0623087882995605;2.6036360263824463;0.0;905.5006103515625;310.4998779296875;905.5006103515625;0.0
0.02849295735359192;0.02849295735359192;0.040154099464416504;0.0;2.6082372665405273;3.4810287952423096;2.6082372665405273;0.0;908.724853515625;317.1671142578125;908.724853515625;0.0
0.0286141037940979;0.0286141037940979;0.07008799910545349;0.0;2.6125009059906006;3.420584201812744;2.6125009059906006;0.0;914.9560546875;306.57781982421875;914.9560546875;0.0
0.028788775205612183;0.028788775205612183;0.0749509334564209;0.0;2.620837926864624;3.863950252532959;2.620837926864624;0.0;924.38037109375;313.7618408203125;924.38037109375;0.0
0.028790831565856934;0.028790831565856934;0.029335230588912964;0.0;2.6284894943237305;4.7928996086120605;2.6284894943237305;0.0;925.1026000976562;302.0281982421875;925.1026000976562;0.0
0.02901732176542282;0.02901732176542282;0.0437953919172287;0.0;2.6337690353393555;4.9062113761901855;2.6337690353393555;0.0;926.30712890625;290.493896484375;926.30712890625;0.0
0.029382646083831787;0.029382646083831787;0.0702781081199646;0.0;2.6800668239593506;3.4536330699920654;2.6800668239593506;0.0;929.39794921875;306.30596923828125;929.39794921875;0.0
0.02954864501953125;0.02954864501953125;0.11940202116966248;0.0;2.696065664291382;4.912751197814941;2.696065664291382;0.0;936.1829833984375;318.16827392578125;936.1829833984375;0.0
0.02960968017578125;0.02960968017578125;0.12502744793891907;0.0;2.6967875957489014;4.958510398864746;2.6967875957489014;0.0;936.4730224609375;305.4229736328125;936.4730224609375;0.0
0.029770314693450928;0.029770314693450928;0.03229081630706787;0.0;2.706256628036499;4.474227428436279;2.706256628036499;0.0;961.1866455078125;281.3949890136719;961.1866455078125;0.0
0.029819965362548828;0.029819965362548828;0.044713690876960754;0.0;2.71101975440979;3.9395010471343994;2.71101975440979;0.0;965.0046997070312;308.47564697265625;965.0046997070312;0.0
0.029866904020309448;0.029866904020309448;0.06659954786300659;0.0;2.713200330734253;4.936512470245361;2.713200330734253;0.0;967.5968627929688;304.3338623046875;967.5968627929688;0.0
0.03002672642469406;0.03002672642469406;0.0732974112033844;0.0;2.7196311950683594;4.60067892074585;2.7196311950683594;0.0;974.87451171875;294.3676452636719;974.87451171875;0.0
0.030222058296203613;0.030222058296203613;0.06270673871040344;0.0;2.7257723808288574;3.098572254180908;2.7257723808288574;0.0;977.20947265625;309.5018310546875;977.20947265625;0.0
0.03054124116897583;0.03054124116897583;0.08091071248054504;0.0;2.7422754764556885;4.738580226898193;2.7422754764556885;0.0;989.3749389648438;294.3463134765625;989.3749389648438;0.0
0.030657097697257996;0.030657097697257996;0.07088196277618408;0.0;2.7462048530578613;4.441967964172363;2.7462048530578613;0.0;989.8096923828125;284.3426513671875;989.8096923828125;0.0
0.031165659427642822;0.031165659427642822;0.08746927976608276;0.0;2.759019613265991;4.719257831573486;2.759019613265991;0.0;990.0224609375;304.633544921875;990.0224609375;0.0
0.031190693378448486;0.031190693378448486;0.04843181371688843;0.0;2.766209840774536;2.766209840774536;2.9385688304901123;0.0;997.7701416015625;293.6117858886719;997.7701416015625;0.0
0.031238935887813568;0.031238935887813568;0.074241042137146;0.0;2.769195556640625;4.840295314788818;2.769195556640625;0.0;999.692138671875;308.82244873046875;999.692138671875;0.0
0.031727761030197144;0.031727761030197144;0.045241475105285645;0.0;2.780863046646118;4.396474838256836;2.780863046646118;0.0;1001.5679931640625;299.8328857421875;1001.5679931640625;0.0
0.03190147876739502;0.03190147876739502;0.0975351333618164;0.0;2.7918293476104736;4.414897918701172;2.7918293476104736;0.0;1011.6807861328125;296.83233642578125;1011.6807861328125;0.0
0.032011836767196655;0.032011836767196655;0.04150944948196411;0.0;2.8042185306549072;4.912608623504639;2.8042185306549072;0.0;1016.9422607421875;312.8577880859375;1016.9422607421875;0.0
0.03203922510147095;0.03203922510147095;0.03965616226196289;0.0;2.8207643032073975;3.5588490962982178;2.8207643032073975;0.0;1037.1884765625;292.95074462890625;1037.1884765625;0.0
0.03210023045539856;0.03210023045539856;0.06678354740142822;0.0;2.827538251876831;4.363008499145508;2.827538251876831;0.0;1041.42578125;302.5618896484375;1041.42578125;0.0
0.03232663869857788;0.03232663869857788;0.04643082618713379;0.0;2.918048858642578;3.9541966915130615;2.918048858642578;0.0;1055.964599609375;295.6005859375;1055.964599609375;0.0
0.032625675201416016;0.032625675201416016;0.08099690079689026;0.0;2.918407678604126;3.1567349433898926;2.918407678604126;0.0;1062.1697998046875;294.63397216796875;1062.1697998046875;0.0
0.032672882080078125;0.032672882080078125;0.11350110173225403;0.0;2.9236245155334473;4.762385368347168;2.9236245155334473;0.0;1064.5694580078125;300.059326171875;1064.5694580078125;0.0
0.03273056447505951;0.03273056447505951;0.04551312327384949;0.0;2.9554264545440674;4.765829563140869;2.9554264545440674;0.0;1072.173828125;298.128662109375;1072.173828125;0.0
0.032809436321258545;0.039667822420597076;0.032809436321258545;0.0;2.9555504322052;3.793375015258789;2.9555504322052;0.0;1093.75927734375;299.2398681640625;1093.75927734375;0.0
0.032967448234558105;0.032967448234558105;0.038919493556022644;0.0;3.003216028213501;5.101304054260254;3.003216028213501;0.0;1096.2296142578125;291.21063232421875;1096.2296142578125;0.0
0.03298306465148926;0.03298306465148926;0.12047900259494781;0.0;3.012894630432129;2.3606319427490234;3.012894630432129;0.0;1097.24658203125;306.7041931152344;1097.24658203125;0.0
0.03302714228630066;0.03302714228630066;0.0785415768623352;0.0;3.034487247467041;4.4503655433654785;3.034487247467041;0.0;1137.9710693359375;306.83892822265625;1137.9710693359375;0.0
0.03314375877380371;0.03314375877380371;0.04357680678367615;0.0;3.040684461593628;4.905709266662598;3.040684461593628;0.0;1158.60546875;256.6776428222656;1158.60546875;0.0
0.03316640853881836;0.03316640853881836;0.0910201370716095;0.0;3.047365427017212;4.983702659606934;3.047365427017212;0.0;1166.457763671875;297.8477783203125;1166.457763671875;0.0
0.03333115577697754;0.03333115577697754;0.042006731033325195;0.0;3.0499234199523926;3.3356192111968994;3.0499234199523926;0.0;1174.369384765625;311.42510986328125;1174.369384765625;0.0
0.033409714698791504;0.033409714698791504;0.09486709535121918;0.0;3.092108964920044;4.890405654907227;3.092108964920044;0.0;1175.1229248046875;296.00408935546875;1175.1229248046875;0.0
0.03341136500239372;0.03341136500239372;0.06054896116256714;0.0;3.092230796813965;4.428763389587402;3.092230796813965;0.0;1175.7183837890625;303.053955078125;1175.7183837890625;0.0
0.03348630666732788;0.03348630666732788;0.052421629428863525;0.0;3.103771686553955;4.0575056076049805;3.103771686553955;0.0;1197.361328125;298.4817810058594;1197.361328125;0.0
0.03384631872177124;0.03384631872177124;0.038642287254333496;0.0;3.1316137313842773;4.6857686042785645;3.1316137313842773;0.0;1206.4107666015625;317.0970153808594;1206.4107666015625;0.0
0.0338897705078125;0.0338897705078125;0.12833845615386963;0.0;3.1527323722839355;4.847833156585693;3.1527323722839355;0.0;1207.05078125;307.31890869140625;1207.05078125;0.0
0.03390777111053467;0.03723840042948723;0.03390777111053467;0.0;3.1801512241363525;4.978967666625977;3.1801512241363525;0.0;1216.7398681640625;305.2339172363281;1216.7398681640625;0.0
0.033916033804416656;0.033916033804416656;0.042037516832351685;0.0;3.2069454193115234;4.424281597137451;3.2069454193115234;0.0;1234.7923583984375;270.2344055175781;1234.7923583984375;0.0
0.035082340240478516;0.035082340240478516;0.038538556545972824;0.0;3.225416898727417;4.597260475158691;3.225416898727417;0.0;1250.112548828125;295.68756103515625;1250.112548828125;0.0
0.03539210557937622;0.03539210557937622;0.04139155149459839;0.0;3.2306764125823975;3.9221601486206055;3.2306764125823975;0.0;1267.2353515625;294.49566650390625;1267.2353515625;0.0
0.035924918949604034;0.035924918949604034;0.038047611713409424;0.0;3.244536876678467;4.506128787994385;3.244536876678467;0.0;1267.7747802734375;300.91839599609375;1267.7747802734375;0.0
0.037723392248153687;0.037723392248153687;0.07452130317687988;0.0;3.253838539123535;4.491552829742432;3.253838539123535;0.0;1280.278564453125;282.89263916015625;1280.278564453125;0.0
0.03783677518367767;0.03783677518367767;0.07602483034133911;0.0;3.27616024017334;4.802211761474609;3.27616024017334;0.0;1282.11962890625;298.6031494140625;1282.11962890625;0.0
0.03879445791244507;0.04417622089385986;0.03879445791244507;0.0;3.282128095626831;4.722719669342041;3.282128095626831;0.0;1291.0958251953125;297.5704345703125;1291.0958251953125;0.0
0.03999990224838257;0.03999990224838257;0.12001305818557739;0.0;3.358367681503296;4.949955940246582;3.358367681503296;0.0;1302.279541015625;266.9994812011719;1302.279541015625;0.0
0.04020237922668457;0.04020237922668457;0.0912168025970459;0.0;3.3647525310516357;5.012455940246582;3.3647525310516357;0.0;1322.4664306640625;270.74517822265625;1322.4664306640625;0.0
0.04021283984184265;0.04021283984184265;0.0931011438369751;0.0;3.4432849884033203;3.9525887966156006;3.4432849884033203;0.0;1355.8062744140625;319.820068359375;1355.8062744140625;0.0
0.04021582752466202;0.04021582752466202;0.05950404703617096;0.0;3.4437787532806396;4.843875408172607;3.4437787532806396;0.0;1376.802490234375;263.5956726074219;1376.802490234375;0.0
0.04067906737327576;0.04067906737327576;0.06575667858123779;0.0;3.4582009315490723;4.992275714874268;3.4582009315490723;0.0;1385.69287109375;314.1959228515625;1385.69287109375;0.0
0.04142028093338013;0.04142028093338013;0.07289808988571167;0.0;3.561521530151367;4.5073466300964355;3.561521530151367;0.0;1396.1041259765625;286.62548828125;1396.1041259765625;0.0
0.041839003562927246;0.041839003562927246;0.1352384090423584;0.0;3.5903642177581787;4.526469707489014;3.5903642177581787;0.0;1400.443603515625;309.31768798828125;1400.443603515625;0.0
0.04187387228012085;0.04187387228012085;0.07677263021469116;0.0;3.5966765880584717;4.961516380310059;3.5966765880584717;0.0;1430.30908203125;261.83978271484375;1430.30908203125;0.0
0.04217439889907837;0.04217439889907837;0.0808672308921814;0.0;3.627148389816284;4.625088691711426;3.627148389816284;0.0;1436.640869140625;303.46832275390625;1436.640869140625;0.0
0.0428316593170166;0.0428316593170166;0.07629692554473877;0.0;3.658710479736328;4.5058512687683105;3.658710479736328;0.0;1437.13720703125;314.5340881347656;1437.13720703125;0.0
0.043012797832489014;0.043012797832489014;0.10578685998916626;0.0;3.694467544555664;4.470824718475342;3.694467544555664;0.0;1442.562255859375;316.3115539550781;1442.562255859375;0.0
0.04351462423801422;0.04351462423801422;0.09154525399208069;0.0;3.737109661102295;5.426242351531982;3.737109661102295;0.0;1456.333740234375;310.19366455078125;1456.333740234375;0.0
0.04400279372930527;0.04400279372930527;0.054807424545288086;0.0;3.751023054122925;4.892472267150879;3.751023054122925;0.0;1477.0947265625;315.19097900390625;1477.0947265625;0.0
0.045261383056640625;0.045261383056640625;0.06764471530914307;0.0;3.779376983642578;5.266181945800781;3.779376983642578;0.0;1516.615478515625;311.13140869140625;1516.615478515625;0.0
0.04552513360977173;0.04552513360977173;0.053018711507320404;0.0;3.7799148559570312;5.350299835205078;3.7799148559570312;0.0;1541.0286865234375;268.32275390625;1541.0286865234375;0.0
0.04624718427658081;0.04624718427658081;0.052236415445804596;0.0;3.7859532833099365;2.938755750656128;3.7859532833099365;0.0;1549.126220703125;266.69378662109375;1549.126220703125;0.0
0.04727208614349365;0.04727208614349365;0.07946033775806427;0.0;3.863011360168457;5.229936122894287;3.863011360168457;0.0;1654.4873046875;284.925048828125;1654.4873046875;0.0
0.0474279522895813;0.0474279522895813;0.07524055242538452;0.0;3.87693452835083;5.186376094818115;3.87693452835083;0.0;1670.5496826171875;310.3779296875;1670.5496826171875;0.0
0.04773432016372681;0.04773432016372681;0.09556788206100464;0.0;3.889183759689331;5.294951915740967;3.889183759689331;0.0;1680.101318359375;277.2129821777344;1680.101318359375;0.0
0.04861345887184143;0.04861345887184143;0.08145809173583984;0.0;3.978832244873047;4.4178242683410645;3.978832244873047;0.0;1712.4654541015625;276.4566650390625;1712.4654541015625;0.0
0.04993920028209686;0.07071465253829956;0.04993920028209686;0.0;4.0079426765441895;4.299002647399902;4.0079426765441895;0.0;1737.951171875;293.6136169433594;1737.951171875;0.0
0.050141096115112305;0.053475528955459595;0.050141096115112305;0.0;4.054227828979492;4.677327632904053;4.054227828979492;0.0;1762.390625;308.4256286621094;1762.390625;0.0
0.05041694641113281;0.07797610759735107;0.05041694641113281;0.0;4.110108852386475;5.2857842445373535;4.110108852386475;0.0;1776.6177978515625;279.8616943359375;1776.6177978515625;0.0
0.050822675228118896;0.06581687927246094;0.050822675228118896;0.0;4.178524971008301;4.856574535369873;4.178524971008301;0.0;1793.5718994140625;315.39215087890625;1793.5718994140625;0.0
0.05164509639143944;0.05164509639143944;0.08101844787597656;0.0;4.227025508880615;2.404118061065674;4.227025508880615;0.0;1808.8446044921875;273.3745422363281;1808.8446044921875;0.0
0.05382472276687622;0.05382472276687622;0.08162413537502289;0.0;4.238307476043701;4.238307476043701;4.861695766448975;0.0;1820.2579345703125;305.8343505859375;1820.2579345703125;0.0
0.05489689111709595;0.05489689111709595;0.1300371289253235;0.0;4.268306732177734;4.766557216644287;4.268306732177734;0.0;1849.449462890625;304.2535400390625;1849.449462890625;0.0
0.0562589094042778;0.0562589094042778;0.08663830161094666;0.0;4.330265998840332;4.330265998840332;4.519764423370361;0.0;1857.7578125;299.9591369628906;1857.7578125;0.0
0.06032001972198486;0.06032001972198486;0.07029391080141068;0.0;4.535264015197754;5.361593246459961;4.535264015197754;0.0;1871.2462158203125;305.130859375;1871.2462158203125;0.0
0.060611262917518616;0.060611262917518616;0.09584098309278488;0.0;4.541511535644531;4.967072010040283;4.541511535644531;0.0;1873.586669921875;202.41629028320312;1873.586669921875;0.0
0.061625659465789795;0.061625659465789795;0.06480282545089722;0.0;4.583467960357666;5.082510471343994;4.583467960357666;0.0;1894.277587890625;292.9308166503906;1894.277587890625;0.0
0.06404036283493042;0.06404036283493042;0.09507402777671814;0.0;4.667477607727051;5.204702854156494;4.667477607727051;0.0;1937.3848876953125;283.1962890625;1937.3848876953125;0.0
0.06498223543167114;0.06498223543167114;0.083240807056427;0.0;4.7126617431640625;4.830397129058838;4.7126617431640625;0.0;2114.8095703125;303.1991882324219;2114.8095703125;0.0
0.06856900453567505;0.06856900453567505;0.1252894401550293;0.0;4.792972564697266;4.914677143096924;4.792972564697266;0.0;2117.57373046875;287.7723083496094;2117.57373046875;0.0
0.06886965036392212;0.06886965036392212;0.07977944612503052;0.0;4.921854496002197;4.623722076416016;4.921854496002197;0.0;2118.18017578125;296.9484558105469;2118.18017578125;0.0
0.0698012262582779;0.0698012262582779;0.14143159985542297;0.0;4.931751251220703;4.931751251220703;5.696669101715088;0.0;2126.88330078125;286.62982177734375;2126.88330078125;0.0
0.07005543261766434;0.07005543261766434;0.1795451045036316;0.0;4.998092174530029;5.755721569061279;4.998092174530029;0.0;2210.103515625;290.4210205078125;2210.103515625;0.0
0.07123070955276489;0.07123070955276489;0.07703259587287903;0.0;5.054531574249268;5.0936279296875;5.054531574249268;0.0;2236.69970703125;300.4437255859375;2236.69970703125;0.0
0.07199788093566895;0.0782245397567749;0.07199788093566895;0.0;5.091700553894043;5.268165111541748;5.091700553894043;0.0;2319.78173828125;230.8325653076172;2319.78173828125;0.0
0.07298189401626587;0.0776624083518982;0.07298189401626587;0.0;5.164692401885986;4.976328372955322;5.164692401885986;0.0;2387.90625;304.1085205078125;2387.90625;0.0
0.0740317702293396;0.0740317702293396;0.0743454247713089;0.0;5.572081089019775;5.179502964019775;5.572081089019775;0.0;2399.6552734375;309.6343994140625;2399.6552734375;0.0
0.07508277893066406;0.07508277893066406;0.10083204507827759;0.0;5.701075077056885;5.641666889190674;5.701075077056885;0.0;2571.818603515625;306.62408447265625;2571.818603515625;0.0
0.08559417724609375;0.07790285348892212;0.08559417724609375;0.0;5.707725524902344;4.8526387214660645;5.707725524902344;0.0;2663.800537109375;248.85040283203125;2663.800537109375;0.0
0.09332281351089478;0.07856500148773193;0.09332281351089478;0.0;5.823868751525879;4.346083164215088;5.823868751525879;0.0;2667.992919921875;306.03631591796875;2667.992919921875;0.0
0.0940832793712616;0.07831969857215881;0.0940832793712616;0.0;6.007117748260498;5.034085273742676;6.007117748260498;0.0;2870.318359375;280.5238952636719;2870.318359375;0.0
0.09591001272201538;0.07765418291091919;0.09591001272201538;0.0;6.205282688140869;4.470414638519287;6.205282688140869;0.0;2898.7890625;218.676513671875;2898.7890625;0.0
0.10034048557281494;0.07809269428253174;0.10034048557281494;0.0;6.614243984222412;4.756764888763428;6.614243984222412;0.0;3628.5224609375;311.5918884277344;3628.5224609375;0.0
0.11164635419845581;0.07724642753601074;0.11164635419845581;0.0;6.854508399963379;4.145264625549316;6.854508399963379;0.0;3718.02880859375;303.1874084472656;3718.02880859375;0.0
0.11687049269676208;0.07824015617370605;0.11687049269676208;0.0;7.042257785797119;4.7509684562683105;7.042257785797119;0.0;4138.591796875;311.1946105957031;4138.591796875;0.0
0.12783415615558624;0.07739436626434326;0.12783415615558624;0.0;7.844361782073975;2.3603105545043945;7.844361782073975;0.0;9403.5791015625;318.5514221191406;9403.5791015625;0.0
0.13676616549491882;0.07835566997528076;0.13676616549491882;0.0;8.925407409667969;4.606427192687988;8.925407409667969;0.0;13734.19921875;290.6977844238281;13734.19921875;0.0
0.1411859393119812;0.07841455936431885;0.1411859393119812;0.0;9.636198997497559;4.746379852294922;9.636198997497559;0.0;15382.517578125;300.87451171875;15382.517578125;0.0
0.14341962337493896;0.07755632698535919;0.14341962337493896;0.0;9.663888931274414;4.28257417678833;9.663888931274414;0.0;15766.2822265625;298.6984558105469;15766.2822265625;0.0
0.1521472930908203;0.07783252000808716;0.1521472930908203;0.0;10.008230209350586;4.153350353240967;10.008230209350586;0.0;16856.748046875;287.74920654296875;16856.748046875;0.0
0.1641988754272461;0.07844287157058716;0.1641988754272461;0.0;18.91205406188965;5.442392826080322;18.91205406188965;0.0;17117.9296875;314.306640625;17117.9296875;0.0
0.20072710514068604;0.07831832766532898;0.20072710514068604;0.0;160.59120178222656;3.768594741821289;160.59120178222656;0.0;23785.16796875;302.5320739746094;23785.16796875;0.0
