inf-norm-min-adv-dist;inf-norm-PGD-dist;inf-norm-sec-att-dist;inf-norm-Clever-0.0-samples;2-norm-min-adv-dist;2-norm-PGD-dist;2-norm-sec-att-dist;2-norm-Clever-0.0-samples
0.0;0.0;0.0;0.0;0.0;0.0;0.0;0.0
0.0;0.0;0.0;0.0;0.0;0.0;0.0;0.0
0.0;0.0;0.0;0.0;0.0;0.0;0.0;0.0
0.0;0.0;0.0;0.0;0.0;0.0;0.0;0.0
0.0;0.0;0.0;0.0;0.0;0.0;0.0;0.0
0.0;0.0;0.0;0.0;0.0;0.0;0.0;0.0
0.0;0.0;0.0;0.0;0.0;0.0;0.0;0.0
0.0;0.0;0.0;0.0;0.0;0.0;0.0;0.0
0.0;0.0;0.0;0.0;0.0;0.0;0.0;0.0
0.0;0.0;0.0;0.0;0.0;0.0;0.0;0.0
0.0;0.0;0.0;0.0;0.0;0.0;0.0;0.0
0.0;0.0;0.0;0.0;0.0;0.0;0.0;0.0
0.0;0.0;0.0;0.0;0.0;0.0;0.0;0.0
0.0;0.0;0.0;0.0;0.0;0.0;0.0;0.0
0.0;0.0;0.0;0.0;0.0;0.0;0.0;0.0
0.0;0.0;0.0;0.0;0.0;0.0;0.0;0.0
0.0;0.0;0.0;0.0;0.0;0.0;0.0;0.0
0.0;0.0;0.0;0.0;0.0;0.0;0.0;0.0
0.0;0.0;0.0;0.0;0.0;0.0;0.0;0.0
0.0;0.0;0.0;0.0;0.0;0.0;0.0;0.0
0.0;0.0;0.0;0.0;0.0;0.0;0.0;0.0
0.0;0.0;0.0;0.0;0.0;0.0;0.0;0.0
0.0;0.0;0.0;0.0;0.0;0.0;0.0;0.0
0.0;0.0;0.0;0.0;0.0;0.0;0.0;0.0
0.0;0.0;0.0;0.0;0.0;0.0;0.0;0.0
0.0;0.0;0.0;0.0;0.0;0.0;0.0;0.0
0.0;0.0;0.0;0.0;0.0;0.0;0.0;0.0
0.0;0.0;0.0;0.0;0.0;0.0;0.0;0.0
0.0;0.0;0.0;0.0;0.0;0.0;0.0;0.0
0.0;0.0;0.0;0.0;0.0;0.0;0.0;0.0
0.0;0.0;0.0;0.0;0.0;0.0;0.0;0.0
0.0;0.0;0.0;0.0;0.0;0.0;0.0;0.0
0.0;0.0;0.0;0.0;0.0;0.0;0.0;0.0
0.0;0.0;0.0;0.0;0.0;0.0;0.0;0.0
0.0;0.0;0.0;0.0;0.0;0.0;0.0;0.0
0.0;0.0;0.0;0.0;0.0;0.0;0.0;0.0
0.0;0.0;0.0;0.0;0.0;0.0;0.0;0.0
0.0;0.0;0.0;0.0;0.0;0.0;0.0;0.0
0.0;0.0;0.0;0.0;0.0;0.0;0.0;0.0
0.0;0.0;0.0;0.0;0.0;0.0;0.0;0.0
0.0;0.0;0.0;0.0;0.0;0.0;0.0;0.0
0.0;0.0;0.0;0.0;0.0;0.0;0.0;0.0
0.0;0.0;0.0;0.0;0.0;0.0;0.0;0.0
0.0;0.0;0.0;0.0;0.0;0.0;0.0;0.0
0.0;0.0;0.0;0.0;0.0;0.0;0.0;0.0
0.0;0.0;0.0;0.0;0.0;0.0;0.0;0.0
0.0;0.0;0.0;0.0;0.0;0.0;0.0;0.0
0.0;0.0;0.0;0.0;0.0;0.0;0.0;0.0
0.0;0.0;0.0;0.0;0.0;0.0;0.0;0.0
0.0;0.0;0.0;0.0;0.0;0.0;0.0;0.0
0.0;0.0;0.0;0.0;0.0;0.0;0.0;0.0
0.0;0.0;0.0;0.0;0.0;0.0;0.0;0.0
0.0;0.0;0.0;0.0;0.0;0.0;0.0;0.0
0.0;0.0;0.0;0.0;0.0;0.0;0.0;0.0
0.0;0.0;0.0;0.0;0.0;0.0;0.0;0.0
0.0;0.0;0.0;0.0;0.0;0.0;0.0;0.0
0.0;0.0;0.0;0.0;0.0;0.0;0.0;0.0
0.0;0.0;0.0;0.0;0.0;0.0;0.0;0.0
0.0;0.0;0.0;0.0;0.0;0.0;0.0;0.0
0.0;0.0;0.0;0.0;0.0;0.0;0.0;0.0
0.0;0.0;0.0;0.0;0.0;0.0;0.0;0.0
0.0;0.0;0.0;0.0;0.0;0.0;0.0;0.0
0.0;0.0;0.0;0.0;0.0;0.0;0.0;0.0
0.0;0.0;0.0;0.0;0.0;0.0;0.0;0.0
0.0;0.0;0.0;0.0;0.0;0.0;0.0;0.0
0.0;0.0;0.0;0.0;0.0;0.0;0.0;0.0
0.0;0.0;0.0;0.0;0.0;0.0;0.0;0.0
0.0;0.0;0.0;0.0;0.0;0.0;0.0;0.0
0.0;0.0;0.0;0.0;0.0;0.0;0.0;0.0
0.0;0.0;0.0;0.0;0.0;0.0;0.0;0.0
0.0;0.0;0.0;0.0;0.0;0.0;0.0;0.0
0.0;0.0;0.0;0.0;0.0;0.0;0.0;0.0
0.0;0.0;0.0;0.0;0.0;0.0;0.0;0.0
0.0;0.0;0.0;0.0;0.0;0.0;0.0;0.0
0.0;0.0;0.0;0.0;0.0;0.0;0.0;0.0
0.0;0.0;0.0;0.0;0.0;0.0;0.0;0.0
0.0;0.0;0.0;0.0;0.0;0.0;0.0;0.0
0.0;0.0;0.0;0.0;0.0;0.0;0.0;0.0
0.0;0.0;0.0;0.0;0.0;0.0;0.0;0.0
0.0;0.0;0.0;0.0;0.0;0.0;0.0;0.0
0.0;0.0;0.0;0.0;0.0;0.0;0.0;0.0
0.0;0.0;0.0;0.0;0.0;0.0;0.0;0.0
0.0;0.0;0.0;0.0;0.0;0.0;0.0;0.0
0.0;0.0;0.0;0.0;0.0;0.0;0.0;0.0
0.0;0.0;0.0;0.0;0.0;0.0;0.0;0.0
0.0;0.0;0.0;0.0;0.0;0.0;0.0;0.0
0.0;0.0;0.0;0.0;0.0;0.0;0.0;0.0
0.0;0.0;0.0;0.0;0.0;0.0;0.0;0.0
0.0;0.0;0.0;0.0;0.0;0.0;0.0;0.0
0.0;0.0;0.0;0.0;0.0;0.0;0.0;0.0
0.0;0.0;0.0;0.0;0.0;0.0;0.0;0.0
0.0;0.0;0.0;0.0;0.0;0.0;0.0;0.0
0.0;0.0;0.0;0.0;0.0;0.0;0.0;0.0
0.0;0.0;0.0;0.0;0.0;0.0;0.0;0.0
0.0;0.0;0.0;0.0;0.0;0.0;0.0;0.0
0.0;0.0;0.0;0.0;0.0;0.0;0.0;0.0
0.0;0.0;0.0;0.0;0.0;0.0;0.0;0.0
0.0;0.0;0.0;0.0;0.0;0.0;0.0;0.0
0.0;0.0;0.0;0.0;0.0;0.0;0.0;0.0
0.0;0.0;0.0;0.0;0.0;0.0;0.0;0.0
0.0;0.0;0.0;0.0;0.0;0.0;0.0;0.0
0.0;0.0;0.0;0.0;0.0;0.0;0.0;0.0
0.0;0.0;0.0;0.0;0.0;0.0;0.0;0.0
0.0;0.0;0.0;0.0;0.0;0.0;0.0;0.0
0.0;0.0;0.0;0.0;0.0;0.0;0.0;0.0
0.0;0.0;0.0;0.0;0.0;0.0;0.0;0.0
0.0;0.0;0.0;0.0;0.0;0.0;0.0;0.0
0.0;0.0;0.0;0.0;0.0;0.0;0.0;0.0
0.0;0.0;0.0;0.0;0.0;0.0;0.0;0.0
0.0;0.0;0.0;0.0;0.0;0.0;0.0;0.0
0.0;0.0;0.0;0.0;0.0;0.0;0.0;0.0
0.0;0.0;0.0;0.0;0.0;0.0;0.0;0.0
0.0;0.0;0.0;0.0;0.0;0.0;0.0;0.0
0.0;0.0;0.0;0.0;0.0;0.0;0.0;0.0
0.0;0.0;0.0;0.0;0.0;0.0;0.0;0.0
0.0;0.0;0.0;0.0;0.0;0.0;0.0;0.0
0.0;0.0;0.0;0.0;0.0;0.0;0.0;0.0
0.0;0.0;0.0;0.0;0.0;0.0;0.0;0.0
0.0;0.0;0.0;0.0;0.0;0.0;0.0;0.0
0.0;0.0;0.0;0.0;0.0;0.0;0.0;0.0
0.0;0.0;0.0;0.0;0.0;0.0;0.0;0.0
0.0;0.0;0.0;0.0;0.0;0.0;0.0;0.0
0.0;0.0;0.0;0.0;0.0;0.0;0.0;0.0
0.0;0.0;0.0;0.0;0.0;0.0;0.0;0.0
0.0;0.0;0.0;0.0;0.0;0.0;0.0;0.0
0.0;0.0;0.0;0.0;0.0;0.0;0.0;0.0
0.0;0.0;0.0;0.0;0.0;0.0;0.0;0.0
0.0;0.0;0.0;0.0;0.0;0.0;0.0;0.0
0.0;0.0;0.0;0.0;0.0;0.0;0.0;0.0
0.0;0.0;0.0;0.0;0.0;0.0;0.0;0.0
3.635883331298828e-06;0.00010001659393310547;3.635883331298828e-06;0.0;0.009999992325901985;0.009999992325901985;0.09189017862081528;0.0
9.5367431640625e-06;0.00010001659393310547;9.5367431640625e-06;0.0;0.010000011883676052;0.010000011883676052;0.09565739333629608;0.0
6.538629531860352e-05;0.00010001659393310547;6.538629531860352e-05;0.0;0.017172278836369514;0.017172278836369514;0.10492106527090073;0.0
9.107589721679688e-05;0.00010001659393310547;9.107589721679688e-05;0.0;0.017267704010009766;0.017267704010009766;0.11430255323648453;0.0
9.47117805480957e-05;0.00020003318786621094;9.47117805480957e-05;0.0;0.01728050224483013;0.01728050224483013;0.09661237895488739;0.0
0.00010001659393310547;0.00010001659393310547;0.00010448391549289227;0.0;0.017291394993662834;0.017291394993662834;0.0955033153295517;0.0
0.00010001659393310547;0.00010001659393310547;0.0001023411750793457;0.0;0.01729152537882328;0.01729152537882328;0.11708588898181915;0.0
0.00010001659393310547;0.00010001659393310547;0.00010156903590541333;0.0;0.017295928671956062;0.017295928671956062;0.08286722004413605;0.0
0.00010001659393310547;0.00010001659393310547;0.00010573980398476124;0.0;0.017298469319939613;0.017298469319939613;0.10151369124650955;0.0
0.00010001659393310547;0.00010001659393310547;0.00013202428817749023;0.0;0.024419059976935387;0.024419059976935387;0.12604953348636627;0.0
0.0001531541347503662;0.00020003318786621094;0.0001531541347503662;0.0;0.024433856830000877;0.024433856830000877;0.09100834280252457;0.0
0.0001608729362487793;0.00020003318786621094;0.0001608729362487793;0.0;0.030286861583590508;0.030286861583590508;0.23911306262016296;0.0
0.00016760826110839844;0.00020003318786621094;0.00016760826110839844;0.0;0.03133753314614296;0.03133753314614296;0.11501041054725647;0.0
0.00020003318786621094;0.00020003318786621094;0.0002677813172340393;0.0;0.031468503177165985;0.031468503177165985;0.10023006051778793;0.0
0.00020003318786621094;0.00020003318786621094;0.00022226572036743164;0.0;0.0314975269138813;0.0314975269138813;0.09385926276445389;0.0
0.00020003318786621094;0.00020003318786621094;0.00030690431594848633;0.0;0.03794129565358162;0.03794129565358162;0.13254325091838837;0.0
0.00020003318786621094;0.00020003318786621094;0.00026116566732525826;0.0;0.038254041224718094;0.038254041224718094;0.09506567567586899;0.0
0.0002929710317403078;0.0006000995635986328;0.0002929710317403078;0.0;0.038350701332092285;0.038350701332092285;0.10154005140066147;0.0
0.0003000497817993164;0.0003000497817993164;0.0003275573253631592;0.0;0.03847244381904602;0.03847244381904602;0.12975211441516876;0.0
0.0003000497817993164;0.0003000497817993164;0.00035822391510009766;0.0;0.03852757439017296;0.03852757439017296;0.10054229199886322;0.0
0.0003000497817993164;0.0003000497817993164;0.00036582350730895996;0.0;0.03854310140013695;0.03854310140013695;0.1225457638502121;0.0
0.0003000497817993164;0.0003000497817993164;0.0004033716395497322;0.0;0.04525371640920639;0.04525371640920639;0.10298272222280502;0.0
0.0003000497817993164;0.0003000497817993164;0.0004925914108753204;0.0;0.05093391239643097;0.05093391239643097;0.15720388293266296;0.0
0.0003000497817993164;0.0003000497817993164;0.0004615187644958496;0.0;0.05271420627832413;0.05271420627832413;0.19543485343456268;0.0
0.0003000497817993164;0.0003000497817993164;0.0004410743713378906;0.0;0.0538921132683754;0.0538921132683754;0.24421776831150055;0.0
0.0003000497817993164;0.0003000497817993164;0.00030644237995147705;0.0;0.05570926144719124;0.05570926144719124;0.14234191179275513;0.0
0.00030112266540527344;0.0004000663757324219;0.00030112266540527344;0.0;0.05764935538172722;0.05764935538172722;0.622093677520752;0.0
0.0003840252757072449;0.0004000663757324219;0.0003840252757072449;0.0;0.05869070440530777;0.05869070440530777;0.12931302189826965;0.0
0.0004000663757324219;0.0004000663757324219;0.00042241811752319336;0.0;0.05945761501789093;0.05945761501789093;0.1184358224272728;0.0
0.0004000663757324219;0.0004000663757324219;0.0005757128819823265;0.0;0.059468068182468414;0.059468068182468414;0.1211271733045578;0.0
0.0004000663757324219;0.0004000663757324219;0.0004538893699645996;0.0;0.059491515159606934;0.059491515159606934;0.17725816369056702;0.0
0.0004000663757324219;0.0004000663757324219;0.0004339739680290222;0.0;0.05951530486345291;0.05951530486345291;0.12430670112371445;0.0
0.0004000663757324219;0.0004000663757324219;0.0005857553333044052;0.0;0.05964713916182518;0.05964713916182518;0.12123500555753708;0.0
0.0004000663757324219;0.0004000663757324219;0.0005544424057006836;0.0;0.06511365622282028;0.06511365622282028;0.1490541696548462;0.0
0.0004000663757324219;0.0004000663757324219;0.0004088878631591797;0.0;0.0652356967329979;0.0652356967329979;0.34687137603759766;0.0
0.0004000663757324219;0.0004000663757324219;0.0005440711975097656;0.0;0.06602964550256729;0.06602964550256729;0.1584237664937973;0.0
0.00045812129974365234;0.0005000829696655273;0.00045812129974365234;0.0;0.07292766124010086;0.07292766124010086;0.1456001102924347;0.0
0.0005000829696655273;0.0005000829696655273;0.0007310807704925537;0.0;0.07321421056985855;0.07321421056985855;0.14225193858146667;0.0
0.0005000829696655273;0.0005000829696655273;0.0008034314960241318;0.0;0.07927011698484421;0.07927011698484421;0.17580774426460266;0.0
0.0005000829696655273;0.0005000829696655273;0.0007271482609212399;0.0;0.08063505589962006;0.08063505589962006;0.14071032404899597;0.0
0.0005000829696655273;0.0005000829696655273;0.0006411075592041016;0.0;0.08254340291023254;0.08254340291023254;0.2837273180484772;0.0
0.0005000829696655273;0.0005000829696655273;0.0006151795387268066;0.0;0.08620832115411758;0.09085168689489365;0.08620832115411758;0.0
0.0006000995635986328;0.0006000995635986328;0.0007828059606254101;0.0;0.08656816184520721;0.08656816184520721;0.2575761377811432;0.0
0.0006000995635986328;0.0006000995635986328;0.0008062124252319336;0.0;0.08664533495903015;0.08664533495903015;0.16076956689357758;0.0
0.0006000995635986328;0.0006000995635986328;0.0008034706115722656;0.0;0.0867648646235466;0.0867648646235466;0.1380462497472763;0.0
0.0006000995635986328;0.0006000995635986328;0.0008233468979597092;0.0;0.08757438510656357;0.08757438510656357;0.1782853603363037;0.0
0.0006978362798690796;0.0007001161575317383;0.0006978362798690796;0.0;0.09427837282419205;0.09427837282419205;0.11798959970474243;0.0
0.0007001161575317383;0.0007001161575317383;0.001286925282329321;0.0;0.09777406603097916;0.09777406603097916;0.13738426566123962;0.0
0.0007001161575317383;0.0007001161575317383;0.0011578211560845375;0.0;0.09943853318691254;0.09943853318691254;0.21622343361377716;0.0
0.0007001161575317383;0.0007001161575317383;0.0008226223289966583;0.0;0.101094551384449;0.101094551384449;0.1539638340473175;0.0
0.0007001161575317383;0.0007001161575317383;0.000980675220489502;0.0;0.10113350301980972;0.10113350301980972;0.15813715755939484;0.0
0.0007001161575317383;0.0007001161575317383;0.001109987497329712;0.0;0.10228241235017776;0.10228241235017776;0.2170162796974182;0.0
0.0007001161575317383;0.0007001161575317383;0.0007804930210113525;0.0;0.10482874512672424;0.10482874512672424;0.2114795446395874;0.0
0.0008001327514648438;0.0008001327514648438;0.0009583234786987305;0.0;0.10713300108909607;0.10713300108909607;0.16367042064666748;0.0
0.0008001327514648438;0.0008001327514648438;0.0009679794311523438;0.0;0.10832219570875168;0.10832219570875168;0.18097040057182312;0.0
0.0008001327514648438;0.0008001327514648438;0.0011338349431753159;0.0;0.11309607326984406;0.11309607326984406;0.36251166462898254;0.0
0.0008001327514648438;0.0008001327514648438;0.0013406313955783844;0.0;0.11418084800243378;0.11418084800243378;0.2611168622970581;0.0
0.0008001327514648438;0.0008001327514648438;0.0013622669503092766;0.0;0.11500873416662216;0.11500873416662216;0.5426565408706665;0.0
0.0008001327514648438;0.0008001327514648438;0.0010328292846679688;0.0;0.11537329852581024;0.11537329852581024;0.3989620804786682;0.0
0.0008747316896915436;0.0012001991271972656;0.0008747316896915436;0.0;0.11687161028385162;0.11687161028385162;0.2737613320350647;0.0
0.0009001493453979492;0.0009001493453979492;0.0011851191520690918;0.0;0.11984270066022873;0.11984270066022873;0.22373373806476593;0.0
0.0009001493453979492;0.0009001493453979492;0.0011580586433410645;0.0;0.12161832302808762;0.12161832302808762;0.18207240104675293;0.0
0.0009001493453979492;0.0009001493453979492;0.0012676678597927094;0.0;0.12231108546257019;0.12231108546257019;0.3077535927295685;0.0
0.0009001493453979492;0.0009001493453979492;0.0013199448585510254;0.0;0.12249915301799774;0.12249915301799774;0.5226559638977051;0.0
0.0009001493453979492;0.0009001493453979492;0.0016540512442588806;0.0;0.12378211319446564;0.12378211319446564;0.16221410036087036;0.0
0.0009001493453979492;0.0009001493453979492;0.00141066312789917;0.0;0.12635108828544617;0.12635108828544617;0.2190830558538437;0.0
0.0010001659393310547;0.0010001659393310547;0.0013973712921142578;0.0;0.12918807566165924;0.12918807566165924;0.3825843632221222;0.0
0.0010001659393310547;0.0010001659393310547;0.0015054047107696533;0.0;0.13112854957580566;0.13112854957580566;0.2689482569694519;0.0
0.0010001659393310547;0.0010001659393310547;0.0018348880112171173;0.0;0.13742773234844208;0.13742773234844208;0.6367194056510925;0.0
0.0010001659393310547;0.0010001659393310547;0.0015045925974845886;0.0;0.13839933276176453;0.13839933276176453;0.3337516486644745;0.0
0.0010001659393310547;0.0010001659393310547;0.0013679563999176025;0.0;0.1388109028339386;0.1388109028339386;0.5752723813056946;0.0
0.0010001659393310547;0.0010001659393310547;0.0011517703533172607;0.0;0.14001716673374176;0.14001716673374176;0.483940988779068;0.0
0.0011001825332641602;0.0011001825332641602;0.0016378294676542282;0.0;0.14086951315402985;0.14086951315402985;0.23274454474449158;0.0
0.0011001825332641602;0.0011001825332641602;0.0018683597445487976;0.0;0.14090898633003235;0.14090898633003235;0.4542959928512573;0.0
0.0011001825332641602;0.0011001825332641602;0.001480109989643097;0.0;0.14686119556427002;0.14686119556427002;0.624233067035675;0.0
0.0011001825332641602;0.0011001825332641602;0.0011674761772155762;0.0;0.15005064010620117;0.15005064010620117;0.2907097637653351;0.0
0.0011001825332641602;0.0011001825332641602;0.0018752366304397583;0.0;0.15567782521247864;0.15567782521247864;0.2259223312139511;0.0
0.0011001825332641602;0.0011001825332641602;0.0016408264636993408;0.0;0.15613597631454468;0.15613597631454468;0.27915042638778687;0.0
0.0012000203132629395;0.0012000203132629395;0.001552782952785492;0.0;0.1591745913028717;0.1591745913028717;0.24395540356636047;0.0
0.0012001991271972656;0.0012001991271972656;0.001210033893585205;0.0;0.16031673550605774;0.16031673550605774;0.3043358623981476;0.0
0.0012001991271972656;0.0012001991271972656;0.0015857759863138199;0.0;0.16177746653556824;0.16177746653556824;0.20670673251152039;0.0
0.0012001991271972656;0.0012001991271972656;0.001971255987882614;0.0;0.16206111013889313;0.16206111013889313;0.37103748321533203;0.0
0.0012001991271972656;0.0012001991271972656;0.0012006759643554688;0.0;0.16238832473754883;0.16238832473754883;0.28477564454078674;0.0
0.0012001991271972656;0.0012001991271972656;0.0014839991927146912;0.0;0.163211390376091;0.163211390376091;0.3260665237903595;0.0
0.0012001991271972656;0.0012001991271972656;0.001998376566916704;0.0;0.16375523805618286;0.16375523805618286;0.2934860587120056;0.0
0.0012001991271972656;0.0012001991271972656;0.0020545562729239464;0.0;0.16409653425216675;0.21696563065052032;0.16409653425216675;0.0
0.0012001991271972656;0.0012001991271972656;0.002110397443175316;0.0;0.16740447282791138;0.16740447282791138;0.5625297427177429;0.0
0.0012001991271972656;0.0012001991271972656;0.0017982125282287598;0.0;0.16871124505996704;0.16871124505996704;0.5849684476852417;0.0
0.0012894123792648315;0.0025326013565063477;0.0012894123792648315;0.0;0.17114675045013428;0.17114675045013428;0.7059139609336853;0.0
0.001300215721130371;0.001300215721130371;0.001734904944896698;0.0;0.17606104910373688;0.17606104910373688;0.28399619460105896;0.0
0.001300215721130371;0.001300215721130371;0.001889348030090332;0.0;0.17804142832756042;0.17804142832756042;0.5035619139671326;0.0
0.001300215721130371;0.001300215721130371;0.0017948746681213379;0.0;0.18300816416740417;0.18300816416740417;0.2908419072628021;0.0
0.001300215721130371;0.001300215721130371;0.0018889009952545166;0.0;0.18392953276634216;0.18392953276634216;0.3501461446285248;0.0
0.001300215721130371;0.001300215721130371;0.0026803873479366302;0.0;0.18899740278720856;0.18899740278720856;0.38725635409355164;0.0
0.001300215721130371;0.001300215721130371;0.0019798874855041504;0.0;0.1954118311405182;0.1954118311405182;0.4180556535720825;0.0
0.001300215721130371;0.001300215721130371;0.0018731094896793365;0.0;0.19730956852436066;0.19730956852436066;0.28736597299575806;0.0
0.001300215721130371;0.001300215721130371;0.0018525756895542145;0.0;0.20019258558750153;0.20019258558750153;0.3895008862018585;0.0
0.0014002323150634766;0.0014002323150634766;0.002277310937643051;0.0;0.20297569036483765;0.23350675404071808;0.20297569036483765;0.0
0.0014002323150634766;0.0014002323150634766;0.0027154870331287384;0.0;0.20312756299972534;0.20312756299972534;0.3050168454647064;0.0
0.0014002323150634766;0.0014002323150634766;0.0025111548602581024;0.0;0.20551519095897675;0.20551519095897675;0.3463553190231323;0.0
0.0014002323150634766;0.0014002323150634766;0.0018201470375061035;0.0;0.20766931772232056;0.20766931772232056;0.3086468279361725;0.0
0.0014002323150634766;0.0014002323150634766;0.002006053924560547;0.0;0.20876826345920563;0.20876826345920563;0.7092664241790771;0.0
0.0014002323150634766;0.0014002323150634766;0.0025458745658397675;0.0;0.2093990296125412;0.2093990296125412;0.6543732285499573;0.0
0.0014002323150634766;0.0014002323150634766;0.0022301077842712402;0.0;0.2099733054637909;0.2099733054637909;0.24248355627059937;0.0
0.0015000253915786743;0.0015000253915786743;0.002024531364440918;0.0;0.21013091504573822;0.21013091504573822;0.5963326692581177;0.0
0.001500248908996582;0.001500248908996582;0.0017581582069396973;0.0;0.21018999814987183;0.21018999814987183;0.3716307580471039;0.0
0.001500248908996582;0.001500248908996582;0.0031292475759983063;0.0;0.21383847296237946;0.24125215411186218;0.21383847296237946;0.0
0.001500248908996582;0.001500248908996582;0.0019341292791068554;0.0;0.21832415461540222;0.21832415461540222;0.36006367206573486;0.0
0.001500248908996582;0.001500248908996582;0.0022963285446166992;0.0;0.2189350575208664;0.2189350575208664;0.5979676246643066;0.0
0.001500248908996582;0.001500248908996582;0.0024882107973098755;0.0;0.2191258817911148;0.2191258817911148;0.3661819100379944;0.0
0.001500248908996582;0.001500248908996582;0.003079492598772049;0.0;0.22281262278556824;0.22281262278556824;0.3879197835922241;0.0
0.001500248908996582;0.001500248908996582;0.0022906064987182617;0.0;0.22501683235168457;0.22501683235168457;0.3093453645706177;0.0
0.001500248908996582;0.001500248908996582;0.0023215264081954956;0.0;0.22797875106334686;0.22797875106334686;0.3609914183616638;0.0
0.001500248908996582;0.001500248908996582;0.002508223056793213;0.0;0.23021653294563293;0.23021653294563293;0.9706799387931824;0.0
0.001600027084350586;0.001600027084350586;0.002838950604200363;0.0;0.2306090146303177;0.2306090146303177;0.38334739208221436;0.0
0.0016002655029296875;0.0016002655029296875;0.002425864338874817;0.0;0.23076675832271576;0.23076675832271576;0.2761513590812683;0.0
0.0016002655029296875;0.0016002655029296875;0.0027235746383666992;0.0;0.23103083670139313;0.23103083670139313;0.3205486536026001;0.0
0.0016002655029296875;0.0016002655029296875;0.002996280789375305;0.0;0.23162519931793213;0.23162519931793213;0.35520946979522705;0.0
0.0016893446445465088;0.0016893446445465088;0.0032881610095500946;0.0;0.23308078944683075;0.23308078944683075;0.36109083890914917;0.0
0.0016936659812927246;0.0016936659812927246;0.0031411945819854736;0.0;0.23425395786762238;0.23425395786762238;0.2953197658061981;0.0
0.001695394515991211;0.001695394515991211;0.0029304437339305878;0.0;0.23491421341896057;0.23491421341896057;0.39131829142570496;0.0
0.0016981959342956543;0.0016981959342956543;0.00240422785282135;0.0;0.23492489755153656;0.23492489755153656;0.5667607188224792;0.0
0.0016991198062896729;0.0016991198062896729;0.0030662789940834045;0.0;0.23556958138942719;0.23556958138942719;0.5645048022270203;0.0
0.0016997456550598145;0.0016997456550598145;0.003572627902030945;0.0;0.23683273792266846;0.23683273792266846;0.3184138238430023;0.0
0.0017000287771224976;0.0017000287771224976;0.002499181777238846;0.0;0.23966655135154724;0.23966655135154724;1.1170233488082886;0.0
0.0017000287771224976;0.0017000287771224976;0.0036529749631881714;0.0;0.2396901249885559;0.2396901249885559;0.2645053267478943;0.0
0.0017002224922180176;0.0017002224922180176;0.002821803092956543;0.0;0.24140171706676483;0.24140171706676483;0.5329148769378662;0.0
0.001700282096862793;0.001700282096862793;0.002446591854095459;0.0;0.2423436939716339;0.2423436939716339;0.3413699269294739;0.0
0.001700282096862793;0.001700282096862793;0.0032578110694885254;0.0;0.24383647739887238;0.24383647739887238;0.4313070774078369;0.0
0.0017847418785095215;0.0017847418785095215;0.0027374625205993652;0.0;0.2496824562549591;0.2496824562549591;0.4597932994365692;0.0
0.0017865896224975586;0.0017865896224975586;0.0028334856033325195;0.0;0.2504507899284363;0.2504507899284363;0.6772444248199463;0.0
0.0018000304698944092;0.0018000304698944092;0.0033314377069473267;0.0;0.2516159415245056;0.2516159415245056;0.3896518051624298;0.0
0.0018557906150817871;0.0018557906150817871;0.0035086870193481445;0.0;0.2534607946872711;0.2534607946872711;0.654435396194458;0.0
0.0018752217292785645;0.0018752217292785645;0.003931313753128052;0.0;0.2544921934604645;0.2544921934604645;0.6398493647575378;0.0
0.0018808618187904358;0.0018808618187904358;0.003997929394245148;0.0;0.2549232244491577;0.2549232244491577;0.6701866984367371;0.0
0.0018825531005859375;0.0018825531005859375;0.003050282597541809;0.0;0.256918340921402;0.256918340921402;0.3835258185863495;0.0
0.0018826127052307129;0.0018826127052307129;0.003920931369066238;0.0;0.25856921076774597;0.25856921076774597;1.0238933563232422;0.0
0.0018898844718933105;0.0018898844718933105;0.0021204352378845215;0.0;0.25915470719337463;0.25915470719337463;0.89824378490448;0.0
0.0018934309482574463;0.0018934309482574463;0.0038164183497428894;0.0;0.26337194442749023;0.26337194442749023;0.6798200011253357;0.0
0.0019581615924835205;0.0019581615924835205;0.003657221794128418;0.0;0.2679319977760315;0.2679319977760315;0.933942973613739;0.0
0.0019736289978027344;0.0019736289978027344;0.003417402505874634;0.0;0.27039921283721924;0.27039921283721924;1.081650972366333;0.0
0.0019779205322265625;0.0019779205322265625;0.0036284923553466797;0.0;0.2706458270549774;0.2706458270549774;0.5196880102157593;0.0
0.0019794777035713196;0.0019794777035713196;0.003767937421798706;0.0;0.27227821946144104;0.27227821946144104;0.5991196036338806;0.0
0.0019865185022354126;0.0019865185022354126;0.003970202058553696;0.0;0.2731347978115082;0.2731347978115082;0.5472860932350159;0.0
0.001999780535697937;0.001999780535697937;0.003908067941665649;0.0;0.2756930887699127;0.43298259377479553;0.2756930887699127;0.0
0.0020000338554382324;0.0020000338554382324;0.003000900149345398;0.0;0.276454895734787;0.276454895734787;0.5730242729187012;0.0
0.002050161361694336;0.002050161361694336;0.002742297947406769;0.0;0.281735360622406;0.281735360622406;0.49418097734451294;0.0
0.002056355122476816;0.0020990148186683655;0.002056355122476816;0.0;0.2855290174484253;0.2855290174484253;0.49747639894485474;0.0
0.0020651668310165405;0.0020651668310165405;0.004215482622385025;0.0;0.28640973567962646;0.28640973567962646;0.41587188839912415;0.0
0.00206553190946579;0.00206553190946579;0.003226757049560547;0.0;0.2865027189254761;0.2865027189254761;0.6860813498497009;0.0
0.0020676851272583008;0.0020676851272583008;0.002896428108215332;0.0;0.28673288226127625;0.28673288226127625;0.5780789852142334;0.0
0.00208204984664917;0.00208204984664917;0.0031467601656913757;0.0;0.2904612720012665;0.2904612720012665;0.6040740609169006;0.0
0.002083670347929001;0.002083670347929001;0.004701897501945496;0.0;0.29280728101730347;0.29280728101730347;1.0330184698104858;0.0
0.002089768648147583;0.002089768648147583;0.004228323698043823;0.0;0.29300516843795776;0.29300516843795776;0.6448997259140015;0.0
0.0020967721939086914;0.0020967721939086914;0.006168484687805176;0.0;0.2967187464237213;0.2967187464237213;0.5959565043449402;0.0
0.0020997226238250732;0.0020997226238250732;0.003053477965295315;0.0;0.30177903175354004;0.30177903175354004;0.3077676296234131;0.0
0.0021513700485229492;0.0021513700485229492;0.006690818816423416;0.0;0.30240029096603394;0.30240029096603394;1.1213440895080566;0.0
0.0021605342626571655;0.0021605342626571655;0.003934085369110107;0.0;0.30508723855018616;0.30508723855018616;0.7861431241035461;0.0
0.00216094683855772;0.00216094683855772;0.0037753023207187653;0.0;0.3095325827598572;0.3095325827598572;0.749435544013977;0.0
0.0021615177392959595;0.0021615177392959595;0.004227019846439362;0.0;0.30984941124916077;0.30984941124916077;0.8267603516578674;0.0
0.0021636635065078735;0.0021636635065078735;0.0036294423043727875;0.0;0.31178781390190125;0.31178781390190125;0.5593553781509399;0.0
0.002165496349334717;0.002165496349334717;0.004440684802830219;0.0;0.3143758773803711;0.3143758773803711;0.6164010167121887;0.0
0.002170264720916748;0.002170264720916748;0.00399735476821661;0.0;0.31839755177497864;0.31839755177497864;0.7778209447860718;0.0
0.002176254987716675;0.002176254987716675;0.003971435129642487;0.0;0.3216494619846344;0.3216494619846344;0.39383646845817566;0.0
0.002185732126235962;0.002185732126235962;0.0029477551579475403;0.0;0.3228042721748352;0.3228042721748352;0.8088112473487854;0.0
0.0021883249282836914;0.0021883249282836914;0.002314683049917221;0.0;0.32492387294769287;0.32492387294769287;0.5519421100616455;0.0
0.0021897107362747192;0.0021897107362747192;0.004838176071643829;0.0;0.32525745034217834;0.32525745034217834;0.5176265239715576;0.0
0.00219002366065979;0.00219002366065979;0.0036393404006958008;0.0;0.32609009742736816;0.32609009742736816;0.6386988162994385;0.0
0.002236276865005493;0.002236276865005493;0.0038016140460968018;0.0;0.3263033628463745;0.3263033628463745;0.41310200095176697;0.0
0.0022581815719604492;0.0022581815719604492;0.0025662193074822426;0.0;0.3300726115703583;0.3300726115703583;0.805524468421936;0.0
0.002266526222229004;0.002266526222229004;0.004507146775722504;0.0;0.3307802975177765;0.3307802975177765;0.46665525436401367;0.0
0.002277582883834839;0.002277582883834839;0.004749953746795654;0.0;0.33115869760513306;0.3790385127067566;0.33115869760513306;0.0
0.0022962242364883423;0.0022962242364883423;0.0035192370414733887;0.0;0.33232709765434265;0.33232709765434265;0.5700783133506775;0.0
0.0023000389337539673;0.0023000389337539673;0.0040247440338134766;0.0;0.33466091752052307;0.33466091752052307;1.2266209125518799;0.0
0.002330601215362549;0.002330601215362549;0.0029349401593208313;0.0;0.337437242269516;0.337437242269516;0.3563195765018463;0.0
0.002346128225326538;0.002346128225326538;0.00318281352519989;0.0;0.3391418755054474;0.3391418755054474;0.8402561545372009;0.0
0.0023470520973205566;0.0023470520973205566;0.002779647707939148;0.0;0.33923518657684326;0.33923518657684326;0.6952446699142456;0.0
0.002356231212615967;0.002356231212615967;0.004737228155136108;0.0;0.34000837802886963;0.34000837802886963;0.8685444593429565;0.0
0.00237119197845459;0.00237119197845459;0.0033618807792663574;0.0;0.3457072079181671;0.3457072079181671;0.6386065483093262;0.0
0.0023717284202575684;0.0023717284202575684;0.004175037145614624;0.0;0.3463031053543091;0.5040682554244995;0.3463031053543091;0.0
0.0024271607398986816;0.0024271607398986816;0.004714637994766235;0.0;0.346586674451828;0.346586674451828;0.5635014176368713;0.0
0.002431347966194153;0.002431347966194153;0.0038775578141212463;0.0;0.3485788106918335;0.3485788106918335;0.6232084631919861;0.0
0.0024431943893432617;0.0024431943893432617;0.004812218248844147;0.0;0.3488072454929352;0.3488072454929352;0.577936053276062;0.0
0.0024459566920995712;0.0037402957677841187;0.0024459566920995712;0.0;0.35184216499328613;0.4073825180530548;0.35184216499328613;0.0
0.002445995807647705;0.002445995807647705;0.00468018651008606;0.0;0.3526180386543274;0.3526180386543274;0.9100624918937683;0.0
0.0024465620517730713;0.002497076988220215;0.0024465620517730713;0.0;0.354073166847229;0.354073166847229;0.4868885278701782;0.0
0.0024697184562683105;0.0024697184562683105;0.003128737211227417;0.0;0.3546793758869171;0.3546793758869171;0.7938005328178406;0.0
0.0024753212928771973;0.0024753212928771973;0.004829928278923035;0.0;0.3583885133266449;1.043847680091858;0.3583885133266449;0.0
0.002500474452972412;0.002500474452972412;0.003999233245849609;0.0;0.3585914373397827;0.41095033288002014;0.3585914373397827;0.0
0.002520143985748291;0.002520143985748291;0.006162650883197784;0.0;0.36181923747062683;0.36181923747062683;0.7753450274467468;0.0
0.0025302767753601074;0.0025302767753601074;0.004774302244186401;0.0;0.3648016154766083;0.3648016154766083;0.5929121375083923;0.0
0.002532675862312317;0.002532675862312317;0.006312459707260132;0.0;0.365659236907959;0.365659236907959;0.7359399795532227;0.0
0.0025461316108703613;0.0025461316108703613;0.004886217415332794;0.0;0.3662812113761902;0.3662812113761902;0.806128978729248;0.0
0.002556219696998596;0.002556219696998596;0.005374640226364136;0.0;0.3667305111885071;0.3667305111885071;1.0899065732955933;0.0
0.0025665760040283203;0.0025665760040283203;0.005666594952344894;0.0;0.36880427598953247;0.36880427598953247;0.37999066710472107;0.0
0.0025974735617637634;0.0025974735617637634;0.005453392863273621;0.0;0.3711260259151459;0.3711260259151459;0.5589173436164856;0.0
0.002601116895675659;0.002601116895675659;0.0041770339012146;0.0;0.3712146282196045;0.3712146282196045;0.9035073518753052;0.0
0.0026063919067382812;0.0026063919067382812;0.004298180341720581;0.0;0.3723524808883667;0.38032951951026917;0.3723524808883667;0.0
0.002615317702293396;0.002615317702293396;0.003591179847717285;0.0;0.37294894456863403;0.37294894456863403;0.7043294310569763;0.0
0.0026199519634246826;0.0026199519634246826;0.0034882426261901855;0.0;0.3769065737724304;0.3769065737724304;0.40809887647628784;0.0
0.002636037766933441;0.002636037766933441;0.004842724651098251;0.0;0.37731602787971497;0.37731602787971497;0.5888587832450867;0.0
0.0026398226618766785;0.0026398226618766785;0.0042063333094120026;0.0;0.3807627260684967;0.3807627260684967;1.1470983028411865;0.0
0.002676069736480713;0.002676069736480713;0.004605308175086975;0.0;0.3860854506492615;0.3860854506492615;0.5564329624176025;0.0
0.002686023712158203;0.002686023712158203;0.006436765193939209;0.0;0.3895452618598938;0.5110887885093689;0.3895452618598938;0.0
0.0026923716068267822;0.0026923716068267822;0.0044443197548389435;0.0;0.3900549113750458;0.3900549113750458;0.501666247844696;0.0
0.002694368362426758;0.002694368362426758;0.007777746766805649;0.0;0.39062225818634033;0.39062225818634033;0.9701752662658691;0.0
0.0026955008506774902;0.0026955008506774902;0.0035293996334075928;0.0;0.3916029632091522;0.3916029632091522;0.8504438996315002;0.0
0.0026966333389282227;0.0026966333389282227;0.003931961953639984;0.0;0.3949577808380127;0.3949577808380127;0.6831449866294861;0.0
0.0027045905590057373;0.0027045905590057373;0.004892848432064056;0.0;0.39510583877563477;0.39510583877563477;1.248319387435913;0.0
0.002705991268157959;0.002705991268157959;0.004872620105743408;0.0;0.39614593982696533;0.4925156831741333;0.39614593982696533;0.0
0.0027060508728027344;0.0027060508728027344;0.005472689867019653;0.0;0.39625677466392517;0.39625677466392517;0.5820028185844421;0.0
0.0027090907096862793;0.0027090907096862793;0.0057923197746276855;0.0;0.39646032452583313;0.39646032452583313;0.7856731414794922;0.0
0.0027192234992980957;0.0027192234992980957;0.004341897554695606;0.0;0.3980447053909302;0.5209621787071228;0.3980447053909302;0.0
0.00272214412689209;0.00272214412689209;0.005139246582984924;0.0;0.39958643913269043;0.39958643913269043;1.2496650218963623;0.0
0.0027442574501037598;0.0027442574501037598;0.005669087171554565;0.0;0.40065547823905945;0.40065547823905945;0.6644164323806763;0.0
0.0027555525302886963;0.0027555525302886963;0.00426705926656723;0.0;0.4021141231060028;0.43421852588653564;0.4021141231060028;0.0
0.0027559399604797363;0.0027559399604797363;0.005141172558069229;0.0;0.40212899446487427;0.40212899446487427;1.110332727432251;0.0
0.0027655363082885742;0.0027655363082885742;0.0033505111932754517;0.0;0.4022461473941803;0.4022461473941803;0.5484445095062256;0.0
0.0027701258659362793;0.0027701258659362793;0.003283083438873291;0.0;0.4059064984321594;0.4059064984321594;0.8387262225151062;0.0
0.0027841776609420776;0.0027841776609420776;0.005129978060722351;0.0;0.4074324369430542;0.4074324369430542;0.7229177951812744;0.0
0.0027943849563598633;0.0027943849563598633;0.006783176213502884;0.0;0.4102277159690857;0.4102277159690857;0.8803786039352417;0.0
0.0027968883514404297;0.0027968883514404297;0.00383952260017395;0.0;0.41044461727142334;0.41044461727142334;0.7824687361717224;0.0
0.002798914909362793;0.002798914909362793;0.004705071449279785;0.0;0.4137786030769348;0.4137786030769348;0.5845357179641724;0.0
0.0028148889541625977;0.0028148889541625977;0.006537392735481262;0.0;0.4137803614139557;0.5606757402420044;0.4137803614139557;0.0
0.002818852663040161;0.002818852663040161;0.007191404700279236;0.0;0.4167006015777588;0.4167006015777588;0.6183141469955444;0.0
0.0028301477432250977;0.0028301477432250977;0.005917847156524658;0.0;0.41766035556793213;0.41766035556793213;0.9590599536895752;0.0
0.0028700530529022217;0.0028700530529022217;0.004908159375190735;0.0;0.41968539357185364;0.41968539357185364;0.6819077730178833;0.0
0.002892911434173584;0.002892911434173584;0.005114484578371048;0.0;0.4204629361629486;0.4204629361629486;1.1972038745880127;0.0
0.0028939247131347656;0.0028939247131347656;0.005080357193946838;0.0;0.42116889357566833;0.42116889357566833;0.8008647561073303;0.0
0.002908378839492798;0.002908378839492798;0.0072763338685035706;0.0;0.42195263504981995;0.5146385431289673;0.42195263504981995;0.0
0.0029323697090148926;0.0029323697090148926;0.006508819758892059;0.0;0.4220254123210907;0.4220254123210907;0.8532004952430725;0.0
0.002953648567199707;0.002953648567199707;0.00749901682138443;0.0;0.4230506122112274;0.7139641046524048;0.4230506122112274;0.0
0.00295836478471756;0.00295836478471756;0.005103006958961487;0.0;0.4241601228713989;0.48960086703300476;0.4241601228713989;0.0
0.0029717087745666504;0.0029717087745666504;0.005264647305011749;0.0;0.4246961176395416;0.4246961176395416;0.6744159460067749;0.0
0.002981632947921753;0.002981632947921753;0.007063709199428558;0.0;0.4248024821281433;0.4248024821281433;0.4737054705619812;0.0
0.002982795238494873;0.002982795238494873;0.005924627184867859;0.0;0.42488202452659607;0.42488202452659607;0.9366751909255981;0.0
0.002993151545524597;0.002993151545524597;0.0055202096700668335;0.0;0.4254532754421234;0.43467986583709717;0.4254532754421234;0.0
0.0030187368392944336;0.0030187368392944336;0.004392683506011963;0.0;0.42863982915878296;0.42863982915878296;0.6001079082489014;0.0
0.0030265450477600098;0.0030265450477600098;0.005281731486320496;0.0;0.4289504289627075;0.6518709063529968;0.4289504289627075;0.0
0.0030310750007629395;0.0030310750007629395;0.004795745015144348;0.0;0.4294377267360687;0.4696941375732422;0.4294377267360687;0.0
0.003035247325897217;0.003035247325897217;0.005931567400693893;0.0;0.43258270621299744;0.43258270621299744;0.5009881854057312;0.0
0.003040879964828491;0.003040879964828491;0.005777992308139801;0.0;0.4354580044746399;0.4354580044746399;0.5689809322357178;0.0
0.003068089485168457;0.003068089485168457;0.0053164176642894745;0.0;0.43912920355796814;0.5056284666061401;0.43912920355796814;0.0
0.0030924081802368164;0.0030924081802368164;0.00652061402797699;0.0;0.43996575474739075;0.47341296076774597;0.43996575474739075;0.0
0.003100097179412842;0.003100097179412842;0.006605714559555054;0.0;0.44122928380966187;0.44122928380966187;0.6122456192970276;0.0
0.0031186342239379883;0.0031186342239379883;0.006968855857849121;0.0;0.4414846897125244;0.4414846897125244;0.5003199577331543;0.0
0.0031317174434661865;0.0031317174434661865;0.006137356162071228;0.0;0.4443548917770386;0.47736284136772156;0.4443548917770386;0.0
0.0031499862670898438;0.0031499862670898438;0.005042210221290588;0.0;0.4448847472667694;0.4448847472667694;0.46012070775032043;0.0
0.0031811892986297607;0.0031811892986297607;0.006892994046211243;0.0;0.44506627321243286;0.46616417169570923;0.44506627321243286;0.0
0.0031832903623580933;0.0031832903623580933;0.008044175803661346;0.0;0.44709521532058716;0.62164306640625;0.44709521532058716;0.0
0.0032029300928115845;0.0032029300928115845;0.005678819492459297;0.0;0.44793424010276794;0.44793424010276794;0.6858615279197693;0.0
0.003205239772796631;0.003205239772796631;0.008927509188652039;0.0;0.44820964336395264;0.44820964336395264;0.9680620431900024;0.0
0.0032087862491607666;0.0032087862491607666;0.0071542710065841675;0.0;0.4484815001487732;0.4484815001487732;0.5338250398635864;0.0
0.0032230615615844727;0.0032230615615844727;0.005356892943382263;0.0;0.4486200213432312;0.4486200213432312;0.8996094465255737;0.0
0.003230154514312744;0.003230154514312744;0.006803575903177261;0.0;0.4487852156162262;0.4487852156162262;0.6614806056022644;0.0
0.0032626986503601074;0.0032626986503601074;0.009753897786140442;0.0;0.45020967721939087;0.45020967721939087;0.5012962818145752;0.0
0.0032725483179092407;0.0032725483179092407;0.01906457543373108;0.0;0.45070818066596985;0.45070818066596985;0.6891480088233948;0.0
0.0033195912837982178;0.0033195912837982178;0.00748801976442337;0.0;0.4522722661495209;0.4951187074184418;0.4522722661495209;0.0
0.0033218562602996826;0.0033218562602996826;0.004626959562301636;0.0;0.4526643455028534;0.45684754848480225;0.4526643455028534;0.0
0.003322094678878784;0.003322094678878784;0.009738311171531677;0.0;0.4567047953605652;0.4567047953605652;0.6719485521316528;0.0
0.0033263564109802246;0.0033263564109802246;0.019319653511047363;0.0;0.45694395899772644;0.45694395899772644;0.8814083933830261;0.0
0.0033360570669174194;0.0033360570669174194;0.00539722666144371;0.0;0.45822277665138245;0.5593745708465576;0.45822277665138245;0.0
0.003346055746078491;0.003346055746078491;0.0057211145758628845;0.0;0.45826253294944763;0.5550795793533325;0.45826253294944763;0.0
0.0033482909202575684;0.0033482909202575684;0.0049928054213523865;0.0;0.46011799573898315;0.5041478872299194;0.46011799573898315;0.0
0.0033482909202575684;0.0033482909202575684;0.004714369773864746;0.0;0.46021535992622375;0.46021535992622375;1.222267746925354;0.0
0.003357827663421631;0.003357827663421631;0.004647202789783478;0.0;0.4612748920917511;0.541016697883606;0.4612748920917511;0.0
0.003369465470314026;0.003369465470314026;0.0063655078411102295;0.0;0.46246811747550964;0.46246811747550964;0.9531564116477966;0.0
0.00341111421585083;0.00341111421585083;0.007204979658126831;0.0;0.4628022611141205;0.4628022611141205;0.8011825084686279;0.0
0.0034490227699279785;0.0034490227699279785;0.007747426629066467;0.0;0.4660491347312927;0.7720434665679932;0.4660491347312927;0.0
0.0034491419792175293;0.0034491419792175293;0.0071576982736587524;0.0;0.4691149890422821;1.156441330909729;0.4691149890422821;0.0
0.003451794385910034;0.003451794385910034;0.008026331663131714;0.0;0.47150853276252747;0.47150853276252747;0.6712618470191956;0.0
0.0034737735986709595;0.0034737735986709595;0.00781664252281189;0.0;0.4736521542072296;0.4736521542072296;0.5642907023429871;0.0
0.0034834742546081543;0.0034834742546081543;0.008380727842450142;0.0;0.4736825227737427;0.4736825227737427;0.770511269569397;0.0
0.0035082027316093445;0.0035082027316093445;0.006599098443984985;0.0;0.47912827134132385;0.7374669313430786;0.47912827134132385;0.0
0.003534311428666115;0.003534311428666115;0.005551084876060486;0.0;0.4814007580280304;0.4814007580280304;1.035636067390442;0.0
0.0035427212715148926;0.0035427212715148926;0.00755232572555542;0.0;0.4817599356174469;0.4817599356174469;0.8908026814460754;0.0
0.003558933734893799;0.003558933734893799;0.006985336542129517;0.0;0.4825349748134613;0.4825349748134613;0.7137641310691833;0.0
0.0035595595836639404;0.0035595595836639404;0.006142079830169678;0.0;0.4850371778011322;0.4850371778011322;0.6359902620315552;0.0
0.0035767853260040283;0.0035767853260040283;0.013230115175247192;0.0;0.48555463552474976;0.48555463552474976;0.5625050067901611;0.0
0.003590881824493408;0.003590881824493408;0.007644765079021454;0.0;0.4856250584125519;0.4856250584125519;0.8817404508590698;0.0
0.003615863621234894;0.003615863621234894;0.007931437343358994;0.0;0.4871160686016083;1.6662812232971191;0.4871160686016083;0.0
0.003616124391555786;0.003616124391555786;0.00787179172039032;0.0;0.4938899874687195;0.4938899874687195;1.061369776725769;0.0
0.0036188066005706787;0.0036188066005706787;0.007170043885707855;0.0;0.49554508924484253;0.49554508924484253;0.8119174838066101;0.0
0.0036424100399017334;0.0036424100399017334;0.010687422007322311;0.0;0.49864721298217773;0.5767473578453064;0.49864721298217773;0.0
0.0036759227514266968;0.0036759227514266968;0.008568571880459785;0.0;0.4988723695278168;0.4988723695278168;0.799492597579956;0.0
0.003679215908050537;0.003679215908050537;0.0076205432415008545;0.0;0.4989219009876251;0.4989219009876251;0.5585159063339233;0.0
0.0036825239658355713;0.0036825239658355713;0.00823502242565155;0.0;0.4997529685497284;0.4997529685497284;0.9776825904846191;0.0
0.0037222877144813538;0.0037222877144813538;0.006397845223546028;0.0;0.5026645064353943;0.5137684345245361;0.5026645064353943;0.0
0.003743693232536316;0.003743693232536316;0.010051056742668152;0.0;0.5036964416503906;0.5036964416503906;0.7414581775665283;0.0
0.003791704773902893;0.003791704773902893;0.004969269037246704;0.0;0.505162239074707;0.9019007682800293;0.505162239074707;0.0
0.003792017698287964;0.003792017698287964;0.006660968065261841;0.0;0.5071156620979309;0.5267049670219421;0.5071156620979309;0.0
0.0037977993488311768;0.0037977993488311768;0.011278800666332245;0.0;0.5073440670967102;0.5562849044799805;0.5073440670967102;0.0
0.003809019923210144;0.003809019923210144;0.007473647594451904;0.0;0.5073608756065369;0.5073608756065369;0.8259516358375549;0.0
0.0038127899169921875;0.0038127899169921875;0.009903684258460999;0.0;0.5082234144210815;0.6013438105583191;0.5082234144210815;0.0
0.0038161426782608032;0.0038161426782608032;0.010137587785720825;0.0;0.508902370929718;0.7993085384368896;0.508902370929718;0.0
0.0038179298862814903;0.0038179298862814903;0.008869849145412445;0.0;0.5147796869277954;0.5147796869277954;1.0098999738693237;0.0
0.0038247276097536087;0.0038247276097536087;0.0070174336433410645;0.0;0.5179980993270874;0.5179980993270874;0.9982723593711853;0.0
0.0038274824619293213;0.0038274824619293213;0.007866881787776947;0.0;0.5190486907958984;1.2785778045654297;0.5190486907958984;0.0
0.0038523077964782715;0.0038523077964782715;0.005773425102233887;0.0;0.5191192030906677;0.745741069316864;0.5191192030906677;0.0
0.0038867592811584473;0.0038867592811584473;0.008650541305541992;0.0;0.5244537591934204;0.6031240820884705;0.5244537591934204;0.0
0.0038999319076538086;0.0038999319076538086;0.0082293301820755;0.0;0.5249696373939514;0.5249696373939514;0.5460076928138733;0.0
0.003905177116394043;0.003905177116394043;0.012575477361679077;0.0;0.5256761312484741;0.5256761312484741;1.0472530126571655;0.0
0.003914833068847656;0.003914833068847656;0.008029669523239136;0.0;0.5267359018325806;0.5267359018325806;1.3992356061935425;0.0
0.003916144371032715;0.003916144371032715;0.009496226906776428;0.0;0.5271160006523132;0.8559219241142273;0.5271160006523132;0.0
0.003918766975402832;0.003918766975402832;0.011685281991958618;0.0;0.5285238027572632;0.5285238027572632;1.1773303747177124;0.0
0.003946781158447266;0.003946781158447266;0.006769903004169464;0.0;0.529961347579956;0.529961347579956;1.1108777523040771;0.0
0.003980487585067749;0.003980487585067749;0.010218307375907898;0.0;0.5314401388168335;0.5314401388168335;0.9524020552635193;0.0
0.003987334668636322;0.005050388630479574;0.003987334668636322;0.0;0.5316527485847473;0.5936957001686096;0.5316527485847473;0.0
0.003988742828369141;0.003988742828369141;0.009250994771718979;0.0;0.5326787233352661;0.5326787233352661;0.5464634299278259;0.0
0.004012405872344971;0.004012405872344971;0.007661446928977966;0.0;0.5384992957115173;0.5384992957115173;0.9160816669464111;0.0
0.004017367959022522;0.004017367959022522;0.007037043571472168;0.0;0.540954053401947;0.540954053401947;1.264073133468628;0.0
0.0040253400802612305;0.0040253400802612305;0.010645344853401184;0.0;0.5432692766189575;0.6662150025367737;0.5432692766189575;0.0
0.004075169563293457;0.004075169563293457;0.008519023656845093;0.0;0.5453766584396362;0.5453766584396362;0.6376275420188904;0.0
0.004101075232028961;0.004101075232028961;0.007359921932220459;0.0;0.5458201766014099;1.0279096364974976;0.5458201766014099;0.0
0.004118561744689941;0.004118561744689941;0.006599918007850647;0.0;0.5467756390571594;0.5467756390571594;0.6880806684494019;0.0
0.0041671693325042725;0.0041671693325042725;0.0084000825881958;0.0;0.5470820069313049;0.5470820069313049;0.5863705277442932;0.0
0.004175156354904175;0.004175156354904175;0.009817451238632202;0.0;0.5477299690246582;0.6373758316040039;0.5477299690246582;0.0
0.00420689582824707;0.00420689582824707;0.007986381649971008;0.0;0.5482369065284729;1.2405683994293213;0.5482369065284729;0.0
0.004233241081237793;0.004233241081237793;0.012758195400238037;0.0;0.5508072972297668;0.8150075674057007;0.5508072972297668;0.0
0.004243046045303345;0.004243046045303345;0.011261627078056335;0.0;0.5515945553779602;0.5610653758049011;0.5515945553779602;0.0
0.004244029521942139;0.004244029521942139;0.009759411215782166;0.0;0.5522252917289734;0.5522252917289734;0.8363692164421082;0.0
0.0042445361614227295;0.0042445361614227295;0.006520681083202362;0.0;0.55316162109375;0.654280424118042;0.55316162109375;0.0
0.004257857799530029;0.004257857799530029;0.00883367657661438;0.0;0.5574203133583069;0.5574203133583069;0.5796753764152527;0.0
0.004273563623428345;0.004273563623428345;0.009786739945411682;0.0;0.5577695965766907;0.5577695965766907;1.324233055114746;0.0
0.0042816996574401855;0.0042816996574401855;0.0157376229763031;0.0;0.558682382106781;0.558682382106781;0.5655938982963562;0.0
0.004291713237762451;0.004291713237762451;0.00807027518749237;0.0;0.5618271827697754;0.5911797285079956;0.5618271827697754;0.0
0.00429573655128479;0.00429573655128479;0.010059192776679993;0.0;0.5627257227897644;0.6366231441497803;0.5627257227897644;0.0
0.004327356815338135;0.004327356815338135;0.00458226352930069;0.0;0.5635055899620056;0.7563267946243286;0.5635055899620056;0.0
0.004337042570114136;0.004337042570114136;0.007135987281799316;0.0;0.5652017593383789;0.6057103872299194;0.5652017593383789;0.0
0.004347383975982666;0.004347383975982666;0.01044994592666626;0.0;0.5656516551971436;0.8435845971107483;0.5656516551971436;0.0
0.004366666078567505;0.004366666078567505;0.007023647427558899;0.0;0.5679092407226562;0.5679092407226562;1.395709753036499;0.0
0.004375910386443138;0.004375910386443138;0.012039989233016968;0.0;0.569275975227356;0.569275975227356;0.630044162273407;0.0
0.004378080368041992;0.004378080368041992;0.01046038419008255;0.0;0.5713768601417542;0.7576380372047424;0.5713768601417542;0.0
0.004378125071525574;0.004378125071525574;0.010315775871276855;0.0;0.5721061825752258;0.5721061825752258;0.7481098175048828;0.0
0.0043846964836120605;0.0043846964836120605;0.009379029273986816;0.0;0.5741402506828308;0.5741402506828308;0.5912784934043884;0.0
0.004399627447128296;0.004399627447128296;0.007312066853046417;0.0;0.5745442509651184;0.5745442509651184;0.933608889579773;0.0
0.004425644874572754;0.004425644874572754;0.009494587779045105;0.0;0.5763242840766907;0.7453458309173584;0.5763242840766907;0.0
0.004440978169441223;0.004440978169441223;0.009580627083778381;0.0;0.5776497721672058;0.6490749716758728;0.5776497721672058;0.0
0.00446145236492157;0.00446145236492157;0.0104808509349823;0.0;0.5779216885566711;1.0804343223571777;0.5779216885566711;0.0
0.004468679428100586;0.004468679428100586;0.009531781077384949;0.0;0.5782879590988159;1.1169532537460327;0.5782879590988159;0.0
0.004484593868255615;0.004484593868255615;0.010472625494003296;0.0;0.5813247561454773;0.5813247561454773;0.6941862106323242;0.0
0.004492893815040588;0.004492893815040588;0.006030384451150894;0.0;0.5821367502212524;1.0246689319610596;0.5821367502212524;0.0
0.004506707191467285;0.004506707191467285;0.008138841018080711;0.0;0.5827492475509644;0.8381712436676025;0.5827492475509644;0.0
0.004508301615715027;0.005836665630340576;0.004508301615715027;0.0;0.5828601121902466;0.7893941402435303;0.5828601121902466;0.0
0.0045322696678340435;0.005765438079833984;0.0045322696678340435;0.0;0.5841248631477356;0.5869957804679871;0.5841248631477356;0.0
0.0045334696769714355;0.0045334696769714355;0.009832710027694702;0.0;0.5846285223960876;0.7440264821052551;0.5846285223960876;0.0
0.004550337791442871;0.0056912899017333984;0.004550337791442871;0.0;0.5877085328102112;0.5877085328102112;1.3202720880508423;0.0
0.004554092884063721;0.004554092884063721;0.006895914673805237;0.0;0.5886486172676086;0.8365198969841003;0.5886486172676086;0.0
0.004624411463737488;0.004624411463737488;0.005466386675834656;0.0;0.5901550054550171;0.8696331977844238;0.5901550054550171;0.0
0.004673779010772705;0.004673779010772705;0.012124940752983093;0.0;0.5902678370475769;0.5902678370475769;0.9919564127922058;0.0
0.00468088686466217;0.00468088686466217;0.007141783833503723;0.0;0.5913678407669067;0.5913678407669067;0.8958724141120911;0.0
0.0047272443771362305;0.0047272443771362305;0.007298976182937622;0.0;0.5916985273361206;0.5916985273361206;1.2231189012527466;0.0
0.0047293007373809814;0.0047293007373809814;0.008895546197891235;0.0;0.5918983817100525;0.78603595495224;0.5918983817100525;0.0
0.004736512899398804;0.004736512899398804;0.010373100638389587;0.0;0.5933332443237305;0.5933332443237305;1.4165616035461426;0.0
0.004737734794616699;0.004737734794616699;0.008870035409927368;0.0;0.5954505801200867;0.6503404974937439;0.5954505801200867;0.0
0.004743054509162903;0.004743054509162903;0.013704165816307068;0.0;0.5959117412567139;0.7803100943565369;0.5959117412567139;0.0
0.004746854305267334;0.004746854305267334;0.013665735721588135;0.0;0.5968987345695496;0.6411430239677429;0.5968987345695496;0.0
0.0047575682401657104;0.0047575682401657104;0.0081854909658432;0.0;0.597190797328949;0.735916018486023;0.597190797328949;0.0
0.0047844648361206055;0.0047844648361206055;0.010421425104141235;0.0;0.5976098775863647;1.0384585857391357;0.5976098775863647;0.0
0.004791527986526489;0.004791527986526489;0.008033530786633492;0.0;0.5977407097816467;0.7131874561309814;0.5977407097816467;0.0
0.004809916019439697;0.004809916019439697;0.006008654832839966;0.0;0.5978764891624451;0.63051837682724;0.5978764891624451;0.0
0.0048272013664245605;0.0048272013664245605;0.006100773811340332;0.0;0.5987843871116638;0.6718653440475464;0.5987843871116638;0.0
0.004836738109588623;0.004836738109588623;0.01058456301689148;0.0;0.5992658138275146;0.5992658138275146;0.6754061579704285;0.0
0.00484640896320343;0.00484640896320343;0.010123923420906067;0.0;0.600065290927887;1.818710446357727;0.600065290927887;0.0
0.004861295223236084;0.004861295223236084;0.011822298169136047;0.0;0.6002733111381531;0.6002733111381531;1.0735026597976685;0.0
0.004901491105556488;0.004901491105556488;0.012062057852745056;0.0;0.6011711955070496;0.6827002763748169;0.6011711955070496;0.0
0.004907168447971344;0.004907168447971344;0.015377804636955261;0.0;0.6023038625717163;0.6023038625717163;1.1424601078033447;0.0
0.004948612302541733;0.004948612302541733;0.008357346057891846;0.0;0.6039928793907166;1.0342717170715332;0.6039928793907166;0.0
0.0049492716789245605;0.0049492716789245605;0.007803484797477722;0.0;0.604163408279419;0.8313555717468262;0.604163408279419;0.0
0.004952788352966309;0.004952788352966309;0.0128837451338768;0.0;0.6042997241020203;0.7975502014160156;0.6042997241020203;0.0
0.0049626827239990234;0.0049626827239990234;0.006109774112701416;0.0;0.6105874180793762;0.6105874180793762;1.0318114757537842;0.0
0.004973262548446655;0.004973262548446655;0.013266950845718384;0.0;0.612945020198822;0.612945020198822;1.4222158193588257;0.0
0.004975944757461548;0.004975944757461548;0.009981691837310791;0.0;0.6131724715232849;0.6186974048614502;0.6131724715232849;0.0
0.004995465278625488;0.004995465278625488;0.014090627431869507;0.0;0.6160082817077637;0.6160082817077637;1.1090724468231201;0.0
0.005043148994445801;0.005043148994445801;0.009164482355117798;0.0;0.6174159646034241;0.6174159646034241;0.9630429744720459;0.0
0.005072981119155884;0.005072981119155884;0.014236152172088623;0.0;0.6187118887901306;0.6187118887901306;0.6453925371170044;0.0
0.005074441432952881;0.005074441432952881;0.006242022849619389;0.0;0.6204515099525452;0.6204515099525452;1.3782193660736084;0.0
0.005079176276922226;0.005079176276922226;0.012523382902145386;0.0;0.6233654618263245;0.9591638445854187;0.6233654618263245;0.0
0.005105912685394287;0.005105912685394287;0.007837772369384766;0.0;0.6239169239997864;0.9393258690834045;0.6239169239997864;0.0
0.0051284730434417725;0.0051284730434417725;0.014093846082687378;0.0;0.625612735748291;0.9273635149002075;0.625612735748291;0.0
0.005158776417374611;0.005158776417374611;0.013451308012008667;0.0;0.6258320212364197;1.7286572456359863;0.6258320212364197;0.0
0.005165457725524902;0.005165457725524902;0.01810973882675171;0.0;0.6269515752792358;0.7350100874900818;0.6269515752792358;0.0
0.005165517330169678;0.005165517330169678;0.012774854898452759;0.0;0.6290339231491089;0.6290339231491089;1.0876572132110596;0.0
0.0051912665367126465;0.0051912665367126465;0.008980266749858856;0.0;0.6318538784980774;0.83096843957901;0.6318538784980774;0.0
0.005203515291213989;0.005203515291213989;0.010107457637786865;0.0;0.632861316204071;0.7579371333122253;0.632861316204071;0.0
0.005208134651184082;0.005208134651184082;0.009928315877914429;0.0;0.633111298084259;0.9838672876358032;0.633111298084259;0.0
0.005219221115112305;0.005219221115112305;0.010917618870735168;0.0;0.6347746849060059;0.6347746849060059;1.0805561542510986;0.0
0.0052345991134643555;0.0052345991134643555;0.016096681356430054;0.0;0.6367061734199524;0.6367061734199524;0.8780282735824585;0.0
0.005240440368652344;0.005240440368652344;0.013488397002220154;0.0;0.6370158195495605;0.7438887357711792;0.6370158195495605;0.0
0.005248516798019409;0.005248516798019409;0.007612109184265137;0.0;0.6375563144683838;0.6375563144683838;0.9692005515098572;0.0
0.005261637270450592;0.005261637270450592;0.009762048721313477;0.0;0.6383543014526367;0.6383543014526367;0.6543066501617432;0.0
0.005268216133117676;0.005268216133117676;0.009301334619522095;0.0;0.6408519744873047;0.797408938407898;0.6408519744873047;0.0
0.005273330956697464;0.005273330956697464;0.012065500020980835;0.0;0.6414615511894226;1.180195689201355;0.6414615511894226;0.0
0.005312800407409668;0.005312800407409668;0.01411457359790802;0.0;0.6442849040031433;0.6870148777961731;0.6442849040031433;0.0
0.005315914750099182;0.005315914750099182;0.014013484120368958;0.0;0.6457406878471375;0.7598630785942078;0.6457406878471375;0.0
0.00533217191696167;0.00533217191696167;0.005712207872420549;0.0;0.6470207571983337;0.9654785394668579;0.6470207571983337;0.0
0.00538480281829834;0.00538480281829834;0.01210823655128479;0.0;0.6485117673873901;0.941765546798706;0.6485117673873901;0.0
0.005400896072387695;0.005400896072387695;0.009539410471916199;0.0;0.6490466594696045;0.6490466594696045;1.0054845809936523;0.0
0.0054121315479278564;0.0054121315479278564;0.0062654465436935425;0.0;0.6493207812309265;1.040848731994629;0.6493207812309265;0.0
0.005412876605987549;0.005412876605987549;0.0117693692445755;0.0;0.6502004861831665;0.995989203453064;0.6502004861831665;0.0
0.005413681268692017;0.005413681268692017;0.011182785034179688;0.0;0.6526618003845215;1.3975497484207153;0.6526618003845215;0.0
0.0054337382316589355;0.0054337382316589355;0.009834244847297668;0.0;0.6528987884521484;0.6528987884521484;0.7846155762672424;0.0
0.0054670944809913635;0.0054670944809913635;0.011047929525375366;0.0;0.6559217572212219;0.7081331610679626;0.6559217572212219;0.0
0.005492545664310455;0.005492545664310455;0.009180259890854359;0.0;0.6562986969947815;0.6562986969947815;0.6739571690559387;0.0
0.00549963116645813;0.00549963116645813;0.012807518243789673;0.0;0.6567153334617615;0.7048488259315491;0.6567153334617615;0.0
0.00552232563495636;0.00552232563495636;0.013162180781364441;0.0;0.6569111943244934;0.6569111943244934;0.6779449582099915;0.0
0.005556344985961914;0.005556344985961914;0.012376710772514343;0.0;0.6604405045509338;0.6604405045509338;0.980049729347229;0.0
0.0055648088455200195;0.0055648088455200195;0.011095420457422733;0.0;0.6612088084220886;0.8974068760871887;0.6612088084220886;0.0
0.005579471588134766;0.005579471588134766;0.013540893793106079;0.0;0.6622143387794495;0.6622143387794495;0.7974238991737366;0.0
0.005603134632110596;0.005603134632110596;0.009141698479652405;0.0;0.6630264520645142;1.1951113939285278;0.6630264520645142;0.0
0.005615264177322388;0.005615264177322388;0.007175475358963013;0.0;0.6650965213775635;0.8195406794548035;0.6650965213775635;0.0
0.005618933588266373;0.005618933588266373;0.013351619243621826;0.0;0.6659925580024719;0.8572642803192139;0.6659925580024719;0.0
0.005622655153274536;0.005622655153274536;0.010547220706939697;0.0;0.6665503978729248;0.6665503978729248;1.6586213111877441;0.0
0.005634665489196777;0.005634665489196777;0.011303037405014038;0.0;0.6717525124549866;0.7221570611000061;0.6717525124549866;0.0
0.005661606788635254;0.005661606788635254;0.012681931257247925;0.0;0.6737866401672363;0.763545036315918;0.6737866401672363;0.0
0.005682945251464844;0.005682945251464844;0.013925373554229736;0.0;0.6758252382278442;0.8546997308731079;0.6758252382278442;0.0
0.005686402320861816;0.005686402320861816;0.011255055665969849;0.0;0.6762138605117798;0.7879351377487183;0.6762138605117798;0.0
0.005711227655410767;0.005711227655410767;0.007884308695793152;0.0;0.6804696917533875;0.8297012448310852;0.6804696917533875;0.0
0.005725502967834473;0.005725502967834473;0.01845577359199524;0.0;0.6817927360534668;0.6817927360534668;1.1095200777053833;0.0
0.005771279335021973;0.005771279335021973;0.029424339532852173;0.0;0.6821014881134033;0.6821014881134033;1.3948094844818115;0.0
0.005781114101409912;0.005781114101409912;0.015233665704727173;0.0;0.6822818517684937;0.6822818517684937;1.2335201501846313;0.0
0.0057852789759635925;0.0057852789759635925;0.013757526874542236;0.0;0.6829923987388611;0.6829923987388611;0.7350823879241943;0.0
0.005795091390609741;0.005795091390609741;0.009887278079986572;0.0;0.6845980286598206;0.6845980286598206;1.2591760158538818;0.0
0.00581948459148407;0.00581948459148407;0.0159185528755188;0.0;0.685543417930603;0.8690780997276306;0.685543417930603;0.0
0.0058456361293792725;0.0058456361293792725;0.013809919357299805;0.0;0.6857907176017761;1.1774184703826904;0.6857907176017761;0.0
0.005857557058334351;0.005857557058334351;0.008308351039886475;0.0;0.6858585476875305;0.6858585476875305;1.000417709350586;0.0
0.005862608551979065;0.005862608551979065;0.012333869934082031;0.0;0.6860458254814148;0.8887946605682373;0.6860458254814148;0.0
0.005890399217605591;0.005890399217605591;0.012831117957830429;0.0;0.6863508224487305;1.5026723146438599;0.6863508224487305;0.0
0.005915358662605286;0.005915358662605286;0.011138752102851868;0.0;0.6875935792922974;0.7662720680236816;0.6875935792922974;0.0
0.005927026271820068;0.005927026271820068;0.011309921741485596;0.0;0.6889495849609375;0.6889495849609375;1.5783131122589111;0.0
0.005957812070846558;0.005957812070846558;0.013717994093894958;0.0;0.6938523650169373;0.7762979865074158;0.6938523650169373;0.0
0.005959868431091309;0.005959868431091309;0.01568504422903061;0.0;0.6940311789512634;1.5946751832962036;0.6940311789512634;0.0
0.006057024002075195;0.006057024002075195;0.010339409112930298;0.0;0.699306309223175;0.699306309223175;1.3909568786621094;0.0
0.006078898906707764;0.006078898906707764;0.013559848070144653;0.0;0.7005482912063599;1.0908869504928589;0.7005482912063599;0.0
0.006144165992736816;0.006144165992736816;0.015974760055541992;0.0;0.7086947560310364;0.7086947560310364;1.2540092468261719;0.0
0.006151437759399414;0.006151437759399414;0.013516843318939209;0.0;0.7109705209732056;1.231485366821289;0.7109705209732056;0.0
0.006189703941345215;0.006189703941345215;0.013052552938461304;0.0;0.7126654386520386;0.934817373752594;0.7126654386520386;0.0
0.006193280220031738;0.006193280220031738;0.0136699378490448;0.0;0.7126720547676086;0.9606738090515137;0.7126720547676086;0.0
0.006201565265655518;0.006201565265655518;0.018099024891853333;0.0;0.713578999042511;1.3389652967453003;0.713578999042511;0.0
0.006211280822753906;0.006211280822753906;0.012649625539779663;0.0;0.7155144810676575;0.7155144810676575;0.907596230506897;0.0
0.0062177181243896484;0.0062177181243896484;0.011917918920516968;0.0;0.7157750725746155;0.7157750725746155;0.7714436650276184;0.0
0.00623282790184021;0.00623282790184021;0.015703856945037842;0.0;0.716084897518158;0.9675326943397522;0.716084897518158;0.0
0.0063093602657318115;0.0063093602657318115;0.01394297182559967;0.0;0.716484785079956;0.716484785079956;1.079681634902954;0.0
0.006311625242233276;0.006311625242233276;0.007645890116691589;0.0;0.7170365452766418;0.9186834692955017;0.7170365452766418;0.0
0.0063450634479522705;0.0063450634479522705;0.020572274923324585;0.0;0.7172449231147766;0.884624719619751;0.7172449231147766;0.0
0.006345510482788086;0.006345510482788086;0.013757586479187012;0.0;0.7175081372261047;1.2411866188049316;0.7175081372261047;0.0
0.006356194615364075;0.006356194615364075;0.012375012040138245;0.0;0.7186709046363831;1.1305309534072876;0.7186709046363831;0.0
0.006372690200805664;0.006372690200805664;0.010113358497619629;0.0;0.7188329100608826;0.8790047764778137;0.7188329100608826;0.0
0.006383489817380905;0.006383489817380905;0.010737419128417969;0.0;0.7203971147537231;1.6464338302612305;0.7203971147537231;0.0
0.006390661001205444;0.006390661001205444;0.014714017510414124;0.0;0.7204994559288025;0.9268555641174316;0.7204994559288025;0.0
0.006403058767318726;0.006403058767318726;0.010175883769989014;0.0;0.7230258584022522;0.7230258584022522;1.1023746728897095;0.0
0.006415121257305145;0.006415121257305145;0.008284516632556915;0.0;0.7256546020507812;1.1011326313018799;0.7256546020507812;0.0
0.006418120115995407;0.006418120115995407;0.012281551957130432;0.0;0.7298065423965454;0.9157544374465942;0.7298065423965454;0.0
0.006436929106712341;0.006436929106712341;0.00823676586151123;0.0;0.7323668003082275;0.9235417246818542;0.7323668003082275;0.0
0.0064455121755599976;0.0064455121755599976;0.011627711355686188;0.0;0.738406777381897;1.3743224143981934;0.738406777381897;0.0
0.006493330001831055;0.006493330001831055;0.015871956944465637;0.0;0.7394945621490479;1.860095500946045;0.7394945621490479;0.0
0.006499886512756348;0.006499886512756348;0.029408246278762817;0.0;0.7411584258079529;0.9994515776634216;0.7411584258079529;0.0
0.006533339619636536;0.006533339619636536;0.011391490697860718;0.0;0.748140275478363;0.748140275478363;1.4415923357009888;0.0
0.00657663494348526;0.00657663494348526;0.018992185592651367;0.0;0.7491796016693115;0.7491796016693115;0.8178049921989441;0.0
0.006613373756408691;0.006613373756408691;0.01078745722770691;0.0;0.7496219873428345;1.029158592224121;0.7496219873428345;0.0
0.006629288196563721;0.006629288196563721;0.009387455880641937;0.0;0.7503221035003662;0.7503221035003662;0.7938830852508545;0.0
0.006638765335083008;0.006638765335083008;0.01050945371389389;0.0;0.7505574822425842;0.833314061164856;0.7505574822425842;0.0
0.006639719009399414;0.006639719009399414;0.015144139528274536;0.0;0.7515756487846375;0.7515756487846375;1.0589613914489746;0.0
0.006642535328865051;0.006642535328865051;0.008784428238868713;0.0;0.7534952759742737;1.309791922569275;0.7534952759742737;0.0
0.006668910384178162;0.006668910384178162;0.02444542944431305;0.0;0.7569506764411926;1.003984808921814;0.7569506764411926;0.0
0.0066689252853393555;0.0066689252853393555;0.0132676362991333;0.0;0.7582516670227051;1.5268688201904297;0.7582516670227051;0.0
0.006678164005279541;0.006678164005279541;0.021872758865356445;0.0;0.7597397565841675;0.8887378573417664;0.7597397565841675;0.0
0.006683915853500366;0.006683915853500366;0.017602205276489258;0.0;0.764599084854126;0.8486617207527161;0.764599084854126;0.0
0.006692409515380859;0.006692409515380859;0.014892533421516418;0.0;0.7670384645462036;1.5120776891708374;0.7670384645462036;0.0
0.006723165512084961;0.006723165512084961;0.01141202449798584;0.0;0.7678521871566772;0.9097772240638733;0.7678521871566772;0.0
0.006739556789398193;0.006739556789398193;0.01663300395011902;0.0;0.7678850293159485;0.920832097530365;0.7678850293159485;0.0
0.006764590740203857;0.006764590740203857;0.009659215807914734;0.0;0.7682183980941772;0.7682183980941772;1.2123653888702393;0.0
0.006794452667236328;0.006794452667236328;0.012376325204968452;0.0;0.7682198286056519;1.09548020362854;0.7682198286056519;0.0
0.006799519062042236;0.006799519062042236;0.03282976150512695;0.0;0.7685412168502808;0.8533143997192383;0.7685412168502808;0.0
0.006821334362030029;0.006821334362030029;0.02095174789428711;0.0;0.7698438167572021;0.9189764857292175;0.7698438167572021;0.0
0.006842702627182007;0.006842702627182007;0.013452649116516113;0.0;0.7725887298583984;0.8884443640708923;0.7725887298583984;0.0
0.0068909525871276855;0.0068909525871276855;0.031269922852516174;0.0;0.7770057320594788;0.8671874403953552;0.7770057320594788;0.0
0.0068944841623306274;0.0068944841623306274;0.009119987487792969;0.0;0.7770646810531616;0.9361751675605774;0.7770646810531616;0.0
0.006895542144775391;0.006895542144775391;0.014838844537734985;0.0;0.777985692024231;0.9486573338508606;0.777985692024231;0.0
0.0069113969802856445;0.0069113969802856445;0.010639394633471966;0.0;0.7782708406448364;1.0835137367248535;0.7782708406448364;0.0
0.006922122091054916;0.006922122091054916;0.01571643352508545;0.0;0.7783545255661011;0.8416809439659119;0.7783545255661011;0.0
0.006934627890586853;0.006934627890586853;0.021626144647598267;0.0;0.7795156836509705;1.3207228183746338;0.7795156836509705;0.0
0.006953418254852295;0.006953418254852295;0.017789512872695923;0.0;0.7802783846855164;0.7802783846855164;0.922285258769989;0.0
0.006958663463592529;0.008517935872077942;0.006958663463592529;0.0;0.7826438546180725;1.0139564275741577;0.7826438546180725;0.0
0.006963759660720825;0.006963759660720825;0.02436104416847229;0.0;0.7837828397750854;0.9177881479263306;0.7837828397750854;0.0
0.00697016716003418;0.00697016716003418;0.013106882572174072;0.0;0.7842265963554382;1.1393648386001587;0.7842265963554382;0.0
0.0069741010665893555;0.0069741010665893555;0.025246739387512207;0.0;0.7845548391342163;1.6018553972244263;0.7845548391342163;0.0
0.0069876909255981445;0.0069876909255981445;0.01630835235118866;0.0;0.7906713485717773;1.0903303623199463;0.7906713485717773;0.0
0.007029745727777481;0.007029745727777481;0.01103895902633667;0.0;0.7930729985237122;0.9475055932998657;0.7930729985237122;0.0
0.007124871015548706;0.007124871015548706;0.011638496071100235;0.0;0.7934578061103821;3.3869547843933105;0.7934578061103821;0.0
0.007171273231506348;0.007171273231506348;0.01791846752166748;0.0;0.7936283349990845;0.8060564398765564;0.7936283349990845;0.0
0.0072040557861328125;0.0072040557861328125;0.020819246768951416;0.0;0.7940824031829834;0.931225061416626;0.7940824031829834;0.0
0.007206469774246216;0.007206469774246216;0.011528253555297852;0.0;0.7949023842811584;1.2013148069381714;0.7949023842811584;0.0
0.007227957248687744;0.007227957248687744;0.027700722217559814;0.0;0.7950411438941956;0.7950411438941956;0.8076091408729553;0.0
0.007293641567230225;0.007293641567230225;0.017137181013822556;0.0;0.7958797216415405;1.231506109237671;0.7958797216415405;0.0
0.007296547293663025;0.007296547293663025;0.014030009508132935;0.0;0.7984530329704285;1.1661362648010254;0.7984530329704285;0.0
0.007329046726226807;0.007329046726226807;0.013041406869888306;0.0;0.798896312713623;1.3719309568405151;0.798896312713623;0.0
0.0073292553424835205;0.0073292553424835205;0.008198410272598267;0.0;0.8012259602546692;1.679740309715271;0.8012259602546692;0.0
0.0073311105370521545;0.0073311105370521545;0.04376668483018875;0.0;0.8033488392829895;1.1270277500152588;0.8033488392829895;0.0
0.007354319095611572;0.007354319095611572;0.015396088361740112;0.0;0.8035919070243835;1.1187872886657715;0.8035919070243835;0.0
0.007363125681877136;0.007363125681877136;0.01660698652267456;0.0;0.8041013479232788;1.1518739461898804;0.8041013479232788;0.0
0.007392168045043945;0.007392168045043945;0.018418103456497192;0.0;0.8084539175033569;0.8084539175033569;0.936331570148468;0.0
0.007398933172225952;0.007502436637878418;0.007398933172225952;0.0;0.8095603585243225;1.892155647277832;0.8095603585243225;0.0
0.0074069201946258545;0.0074069201946258545;0.026422768831253052;0.0;0.8111916780471802;0.9471502304077148;0.8111916780471802;0.0
0.007425040006637573;0.007425040006637573;0.015232294797897339;0.0;0.8125051259994507;0.8125051259994507;1.3068597316741943;0.0
0.0074337199330329895;0.0074337199330329895;0.013962619006633759;0.0;0.8127679824829102;1.1420601606369019;0.8127679824829102;0.0
0.007472902536392212;0.007472902536392212;0.01645505428314209;0.0;0.8128826022148132;1.1563855409622192;0.8128826022148132;0.0
0.0075005292892456055;0.0075005292892456055;0.015887022018432617;0.0;0.8129968643188477;0.9337752461433411;0.8129968643188477;0.0
0.007503420114517212;0.007503420114517212;0.021620094776153564;0.0;0.8137716054916382;0.8967511057853699;0.8137716054916382;0.0
0.007509171962738037;0.007509171962738037;0.019512280821800232;0.0;0.8159356117248535;1.6020841598510742;0.8159356117248535;0.0
0.007511641830205917;0.007511641830205917;0.011154897511005402;0.0;0.8162277340888977;1.0077927112579346;0.8162277340888977;0.0
0.00753098726272583;0.00753098726272583;0.018261581659317017;0.0;0.8205903768539429;0.990844190120697;0.8205903768539429;0.0
0.007534980773925781;0.007534980773925781;0.020961910486221313;0.0;0.8261540532112122;0.8261540532112122;0.8830403685569763;0.0
0.007569789886474609;0.007569789886474609;0.014949262142181396;0.0;0.8297174572944641;0.8924270868301392;0.8297174572944641;0.0
0.007572382688522339;0.007572382688522339;0.015837281942367554;0.0;0.8299780488014221;1.1065605878829956;0.8299780488014221;0.0
0.007581174373626709;0.007581174373626709;0.011572882533073425;0.0;0.8319156169891357;1.1304279565811157;0.8319156169891357;0.0
0.007622420787811279;0.007622420787811279;0.011334698647260666;0.0;0.8332131505012512;1.540765404701233;0.8332131505012512;0.0
0.007686734199523926;0.007686734199523926;0.023090511560440063;0.0;0.8363297581672668;0.879555344581604;0.8363297581672668;0.0
0.007698923349380493;0.007698923349380493;0.02346402406692505;0.0;0.8383123874664307;1.5127954483032227;0.8383123874664307;0.0
0.007703125476837158;0.007703125476837158;0.01872861385345459;0.0;0.8387214541435242;1.344148874282837;0.8387214541435242;0.0
0.007773399353027344;0.007773399353027344;0.022699564695358276;0.0;0.8393437266349792;1.6810544729232788;0.8393437266349792;0.0
0.007801026105880737;0.007801026105880737;0.017768502235412598;0.0;0.840529203414917;1.5005199909210205;0.840529203414917;0.0
0.007819011807441711;0.007819011807441711;0.01868373155593872;0.0;0.842573881149292;0.842573881149292;1.3329381942749023;0.0
0.007819831371307373;0.007819831371307373;0.010709062218666077;0.0;0.8447858095169067;1.1804362535476685;0.8447858095169067;0.0
0.007856577634811401;0.007856577634811401;0.014245331287384033;0.0;0.8511079549789429;1.347739815711975;0.8511079549789429;0.0
0.00785970687866211;0.00785970687866211;0.02631625533103943;0.0;0.8545708060264587;1.0261646509170532;0.8545708060264587;0.0
0.007865160703659058;0.007865160703659058;0.0206487774848938;0.0;0.8553118705749512;0.8553118705749512;0.8686051964759827;0.0
0.007868289947509766;0.007868289947509766;0.019695699214935303;0.0;0.8569428324699402;0.8569428324699402;1.3255192041397095;0.0
0.007881850004196167;0.007881850004196167;0.011232882738113403;0.0;0.8570830821990967;1.2469226121902466;0.8570830821990967;0.0
0.007895469665527344;0.007895469665527344;0.012463405728340149;0.0;0.8680626749992371;1.1183477640151978;0.8680626749992371;0.0
0.00789707899093628;0.00789707899093628;0.015421509742736816;0.0;0.8688583374023438;1.097535490989685;0.8688583374023438;0.0
0.007910817861557007;0.007910817861557007;0.033367544412612915;0.0;0.8694942593574524;1.4349080324172974;0.8694942593574524;0.0
0.007955759763717651;0.007955759763717651;0.022750377655029297;0.0;0.8705808520317078;1.2802973985671997;0.8705808520317078;0.0
0.00796443223953247;0.00796443223953247;0.026452593505382538;0.0;0.8760812282562256;1.1372363567352295;0.8760812282562256;0.0
0.008042991161346436;0.008042991161346436;0.017342686653137207;0.0;0.8760886788368225;0.9569475054740906;0.8760886788368225;0.0
0.008070170879364014;0.008070170879364014;0.016796797513961792;0.0;0.8770224452018738;1.5817233324050903;0.8770224452018738;0.0
0.00808289647102356;0.00808289647102356;0.012830108404159546;0.0;0.8804345726966858;1.2346440553665161;0.8804345726966858;0.0
0.00812608003616333;0.00812608003616333;0.022177398204803467;0.0;0.8815414905548096;1.0635684728622437;0.8815414905548096;0.0
0.008133400231599808;0.008133400231599808;0.01657158136367798;0.0;0.8841234445571899;1.0093308687210083;0.8841234445571899;0.0
0.008144915103912354;0.008144915103912354;0.025658130645751953;0.0;0.8862298130989075;1.1161465644836426;0.8862298130989075;0.0
0.008166849613189697;0.008166849613189697;0.013696253299713135;0.0;0.8886042833328247;0.9742910265922546;0.8886042833328247;0.0
0.008219867944717407;0.008219867944717407;0.018184006214141846;0.0;0.8922306299209595;0.8922306299209595;1.1256539821624756;0.0
0.008297055959701538;0.008297055959701538;0.013452857732772827;0.0;0.8926185965538025;1.4532629251480103;0.8926185965538025;0.0
0.008321613073348999;0.008321613073348999;0.022950708866119385;0.0;0.8945685625076294;0.9406759142875671;0.8945685625076294;0.0
0.008349865674972534;0.008349865674972534;0.013708293437957764;0.0;0.8951369524002075;1.1366956233978271;0.8951369524002075;0.0
0.00839981622993946;0.00839981622993946;0.03673243522644043;0.0;0.8953857421875;1.1378628015518188;0.8953857421875;0.0
0.008414864540100098;0.008414864540100098;0.02992221713066101;0.0;0.8979196548461914;1.2388430833816528;0.8979196548461914;0.0
0.0084153413772583;0.0084153413772583;0.027050912380218506;0.0;0.8980112075805664;1.4157334566116333;0.8980112075805664;0.0
0.00842711329460144;0.00842711329460144;0.013749510049819946;0.0;0.899130642414093;1.0283818244934082;0.899130642414093;0.0
0.008427530527114868;0.008427530527114868;0.014468744397163391;0.0;0.8993150591850281;1.0364090204238892;0.8993150591850281;0.0
0.008429110050201416;0.008429110050201416;0.0164356529712677;0.0;0.9019883871078491;1.1681846380233765;0.9019883871078491;0.0
0.00843355804681778;0.00843355804681778;0.022907257080078125;0.0;0.907815158367157;1.5049693584442139;0.907815158367157;0.0
0.008436024188995361;0.008436024188995361;0.014852821826934814;0.0;0.9090838432312012;1.4037483930587769;0.9090838432312012;0.0
0.008452236652374268;0.008452236652374268;0.020018070936203003;0.0;0.9126087427139282;2.237950086593628;0.9126087427139282;0.0
0.008479207754135132;0.008479207754135132;0.020161539316177368;0.0;0.9201891422271729;0.9201891422271729;1.9536174535751343;0.0
0.008486568927764893;0.008486568927764893;0.02585671842098236;0.0;0.9233641028404236;1.184587836265564;0.9233641028404236;0.0
0.00854116678237915;0.00854116678237915;0.017611324787139893;0.0;0.9238954186439514;1.5890028476715088;0.9238954186439514;0.0
0.008545100688934326;0.008545100688934326;0.014169275760650635;0.0;0.9248458743095398;0.9248458743095398;1.0273882150650024;0.0
0.008568555116653442;0.008568555116653442;0.02062705159187317;0.0;0.9253761172294617;0.9253761172294617;1.1230140924453735;0.0
0.008605927228927612;0.008605927228927612;0.013812780380249023;0.0;0.9265351295471191;1.5616247653961182;0.9265351295471191;0.0
0.008632004261016846;0.008632004261016846;0.032675981521606445;0.0;0.9272639751434326;1.2206757068634033;0.9272639751434326;0.0
0.008694767951965332;0.008694767951965332;0.010537326335906982;0.0;0.9298754930496216;1.452709674835205;0.9298754930496216;0.0
0.008765250444412231;0.008765250444412231;0.024448662996292114;0.0;0.9313973784446716;0.9671040177345276;0.9313973784446716;0.0
0.008770942687988281;0.008770942687988281;0.028752535581588745;0.0;0.9371306300163269;1.309587836265564;0.9371306300163269;0.0
0.008832216262817383;0.008832216262817383;0.01597389578819275;0.0;0.9373353123664856;1.5995903015136719;0.9373353123664856;0.0
0.008899390697479248;0.008899390697479248;0.03172686696052551;0.0;0.9393749833106995;1.8226921558380127;0.9393749833106995;0.0
0.008929729461669922;0.008929729461669922;0.014898557215929031;0.0;0.9415007829666138;1.3704372644424438;0.9415007829666138;0.0
0.008936017751693726;0.02185875177383423;0.008936017751693726;0.0;0.9425767660140991;1.906338095664978;0.9425767660140991;0.0
0.008949905633926392;0.008949905633926392;0.045092225074768066;0.0;0.9434329867362976;1.0551129579544067;0.9434329867362976;0.0
0.008966505527496338;0.008966505527496338;0.026391327381134033;0.0;0.9490196704864502;1.0496512651443481;0.9490196704864502;0.0
0.008968833833932877;0.008968833833932877;0.026407957077026367;0.0;0.9515102505683899;1.1946781873703003;0.9515102505683899;0.0
0.008972972631454468;0.008972972631454468;0.04050898551940918;0.0;0.9520160555839539;1.3671506643295288;0.9520160555839539;0.0
0.008979424834251404;0.008979424834251404;0.018046021461486816;0.0;0.9527222514152527;0.9656745791435242;0.9527222514152527;0.0
0.008993357419967651;0.008993357419967651;0.024690568447113037;0.0;0.9528786540031433;1.5323928594589233;0.9528786540031433;0.0
0.008996158838272095;0.008996158838272095;0.016039013862609863;0.0;0.9532235264778137;1.3316141366958618;0.9532235264778137;0.0
0.009029597043991089;0.013023912906646729;0.009029597043991089;0.0;0.9594054222106934;1.4370471239089966;0.9594054222106934;0.0
0.00903695821762085;0.00903695821762085;0.011287301778793335;0.0;0.9708777666091919;0.9708777666091919;1.3658373355865479;0.0
0.009108468890190125;0.009108468890190125;0.021733999252319336;0.0;0.9761858582496643;0.9761858582496643;1.1655093431472778;0.0
0.009113579988479614;0.009113579988479614;0.02199050784111023;0.0;0.9773595333099365;1.5927531719207764;0.9773595333099365;0.0
0.0091162770986557;0.0091162770986557;0.016122005879878998;0.0;0.9782997965812683;1.3332427740097046;0.9782997965812683;0.0
0.009151428937911987;0.009151428937911987;0.022060394287109375;0.0;0.9794391393661499;1.3648959398269653;0.9794391393661499;0.0
0.00916706770658493;0.00916706770658493;0.020173415541648865;0.0;0.9798699021339417;2.0152392387390137;0.9798699021339417;0.0
0.009214937686920166;0.009214937686920166;0.03943556547164917;0.0;0.9798997044563293;0.9798997044563293;0.9811253547668457;0.0
0.009234309196472168;0.009234309196472168;0.021009176969528198;0.0;0.9824415445327759;1.658132553100586;0.9824415445327759;0.0
0.009258121252059937;0.009258121252059937;0.022339463233947754;0.0;0.9833210110664368;0.9833210110664368;1.1186095476150513;0.0
0.009261906147003174;0.009261906147003174;0.03218895196914673;0.0;0.9834992289543152;0.9870966672897339;0.9834992289543152;0.0
0.009289860725402832;0.009289860725402832;0.018114686012268066;0.0;0.9863709211349487;1.5497955083847046;0.9863709211349487;0.0
0.009313620626926422;0.009313620626926422;0.019365131855010986;0.0;0.9876710772514343;1.3177859783172607;0.9876710772514343;0.0
0.00932982750236988;0.00932982750236988;0.017088651657104492;0.0;0.9883236885070801;0.9883236885070801;0.9903608560562134;0.0
0.00939062237739563;0.00939062237739563;0.032048940658569336;0.0;0.9947600364685059;1.4416720867156982;0.9947600364685059;0.0
0.009437203407287598;0.009437203407287598;0.015682965517044067;0.0;0.9948867559432983;1.2220059633255005;0.9948867559432983;0.0
0.009474605321884155;0.009474605321884155;0.011382296681404114;0.0;0.9992696642875671;1.3766840696334839;0.9992696642875671;0.0
0.009474873542785645;0.009474873542785645;0.023294596001505852;0.0;1.0019209384918213;1.0019209384918213;1.1692811250686646;0.0
0.009478628635406494;0.009478628635406494;0.022399485111236572;0.0;1.0025253295898438;1.4432159662246704;1.0025253295898438;0.0
0.009526848793029785;0.009526848793029785;0.01752796769142151;0.0;1.0057036876678467;1.2390581369400024;1.0057036876678467;0.0
0.009546667337417603;0.009546667337417603;0.016297757625579834;0.0;1.0111684799194336;1.0746971368789673;1.0111684799194336;0.0
0.009554088115692139;0.009554088115692139;0.012021303176879883;0.0;1.011671543121338;1.2380239963531494;1.011671543121338;0.0
0.009628057479858398;0.009628057479858398;0.050169289112091064;0.0;1.0132181644439697;1.0812796354293823;1.0132181644439697;0.0
0.009639322757720947;0.009639322757720947;0.026407182216644287;0.0;1.0166306495666504;1.791731357574463;1.0166306495666504;0.0
0.009645968675613403;0.009645968675613403;0.02000436559319496;0.0;1.0167902708053589;1.9595211744308472;1.0167902708053589;0.0
0.00965505838394165;0.00965505838394165;0.0349188894033432;0.0;1.0213613510131836;1.4433424472808838;1.0213613510131836;0.0
0.00966671109199524;0.00966671109199524;0.051838576793670654;0.0;1.0273503065109253;1.0273503065109253;2.0313143730163574;0.0
0.009706810116767883;0.009706810116767883;0.011040538549423218;0.0;1.0300209522247314;1.1768896579742432;1.0300209522247314;0.0
0.009707853198051453;0.009707853198051453;0.025474369525909424;0.0;1.0325901508331299;1.7863024473190308;1.0325901508331299;0.0
0.009712785482406616;0.009712785482406616;0.024330168962478638;0.0;1.0332322120666504;1.2488811016082764;1.0332322120666504;0.0
0.009746313095092773;0.009746313095092773;0.014287464320659637;0.0;1.0340555906295776;1.5512293577194214;1.0340555906295776;0.0
0.009856373071670532;0.009856373071670532;0.02469158172607422;0.0;1.0351159572601318;1.1762292385101318;1.0351159572601318;0.0
0.009895682334899902;0.009895682334899902;0.0227278470993042;0.0;1.0360337495803833;1.4775065183639526;1.0360337495803833;0.0
0.0099107027053833;0.0099107027053833;0.01632191240787506;0.0;1.0428223609924316;1.261474847793579;1.0428223609924316;0.0
0.00994950532913208;0.00994950532913208;0.01686197519302368;0.0;1.0431292057037354;1.0613213777542114;1.0431292057037354;0.0
0.009968400001525879;0.009968400001525879;0.015412196516990662;0.0;1.043651819229126;1.6801451444625854;1.043651819229126;0.0
0.009969443082809448;0.009969443082809448;0.01676163077354431;0.0;1.0489833354949951;1.5878807306289673;1.0489833354949951;0.0
0.009992986917495728;0.009992986917495728;0.027802318334579468;0.0;1.0519349575042725;1.9511436223983765;1.0519349575042725;0.0
0.010015279054641724;0.010015279054641724;0.05817538499832153;0.0;1.0566558837890625;1.2305446863174438;1.0566558837890625;0.0
0.010069400072097778;0.010069400072097778;0.015200316905975342;0.0;1.0582205057144165;1.4450204372406006;1.0582205057144165;0.0
0.010088354349136353;0.010088354349136353;0.011651203036308289;0.0;1.0701825618743896;1.1842647790908813;1.0701825618743896;0.0
0.010138154029846191;0.011231780052185059;0.010138154029846191;0.0;1.070508360862732;1.9425914287567139;1.070508360862732;0.0
0.01017838716506958;0.01017838716506958;0.03538089990615845;0.0;1.0716655254364014;1.0716655254364014;1.4420101642608643;0.0
0.010221481323242188;0.010221481323242188;0.017824426293373108;0.0;1.0717343091964722;2.180860757827759;1.0717343091964722;0.0
0.010249674320220947;0.010249674320220947;0.028791368007659912;0.0;1.0726977586746216;1.4024219512939453;1.0726977586746216;0.0
0.010261403396725655;0.0126609206199646;0.010261403396725655;0.0;1.0749192237854004;1.4477097988128662;1.0749192237854004;0.0
0.010266818106174469;0.010266818106174469;0.02245733141899109;0.0;1.0802596807479858;2.1724119186401367;1.0802596807479858;0.0
0.01027137041091919;0.01027137041091919;0.01433342695236206;0.0;1.0810002088546753;1.3663915395736694;1.0810002088546753;0.0
0.010305732488632202;0.010305732488632202;0.027146801352500916;0.0;1.0810410976409912;2.0075254440307617;1.0810410976409912;0.0
0.010392069816589355;0.010392069816589355;0.02199685573577881;0.0;1.0817912817001343;1.468416690826416;1.0817912817001343;0.0
0.010431885719299316;0.010431885719299316;0.01094934344291687;0.0;1.0818886756896973;1.9728187322616577;1.0818886756896973;0.0
0.01044367253780365;0.01044367253780365;0.030342400074005127;0.0;1.084249496459961;1.902660608291626;1.084249496459961;0.0
0.010474950075149536;0.010474950075149536;0.026582956314086914;0.0;1.0894931554794312;1.770721197128296;1.0894931554794312;0.0
0.010506510734558105;0.010506510734558105;0.05751568078994751;0.0;1.0910181999206543;1.7210087776184082;1.0910181999206543;0.0
0.010520875453948975;0.010520875453948975;0.030921578407287598;0.0;1.0913015604019165;1.5185953378677368;1.0913015604019165;0.0
0.010629236698150635;0.010629236698150635;0.030748218297958374;0.0;1.094844102859497;1.2671115398406982;1.094844102859497;0.0
0.010707467794418335;0.010707467794418335;0.03953385353088379;0.0;1.099095344543457;1.5248963832855225;1.099095344543457;0.0
0.010715022683143616;0.010715022683143616;0.018763989210128784;0.0;1.1011582612991333;1.4978035688400269;1.1011582612991333;0.0
0.010732173919677734;0.010732173919677734;0.019847571849822998;0.0;1.1041133403778076;2.3553667068481445;1.1041133403778076;0.0
0.010764628648757935;0.010764628648757935;0.02088943123817444;0.0;1.1227703094482422;2.798574686050415;1.1227703094482422;0.0
0.010771721601486206;0.010771721601486206;0.01719006896018982;0.0;1.1266063451766968;1.1266063451766968;1.604067087173462;0.0
0.010805189609527588;0.010805189609527588;0.021352052688598633;0.0;1.1297345161437988;1.5986030101776123;1.1297345161437988;0.0
0.010828137397766113;0.010828137397766113;0.021012693643569946;0.0;1.129874587059021;1.129874587059021;1.3002541065216064;0.0
0.010843753814697266;0.010843753814697266;0.02761530876159668;0.0;1.1305526494979858;1.9384689331054688;1.1305526494979858;0.0
0.010850571095943451;0.010850571095943451;0.012602001428604126;0.0;1.131579041481018;1.1604758501052856;1.131579041481018;0.0
0.010879896581172943;0.010879896581172943;0.015819430351257324;0.0;1.1332674026489258;1.8074209690093994;1.1332674026489258;0.0
0.01090174913406372;0.011539578437805176;0.01090174913406372;0.0;1.134187936782837;1.6804784536361694;1.134187936782837;0.0
0.010926961898803711;0.010926961898803711;0.03670628368854523;0.0;1.1351948976516724;1.2500426769256592;1.1351948976516724;0.0
0.010928153991699219;0.010928153991699219;0.022988319396972656;0.0;1.1351969242095947;1.175865650177002;1.1351969242095947;0.0
0.01093912124633789;0.01093912124633789;0.026121556758880615;0.0;1.138799786567688;1.5510903596878052;1.138799786567688;0.0
0.010947972536087036;0.010947972536087036;0.025096416473388672;0.0;1.1390714645385742;1.4479461908340454;1.1390714645385742;0.0
0.010982036590576172;0.010982036590576172;0.028948068618774414;0.0;1.1443579196929932;1.1443579196929932;1.2023077011108398;0.0
0.01103675365447998;0.01103675365447998;0.02281367778778076;0.0;1.1496241092681885;1.7803807258605957;1.1496241092681885;0.0
0.011038541793823242;0.011038541793823242;0.023543477058410645;0.0;1.150437831878662;1.150437831878662;1.1983506679534912;0.0
0.01110571064054966;0.01110571064054966;0.01401597261428833;0.0;1.1539498567581177;1.632759928703308;1.1539498567581177;0.0
0.011171668767929077;0.011171668767929077;0.018614232540130615;0.0;1.1540329456329346;1.1540329456329346;1.9035249948501587;0.0
0.011181265115737915;0.011181265115737915;0.019695639610290527;0.0;1.1557646989822388;1.4999417066574097;1.1557646989822388;0.0
0.011204361915588379;0.011204361915588379;0.03560608625411987;0.0;1.156063437461853;1.599488377571106;1.156063437461853;0.0
0.011234521865844727;0.011234521865844727;0.022848933935165405;0.0;1.1591695547103882;1.230696678161621;1.1591695547103882;0.0
0.011320382356643677;0.011320382356643677;0.015649735927581787;0.0;1.1618934869766235;1.5581754446029663;1.1618934869766235;0.0
0.011400021612644196;0.011400021612644196;0.030521418899297714;0.0;1.1621493101119995;1.4396108388900757;1.1621493101119995;0.0
0.011429160833358765;0.011429160833358765;0.03220772743225098;0.0;1.1635372638702393;1.852723479270935;1.1635372638702393;0.0
0.01146603375673294;0.01146603375673294;0.023665666580200195;0.0;1.1640883684158325;2.9363536834716797;1.1640883684158325;0.0
0.011521264910697937;0.011521264910697937;0.013562414795160294;0.0;1.1671273708343506;2.1668450832366943;1.1671273708343506;0.0
0.011544883251190186;0.011544883251190186;0.016155660152435303;0.0;1.1698541641235352;1.440139651298523;1.1698541641235352;0.0
0.01155233383178711;0.01155233383178711;0.02924025058746338;0.0;1.1803561449050903;1.477642297744751;1.1803561449050903;0.0
0.01155322790145874;0.01155322790145874;0.022800803184509277;0.0;1.1863312721252441;1.8113700151443481;1.1863312721252441;0.0
0.011661261320114136;0.011661261320114136;0.04739558696746826;0.0;1.1904853582382202;1.8411178588867188;1.1904853582382202;0.0
0.011682093143463135;0.011682093143463135;0.02909564971923828;0.0;1.1930392980575562;2.4770233631134033;1.1930392980575562;0.0
0.011685594916343689;0.011685594916343689;0.018977582454681396;0.0;1.1941224336624146;1.5867031812667847;1.1941224336624146;0.0
0.011924386024475098;0.011924386024475098;0.024315357208251953;0.0;1.195176362991333;1.494887351989746;1.195176362991333;0.0
0.01192668080329895;0.01192668080329895;0.02882152795791626;0.0;1.2040557861328125;1.788223147392273;1.2040557861328125;0.0
0.01197919249534607;0.01197919249534607;0.01585879921913147;0.0;1.2060134410858154;1.8801331520080566;1.2060134410858154;0.0
0.012034982442855835;0.012034982442855835;0.02176336944103241;0.0;1.2116854190826416;1.5564402341842651;1.2116854190826416;0.0
0.012057214975357056;0.012057214975357056;0.03271391987800598;0.0;1.2124890089035034;1.3683719635009766;1.2124890089035034;0.0
0.01206820085644722;0.01206820085644722;0.023554295301437378;0.0;1.2163610458374023;1.890323281288147;1.2163610458374023;0.0
0.012096703052520752;0.012096703052520752;0.01820671558380127;0.0;1.2169523239135742;1.477411150932312;1.2169523239135742;0.0
0.012261927127838135;0.012261927127838135;0.05231308937072754;0.0;1.218101143836975;1.286744236946106;1.218101143836975;0.0
0.012312930077314377;0.012312930077314377;0.015598042868077755;0.0;1.2322754859924316;1.93571937084198;1.2322754859924316;0.0
0.012327194213867188;0.012327194213867188;0.019564904272556305;0.0;1.2369799613952637;2.2174274921417236;1.2369799613952637;0.0
0.012336790561676025;0.012336790561676025;0.03925144672393799;0.0;1.2414662837982178;1.3730478286743164;1.2414662837982178;0.0
0.012342870235443115;0.012342870235443115;0.05714431405067444;0.0;1.242726445198059;1.242726445198059;1.5524978637695312;0.0
0.012472093105316162;0.012472093105316162;0.06190568208694458;0.0;1.2437063455581665;2.229994773864746;1.2437063455581665;0.0
0.012476921081542969;0.012476921081542969;0.040196239948272705;0.0;1.248833179473877;1.4878783226013184;1.248833179473877;0.0
0.012521922588348389;0.012521922588348389;0.02607107162475586;0.0;1.2494630813598633;1.4061496257781982;1.2494630813598633;0.0
0.012527108192443848;0.012527108192443848;0.024138405919075012;0.0;1.250731110572815;1.732032299041748;1.250731110572815;0.0
0.012548267841339111;0.012548267841339111;0.01902031898498535;0.0;1.2529454231262207;1.6238038539886475;1.2529454231262207;0.0
0.012557923793792725;0.012557923793792725;0.027485549449920654;0.0;1.2655178308486938;1.7454293966293335;1.2655178308486938;0.0
0.012583255767822266;0.012583255767822266;0.04037982225418091;0.0;1.2697511911392212;2.3562657833099365;1.2697511911392212;0.0
0.01261746883392334;0.01261746883392334;0.020138263702392578;0.0;1.274414300918579;1.52370285987854;1.274414300918579;0.0
0.01276463270187378;0.01276463270187378;0.013944476842880249;0.0;1.2766525745391846;1.582977294921875;1.2766525745391846;0.0
0.01277393102645874;0.01277393102645874;0.05007511377334595;0.0;1.276707649230957;1.8477169275283813;1.276707649230957;0.0
0.012788176536560059;0.012788176536560059;0.03309309482574463;0.0;1.2818078994750977;2.236835479736328;1.2818078994750977;0.0
0.012835420668125153;0.012835420668125153;0.026757121086120605;0.0;1.2868528366088867;2.0414187908172607;1.2868528366088867;0.0
0.012929171323776245;0.012929171323776245;0.03723308444023132;0.0;1.2872689962387085;1.2872689962387085;1.4999920129776;0.0
0.013051211833953857;0.013051211833953857;0.0432049036026001;0.0;1.290611982345581;2.809459924697876;1.290611982345581;0.0
0.013074129819869995;0.013074129819869995;0.030396930873394012;0.0;1.3006954193115234;2.2658073902130127;1.3006954193115234;0.0
0.013116598129272461;0.013116598129272461;0.056832075119018555;0.0;1.300850749015808;1.300850749015808;2.343374729156494;0.0
0.013123184442520142;0.013123184442520142;0.0238519087433815;0.0;1.3117389678955078;2.194967269897461;1.3117389678955078;0.0
0.013171795755624771;0.013171795755624771;0.03303474187850952;0.0;1.3143607378005981;1.7665786743164062;1.3143607378005981;0.0
0.013265073299407959;0.013265073299407959;0.02928948402404785;0.0;1.3159854412078857;2.1626131534576416;1.3159854412078857;0.0
0.013320326805114746;0.013320326805114746;0.023105531930923462;0.0;1.3196477890014648;1.5141534805297852;1.3196477890014648;0.0
0.01332131028175354;0.01332131028175354;0.029849976301193237;0.0;1.3260412216186523;1.3969484567642212;1.3260412216186523;0.0
0.013325333595275879;0.013325333595275879;0.016764555126428604;0.0;1.332570195198059;2.747832775115967;1.332570195198059;0.0
0.01344311237335205;0.02110625058412552;0.01344311237335205;0.0;1.3396114110946655;1.9602153301239014;1.3396114110946655;0.0
0.013469547033309937;0.013469547033309937;0.04425579309463501;0.0;1.3427270650863647;1.7158371210098267;1.3427270650863647;0.0
0.013512838631868362;0.013512838631868362;0.020999904721975327;0.0;1.3450809717178345;2.186877965927124;1.3450809717178345;0.0
0.013514488935470581;0.013514488935470581;0.02365189790725708;0.0;1.3457328081130981;1.3457328081130981;1.814812421798706;0.0
0.013515770435333252;0.013515770435333252;0.02539721131324768;0.0;1.3505795001983643;1.6454380750656128;1.3505795001983643;0.0
0.01359507441520691;0.01359507441520691;0.020436882972717285;0.0;1.3508833646774292;2.5204784870147705;1.3508833646774292;0.0
0.013677120208740234;0.013677120208740234;0.04923471808433533;0.0;1.3524061441421509;2.6130545139312744;1.3524061441421509;0.0
0.01368415355682373;0.01368415355682373;0.0589868426322937;0.0;1.3530731201171875;2.114305019378662;1.3530731201171875;0.0
0.013693571090698242;0.013693571090698242;0.02187436819076538;0.0;1.3695937395095825;1.6964356899261475;1.3695937395095825;0.0
0.013750582933425903;0.013750582933425903;0.06635159254074097;0.0;1.3715654611587524;3.0657620429992676;1.3715654611587524;0.0
0.013891458511352539;0.013891458511352539;0.017110317945480347;0.0;1.3743191957473755;1.8149011135101318;1.3743191957473755;0.0
0.013961076736450195;0.013961076736450195;0.020514637231826782;0.0;1.3914316892623901;1.6314001083374023;1.3914316892623901;0.0
0.013978004455566406;0.013978004455566406;0.017370805144309998;0.0;1.391456961631775;2.0330426692962646;1.391456961631775;0.0
0.014102309942245483;0.014102309942245483;0.028126060962677002;0.0;1.397019386291504;2.721479892730713;1.397019386291504;0.0
0.014133036136627197;0.014133036136627197;0.025697529315948486;0.0;1.4004946947097778;2.4882426261901855;1.4004946947097778;0.0
0.014153599739074707;0.015343278646469116;0.014153599739074707;0.0;1.4021509885787964;1.4021509885787964;1.745298147201538;0.0
0.014195740222930908;0.014195740222930908;0.026019364595413208;0.0;1.4033620357513428;1.7569726705551147;1.4033620357513428;0.0
0.014287412166595459;0.014287412166595459;0.047231435775756836;0.0;1.4078062772750854;1.7158738374710083;1.4078062772750854;0.0
0.014322631061077118;0.014322631061077118;0.04277217388153076;0.0;1.409664511680603;1.7478290796279907;1.409664511680603;0.0
0.014512181282043457;0.014512181282043457;0.05334073305130005;0.0;1.4100321531295776;1.4100321531295776;1.4144313335418701;0.0
0.014583736658096313;0.014583736658096313;0.020554691553115845;0.0;1.4104617834091187;1.4104617834091187;1.7383553981781006;0.0
0.01463356614112854;0.01463356614112854;0.01915128529071808;0.0;1.4127579927444458;2.924530029296875;1.4127579927444458;0.0
0.014635622501373291;0.016067683696746826;0.014635622501373291;0.0;1.4129564762115479;1.9658896923065186;1.4129564762115479;0.0
0.014714717864990234;0.014714717864990234;0.04678836464881897;0.0;1.4130783081054688;2.450129985809326;1.4130783081054688;0.0
0.015057563781738281;0.023671451956033707;0.015057563781738281;0.0;1.415170669555664;2.8204526901245117;1.415170669555664;0.0
0.01511293649673462;0.01511293649673462;0.03109687566757202;0.0;1.4152175188064575;2.879051446914673;1.4152175188064575;0.0
0.015138298273086548;0.015138298273086548;0.05781114101409912;0.0;1.4173663854599;2.2861270904541016;1.4173663854599;0.0
0.015179365873336792;0.015179365873336792;0.02033388614654541;0.0;1.4183855056762695;1.9474657773971558;1.4183855056762695;0.0
0.015203654766082764;0.015203654766082764;0.03530329465866089;0.0;1.4220081567764282;1.7141437530517578;1.4220081567764282;0.0
0.015207469463348389;0.015207469463348389;0.03674519062042236;0.0;1.4235210418701172;1.4235210418701172;1.6723276376724243;0.0
0.015259146690368652;0.015259146690368652;0.05396903306245804;0.0;1.4310623407363892;1.4469226598739624;1.4310623407363892;0.0
0.015269577503204346;0.015269577503204346;0.08134517073631287;0.0;1.444095253944397;1.9482223987579346;1.444095253944397;0.0
0.015350699424743652;0.015350699424743652;0.05051323398947716;0.0;1.4447635412216187;4.27910852432251;1.4447635412216187;0.0
0.015512913465499878;0.015512913465499878;0.07815054059028625;0.0;1.4491519927978516;2.1026601791381836;1.4491519927978516;0.0
0.015591859817504883;0.015591859817504883;0.022604823112487793;0.0;1.4542871713638306;2.545666217803955;1.4542871713638306;0.0
0.0156078040599823;0.0156078040599823;0.024829238653182983;0.0;1.4749748706817627;2.217907428741455;1.4749748706817627;0.0
0.015725374221801758;0.015725374221801758;0.04905515909194946;0.0;1.4808320999145508;1.4808320999145508;1.8229886293411255;0.0
0.015756607055664062;0.015756607055664062;0.04280826449394226;0.0;1.4963055849075317;4.22786283493042;1.4963055849075317;0.0
0.015759408473968506;0.015759408473968506;0.0321199893951416;0.0;1.4976434707641602;3.8237476348876953;1.4976434707641602;0.0
0.01579374074935913;0.01579374074935913;0.03836512565612793;0.0;1.5067609548568726;1.8778525590896606;1.5067609548568726;0.0
0.01579376310110092;0.01579376310110092;0.06086450815200806;0.0;1.5139669179916382;2.365685224533081;1.5139669179916382;0.0
0.015801608562469482;0.015801608562469482;0.09687411785125732;0.0;1.5191848278045654;1.560579776763916;1.5191848278045654;0.0
0.015894323587417603;0.015894323587417603;0.028311550617218018;0.0;1.5203862190246582;2.535750389099121;1.5203862190246582;0.0
0.016011692583560944;0.020513802766799927;0.016011692583560944;0.0;1.5280569791793823;2.418257236480713;1.5280569791793823;0.0
0.01604306697845459;0.01604306697845459;0.05018049478530884;0.0;1.529572606086731;2.4943273067474365;1.529572606086731;0.0
0.01613384485244751;0.01613384485244751;0.020853519439697266;0.0;1.5427011251449585;1.846436858177185;1.5427011251449585;0.0
0.016238301992416382;0.016238301992416382;0.02296242117881775;0.0;1.5490790605545044;2.686145305633545;1.5490790605545044;0.0
0.016318798065185547;0.016318798065185547;0.023156344890594482;0.0;1.5556464195251465;2.1819658279418945;1.5556464195251465;0.0
0.016363561153411865;0.016363561153411865;0.05301403999328613;0.0;1.5672047138214111;2.2441213130950928;1.5672047138214111;0.0
0.01637554168701172;0.01637554168701172;0.06074404716491699;0.0;1.5704867839813232;2.6484756469726562;1.5704867839813232;0.0
0.016488850116729736;0.01671469211578369;0.016488850116729736;0.0;1.5761761665344238;2.3020286560058594;1.5761761665344238;0.0
0.01649513840675354;0.01649513840675354;0.07148221135139465;0.0;1.5861960649490356;2.315422773361206;1.5861960649490356;0.0
0.016505837440490723;0.016505837440490723;0.04661661386489868;0.0;1.589895486831665;1.8793857097625732;1.589895486831665;0.0
0.016579333692789078;0.016579333692789078;0.06297791004180908;0.0;1.5959441661834717;2.4807887077331543;1.5959441661834717;0.0
0.016793295741081238;0.016793295741081238;0.08004683256149292;0.0;1.5999655723571777;1.7358322143554688;1.5999655723571777;0.0
0.016853749752044678;0.016853749752044678;0.023451030254364014;0.0;1.601173758506775;2.6855459213256836;1.601173758506775;0.0
0.017037510871887207;0.017037510871887207;0.02197164297103882;0.0;1.6106849908828735;1.8628140687942505;1.6106849908828735;0.0
0.017109036445617676;0.017109036445617676;0.030377566814422607;0.0;1.6205397844314575;2.6711747646331787;1.6205397844314575;0.0
0.01714435964822769;0.01714435964822769;0.02234935760498047;0.0;1.636175513267517;2.4213297367095947;1.636175513267517;0.0
0.01718863844871521;0.01718863844871521;0.02161860466003418;0.0;1.6383004188537598;2.470815896987915;1.6383004188537598;0.0
0.017197728157043457;0.017197728157043457;0.055632829666137695;0.0;1.647858738899231;3.1494154930114746;1.647858738899231;0.0
0.017226457595825195;0.017226457595825195;0.050018370151519775;0.0;1.6551389694213867;2.8396384716033936;1.6551389694213867;0.0
0.017567992210388184;0.017567992210388184;0.0498119592666626;0.0;1.6655174493789673;2.477036237716675;1.6655174493789673;0.0
0.017733216285705566;0.017733216285705566;0.024389207363128662;0.0;1.6665327548980713;2.116377830505371;1.6665327548980713;0.0
0.01778394728899002;0.01778394728899002;0.06517589092254639;0.0;1.668190836906433;4.127296447753906;1.668190836906433;0.0
0.01779329776763916;0.01779329776763916;0.03833818435668945;0.0;1.6688841581344604;3.7364068031311035;1.6688841581344604;0.0
0.017944276332855225;0.017944276332855225;0.04036599397659302;0.0;1.682595133781433;2.9017889499664307;1.682595133781433;0.0
0.017945289611816406;0.017945289611816406;0.04943656921386719;0.0;1.683803915977478;3.016331195831299;1.683803915977478;0.0
0.017975270748138428;0.017975270748138428;0.06201577186584473;0.0;1.6936134099960327;3.324669599533081;1.6936134099960327;0.0
0.018050700426101685;0.018050700426101685;0.039898231625556946;0.0;1.6990584135055542;2.3166351318359375;1.6990584135055542;0.0
0.018074333667755127;0.018074333667755127;0.06653162837028503;0.0;1.7102543115615845;2.484210252761841;1.7102543115615845;0.0
0.0181007981300354;0.0181007981300354;0.028456032276153564;0.0;1.7249951362609863;2.557795524597168;1.7249951362609863;0.0
0.018161922693252563;0.018161922693252563;0.03224170207977295;0.0;1.7308610677719116;3.7808375358581543;1.7308610677719116;0.0
0.018289297819137573;0.018289297819137573;0.06959450244903564;0.0;1.7365530729293823;3.1373775005340576;1.7365530729293823;0.0
0.018352091312408447;0.018352091312408447;0.024874985218048096;0.0;1.7389768362045288;2.129377841949463;1.7389768362045288;0.0
0.01845608651638031;0.01845608651638031;0.04909515380859375;0.0;1.7424559593200684;2.279677629470825;1.7424559593200684;0.0
0.01846456527709961;0.01846456527709961;0.04370144009590149;0.0;1.74495267868042;2.130272626876831;1.74495267868042;0.0
0.018664121627807617;0.018664121627807617;0.0607638955116272;0.0;1.749237298965454;3.210479974746704;1.749237298965454;0.0
0.018675416707992554;0.018675416707992554;0.03928464651107788;0.0;1.7566946744918823;2.3821005821228027;1.7566946744918823;0.0
0.018758654594421387;0.018758654594421387;0.023970723152160645;0.0;1.7618533372879028;2.1809871196746826;1.7618533372879028;0.0
0.01878298819065094;0.01878298819065094;0.03762108087539673;0.0;1.7643805742263794;2.283825397491455;1.7643805742263794;0.0
0.018789231777191162;0.018789231777191162;0.03333115577697754;0.0;1.7665425539016724;2.5249953269958496;1.7665425539016724;0.0
0.018810629844665527;0.02067507803440094;0.018810629844665527;0.0;1.789966344833374;2.973050117492676;1.789966344833374;0.0
0.018825896084308624;0.018825896084308624;0.028611481189727783;0.0;1.7988554239273071;1.9164146184921265;1.7988554239273071;0.0
0.018959403038024902;0.018959403038024902;0.026871412992477417;0.0;1.8013453483581543;2.6664741039276123;1.8013453483581543;0.0
0.019053548574447632;0.019053548574447632;0.05832111835479736;0.0;1.8020316362380981;2.434765100479126;1.8020316362380981;0.0
0.019110143184661865;0.019110143184661865;0.03027629852294922;0.0;1.8041905164718628;3.1778573989868164;1.8041905164718628;0.0
0.019155949354171753;0.019155949354171753;0.05927759408950806;0.0;1.808685064315796;3.189531087875366;1.808685064315796;0.0
0.019199371337890625;0.019199371337890625;0.07685166597366333;0.0;1.8101599216461182;2.7912161350250244;1.8101599216461182;0.0
0.0192929208278656;0.0192929208278656;0.04688286781311035;0.0;1.81580650806427;2.526315927505493;1.81580650806427;0.0
0.01940600574016571;0.01940600574016571;0.051512062549591064;0.0;1.8187271356582642;2.681950807571411;1.8187271356582642;0.0
0.019425570964813232;0.019425570964813232;0.029908359050750732;0.0;1.8312543630599976;1.8829504251480103;1.8312543630599976;0.0
0.019708901643753052;0.019708901643753052;0.08053885400295258;0.0;1.839776635169983;2.727600336074829;1.839776635169983;0.0
0.01999574899673462;0.01999574899673462;0.035940021276474;0.0;1.8546007871627808;2.999497413635254;1.8546007871627808;0.0
0.020046621561050415;0.0233801007270813;0.020046621561050415;0.0;1.8653937578201294;2.0038814544677734;1.8653937578201294;0.0
0.020128697156906128;0.020128697156906128;0.05464160442352295;0.0;1.879262924194336;3.6506476402282715;1.879262924194336;0.0
0.020197466015815735;0.020197466015815735;0.036487460136413574;0.0;1.8840512037277222;3.3965907096862793;1.8840512037277222;0.0
0.020220324397087097;0.020220324397087097;0.026282034814357758;0.0;1.893646478652954;2.590146064758301;1.893646478652954;0.0
0.0202978253364563;0.0202978253364563;0.06143301725387573;0.0;1.9092429876327515;3.596555233001709;1.9092429876327515;0.0
0.020442575216293335;0.020442575216293335;0.032436639070510864;0.0;1.9105141162872314;1.918330430984497;1.9105141162872314;0.0
0.020610690116882324;0.020610690116882324;0.05326521396636963;0.0;1.9253193140029907;2.692854642868042;1.9253193140029907;0.0
0.02066516876220703;0.02066516876220703;0.02798914909362793;0.0;1.9417845010757446;2.43469500541687;1.9417845010757446;0.0
0.02070079743862152;0.02070079743862152;0.04111489653587341;0.0;1.955663800239563;2.552151918411255;1.955663800239563;0.0
0.021359175443649292;0.021359175443649292;0.05295783281326294;0.0;1.9558097124099731;3.7817623615264893;1.9558097124099731;0.0
0.0218428373336792;0.0218428373336792;0.0537070631980896;0.0;1.9682047367095947;2.114689826965332;1.9682047367095947;0.0
0.02185460925102234;0.02185460925102234;0.03540140390396118;0.0;1.993903398513794;3.14068865776062;1.993903398513794;0.0
0.022170811891555786;0.022170811891555786;0.08197984099388123;0.0;2.004265785217285;3.111302614212036;2.004265785217285;0.0
0.022237062454223633;0.022237062454223633;0.06281626224517822;0.0;2.0117616653442383;2.0117616653442383;2.5985867977142334;0.0
0.02226361632347107;0.02226361632347107;0.03178732097148895;0.0;2.0145559310913086;2.585686206817627;2.0145559310913086;0.0
0.022320836782455444;0.022320836782455444;0.060160160064697266;0.0;2.021134376525879;2.021134376525879;2.43087100982666;0.0
0.02240678109228611;0.02240678109228611;0.06829416751861572;0.0;2.0251307487487793;4.411705493927002;2.0251307487487793;0.0
0.022890985012054443;0.022890985012054443;0.04589754343032837;0.0;2.0261898040771484;4.176578998565674;2.0261898040771484;0.0
0.02319514751434326;0.02319514751434326;0.02661377191543579;0.0;2.0291452407836914;2.366272449493408;2.0291452407836914;0.0
0.02319815754890442;0.02319815754890442;0.06715062260627747;0.0;2.0517635345458984;2.467381000518799;2.0517635345458984;0.0
0.02383016049861908;0.02383016049861908;0.08448866754770279;0.0;2.072836399078369;2.8951292037963867;2.072836399078369;0.0
0.024007827043533325;0.024007827043533325;0.047221601009368896;0.0;2.0736353397369385;4.657413005828857;2.0736353397369385;0.0
0.024161458015441895;0.024161458015441895;0.1226813793182373;0.0;2.0950629711151123;2.7890148162841797;2.0950629711151123;0.0
0.02431657910346985;0.02431657910346985;0.03087747097015381;0.0;2.116487503051758;2.686504364013672;2.116487503051758;0.0
0.024490833282470703;0.024490833282470703;0.039869844913482666;0.0;2.122360944747925;2.3988687992095947;2.122360944747925;0.0
0.02498357743024826;0.02498357743024826;0.05223965644836426;0.0;2.1416141986846924;3.385267972946167;2.1416141986846924;0.0
0.025294899940490723;0.025294899940490723;0.05066323280334473;0.0;2.164339780807495;4.2214884757995605;2.164339780807495;0.0
0.025445759296417236;0.025445759296417236;0.05948019027709961;0.0;2.1655385494232178;2.1655385494232178;2.5949041843414307;0.0
0.025458961725234985;0.025458961725234985;0.03705453872680664;0.0;2.1791586875915527;3.325993061065674;2.1791586875915527;0.0
0.025482594966888428;0.025482594966888428;0.026684999465942383;0.0;2.1842615604400635;2.9060781002044678;2.1842615604400635;0.0
0.025505200028419495;0.025505200028419495;0.05563253164291382;0.0;2.1962223052978516;4.303287029266357;2.1962223052978516;0.0
0.025524556636810303;0.025524556636810303;0.04658222198486328;0.0;2.206183671951294;3.1589903831481934;2.206183671951294;0.0
0.025579648092389107;0.025579648092389107;0.06102892756462097;0.0;2.2165844440460205;3.0455873012542725;2.2165844440460205;0.0
0.0262041836977005;0.0262041836977005;0.029686570167541504;0.0;2.2227461338043213;3.7840025424957275;2.2227461338043213;0.0
0.026254653930664062;0.026254653930664062;0.03460437059402466;0.0;2.225470542907715;2.7971723079681396;2.225470542907715;0.0
0.0264052152633667;0.0264052152633667;0.04194179177284241;0.0;2.231283187866211;4.366916656494141;2.231283187866211;0.0
0.026697933673858643;0.026697933673858643;0.03042060136795044;0.0;2.2469358444213867;3.5568809509277344;2.2469358444213867;0.0
0.026767022907733917;0.026767022907733917;0.08871307969093323;0.0;2.2750120162963867;4.287261486053467;2.2750120162963867;0.0
0.027625620365142822;0.027625620365142822;0.03729763627052307;0.0;2.292548418045044;3.0297703742980957;2.292548418045044;0.0
0.027857542037963867;0.027857542037963867;0.0472472608089447;0.0;2.2946815490722656;1.741048812866211;2.2946815490722656;0.0
0.0279524028301239;0.051190972328186035;0.0279524028301239;0.0;2.300421714782715;3.5872044563293457;2.300421714782715;0.0
0.028114788234233856;0.028114788234233856;0.0521242618560791;0.0;2.3117034435272217;2.711275577545166;2.3117034435272217;0.0
0.02817937731742859;0.02817937731742859;0.03675156831741333;0.0;2.3311548233032227;2.8239386081695557;2.3311548233032227;0.0
0.02829904854297638;0.02829904854297638;0.07156318426132202;0.0;2.3916637897491455;3.391230344772339;2.3916637897491455;0.0
0.02831733226776123;0.02831733226776123;0.03920477628707886;0.0;2.3956730365753174;5.083602428436279;2.3956730365753174;0.0
0.028923869132995605;0.028923869132995605;0.12730860710144043;0.0;2.4383342266082764;4.75578498840332;2.4383342266082764;0.0
0.029488474130630493;0.029488474130630493;0.05615067481994629;0.0;2.4968600273132324;4.266674995422363;2.4968600273132324;0.0
0.029694318771362305;0.029694318771362305;0.059777796268463135;0.0;2.51448392868042;3.23911452293396;2.51448392868042;0.0
0.030198991298675537;0.030198991298675537;0.07002121210098267;0.0;2.51615047454834;3.28825306892395;2.51615047454834;0.0
0.03037235140800476;0.03037235140800476;0.03832590579986572;0.0;2.5314881801605225;3.833528995513916;2.5314881801605225;0.0
0.03118128329515457;0.03118128329515457;0.04999391734600067;0.0;2.553058385848999;4.46525239944458;2.553058385848999;0.0
0.03189194202423096;0.03189194202423096;0.05990701913833618;0.0;2.6317262649536133;4.564398288726807;2.6317262649536133;0.0
0.032124459743499756;0.032124459743499756;0.045033618807792664;0.0;2.642306089401245;3.9152164459228516;2.642306089401245;0.0
0.03326380252838135;0.03326380252838135;0.07269185781478882;0.0;2.665626287460327;3.581087350845337;2.665626287460327;0.0
0.03447902202606201;0.03447902202606201;0.039973556995391846;0.0;2.6705825328826904;3.581831216812134;2.6705825328826904;0.0
0.03460991382598877;0.03460991382598877;0.04985934495925903;0.0;2.7683238983154297;3.5119621753692627;2.7683238983154297;0.0
0.03538954257965088;0.03538954257965088;0.035413265228271484;0.0;2.7791566848754883;4.830598831176758;2.7791566848754883;0.0
0.03547970950603485;0.03547970950603485;0.0450221449136734;0.0;2.7814536094665527;3.0537571907043457;2.7814536094665527;0.0
0.035627663135528564;0.035627663135528564;0.038480550050735474;0.0;2.9216530323028564;3.9104671478271484;2.9216530323028564;0.0
0.03572589159011841;0.03572589159011841;0.07319581508636475;0.0;2.9240190982818604;3.923539400100708;2.9240190982818604;0.0
0.035779476165771484;0.035779476165771484;0.09726959466934204;0.0;2.9902851581573486;4.676492214202881;2.9902851581573486;0.0
0.037656672298908234;0.037656672298908234;0.05458247661590576;0.0;3.0359046459198;3.291334629058838;3.0359046459198;0.0
0.03809916973114014;0.03809916973114014;0.07923275232315063;0.0;3.115830183029175;3.7814395427703857;3.115830183029175;0.0
0.03832894563674927;0.040530622005462646;0.03832894563674927;0.0;3.2672009468078613;4.031805038452148;3.2672009468078613;0.0
0.03899472951889038;0.03899472951889038;0.07418236136436462;0.0;3.3319921493530273;3.690237522125244;3.3319921493530273;0.0
0.03984764218330383;0.03984764218330383;0.06605718284845352;0.0;3.3948922157287598;3.941676139831543;3.3948922157287598;0.0
0.04045546054840088;0.04045546054840088;0.08174839615821838;0.0;3.653407573699951;3.653407573699951;5.151086807250977;0.0
0.04378141462802887;0.04378141462802887;0.07466691732406616;0.0;3.6700501441955566;4.007060527801514;3.6700501441955566;0.0
0.044404804706573486;0.044404804706573486;0.07591003179550171;0.0;3.727494239807129;4.020570278167725;3.727494239807129;0.0
0.047727882862091064;0.047727882862091064;0.1218472421169281;0.0;3.885775566101074;3.617550849914551;3.885775566101074;0.0
0.04912281036376953;0.04912281036376953;0.10839292407035828;0.0;4.073147773742676;4.562066078186035;4.073147773742676;0.0
0.051446497440338135;0.051446497440338135;0.12866824865341187;0.0;4.477130889892578;1.3887913227081299;4.477130889892578;0.0
0.05220311880111694;0.05220311880111694;0.08941252529621124;0.0;4.563741207122803;3.6265029907226562;4.563741207122803;0.0
0.053926169872283936;0.053926169872283936;0.13150477409362793;0.0;4.859779357910156;4.941380977630615;4.859779357910156;0.0
0.06716525554656982;0.06716525554656982;0.09394348412752151;0.0;5.675830841064453;3.618112802505493;5.675830841064453;0.0
0.07124877721071243;0.07775670289993286;0.07124877721071243;0.0;7.857783794403076;4.484069347381592;7.857783794403076;0.0
0.0916483998298645;0.07776695489883423;0.0916483998298645;0.0;325.7970275878906;3.820721387863159;325.7970275878906;0.0
