inf-norm-min-adv-dist;inf-norm-PGD-dist;inf-norm-sec-att-dist;inf-norm-Clever-0.0-samples;2-norm-min-adv-dist;2-norm-PGD-dist;2-norm-sec-att-dist;2-norm-Clever-0.0-samples
0.0;0.0;0.0;0.0;0.0;0.0;0.0;0.0
0.0;0.0;0.0;0.0;0.0;0.0;0.0;0.0
0.0;0.0;0.0;0.0;0.0;0.0;0.0;0.0
0.0;0.0;0.0;0.0;0.0;0.0;0.0;0.0
0.0;0.0;0.0;0.0;0.0;0.0;0.0;0.0
0.0;0.0;0.0;0.0;0.0;0.0;0.0;0.0
0.0;0.0;0.0;0.0;0.0;0.0;0.0;0.0
0.0;0.0;0.0;0.0;0.0;0.0;0.0;0.0
0.0;0.0;0.0;0.0;0.0;0.0;0.0;0.0
0.0;0.0;0.0;0.0;0.0;0.0;0.0;0.0
0.0;0.0;0.0;0.0;0.0;0.0;0.0;0.0
0.0;0.0;0.0;0.0;0.0;0.0;0.0;0.0
0.0;0.0;0.0;0.0;0.0;0.0;0.0;0.0
0.0;0.0;0.0;0.0;0.0;0.0;0.0;0.0
0.0;0.0;0.0;0.0;0.0;0.0;0.0;0.0
0.0;0.0;0.0;0.0;0.0;0.0;0.0;0.0
0.0;0.0;0.0;0.0;0.0;0.0;0.0;0.0
0.0;0.0;0.0;0.0;0.0;0.0;0.0;0.0
0.0;0.0;0.0;0.0;0.0;0.0;0.0;0.0
0.0;0.0;0.0;0.0;0.0;0.0;0.0;0.0
0.0;0.0;0.0;0.0;0.0;0.0;0.0;0.0
0.0;0.0;0.0;0.0;0.0;0.0;0.0;0.0
0.0;0.0;0.0;0.0;0.0;0.0;0.0;0.0
0.0;0.0;0.0;0.0;0.0;0.0;0.0;0.0
0.0;0.0;0.0;0.0;0.0;0.0;0.0;0.0
0.0;0.0;0.0;0.0;0.0;0.0;0.0;0.0
0.0;0.0;0.0;0.0;0.0;0.0;0.0;0.0
0.0;0.0;0.0;0.0;0.0;0.0;0.0;0.0
0.0;0.0;0.0;0.0;0.0;0.0;0.0;0.0
0.0;0.0;0.0;0.0;0.0;0.0;0.0;0.0
0.0;0.0;0.0;0.0;0.0;0.0;0.0;0.0
0.0;0.0;0.0;0.0;0.0;0.0;0.0;0.0
0.0;0.0;0.0;0.0;0.0;0.0;0.0;0.0
0.0;0.0;0.0;0.0;0.0;0.0;0.0;0.0
0.0;0.0;0.0;0.0;0.0;0.0;0.0;0.0
0.0;0.0;0.0;0.0;0.0;0.0;0.0;0.0
0.0;0.0;0.0;0.0;0.0;0.0;0.0;0.0
0.0;0.0;0.0;0.0;0.0;0.0;0.0;0.0
0.0;0.0;0.0;0.0;0.0;0.0;0.0;0.0
0.0;0.0;0.0;0.0;0.0;0.0;0.0;0.0
0.0;0.0;0.0;0.0;0.0;0.0;0.0;0.0
0.0;0.0;0.0;0.0;0.0;0.0;0.0;0.0
0.0;0.0;0.0;0.0;0.0;0.0;0.0;0.0
0.0;0.0;0.0;0.0;0.0;0.0;0.0;0.0
0.0;0.0;0.0;0.0;0.0;0.0;0.0;0.0
0.0;0.0;0.0;0.0;0.0;0.0;0.0;0.0
0.0;0.0;0.0;0.0;0.0;0.0;0.0;0.0
0.0;0.0;0.0;0.0;0.0;0.0;0.0;0.0
0.0;0.0;0.0;0.0;0.0;0.0;0.0;0.0
0.0;0.0;0.0;0.0;0.0;0.0;0.0;0.0
0.0;0.0;0.0;0.0;0.0;0.0;0.0;0.0
0.0;0.0;0.0;0.0;0.0;0.0;0.0;0.0
0.0;0.0;0.0;0.0;0.0;0.0;0.0;0.0
0.0;0.0;0.0;0.0;0.0;0.0;0.0;0.0
0.0;0.0;0.0;0.0;0.0;0.0;0.0;0.0
0.0;0.0;0.0;0.0;0.0;0.0;0.0;0.0
0.0;0.0;0.0;0.0;0.0;0.0;0.0;0.0
0.0;0.0;0.0;0.0;0.0;0.0;0.0;0.0
0.0;0.0;0.0;0.0;0.0;0.0;0.0;0.0
0.0;0.0;0.0;0.0;0.0;0.0;0.0;0.0
0.0;0.0;0.0;0.0;0.0;0.0;0.0;0.0
0.0;0.0;0.0;0.0;0.0;0.0;0.0;0.0
0.0;0.0;0.0;0.0;0.0;0.0;0.0;0.0
0.0;0.0;0.0;0.0;0.0;0.0;0.0;0.0
0.0;0.0;0.0;0.0;0.0;0.0;0.0;0.0
0.0;0.0;0.0;0.0;0.0;0.0;0.0;0.0
0.0;0.0;0.0;0.0;0.0;0.0;0.0;0.0
0.0;0.0;0.0;0.0;0.0;0.0;0.0;0.0
0.0;0.0;0.0;0.0;0.0;0.0;0.0;0.0
0.0;0.0;0.0;0.0;0.0;0.0;0.0;0.0
0.0;0.0;0.0;0.0;0.0;0.0;0.0;0.0
0.0;0.0;0.0;0.0;0.0;0.0;0.0;0.0
0.0;0.0;0.0;0.0;0.0;0.0;0.0;0.0
0.0;0.0;0.0;0.0;0.0;0.0;0.0;0.0
0.0;0.0;0.0;0.0;0.0;0.0;0.0;0.0
0.0;0.0;0.0;0.0;0.0;0.0;0.0;0.0
0.0;0.0;0.0;0.0;0.0;0.0;0.0;0.0
0.0;0.0;0.0;0.0;0.0;0.0;0.0;0.0
0.0;0.0;0.0;0.0;0.0;0.0;0.0;0.0
0.0;0.0;0.0;0.0;0.0;0.0;0.0;0.0
0.0;0.0;0.0;0.0;0.0;0.0;0.0;0.0
0.0;0.0;0.0;0.0;0.0;0.0;0.0;0.0
0.0;0.0;0.0;0.0;0.0;0.0;0.0;0.0
0.0;0.0;0.0;0.0;0.0;0.0;0.0;0.0
0.0;0.0;0.0;0.0;0.0;0.0;0.0;0.0
0.0;0.0;0.0;0.0;0.0;0.0;0.0;0.0
0.0;0.0;0.0;0.0;0.0;0.0;0.0;0.0
0.0;0.0;0.0;0.0;0.0;0.0;0.0;0.0
0.0;0.0;0.0;0.0;0.0;0.0;0.0;0.0
0.0;0.0;0.0;0.0;0.0;0.0;0.0;0.0
0.0;0.0;0.0;0.0;0.0;0.0;0.0;0.0
0.0;0.0;0.0;0.0;0.0;0.0;0.0;0.0
0.0;0.0;0.0;0.0;0.0;0.0;0.0;0.0
0.0;0.0;0.0;0.0;0.0;0.0;0.0;0.0
0.0;0.0;0.0;0.0;0.0;0.0;0.0;0.0
0.0;0.0;0.0;0.0;0.0;0.0;0.0;0.0
0.0;0.0;0.0;0.0;0.0;0.0;0.0;0.0
0.0;0.0;0.0;0.0;0.0;0.0;0.0;0.0
0.0;0.0;0.0;0.0;0.0;0.0;0.0;0.0
0.0;0.0;0.0;0.0;0.0;0.0;0.0;0.0
0.0;0.0;0.0;0.0;0.0;0.0;0.0;0.0
0.0;0.0;0.0;0.0;0.0;0.0;0.0;0.0
0.0;0.0;0.0;0.0;0.0;0.0;0.0;0.0
0.0;0.0;0.0;0.0;0.0;0.0;0.0;0.0
0.0;0.0;0.0;0.0;0.0;0.0;0.0;0.0
0.0;0.0;0.0;0.0;0.0;0.0;0.0;0.0
0.0;0.0;0.0;0.0;0.0;0.0;0.0;0.0
0.0;0.0;0.0;0.0;0.0;0.0;0.0;0.0
0.0;0.0;0.0;0.0;0.0;0.0;0.0;0.0
0.0;0.0;0.0;0.0;0.0;0.0;0.0;0.0
0.0;0.0;0.0;0.0;0.0;0.0;0.0;0.0
0.00010001659393310547;0.00010001659393310547;0.029186762869358063;0.0;0.00999999325722456;0.00999999325722456;0.08118594437837601;0.0
0.00010001659393310547;0.00010001659393310547;0.4830414652824402;0.0;0.017094964161515236;0.017094964161515236;0.11842338740825653;0.0
0.00010001659393310547;0.00010001659393310547;0.03335007280111313;0.0;0.017117176204919815;0.017117176204919815;0.07519932836294174;0.0
0.00010001659393310547;0.00010001659393310547;0.6610948443412781;0.0;0.017157254740595818;0.017157254740595818;0.12369606643915176;0.0
0.00010001659393310547;0.00010001659393310547;0.2680414319038391;0.0;0.01729562319815159;0.01729562319815159;0.06772994250059128;0.0
0.00010001659393310547;0.00010001659393310547;0.08852628618478775;0.0;0.017305126413702965;0.017305126413702965;0.10325214266777039;0.0
0.00010001659393310547;0.00010001659393310547;0.006968419998884201;0.0;0.02429240383207798;0.02429240383207798;0.07658817619085312;0.0
0.00010001659393310547;0.00010001659393310547;0.07391059398651123;0.0;0.024433501064777374;0.024433501064777374;0.08418159186840057;0.0
0.00010001659393310547;0.00010001659393310547;0.029959723353385925;0.0;0.024446915835142136;0.024446915835142136;0.09042756259441376;0.0
0.00010001659393310547;0.00010001659393310547;0.026293933391571045;0.0;0.0244552344083786;0.0244552344083786;0.08510914444923401;0.0
0.00020003318786621094;0.00020003318786621094;0.08364178985357285;0.0;0.02447514235973358;0.02447514235973358;0.12923511862754822;0.0
0.00020003318786621094;0.00020003318786621094;0.06594142317771912;0.0;0.024549903348088264;0.024549903348088264;0.1855515092611313;0.0
0.00020003318786621094;0.00020003318786621094;0.027137815952301025;0.0;0.031318411231040955;0.031318411231040955;0.07156851887702942;0.0
0.00020003318786621094;0.00020003318786621094;0.026272792369127274;0.0;0.03136618807911873;0.03136618807911873;0.08408145606517792;0.0
0.0003000497817993164;0.0003000497817993164;0.719599723815918;0.0;0.03363628312945366;0.03363628312945366;0.1331319957971573;0.0
0.0003000497817993164;0.0003000497817993164;0.09301269054412842;0.0;0.0368802435696125;0.0368802435696125;0.13416028022766113;0.0
0.0003000497817993164;0.0003000497817993164;0.10084110498428345;0.0;0.03859912231564522;0.03859912231564522;0.11910326778888702;0.0
0.0003000497817993164;0.0003000497817993164;0.6059983968734741;0.0;0.044747885316610336;0.044747885316610336;0.1101541668176651;0.0
0.0003000497817993164;0.0003000497817993164;0.5588542222976685;0.0;0.04540083557367325;0.04540083557367325;0.172249898314476;0.0
0.0003000497817993164;0.0003000497817993164;0.049222350120544434;0.0;0.04558524489402771;0.04558524489402771;0.20491883158683777;0.0
0.0003000497817993164;0.0003000497817993164;0.9898339509963989;0.0;0.04634926840662956;0.04634926840662956;0.1999167799949646;0.0
0.0003000497817993164;0.0003000497817993164;0.05448248237371445;0.0;0.047264643013477325;0.047264643013477325;0.09634758532047272;0.0
0.0003000497817993164;0.0003000497817993164;0.04890710115432739;0.0;0.052218347787857056;0.052218347787857056;0.14381463825702667;0.0
0.0003000497817993164;0.0003000497817993164;0.03879129886627197;0.0;0.05223201960325241;0.05223201960325241;0.12712112069129944;0.0
0.0003000497817993164;0.0003000497817993164;0.0788445919752121;0.0;0.05247652530670166;0.05247652530670166;0.18116004765033722;0.0
0.0003000497817993164;0.0003000497817993164;0.14192035794258118;0.0;0.05262019485235214;0.05262019485235214;0.20165228843688965;0.0
0.0003000497817993164;0.0003000497817993164;0.19289124011993408;0.0;0.05270431563258171;0.05270431563258171;0.13859336078166962;0.0
0.0004000663757324219;0.0004000663757324219;0.20089101791381836;0.0;0.05829727277159691;0.05829727277159691;0.0894583985209465;0.0
0.0004000663757324219;0.0004000663757324219;0.0892595648765564;0.0;0.059270285069942474;0.059270285069942474;0.11968299001455307;0.0
0.0004000663757324219;0.0004000663757324219;0.06313902139663696;0.0;0.059325188398361206;0.059325188398361206;0.14352107048034668;0.0
0.0004000663757324219;0.0004000663757324219;0.08968786895275116;0.0;0.05960463732481003;0.05960463732481003;0.1335373967885971;0.0
0.0004000663757324219;0.0004000663757324219;0.2364184856414795;0.0;0.05961644649505615;0.05961644649505615;0.176137313246727;0.0
0.0004000663757324219;0.0004000663757324219;0.3865170180797577;0.0;0.05997090041637421;0.05997090041637421;0.15993914008140564;0.0
0.0004000663757324219;0.0004000663757324219;0.03873622417449951;0.0;0.06565279513597488;0.06565279513597488;0.12586314976215363;0.0
0.0004000663757324219;0.0004000663757324219;0.05150546878576279;0.0;0.06583826243877411;0.06583826243877411;0.11917649209499359;0.0
0.0004000663757324219;0.0004000663757324219;0.12335395812988281;0.0;0.06596601754426956;0.06596601754426956;0.14284354448318481;0.0
0.0004000663757324219;0.0004000663757324219;0.8193627595901489;0.0;0.07199616730213165;0.07199616730213165;0.27918240427970886;0.0
0.0004000663757324219;0.0004000663757324219;0.13427698612213135;0.0;0.07289635390043259;0.07289635390043259;0.15192820131778717;0.0
0.0004000663757324219;0.0004000663757324219;0.2918241322040558;0.0;0.07304313033819199;0.07304313033819199;0.14945554733276367;0.0
0.0004000663757324219;0.0004000663757324219;0.07075090706348419;0.0;0.07318823784589767;0.07318823784589767;0.131089985370636;0.0
0.0004000663757324219;0.0004000663757324219;0.17252251505851746;0.0;0.07607244700193405;0.07607244700193405;0.20247699320316315;0.0
0.0005000829696655273;0.0005000829696655273;0.29646962881088257;0.0;0.07790627330541611;0.07790627330541611;0.1258382946252823;0.0
0.0005000829696655273;0.0005000829696655273;0.7451558709144592;0.0;0.07808183878660202;0.07808183878660202;0.1360631138086319;0.0
0.0005000829696655273;0.0005000829696655273;0.11602813005447388;0.0;0.07974296063184738;0.07974296063184738;0.1928214132785797;0.0
0.0005000829696655273;0.0005000829696655273;0.3451886475086212;0.0;0.08022958785295486;0.08022958785295486;0.18525952100753784;0.0
0.0005000829696655273;0.0005000829696655273;0.07675108313560486;0.0;0.08042768388986588;0.08042768388986588;0.1383432149887085;0.0
0.0005000829696655273;0.0005000829696655273;0.6108216047286987;0.0;0.0805945172905922;0.0805945172905922;0.3401823043823242;0.0
0.0005000829696655273;0.0005000829696655273;0.5613257884979248;0.0;0.0808989554643631;0.0808989554643631;0.16657544672489166;0.0
0.0005000829696655273;0.0005000829696655273;0.584905207157135;0.0;0.08186597377061844;0.08186597377061844;0.1969231814146042;0.0
0.0005000829696655273;0.0005000829696655273;0.16460765898227692;0.0;0.0823177769780159;0.0823177769780159;0.25014588236808777;0.0
0.0005000829696655273;0.0005000829696655273;0.8700496554374695;0.0;0.08672808110713959;0.08672808110713959;0.15007130801677704;0.0
0.0005000829696655273;0.0005000829696655273;0.14113086462020874;0.0;0.08962169289588928;0.08962169289588928;0.1513599157333374;0.0
0.0005000829696655273;0.0005000829696655273;0.36409056186676025;0.0;0.09267386794090271;0.09267386794090271;0.3371962010860443;0.0
0.0006000995635986328;0.0006000995635986328;0.6277828216552734;0.0;0.09336927533149719;0.09336927533149719;0.19748501479625702;0.0
0.0006000995635986328;0.0006000995635986328;0.10928923636674881;0.0;0.09406469762325287;0.09406469762325287;0.11562936753034592;0.0
0.0006000995635986328;0.0006000995635986328;0.3936219811439514;0.0;0.09414099901914597;0.09414099901914597;0.12380333244800568;0.0
0.0006000995635986328;0.0006000995635986328;0.10601799935102463;0.0;0.09448926895856857;0.09448926895856857;0.22165803611278534;0.0
0.0006000995635986328;0.0006000995635986328;0.7498210668563843;0.0;0.09482774883508682;0.09482774883508682;0.20700223743915558;0.0
0.0006000995635986328;0.0006000995635986328;0.5477026104927063;0.0;0.09827930480241776;0.09827930480241776;0.16194964945316315;0.0
0.0006000995635986328;0.0006000995635986328;0.10015492886304855;0.0;0.09850358217954636;0.09850358217954636;0.20615947246551514;0.0
0.0006000995635986328;0.0006000995635986328;0.13250118494033813;0.0;0.0993579775094986;0.0993579775094986;0.5085614323616028;0.0
0.0006000995635986328;0.0006000995635986328;0.511833667755127;0.0;0.09953419119119644;0.09953419119119644;0.20358017086982727;0.0
0.0006000995635986328;0.0006000995635986328;0.33340978622436523;0.0;0.09969904273748398;0.09969904273748398;0.23312649130821228;0.0
0.0006000995635986328;0.0006000995635986328;0.06597155332565308;0.0;0.10048306733369827;0.10048306733369827;0.15795665979385376;0.0
0.0007001161575317383;0.0007001161575317383;0.7571424841880798;0.0;0.10262555629014969;0.10262555629014969;0.5680325627326965;0.0
0.0007001161575317383;0.0007001161575317383;0.3850407004356384;0.0;0.10344226658344269;0.10344226658344269;0.31214427947998047;0.0
0.0007001161575317383;0.0007001161575317383;0.13470397889614105;0.0;0.10646431893110275;0.10646431893110275;0.14495591819286346;0.0
0.0007001161575317383;0.0007001161575317383;0.12826180458068848;0.0;0.10715167224407196;0.10715167224407196;0.21685433387756348;0.0
0.0007001161575317383;0.0007001161575317383;0.24019616842269897;0.0;0.10733239352703094;0.10733239352703094;0.19684574007987976;0.0
0.0007001161575317383;0.0007001161575317383;0.8389355540275574;0.0;0.10817676782608032;0.10817676782608032;0.5192686915397644;0.0
0.0007001161575317383;0.0007001161575317383;0.06538091599941254;0.0;0.10834194719791412;0.10834194719791412;0.167462557554245;0.0
0.0007001161575317383;0.0007001161575317383;0.2308143675327301;0.0;0.1088419109582901;0.1088419109582901;0.20319128036499023;0.0
0.0007001161575317383;0.0007001161575317383;0.1205979585647583;0.0;0.1145227923989296;0.1145227923989296;0.1869271993637085;0.0
0.0007001161575317383;0.0007001161575317383;0.19487804174423218;0.0;0.11483065038919449;0.11483065038919449;0.19877107441425323;0.0
0.0007001161575317383;0.0007001161575317383;0.09783667325973511;0.0;0.11492574959993362;0.11492574959993362;0.19999542832374573;0.0
0.0007001161575317383;0.0007001161575317383;0.0863543450832367;0.0;0.11628944426774979;0.11628944426774979;0.5359019041061401;0.0
0.0007001161575317383;0.0007001161575317383;0.9923809170722961;0.0;0.11713245511054993;0.11713245511054993;0.20037654042243958;0.0
0.0007001161575317383;0.0007001161575317383;0.1465364396572113;0.0;0.11740603297948837;0.11740603297948837;0.6702998280525208;0.0
0.0007001161575317383;0.0007001161575317383;0.8405326008796692;0.0;0.11752155423164368;0.11752155423164368;0.26233556866645813;0.0
0.0007001161575317383;0.0007001161575317383;0.926821231842041;0.0;0.1197114810347557;0.1197114810347557;0.3389117419719696;0.0
0.0007001161575317383;0.0007001161575317383;0.7116481065750122;0.0;0.11982544511556625;0.11982544511556625;0.2575930953025818;0.0
0.0007001161575317383;0.0007001161575317383;0.4155310094356537;0.0;0.12008044123649597;0.12008044123649597;0.22136305272579193;0.0
0.0007001161575317383;0.0007001161575317383;0.4566601514816284;0.0;0.1206328347325325;0.1206328347325325;0.2588077783584595;0.0
0.0007001161575317383;0.0007001161575317383;0.49795204401016235;0.0;0.12079184502363205;0.12079184502363205;0.16521430015563965;0.0
0.0008001327514648438;0.0008001327514648438;0.08937612175941467;0.0;0.12084031850099564;0.12084031850099564;0.43050506711006165;0.0
0.0008001327514648438;0.0008001327514648438;0.28008076548576355;0.0;0.12129704654216766;0.12129704654216766;0.7065107822418213;0.0
0.0008001327514648438;0.0008001327514648438;0.39977139234542847;0.0;0.12230008840560913;0.12230008840560913;0.17829629778862;0.0
0.0008001327514648438;0.0008001327514648438;0.18351733684539795;0.0;0.12267575412988663;0.12267575412988663;0.22915858030319214;0.0
0.0008001327514648438;0.0008001327514648438;0.5467602014541626;0.0;0.12564250826835632;0.12564250826835632;0.33021673560142517;0.0
0.0008001327514648438;0.0008001327514648438;0.42033061385154724;0.0;0.1258828341960907;0.1258828341960907;0.2036600261926651;0.0
0.0008001327514648438;0.0008001327514648438;0.850843071937561;0.0;0.12711015343666077;0.12711015343666077;0.20132046937942505;0.0
0.0008001327514648438;0.0008001327514648438;0.5992320775985718;0.0;0.12756331264972687;0.12756331264972687;0.2275615930557251;0.0
0.0008001327514648438;0.0008001327514648438;0.35363873839378357;0.0;0.12770940363407135;0.12770940363407135;0.18658746778964996;0.0
0.0008001327514648438;0.0008001327514648438;0.6521105170249939;0.0;0.12830260396003723;0.12830260396003723;0.27536678314208984;0.0
0.0008001327514648438;0.0008001327514648438;0.8906575441360474;0.0;0.12836404144763947;0.12836404144763947;0.19758814573287964;0.0
0.0008001327514648438;0.0008001327514648438;0.10044733434915543;0.0;0.12964949011802673;0.12964949011802673;0.2652387320995331;0.0
0.0009001493453979492;0.0009001493453979492;0.41495293378829956;0.0;0.13328984379768372;0.13328984379768372;0.28095459938049316;0.0
0.0009001493453979492;0.0009001493453979492;0.7138016223907471;0.0;0.13398565351963043;0.13398565351963043;0.23061273992061615;0.0
0.0009001493453979492;0.0009001493453979492;0.804621160030365;0.0;0.13422317802906036;0.13422317802906036;0.22527897357940674;0.0
0.0009001493453979492;0.0009001493453979492;0.9558269381523132;0.0;0.13481546938419342;0.13481546938419342;0.21989129483699799;0.0
0.0009001493453979492;0.0009001493453979492;0.13714033365249634;0.0;0.13545210659503937;0.13545210659503937;0.2561805546283722;0.0
0.0009001493453979492;0.0009001493453979492;0.08394470810890198;0.0;0.13689613342285156;0.13689613342285156;0.33686235547065735;0.0
0.0009001493453979492;0.0009001493453979492;0.7263486981391907;0.0;0.13939128816127777;0.13939128816127777;0.33331432938575745;0.0
0.0009001493453979492;0.0009001493453979492;0.1620347797870636;0.0;0.14154504239559174;0.14154504239559174;0.5032076239585876;0.0
0.0009001493453979492;0.0009001493453979492;0.06849299371242523;0.0;0.14262250065803528;0.14262250065803528;0.17918696999549866;0.0
0.0009001493453979492;0.0009001493453979492;0.15564800798892975;0.0;0.14264841377735138;0.14264841377735138;0.2005525827407837;0.0
0.0009001493453979492;0.0009001493453979492;0.8952228426933289;0.0;0.143551766872406;0.143551766872406;0.3142998218536377;0.0
0.0009001493453979492;0.0009001493453979492;0.545640766620636;0.0;0.1451323926448822;0.1451323926448822;0.2080843299627304;0.0
0.0010001659393310547;0.0010001659393310547;0.44006890058517456;0.0;0.14576669037342072;0.14576669037342072;0.2757033407688141;0.0
0.0010001659393310547;0.0010001659393310547;0.22769993543624878;0.0;0.14786191284656525;0.14786191284656525;0.3154652714729309;0.0
0.0010001659393310547;0.0010001659393310547;0.5838543176651001;0.0;0.1480482518672943;0.1480482518672943;0.2251109629869461;0.0
0.0010001659393310547;0.0010001659393310547;0.4851551353931427;0.0;0.149239182472229;0.149239182472229;0.2878226041793823;0.0
0.0010001659393310547;0.0010001659393310547;0.1587010622024536;0.0;0.1516517847776413;0.1516517847776413;0.5018221735954285;0.0
0.0010001659393310547;0.0010001659393310547;0.4929923415184021;0.0;0.1517646312713623;0.1517646312713623;0.21122510731220245;0.0
0.0010001659393310547;0.0010001659393310547;0.7628402709960938;0.0;0.15382477641105652;0.15382477641105652;0.24373118579387665;0.0
0.0010001659393310547;0.0010001659393310547;0.6566643118858337;0.0;0.15525498986244202;0.15525498986244202;0.22424709796905518;0.0
0.0010001659393310547;0.0010001659393310547;0.22222626209259033;0.0;0.1554146707057953;0.1554146707057953;0.17897404730319977;0.0
0.0010001659393310547;0.0010001659393310547;0.5917410850524902;0.0;0.15742827951908112;0.15742827951908112;0.3800554871559143;0.0
0.0010001659393310547;0.0010001659393310547;0.22849977016448975;0.0;0.1576613038778305;0.1576613038778305;0.41665026545524597;0.0
0.0010001659393310547;0.0010001659393310547;0.15209336578845978;0.0;0.16040822863578796;0.16040822863578796;0.24944472312927246;0.0
0.0010001659393310547;0.0010001659393310547;0.20583575963974;0.0;0.16070128977298737;0.16070128977298737;0.435838907957077;0.0
0.0010001659393310547;0.0010001659393310547;0.31540149450302124;0.0;0.16111788153648376;0.16111788153648376;0.7855899333953857;0.0
0.0011001825332641602;0.0011001825332641602;0.4173146188259125;0.0;0.16111935675144196;0.16111935675144196;0.20761415362358093;0.0
0.0011001825332641602;0.0011001825332641602;0.09318548440933228;0.0;0.16127508878707886;0.16127508878707886;0.3288707435131073;0.0
0.0011001825332641602;0.0011001825332641602;0.07728171348571777;0.0;0.16220472753047943;0.16220472753047943;0.2829413414001465;0.0
0.0011001825332641602;0.0011001825332641602;0.8085641264915466;0.0;0.16310836374759674;0.16310836374759674;0.28967660665512085;0.0
0.0011001825332641602;0.0011001825332641602;0.12199628353118896;0.0;0.16375552117824554;0.16375552117824554;0.3798050284385681;0.0
0.0011001825332641602;0.0011001825332641602;0.42420411109924316;0.0;0.1645546406507492;0.1645546406507492;0.28702306747436523;0.0
0.0011001825332641602;0.0011001825332641602;0.6806447505950928;0.0;0.16558948159217834;0.16558948159217834;0.18533548712730408;0.0
0.0011001825332641602;0.0011001825332641602;0.7332563400268555;0.0;0.1657954454421997;0.1657954454421997;0.42894378304481506;0.0
0.0011001825332641602;0.0011001825332641602;0.42189082503318787;0.0;0.16647881269454956;0.16647881269454956;0.3453505039215088;0.0
0.0011001825332641602;0.0011001825332641602;0.9993085861206055;0.0;0.172516867518425;0.172516867518425;0.8830968737602234;0.0
0.0011001825332641602;0.0011001825332641602;0.41818156838417053;0.0;0.173363596200943;0.173363596200943;0.3043052554130554;0.0
0.0011001825332641602;0.0011001825332641602;0.24545645713806152;0.0;0.17356573045253754;0.17356573045253754;0.3141370713710785;0.0
0.0011001825332641602;0.0011001825332641602;0.6609256267547607;0.0;0.1742018461227417;0.1742018461227417;0.3174406588077545;0.0
0.0011001825332641602;0.0011001825332641602;0.6783373951911926;0.0;0.17457056045532227;0.17457056045532227;0.2976544201374054;0.0
0.0012000203132629395;0.0012000203132629395;0.7132670283317566;0.0;0.1761445701122284;0.1761445701122284;0.2904950976371765;0.0
0.0012001991271972656;0.0012001991271972656;0.7156729698181152;0.0;0.1764591634273529;0.1764591634273529;0.2743054926395416;0.0
0.0012001991271972656;0.0012001991271972656;0.17571134865283966;0.0;0.17699968814849854;0.17699968814849854;0.48256710171699524;0.0
0.0012001991271972656;0.0012001991271972656;0.8729451894760132;0.0;0.17740437388420105;0.17740437388420105;0.36772865056991577;0.0
0.0012001991271972656;0.0012001991271972656;0.143202006816864;0.0;0.1789444386959076;0.1789444386959076;0.40079882740974426;0.0
0.0012001991271972656;0.0012001991271972656;0.9062004685401917;0.0;0.1796201765537262;0.1796201765537262;0.2598651051521301;0.0
0.0012001991271972656;0.0012001991271972656;0.8032326698303223;0.0;0.18019047379493713;0.18019047379493713;0.21976912021636963;0.0
0.0012001991271972656;0.0012001991271972656;0.7702601552009583;0.0;0.18063709139823914;0.18063709139823914;0.46055206656455994;0.0
0.0012001991271972656;0.0012001991271972656;0.7367279529571533;0.0;0.18162934482097626;0.18162934482097626;0.428916335105896;0.0
0.0012001991271972656;0.0012001991271972656;0.18619200587272644;0.0;0.18319648504257202;0.18319648504257202;0.2988390028476715;0.0
0.001300022006034851;0.001300022006034851;0.6281347274780273;0.0;0.184144526720047;0.184144526720047;0.2646602690219879;0.0
0.001300215721130371;0.001300215721130371;0.472184419631958;0.0;0.18578390777111053;0.18578390777111053;0.23521451652050018;0.0
0.001300215721130371;0.001300215721130371;0.6915067434310913;0.0;0.1877249777317047;0.1877249777317047;0.3961748778820038;0.0
0.001300215721130371;0.001300215721130371;0.5174902677536011;0.0;0.18919861316680908;0.18919861316680908;0.48639607429504395;0.0
0.001300215721130371;0.001300215721130371;0.14053815603256226;0.0;0.1906098574399948;0.1906098574399948;0.3211577236652374;0.0
0.001300215721130371;0.001300215721130371;0.6418777108192444;0.0;0.19130341708660126;0.19130341708660126;0.6804624199867249;0.0
0.001300215721130371;0.001300215721130371;0.4620358645915985;0.0;0.19364961981773376;0.19364961981773376;0.3272272050380707;0.0
0.001300215721130371;0.001300215721130371;0.6393404603004456;0.0;0.19416852295398712;0.19416852295398712;0.650226891040802;0.0
0.001300215721130371;0.001300215721130371;0.6643775105476379;0.0;0.19840072095394135;0.19840072095394135;0.4454285800457001;0.0
0.001300215721130371;0.001300215721130371;0.4243600368499756;0.0;0.19904212653636932;0.19904212653636932;0.35305681824684143;0.0
0.001300215721130371;0.001300215721130371;0.4718976318836212;0.0;0.19978901743888855;0.19978901743888855;0.2710416913032532;0.0
0.001300215721130371;0.001300215721130371;0.9888595342636108;0.0;0.20124007761478424;0.20124007761478424;0.3567338287830353;0.0
0.001300215721130371;0.001300215721130371;0.1947593092918396;0.0;0.20335674285888672;0.20335674285888672;1.0685292482376099;0.0
0.001300215721130371;0.001300215721130371;0.5545804500579834;0.0;0.20407024025917053;0.20407024025917053;0.33640819787979126;0.0
0.001300215721130371;0.001300215721130371;0.28113359212875366;0.0;0.20778246223926544;0.36175432801246643;0.20778246223926544;0.0
0.001300215721130371;0.001300215721130371;0.9855880737304688;0.0;0.20819520950317383;0.20819520950317383;0.2161533683538437;0.0
0.001300215721130371;0.001300215721130371;0.46238845586776733;0.0;0.2085110992193222;0.22746767103672028;0.2085110992193222;0.0
0.001300215721130371;0.001300215721130371;0.31919699907302856;0.0;0.20896898210048676;0.20896898210048676;0.30918464064598083;0.0
0.0013998150825500488;0.0013998150825500488;0.8062256574630737;0.0;0.20905475318431854;0.20905475318431854;0.6411327123641968;0.0
0.0014002323150634766;0.0014002323150634766;0.8482468128204346;0.0;0.2095276415348053;0.2095276415348053;0.3444207012653351;0.0
0.0014002323150634766;0.0014002323150634766;0.9541274905204773;0.0;0.2118733674287796;0.2118733674287796;0.40399065613746643;0.0
0.0014002323150634766;0.0014002323150634766;0.16726744174957275;0.0;0.21267186105251312;0.21267186105251312;0.8512373566627502;0.0
0.0014002323150634766;0.0014002323150634766;0.277626097202301;0.0;0.21635715663433075;0.21635715663433075;0.43849441409111023;0.0
0.0014002323150634766;0.0014002323150634766;0.8168101906776428;0.0;0.21718241274356842;0.21718241274356842;0.507663905620575;0.0
0.0014002323150634766;0.0014002323150634766;0.2806088328361511;0.0;0.2180408090353012;0.2180408090353012;0.4389279782772064;0.0
0.0014002323150634766;0.0014002323150634766;0.1638857126235962;0.0;0.21961873769760132;0.21961873769760132;0.4640694558620453;0.0
0.0014002323150634766;0.0014002323150634766;0.5651140213012695;0.0;0.22028698027133942;0.22028698027133942;0.34854716062545776;0.0
0.0014002323150634766;0.0014002323150634766;0.14143559336662292;0.0;0.2219390869140625;0.2219390869140625;0.44029808044433594;0.0
0.0014002323150634766;0.0014002323150634766;0.8116458058357239;0.0;0.223453551530838;0.223453551530838;1.1581759452819824;0.0
0.001495361328125;0.001495361328125;0.462231308221817;0.0;0.2235635370016098;0.2235635370016098;0.47063523530960083;0.0
0.0014998018741607666;0.0014998018741607666;0.9468028545379639;0.0;0.22778400778770447;0.22778400778770447;0.6952903270721436;0.0
0.0014998018741607666;0.0014998018741607666;0.3034411072731018;0.0;0.22843198478221893;0.22843198478221893;0.36605405807495117;0.0
0.0015000253915786743;0.0015000253915786743;0.5918591022491455;0.0;0.22869780659675598;0.22869780659675598;0.37769222259521484;0.0
0.0015000253915786743;0.0015000253915786743;0.31204795837402344;0.0;0.2287895381450653;0.2287895381450653;0.3691079318523407;0.0
0.0015000253915786743;0.0015000253915786743;0.6111301183700562;0.0;0.22940891981124878;0.22940891981124878;0.6206907033920288;0.0
0.001500248908996582;0.001500248908996582;0.759905219078064;0.0;0.23015670478343964;0.23015670478343964;1.0439854860305786;0.0
0.001500248908996582;0.001500248908996582;0.948136031627655;0.0;0.2307756245136261;0.2307756245136261;0.4078454375267029;0.0
0.001500248908996582;0.001500248908996582;0.9393773674964905;0.0;0.23173725605010986;0.23173725605010986;0.5575791597366333;0.0
0.001594454050064087;0.001594454050064087;0.4176853895187378;0.0;0.23255057632923126;0.31548863649368286;0.23255057632923126;0.0
0.0015971064567565918;0.0015971064567565918;0.26417791843414307;0.0;0.23306743800640106;0.23306743800640106;0.41951432824134827;0.0
0.0015997886657714844;0.0015997886657714844;0.18366892635822296;0.0;0.23315945267677307;0.23315945267677307;0.3273363709449768;0.0
0.0015997886657714844;0.0015997886657714844;0.9425129294395447;0.0;0.23439200222492218;0.23439200222492218;0.5327419638633728;0.0
0.001600027084350586;0.001600027084350586;0.8378835916519165;0.0;0.23474670946598053;0.23474670946598053;0.5054439902305603;0.0
0.001600027084350586;0.001600027084350586;0.505109965801239;0.0;0.23633088171482086;0.23633088171482086;0.3759753108024597;0.0
0.001600027084350586;0.001600027084350586;0.2869783937931061;0.0;0.23713481426239014;0.23713481426239014;0.6192272901535034;0.0
0.0016002655029296875;0.0016002655029296875;0.3758155107498169;0.0;0.23906370997428894;0.23906370997428894;0.32516008615493774;0.0
0.0016002655029296875;0.0016002655029296875;0.26384425163269043;0.0;0.2419792264699936;0.2419792264699936;0.5369198322296143;0.0
0.0016002655029296875;0.0016002655029296875;0.8344096541404724;0.0;0.2424987256526947;0.34514951705932617;0.2424987256526947;0.0
0.0016002655029296875;0.0016002655029296875;0.8270639181137085;0.0;0.24251772463321686;0.24251772463321686;0.41847771406173706;0.0
0.0016002655029296875;0.0016002655029296875;0.49357348680496216;0.0;0.24510632455348969;0.24510632455348969;0.4405730962753296;0.0
0.0016002655029296875;0.0016002655029296875;0.8185603618621826;0.0;0.2455257922410965;0.2455257922410965;1.0593645572662354;0.0
0.0016892850399017334;0.0016892850399017334;0.8814662098884583;0.0;0.24932903051376343;0.24932903051376343;0.3894454836845398;0.0
0.0016904175281524658;0.0016904175281524658;0.9075139760971069;0.0;0.25047191977500916;0.25047191977500916;0.756030261516571;0.0
0.0016929805278778076;0.0016929805278778076;0.2925911545753479;0.0;0.2520286440849304;0.2520286440849304;1.2574764490127563;0.0
0.0016936659812927246;0.0016936659812927246;0.9698288440704346;0.0;0.25209543108940125;0.25209543108940125;0.45246434211730957;0.0
0.0016956329345703125;0.0016956329345703125;0.9418918490409851;0.0;0.25247490406036377;0.25247490406036377;0.32613348960876465;0.0
0.0016990602016448975;0.0016990602016448975;0.7974939942359924;0.0;0.25264254212379456;0.25264254212379456;0.42472827434539795;0.0
0.0016995072364807129;0.0016995072364807129;0.9908157587051392;0.0;0.25325021147727966;0.25325021147727966;0.7403305768966675;0.0
0.0016997754573822021;0.0016997754573822021;0.21784332394599915;0.0;0.25442206859588623;0.25442206859588623;0.42941680550575256;0.0
0.0016997754573822021;0.0016997754573822021;0.8567400574684143;0.0;0.25468283891677856;0.25468283891677856;0.36497971415519714;0.0
0.0016997754573822021;0.0016997754573822021;0.8136782050132751;0.0;0.2552643418312073;0.2552643418312073;0.4276454448699951;0.0
0.0017000287771224976;0.0017000287771224976;0.5308792591094971;0.0;0.25579705834388733;0.25579705834388733;0.8907598257064819;0.0
0.001700282096862793;0.001700282096862793;0.18274196982383728;0.0;0.25613704323768616;0.25613704323768616;0.7969546318054199;0.0
0.001700282096862793;0.001700282096862793;0.44980379939079285;0.0;0.2573971152305603;0.2573971152305603;0.3400959372520447;0.0
0.001700282096862793;0.001700282096862793;0.3650071620941162;0.0;0.25822651386260986;0.39159321784973145;0.25822651386260986;0.0
0.0017809271812438965;0.0017809271812438965;0.8440776467323303;0.0;0.2640193998813629;0.2640193998813629;0.7531890273094177;0.0
0.0017811059951782227;0.0017811059951782227;0.31902825832366943;0.0;0.26440972089767456;0.26440972089767456;0.8363255858421326;0.0
0.0017822682857513428;0.0017822682857513428;0.8161824345588684;0.0;0.26450249552726746;0.26450249552726746;0.7950488924980164;0.0
0.0017908215522766113;0.0017908215522766113;0.3612576723098755;0.0;0.2650209963321686;0.2650209963321686;0.49254563450813293;0.0
0.0017952322959899902;0.0017952322959899902;0.6851965188980103;0.0;0.2689213156700134;0.2689213156700134;0.9602966904640198;0.0
0.0017956048250198364;0.0017956048250198364;0.6530526876449585;0.0;0.2702009379863739;0.2702009379863739;0.692022442817688;0.0
0.0018000304698944092;0.0018000304698944092;0.636974573135376;0.0;0.27021127939224243;0.27021127939224243;0.5570407509803772;0.0
0.0018002986907958984;0.0018002986907958984;0.5632550120353699;0.0;0.27030420303344727;0.27030420303344727;0.5030480623245239;0.0
0.0018002986907958984;0.0018002986907958984;0.37539589405059814;0.0;0.2714273929595947;0.2714273929595947;0.9955370426177979;0.0
0.0018599927425384521;0.0018599927425384521;0.5233328938484192;0.0;0.27149876952171326;0.27149876952171326;1.1857224702835083;0.0
0.0018733739852905273;0.0018733739852905273;0.8613762855529785;0.0;0.27294740080833435;0.27294740080833435;0.6796085834503174;0.0
0.0018734335899353027;0.0018734335899353027;0.9370400905609131;0.0;0.2735852301120758;0.2735852301120758;0.4183863401412964;0.0
0.0018745586276054382;0.0018745586276054382;0.4384720027446747;0.0;0.27488136291503906;0.27488136291503906;0.5069096684455872;0.0
0.0018795430660247803;0.0018795430660247803;0.5219169855117798;0.0;0.2753041982650757;0.2753041982650757;1.230884313583374;0.0
0.001884371042251587;0.001884371042251587;0.6307936310768127;0.0;0.2754441201686859;0.2754441201686859;0.47957271337509155;0.0
0.0018927156925201416;0.0018927156925201416;0.9856259822845459;0.0;0.2757296562194824;0.2757296562194824;0.5992136597633362;0.0
0.0018935799598693848;0.0018935799598693848;0.843218982219696;0.0;0.27613502740859985;0.27613502740859985;0.9341633319854736;0.0
0.0018936991691589355;0.0018936991691589355;0.7783119082450867;0.0;0.276812344789505;0.276812344789505;0.7755690813064575;0.0
0.0018941164016723633;0.0018941164016723633;0.9795942306518555;0.0;0.2773388922214508;0.2773388922214508;0.6132120490074158;0.0
0.0018988251686096191;0.0018988251686096191;0.7263118028640747;0.0;0.27737459540367126;0.27737459540367126;0.6314172148704529;0.0
0.0018988847732543945;0.0018988847732543945;0.2729988694190979;0.0;0.27832427620887756;0.27832427620887756;0.6306377053260803;0.0
0.0019000321626663208;0.0019000321626663208;0.29670393466949463;0.0;0.2784695029258728;0.2784695029258728;0.48727139830589294;0.0
0.001970916986465454;0.001970916986465454;0.888574481010437;0.0;0.27870988845825195;0.27870988845825195;0.7552960515022278;0.0
0.0019723176956176758;0.0019723176956176758;0.33760586380958557;0.0;0.2815815508365631;0.2815815508365631;0.5256163477897644;0.0
0.0019731521606445312;0.0019731521606445312;0.5235663652420044;0.0;0.2816484272480011;0.2816484272480011;0.8310643434524536;0.0
0.001981094479560852;0.001981094479560852;0.5204148888587952;0.0;0.28373241424560547;0.28373241424560547;0.4788139760494232;0.0
0.0019815266132354736;0.0019815266132354736;0.3733443319797516;0.0;0.28454458713531494;0.28454458713531494;0.5309954881668091;0.0
0.0019886791706085205;0.0019886791706085205;0.5151612162590027;0.0;0.2851778268814087;0.2851778268814087;0.80925452709198;0.0
0.0019890666007995605;0.0019890666007995605;0.3513889014720917;0.0;0.28748372197151184;0.28748372197151184;0.9370725154876709;0.0
0.0019967257976531982;0.0019967257976531982;0.7470661997795105;0.0;0.28893107175827026;0.28893107175827026;0.40259766578674316;0.0
0.0019982457160949707;0.0019982457160949707;0.31785890460014343;0.0;0.2896951735019684;0.2896951735019684;0.4213676154613495;0.0
0.0020003318786621094;0.0020003318786621094;0.9810180068016052;0.0;0.29058730602264404;0.29058730602264404;0.7577804327011108;0.0
0.002057228237390518;0.002057228237390518;0.8912598490715027;0.0;0.29064372181892395;0.29064372181892395;0.5316683053970337;0.0
0.002064645290374756;0.002064645290374756;0.2881923317909241;0.0;0.2906781733036041;0.2906781733036041;0.4593328833580017;0.0
0.002069801092147827;0.002069801092147827;0.7225171327590942;0.0;0.29200515151023865;0.29200515151023865;0.4465251863002777;0.0
0.002073824405670166;0.002073824405670166;0.41589823365211487;0.0;0.2937915325164795;0.2937915325164795;0.5154879093170166;0.0
0.0020826756954193115;0.0020826756954193115;0.5303005576133728;0.0;0.2938801646232605;0.2938801646232605;0.6286965012550354;0.0
0.0020864680409431458;0.0020864680409431458;0.8428650498390198;0.0;0.2952759861946106;0.2952759861946106;0.5147334933280945;0.0
0.0020910799503326416;0.0020910799503326416;0.7236762046813965;0.0;0.2956354320049286;0.2956354320049286;0.6815154552459717;0.0
0.002148538827896118;0.002148538827896118;0.998729407787323;0.0;0.29767999053001404;0.29767999053001404;0.8772905468940735;0.0
0.0021594762802124023;0.0021594762802124023;0.9970028400421143;0.0;0.29836633801460266;0.29836633801460266;0.9495364427566528;0.0
0.002164110541343689;0.002164110541343689;0.9542105197906494;0.0;0.29838278889656067;0.3991631269454956;0.29838278889656067;0.0
0.002166152000427246;0.002166152000427246;0.8572086095809937;0.0;0.2992036044597626;0.2992036044597626;0.8408680558204651;0.0
0.0021700263023376465;0.0021700263023376465;0.5454905033111572;0.0;0.30164191126823425;0.30164191126823425;0.7147429585456848;0.0
0.002171933650970459;0.002171933650970459;0.5585784912109375;0.0;0.30185848474502563;0.30185848474502563;0.5655463933944702;0.0
0.0021783560514450073;0.0021783560514450073;0.49396800994873047;0.0;0.30186620354652405;0.30186620354652405;0.8463414311408997;0.0
0.002179265022277832;0.002179265022277832;0.7753519415855408;0.0;0.3046184480190277;0.3046184480190277;0.6806586384773254;0.0
0.0021812617778778076;0.0021812617778778076;0.41489410400390625;0.0;0.30554819107055664;0.30554819107055664;0.46587470173835754;0.0
0.00218161940574646;0.00218161940574646;0.4867928922176361;0.0;0.3070966899394989;0.3070966899394989;0.504050076007843;0.0
0.002185642719268799;0.002185642719268799;0.556860089302063;0.0;0.31055763363838196;0.31055763363838196;0.340446799993515;0.0
0.0021880269050598145;0.0021880269050598145;0.7687110304832458;0.0;0.3119841516017914;0.3119841516017914;0.7013399600982666;0.0
0.0021897554397583008;0.0021897554397583008;0.9830095767974854;0.0;0.3132787048816681;0.3339911103248596;0.3132787048816681;0.0
0.002190887928009033;0.002190887928009033;0.7952665090560913;0.0;0.31331008672714233;0.31331008672714233;0.9797453284263611;0.0
0.002227082848548889;0.002227082848548889;0.7372137308120728;0.0;0.313317209482193;0.313317209482193;0.6400272846221924;0.0
0.0022302567958831787;0.0022302567958831787;0.7711438536643982;0.0;0.3162195682525635;0.3162195682525635;0.8570923209190369;0.0
0.0022468864917755127;0.0022468864917755127;0.6739307641983032;0.0;0.32275891304016113;0.32275891304016113;0.41040757298469543;0.0
0.0022488273680210114;0.0022488273680210114;0.2231541872024536;0.0;0.32374107837677;0.32374107837677;0.6283562183380127;0.0
0.0022554993629455566;0.0022554993629455566;0.13228899240493774;0.0;0.32375413179397583;0.32375413179397583;0.8054311275482178;0.0
0.002258002758026123;0.002258002758026123;0.7885299324989319;0.0;0.32493898272514343;0.32493898272514343;1.0333112478256226;0.0
0.0022599995136260986;0.0022599995136260986;0.8633838891983032;0.0;0.3259373605251312;0.3664119839668274;0.3259373605251312;0.0
0.0022602826356887817;0.0022602826356887817;0.7140809297561646;0.0;0.3264063894748688;0.3264063894748688;0.9272146821022034;0.0
0.0022603273391723633;0.0022603273391723633;0.7191468477249146;0.0;0.3264223635196686;0.3264223635196686;0.8095070719718933;0.0
0.00226496160030365;0.00226496160030365;0.9078631401062012;0.0;0.32686442136764526;0.32686442136764526;1.1912986040115356;0.0
0.002267807722091675;0.002267807722091675;0.38968411087989807;0.0;0.3269045054912567;0.3269045054912567;0.6115264296531677;0.0
0.0022683143615722656;0.0022683143615722656;0.7118609547615051;0.0;0.32718604803085327;0.41292521357536316;0.32718604803085327;0.0
0.0022757500410079956;0.0022757500410079956;0.9410948157310486;0.0;0.32798853516578674;0.32798853516578674;0.4901391267776489;0.0
0.002278238534927368;0.002278238534927368;0.7610427141189575;0.0;0.32850906252861023;0.32850906252861023;0.4449724555015564;0.0
0.002281099557876587;0.002281099557876587;0.20558273792266846;0.0;0.32995280623435974;0.32995280623435974;0.3356711268424988;0.0
0.0022922158241271973;0.0022922158241271973;0.7092337012290955;0.0;0.3323001265525818;0.3323001265525818;0.620521068572998;0.0
0.00229761004447937;0.00229761004447937;0.5372249484062195;0.0;0.332912415266037;0.337269127368927;0.332912415266037;0.0
0.00232541561126709;0.00232541561126709;0.9575797319412231;0.0;0.3334297239780426;0.3334297239780426;0.8497321009635925;0.0
0.002329528331756592;0.002329528331756592;0.29844334721565247;0.0;0.33359941840171814;0.33359941840171814;0.9170249104499817;0.0
0.002330482006072998;0.002330482006072998;0.9230602383613586;0.0;0.3346305191516876;0.3346305191516876;0.5495365858078003;0.0
0.0023305416107177734;0.0023305416107177734;0.6895614862442017;0.0;0.33731526136398315;0.33731526136398315;0.4150919020175934;0.0
0.0023366520181298256;0.0023366520181298256;0.9910345077514648;0.0;0.3380813002586365;0.3380813002586365;0.9564574956893921;0.0
0.0023395121097564697;0.0023395121097564697;0.9221206307411194;0.0;0.33882397413253784;0.33882397413253784;0.45405301451683044;0.0
0.0023459196090698242;0.0023459196090698242;0.8008528351783752;0.0;0.33923977613449097;0.33923977613449097;0.7200023531913757;0.0
0.0023464858531951904;0.0023464858531951904;0.9773492813110352;0.0;0.3421074450016022;0.3421074450016022;0.846533477306366;0.0
0.00234946608543396;0.00234946608543396;0.652699887752533;0.0;0.34235888719558716;0.34235888719558716;0.46191614866256714;0.0
0.0023531317710876465;0.0023531317710876465;0.42075008153915405;0.0;0.343683660030365;0.343683660030365;0.8119214773178101;0.0
0.0023534297943115234;0.0023534297943115234;0.9805073738098145;0.0;0.34376436471939087;0.34376436471939087;0.7950083017349243;0.0
0.0023838281631469727;0.0023838281631469727;0.8877938389778137;0.0;0.3468541204929352;0.4440583288669586;0.3468541204929352;0.0
0.0023839324712753296;0.0023839324712753296;0.5948542356491089;0.0;0.347809761762619;0.3830539882183075;0.347809761762619;0.0
0.0023972392082214355;0.0023972392082214355;0.9859035015106201;0.0;0.3501274883747101;0.3501274883747101;0.7599978446960449;0.0
0.0024028420448303223;0.0024028420448303223;0.5923325419425964;0.0;0.3503623306751251;0.3503623306751251;0.6885055899620056;0.0
0.002414155751466751;0.002414155751466751;0.7911384105682373;0.0;0.35146310925483704;0.51011723279953;0.35146310925483704;0.0
0.002415403723716736;0.002415403723716736;0.7146296501159668;0.0;0.35244321823120117;0.35244321823120117;0.6698756814002991;0.0
0.00242769718170166;0.00242769718170166;0.9211570620536804;0.0;0.3532886803150177;0.3532886803150177;0.6516203284263611;0.0
0.002433478832244873;0.002433478832244873;0.6777416467666626;0.0;0.354632169008255;0.354632169008255;0.8431720733642578;0.0
0.0024347566068172455;0.0024347566068172455;0.9440698027610779;0.0;0.3546961545944214;0.4371204674243927;0.3546961545944214;0.0
0.002436697483062744;0.002436697483062744;0.9212968349456787;0.0;0.3581124246120453;0.3581124246120453;0.5821897983551025;0.0
0.0024438053369522095;0.0024438053369522095;0.25408685207366943;0.0;0.360299676656723;0.360299676656723;0.7481971979141235;0.0
0.0024454593658447266;0.0024454593658447266;0.1532801389694214;0.0;0.36069610714912415;0.4789418578147888;0.36069610714912415;0.0
0.0024598389863967896;0.0024598389863967896;0.951323926448822;0.0;0.36089012026786804;0.36089012026786804;0.9015557169914246;0.0
0.0024619698524475098;0.0024619698524475098;0.7254476547241211;0.0;0.3611353039741516;0.3611353039741516;0.5014613270759583;0.0
0.002496957778930664;0.002496957778930664;0.9091235995292664;0.0;0.3614812195301056;0.3614812195301056;0.8543892502784729;0.0
0.002497553825378418;0.002497553825378418;0.5015842318534851;0.0;0.3620204031467438;0.3620204031467438;0.6798092126846313;0.0
0.00251084566116333;0.00251084566116333;0.4899730086326599;0.0;0.3661189377307892;0.3661189377307892;0.3739366829395294;0.0
0.002511747181415558;0.002511747181415558;0.3032500743865967;0.0;0.36614593863487244;0.36614593863487244;1.4657379388809204;0.0
0.002527490258216858;0.002527490258216858;0.6217695474624634;0.0;0.36710140109062195;0.36710140109062195;0.4025636911392212;0.0
0.002528071403503418;0.002528071403503418;0.6926993131637573;0.0;0.36827075481414795;0.36827075481414795;0.6305934190750122;0.0
0.002531886100769043;0.002531886100769043;0.869615912437439;0.0;0.36905649304389954;0.36905649304389954;0.7280884385108948;0.0
0.0025352388620376587;0.0025352388620376587;0.5766977667808533;0.0;0.37060901522636414;0.37060901522636414;0.9503752589225769;0.0
0.0025472939014434814;0.0025472939014434814;0.5327832698822021;0.0;0.3721158504486084;0.3721158504486084;0.920706033706665;0.0
0.002550169825553894;0.002550169825553894;0.5359364748001099;0.0;0.37461480498313904;0.37461480498313904;1.054334282875061;0.0
0.00255034863948822;0.00255034863948822;0.8131587505340576;0.0;0.37521347403526306;0.46663108468055725;0.37521347403526306;0.0
0.0025662630796432495;0.0025662630796432495;0.7261147499084473;0.0;0.375353068113327;0.5579296946525574;0.375353068113327;0.0
0.0025712251663208008;0.0025712251663208008;0.9070177674293518;0.0;0.3785770833492279;0.3785770833492279;0.5186475515365601;0.0
0.002579033374786377;0.002579033374786377;0.6784058809280396;0.0;0.3801053464412689;0.3801053464412689;0.8795353770256042;0.0
0.00257989764213562;0.00257989764213562;0.2421785593032837;0.0;0.385506808757782;0.385506808757782;0.6748165488243103;0.0
0.002584978938102722;0.002584978938102722;0.9049728512763977;0.0;0.3870971202850342;0.3870971202850342;0.5118609666824341;0.0
0.0026046931743621826;0.0026046931743621826;0.8929010629653931;0.0;0.3944181203842163;0.3944181203842163;0.7937449812889099;0.0
0.0026199519634246826;0.0026199519634246826;0.9989846348762512;0.0;0.39455175399780273;0.39455175399780273;0.8102596998214722;0.0
0.002627074718475342;0.002627074718475342;0.9186518788337708;0.0;0.3978627026081085;0.3978627026081085;0.4341215491294861;0.0
0.0026310086250305176;0.0026310086250305176;0.5400536060333252;0.0;0.39879196882247925;0.39879196882247925;0.9239296317100525;0.0
0.0026401877403259277;0.0026401877403259277;0.9991180300712585;0.0;0.39894717931747437;0.39894717931747437;1.2175744771957397;0.0
0.0026431679725646973;0.0026431679725646973;0.9537876844406128;0.0;0.3992708921432495;0.3992708921432495;1.7621270418167114;0.0
0.0026512742042541504;0.0026512742042541504;0.9940775632858276;0.0;0.3992885649204254;0.3992885649204254;0.9804438352584839;0.0
0.0026641488075256348;0.0026641488075256348;0.8972681760787964;0.0;0.40068385004997253;0.40068385004997253;0.983098030090332;0.0
0.00268632173538208;0.00268632173538208;0.6364640593528748;0.0;0.4009314179420471;0.4009314179420471;0.4943830072879791;0.0
0.002687782049179077;0.002687782049179077;0.8372402787208557;0.0;0.40400445461273193;0.40400445461273193;0.5133039951324463;0.0
0.0026946067810058594;0.0026946067810058594;0.5992084741592407;0.0;0.40408486127853394;0.40408486127853394;0.6470440030097961;0.0
0.0026991143822669983;0.0026991143822669983;0.8338518142700195;0.0;0.4051048159599304;0.4051048159599304;0.7357369065284729;0.0
0.0027075111865997314;0.0027075111865997314;0.9556456804275513;0.0;0.40534016489982605;0.40534016489982605;0.5104624032974243;0.0
0.002708524465560913;0.002708524465560913;0.6107422709465027;0.0;0.4054146707057953;0.5162581205368042;0.4054146707057953;0.0
0.002712547779083252;0.002712547779083252;0.8556839823722839;0.0;0.4059479832649231;0.4059479832649231;1.0650138854980469;0.0
0.002714812755584717;0.002714812755584717;0.99735426902771;0.0;0.40780413150787354;0.9168111681938171;0.40780413150787354;0.0
0.0027168095111846924;0.0027168095111846924;0.7020947933197021;0.0;0.4153578281402588;0.4153578281402588;1.3684056997299194;0.0
0.0027268528938293457;0.0027268528938293457;0.7355808019638062;0.0;0.41621845960617065;0.41621845960617065;0.4714182913303375;0.0
0.002745330333709717;0.002745330333709717;0.7189455032348633;0.0;0.41667690873146057;0.41667690873146057;0.8303330540657043;0.0
0.0027631819248199463;0.0027631819248199463;0.34280747175216675;0.0;0.4169206917285919;0.4169206917285919;0.7515578269958496;0.0
0.0027655363082885742;0.0027655363082885742;0.6835355758666992;0.0;0.41898924112319946;0.41898924112319946;1.2191928625106812;0.0
0.002767324447631836;0.002767324447631836;0.48861318826675415;0.0;0.4198544919490814;0.4198544919490814;0.863706111907959;0.0
0.002768903970718384;0.002768903970718384;0.45358574390411377;0.0;0.4222710430622101;0.4222710430622101;0.7467830181121826;0.0
0.002781808376312256;0.002781808376312256;0.9928171634674072;0.0;0.42289644479751587;0.42289644479751587;0.6870135068893433;0.0
0.0027888715267181396;0.0027888715267181396;0.5685264468193054;0.0;0.42314469814300537;0.42314469814300537;0.9195774793624878;0.0
0.0027898550033569336;0.0027898550033569336;0.9924547672271729;0.0;0.4236319363117218;0.4236319363117218;0.6910659074783325;0.0
0.002801656723022461;0.002801656723022461;0.5194104909896851;0.0;0.4259278178215027;0.4259278178215027;0.7740747928619385;0.0
0.0028420686721801758;0.0028420686721801758;0.5110640525817871;0.0;0.42625176906585693;0.42625176906585693;0.8045324683189392;0.0
0.00284770131111145;0.00284770131111145;0.7553950548171997;0.0;0.4266066253185272;0.4266066253185272;0.8087392449378967;0.0
0.002853691577911377;0.002853691577911377;0.8917620778083801;0.0;0.4273412823677063;0.5179563760757446;0.4273412823677063;0.0
0.0028621405363082886;0.0028621405363082886;0.6432105302810669;0.0;0.42958229780197144;0.5676069259643555;0.42958229780197144;0.0
0.00287473201751709;0.00287473201751709;0.9278448820114136;0.0;0.43001869320869446;0.814735472202301;0.43001869320869446;0.0
0.002882659435272217;0.002882659435272217;0.9611356258392334;0.0;0.43006154894828796;0.43006154894828796;1.3577191829681396;0.0
0.0029129087924957275;0.0029129087924957275;0.9792507886886597;0.0;0.4320721924304962;0.4320721924304962;0.7518030405044556;0.0
0.0029328111559152603;0.0029328111559152603;0.9873016476631165;0.0;0.43362510204315186;0.9412784576416016;0.43362510204315186;0.0
0.0029522106051445007;0.0029522106051445007;0.6129992604255676;0.0;0.43436992168426514;0.43436992168426514;0.8880365490913391;0.0
0.002953827381134033;0.002953827381134033;0.4761982560157776;0.0;0.43630173802375793;0.5946099162101746;0.43630173802375793;0.0
0.00296175479888916;0.00296175479888916;0.5322550535202026;0.0;0.4386804401874542;0.4543159306049347;0.4386804401874542;0.0
0.002964496612548828;0.002964496612548828;0.8640680909156799;0.0;0.4388478100299835;0.4388478100299835;1.1911273002624512;0.0
0.0029790401458740234;0.0029790401458740234;0.15867674350738525;0.0;0.4402933418750763;0.4402933418750763;1.2489718198776245;0.0
0.002982191741466522;0.002982191741466522;0.8235480785369873;0.0;0.44050076603889465;0.44050076603889465;0.6787126660346985;0.0
0.002987086772918701;0.002987086772918701;0.7862029671669006;0.0;0.44061166048049927;0.44061166048049927;0.586845338344574;0.0
0.002988755702972412;0.002988755702972412;0.9678012132644653;0.0;0.44073379039764404;0.44073379039764404;1.032063364982605;0.0
0.002990543842315674;0.002990543842315674;0.8417729735374451;0.0;0.44099754095077515;0.44099754095077515;1.0291234254837036;0.0
0.0029956698417663574;0.0029956698417663574;0.7080103158950806;0.0;0.44241568446159363;0.4929905831813812;0.44241568446159363;0.0
0.0030177533626556396;0.0030177533626556396;0.9784620404243469;0.0;0.44326868653297424;0.44326868653297424;0.6196978688240051;0.0
0.003031611442565918;0.003031611442565918;0.6293917894363403;0.0;0.44567781686782837;0.9331927299499512;0.44567781686782837;0.0
0.0030450671911239624;0.0030450671911239624;0.25784438848495483;0.0;0.4468114674091339;0.4468114674091339;0.9227480292320251;0.0
0.003054022789001465;0.003054022789001465;0.9373306035995483;0.0;0.4484475255012512;0.4484475255012512;1.0666030645370483;0.0
0.003060668706893921;0.003060668706893921;0.5017812252044678;0.0;0.45121994614601135;0.5973286628723145;0.45121994614601135;0.0
0.003082871437072754;0.003082871437072754;0.49514105916023254;0.0;0.45276111364364624;0.45276111364364624;0.8803358674049377;0.0
0.003086760640144348;0.003086760640144348;0.619232714176178;0.0;0.4540807902812958;0.8475762605667114;0.4540807902812958;0.0
0.003115907311439514;0.003115907311439514;0.9866394400596619;0.0;0.4543827176094055;0.4543827176094055;1.2220489978790283;0.0
0.0031437501311302185;0.0031437501311302185;0.45608946681022644;0.0;0.4544486105442047;0.5891724824905396;0.4544486105442047;0.0
0.0031599998474121094;0.0031599998474121094;0.5432167053222656;0.0;0.45519623160362244;0.45519623160362244;0.9622965455055237;0.0
0.0031657665967941284;0.0031657665967941284;0.9732761979103088;0.0;0.4562532305717468;0.4562532305717468;0.7837271690368652;0.0
0.003168027848005295;0.003168027848005295;0.8157142400741577;0.0;0.457558274269104;0.457558274269104;0.8448065519332886;0.0
0.0031687021255493164;0.0031687021255493164;0.6892731189727783;0.0;0.45805978775024414;0.45805978775024414;1.2633885145187378;0.0
0.003213346004486084;0.003213346004486084;0.7297715544700623;0.0;0.45815879106521606;0.45815879106521606;0.7050430178642273;0.0
0.003216683864593506;0.003216683864593506;0.7652056813240051;0.0;0.4602753818035126;0.5187540650367737;0.4602753818035126;0.0
0.0032202601432800293;0.0032202601432800293;0.6137833595275879;0.0;0.4625439941883087;0.4625439941883087;1.2411953210830688;0.0
0.0032269954681396484;0.0032269954681396484;0.983980119228363;0.0;0.4632796347141266;0.4632796347141266;0.764988899230957;0.0
0.00322878360748291;0.00322878360748291;0.9986041188240051;0.0;0.4648281931877136;0.4648281931877136;0.9632243514060974;0.0
0.0032318830490112305;0.0032318830490112305;0.7512543201446533;0.0;0.46651121973991394;0.6442897319793701;0.46651121973991394;0.0
0.0032327622175216675;0.0032327622175216675;0.7063567042350769;0.0;0.46784427762031555;0.46784427762031555;2.350431442260742;0.0
0.0032463669776916504;0.0032463669776916504;0.47077906131744385;0.0;0.4679487645626068;0.737359881401062;0.4679487645626068;0.0
0.0032581090927124023;0.0032581090927124023;0.7671891450881958;0.0;0.46814173460006714;0.46814173460006714;0.813475489616394;0.0
0.003281831741333008;0.003281831741333008;0.6186671257019043;0.0;0.46849554777145386;0.5542951822280884;0.46849554777145386;0.0
0.0032854974269866943;0.0032854974269866943;0.9895843863487244;0.0;0.4695016145706177;0.4695016145706177;1.0910414457321167;0.0
0.0033011361956596375;0.0033011361956596375;0.9291286468505859;0.0;0.47190797328948975;0.47190797328948975;0.9077104330062866;0.0
0.0033232569694519043;0.0033232569694519043;0.48952826857566833;0.0;0.4723428785800934;0.4723428785800934;0.8147733211517334;0.0
0.0033400356769561768;0.0033400356769561768;0.8110864758491516;0.0;0.4742741584777832;0.4742741584777832;1.042033314704895;0.0
0.003340780735015869;0.003340780735015869;0.3848251700401306;0.0;0.47453606128692627;0.47453606128692627;0.952280580997467;0.0
0.0033729076385498047;0.0033729076385498047;0.9342378973960876;0.0;0.4779983162879944;0.5220921635627747;0.4779983162879944;0.0
0.003373384475708008;0.003373384475708008;0.9200465679168701;0.0;0.47992897033691406;0.47992897033691406;1.2626757621765137;0.0
0.003386080265045166;0.003386080265045166;0.7089508771896362;0.0;0.4800046384334564;0.49917346239089966;0.4800046384334564;0.0
0.0033888816833496094;0.0033888816833496094;0.7030187249183655;0.0;0.48221638798713684;0.48221638798713684;0.8433394432067871;0.0
0.003391556441783905;0.003391556441783905;0.7365713715553284;0.0;0.48321205377578735;0.48321205377578735;1.066940188407898;0.0
0.00339585542678833;0.00339585542678833;0.8935999870300293;0.0;0.48365354537963867;0.48365354537963867;0.9809920191764832;0.0
0.0033965259790420532;0.0033965259790420532;0.9525980353355408;0.0;0.48458969593048096;0.48458969593048096;0.9400821924209595;0.0
0.003403104841709137;0.003403104841709137;0.4635894298553467;0.0;0.4849379062652588;0.4849379062652588;1.004625916481018;0.0
0.0034189820289611816;0.0034189820289611816;0.4488145112991333;0.0;0.4870333671569824;0.6230852007865906;0.4870333671569824;0.0
0.0034262239933013916;0.0034262239933013916;0.9820073843002319;0.0;0.48944368958473206;0.48944368958473206;0.7419093251228333;0.0
0.0034326501190662384;0.0034326501190662384;0.9794338941574097;0.0;0.4898650646209717;0.8195682764053345;0.4898650646209717;0.0
0.0034478530287742615;0.0034478530287742615;0.7324957251548767;0.0;0.49054059386253357;0.49054059386253357;0.5447145700454712;0.0
0.0034495964646339417;0.0034495964646339417;0.5951393246650696;0.0;0.49113208055496216;0.49113208055496216;0.6409490704536438;0.0
0.003467325121164322;0.003467325121164322;0.7795038819313049;0.0;0.49248823523521423;0.49248823523521423;0.939732551574707;0.0
0.003511488437652588;0.003511488437652588;0.4896062910556793;0.0;0.4947693943977356;0.4947693943977356;0.9652148485183716;0.0
0.003511667251586914;0.003511667251586914;0.5539981722831726;0.0;0.4998689889907837;0.4998689889907837;0.834540069103241;0.0
0.0035243630409240723;0.0035243630409240723;0.6247469186782837;0.0;0.5008702278137207;0.5008702278137207;0.8790637850761414;0.0
0.0035248994827270508;0.0035248994827270508;0.47547534108161926;0.0;0.504101574420929;0.6569880843162537;0.504101574420929;0.0
0.00353236123919487;0.00353236123919487;0.8691064119338989;0.0;0.5043922662734985;0.5043922662734985;0.8818585872650146;0.0
0.0035393834114074707;0.0035393834114074707;0.874445378780365;0.0;0.506648063659668;0.506648063659668;0.5325776934623718;0.0
0.0035404562950134277;0.0035404562950134277;0.8797007203102112;0.0;0.5072377324104309;0.5072377324104309;0.7633493542671204;0.0
0.0035414397716522217;0.0035414397716522217;0.7580840587615967;0.0;0.5087218284606934;0.5991575121879578;0.5087218284606934;0.0
0.003547191619873047;0.003547191619873047;0.9491309523582458;0.0;0.5101829767227173;1.1059950590133667;0.5101829767227173;0.0
0.003554701805114746;0.003554701805114746;0.7610739469528198;0.0;0.5144984722137451;0.6997008919715881;0.5144984722137451;0.0
0.0035549402236938477;0.0035549402236938477;0.6487033367156982;0.0;0.5147873163223267;0.5147873163223267;0.7632931470870972;0.0
0.0035713911056518555;0.0035713911056518555;0.5511695742607117;0.0;0.5164058804512024;0.7752882838249207;0.5164058804512024;0.0
0.0035809874534606934;0.0035809874534606934;0.8087581396102905;0.0;0.5166045427322388;0.5166045427322388;0.6663308143615723;0.0
0.00360734760761261;0.00360734760761261;0.9734765291213989;0.0;0.5170772075653076;0.5170772075653076;0.9731968641281128;0.0
0.003629446029663086;0.003629446029663086;0.867124080657959;0.0;0.5171740651130676;0.5171740651130676;1.0631800889968872;0.0
0.003639712929725647;0.003639712929725647;0.7612651586532593;0.0;0.5174964666366577;1.356475830078125;0.5174964666366577;0.0
0.0036583542823791504;0.0036583542823791504;0.41854411363601685;0.0;0.518633246421814;0.518633246421814;0.9201889038085938;0.0
0.0036665499210357666;0.0036665499210357666;0.6550107002258301;0.0;0.5191929936408997;0.5191929936408997;0.9713277816772461;0.0
0.003674715757369995;0.003674715757369995;0.8870647549629211;0.0;0.5206286311149597;0.5206286311149597;1.013394832611084;0.0
0.003682553768157959;0.003682553768157959;0.9366466999053955;0.0;0.5228822231292725;0.5228822231292725;1.0717148780822754;0.0
0.0036908090114593506;0.0036908090114593506;0.9465987682342529;0.0;0.5240991115570068;0.5240991115570068;0.5709863305091858;0.0
0.0036911368370056152;0.0036911368370056152;0.8580650091171265;0.0;0.5248696208000183;0.5248696208000183;0.8320764303207397;0.0
0.003758475184440613;0.003758475184440613;0.998225212097168;0.0;0.5255709886550903;0.6431100964546204;0.5255709886550903;0.0
0.00377751886844635;0.00377751886844635;0.5656939744949341;0.0;0.5256950259208679;0.9862523674964905;0.5256950259208679;0.0
0.003788769245147705;0.003788769245147705;0.9946458339691162;0.0;0.528055727481842;0.528055727481842;0.6719714403152466;0.0
0.003790736198425293;0.003790736198425293;0.5822649002075195;0.0;0.5323208570480347;0.7122398614883423;0.5323208570480347;0.0
0.0038034915924072266;0.0038034915924072266;0.8520791530609131;0.0;0.5328731536865234;0.5328731536865234;0.576278030872345;0.0
0.0038200020790100098;0.0038200020790100098;0.8175556063652039;0.0;0.5345134735107422;0.5345134735107422;1.242695689201355;0.0
0.003832191228866577;0.003832191228866577;0.7498373985290527;0.0;0.534876823425293;0.534876823425293;0.5419041514396667;0.0
0.003839552402496338;0.003839552402496338;0.9953442215919495;0.0;0.5362681150436401;0.5362681150436401;0.8384289145469666;0.0
0.0038489699363708496;0.0038489699363708496;0.9943137764930725;0.0;0.5414137244224548;0.5414137244224548;0.9811158776283264;0.0
0.003918111324310303;0.003918111324310303;0.9356974363327026;0.0;0.5421028733253479;0.8924041986465454;0.5421028733253479;0.0
0.003926694393157959;0.003926694393157959;0.5552955865859985;0.0;0.5427833795547485;0.5427833795547485;0.867927074432373;0.0
0.003977861255407333;0.003977861255407333;0.9974122047424316;0.0;0.5429707169532776;0.5998790264129639;0.5429707169532776;0.0
0.0039927661418914795;0.0039927661418914795;0.6112800240516663;0.0;0.544244647026062;0.544244647026062;0.7757247686386108;0.0
0.003995299339294434;0.003995299339294434;0.12309709191322327;0.0;0.5445080995559692;0.6219487190246582;0.5445080995559692;0.0
0.0039979517459869385;0.0039979517459869385;0.5751547813415527;0.0;0.546451985836029;0.7491840720176697;0.546451985836029;0.0
0.004008054733276367;0.004008054733276367;0.628923773765564;0.0;0.5478472113609314;0.6412258148193359;0.5478472113609314;0.0
0.004013776779174805;0.004013776779174805;0.6644307374954224;0.0;0.5514672994613647;0.5514672994613647;0.8718974590301514;0.0
0.004014730453491211;0.004014730453491211;0.7139501571655273;0.0;0.5548050999641418;0.5548050999641418;0.8155543804168701;0.0
0.0040291547775268555;0.0040291547775268555;0.8046855926513672;0.0;0.5557049512863159;0.8088035583496094;0.5557049512863159;0.0
0.004061222076416016;0.004061222076416016;0.93448805809021;0.0;0.5558574795722961;0.5558574795722961;1.186367154121399;0.0
0.004076659679412842;0.004076659679412842;0.9418200254440308;0.0;0.5564677715301514;0.5564677715301514;0.6118056774139404;0.0
0.004131495952606201;0.004131495952606201;0.7418586611747742;0.0;0.5579949617385864;0.7556003928184509;0.5579949617385864;0.0
0.0041408538818359375;0.0041408538818359375;0.645309567451477;0.0;0.5617741346359253;0.6362138390541077;0.5617741346359253;0.0
0.004146873950958252;0.004146873950958252;0.6588279008865356;0.0;0.5632530450820923;0.5632530450820923;0.8397277593612671;0.0
0.004154771566390991;0.004154771566390991;0.6499221324920654;0.0;0.5648844838142395;1.1164003610610962;0.5648844838142395;0.0
0.0041557252407073975;0.0041557252407073975;0.5278881192207336;0.0;0.5708168148994446;0.5708168148994446;1.4317890405654907;0.0
0.004156708717346191;0.004156708717346191;0.8620905876159668;0.0;0.571870744228363;0.571870744228363;1.4901554584503174;0.0
0.004187166690826416;0.004187166690826416;0.6197043657302856;0.0;0.5723868012428284;0.5723868012428284;1.3000915050506592;0.0
0.00419008731842041;0.00419008731842041;0.5552586317062378;0.0;0.5729668736457825;0.7261618971824646;0.5729668736457825;0.0
0.004203677177429199;0.004203677177429199;0.9623878598213196;0.0;0.5729692578315735;0.5729692578315735;0.5734767913818359;0.0
0.004260063171386719;0.004260063171386719;0.574847936630249;0.0;0.5745838284492493;0.5745838284492493;0.8959705829620361;0.0
0.004263255745172501;0.004263255745172501;0.7737144827842712;0.0;0.5759205222129822;0.5759205222129822;0.920442521572113;0.0
0.0042837560176849365;0.0042837560176849365;0.809487521648407;0.0;0.5760994553565979;0.5760994553565979;0.6980685591697693;0.0
0.004284918308258057;0.004284918308258057;0.5803607702255249;0.0;0.5768496990203857;1.1310088634490967;0.5768496990203857;0.0
0.004288375377655029;0.004288375377655029;0.9828764796257019;0.0;0.5800386071205139;1.3824599981307983;0.5800386071205139;0.0
0.004321366548538208;0.004321366548538208;0.5001460909843445;0.0;0.5807376503944397;0.5830667018890381;0.5807376503944397;0.0
0.00433504581451416;0.00433504581451416;0.8623201251029968;0.0;0.581978976726532;0.581978976726532;1.2205488681793213;0.0
0.004361152648925781;0.004361152648925781;0.5599672794342041;0.0;0.5856950879096985;0.5856950879096985;1.0209143161773682;0.0
0.00437009334564209;0.00437009334564209;0.892884373664856;0.0;0.5865370631217957;0.8364784121513367;0.5865370631217957;0.0
0.0043735504150390625;0.0043735504150390625;0.7067006230354309;0.0;0.5869719982147217;0.5869719982147217;0.8623864054679871;0.0
0.004375159740447998;0.004375159740447998;0.9697695970535278;0.0;0.5874989628791809;0.6832459568977356;0.5874989628791809;0.0
0.004376888275146484;0.004376888275146484;0.9779433608055115;0.0;0.5876390933990479;0.5876390933990479;0.6318637728691101;0.0
0.0043784379959106445;0.0043784379959106445;0.9954082369804382;0.0;0.587811291217804;0.9265058040618896;0.587811291217804;0.0
0.004386041313409805;0.004386041313409805;0.9593344330787659;0.0;0.5878670811653137;0.5878670811653137;0.9320366978645325;0.0
0.004386544227600098;0.004386544227600098;0.774116575717926;0.0;0.589338481426239;0.589338481426239;1.0687367916107178;0.0
0.004410266876220703;0.004410266876220703;0.7885996103286743;0.0;0.5909864902496338;0.5909864902496338;0.6955456137657166;0.0
0.004414498805999756;0.004414498805999756;0.9525774121284485;0.0;0.592059314250946;0.592059314250946;0.9608491659164429;0.0
0.004428267478942871;0.004428267478942871;0.8654040694236755;0.0;0.5925185680389404;0.5925185680389404;1.5365124940872192;0.0
0.004431471228599548;0.004431471228599548;0.8902648091316223;0.0;0.5929749608039856;0.5929749608039856;1.517949104309082;0.0
0.004441797733306885;0.004441797733306885;0.7744022607803345;0.0;0.5960662364959717;0.5960662364959717;0.8492394685745239;0.0
0.0044539570808410645;0.0044539570808410645;0.4473317265510559;0.0;0.5981886386871338;0.5981886386871338;0.611353874206543;0.0
0.004482448101043701;0.004482448101043701;0.8451021313667297;0.0;0.598717212677002;1.068763017654419;0.598717212677002;0.0
0.0044915080070495605;0.0044915080070495605;0.5280923247337341;0.0;0.5994956493377686;1.1335448026657104;0.5994956493377686;0.0
0.004504084587097168;0.004504084587097168;0.9983460903167725;0.0;0.5996739864349365;0.7995298504829407;0.5996739864349365;0.0
0.004511654376983643;0.004511654376983643;0.9429717063903809;0.0;0.6028443574905396;1.0716910362243652;0.6028443574905396;0.0
0.004514455795288086;0.004514455795288086;0.96196448802948;0.0;0.6039999127388;0.6039999127388;0.634695827960968;0.0
0.004539132118225098;0.004539132118225098;0.6884861588478088;0.0;0.604984700679779;0.604984700679779;0.8036191463470459;0.0
0.004553675651550293;0.004553675651550293;0.9204711318016052;0.0;0.6101930737495422;0.6101930737495422;0.8519459962844849;0.0
0.004571318626403809;0.004571318626403809;0.7397759556770325;0.0;0.610946536064148;0.610946536064148;1.0664951801300049;0.0
0.004595845937728882;0.004595845937728882;0.9584994316101074;0.0;0.6123042106628418;0.6123042106628418;0.8523193597793579;0.0
0.00461985170841217;0.00461985170841217;0.682094931602478;0.0;0.6137681007385254;0.6987806558609009;0.6137681007385254;0.0
0.004629373550415039;0.004629373550415039;0.954518735408783;0.0;0.6164426207542419;1.0531435012817383;0.6164426207542419;0.0
0.0046373456716537476;0.0046373456716537476;0.6334019303321838;0.0;0.6171213388442993;0.7171244025230408;0.6171213388442993;0.0
0.004645824432373047;0.004645824432373047;0.7548328042030334;0.0;0.6183375716209412;0.6183375716209412;0.9953264594078064;0.0
0.004649132490158081;0.004649132490158081;0.4947248697280884;0.0;0.6186043620109558;0.6186043620109558;0.9238507151603699;0.0
0.004702150821685791;0.004702150821685791;0.8945935368537903;0.0;0.620088517665863;0.620088517665863;1.1293511390686035;0.0
0.0047255754470825195;0.0047255754470825195;0.7724464535713196;0.0;0.6201656460762024;0.6201656460762024;1.1819701194763184;0.0
0.00473475456237793;0.00473475456237793;0.8557463884353638;0.0;0.6203474402427673;0.7064940333366394;0.6203474402427673;0.0
0.004762113094329834;0.004762113094329834;0.85787433385849;0.0;0.6213877201080322;1.0360820293426514;0.6213877201080322;0.0
0.004762589931488037;0.004762589931488037;0.5959404706954956;0.0;0.6227362155914307;1.2807484865188599;0.6227362155914307;0.0
0.004773497581481934;0.004773497581481934;0.9991517066955566;0.0;0.6243447661399841;0.6243447661399841;1.0261777639389038;0.0
0.004781961441040039;0.004781961441040039;0.8594772815704346;0.0;0.6247302889823914;0.6247302889823914;0.6666754484176636;0.0
0.00481104850769043;0.00481104850769043;0.675698459148407;0.0;0.6248152852058411;1.2164804935455322;0.6248152852058411;0.0
0.004819393157958984;0.004819393157958984;0.846087634563446;0.0;0.6248800754547119;0.6248800754547119;0.636784553527832;0.0
0.004849255084991455;0.004849255084991455;0.9579145908355713;0.0;0.6260098218917847;1.0192900896072388;0.6260098218917847;0.0
0.004864783026278019;0.004864783026278019;0.9224197268486023;0.0;0.6275135278701782;0.7362808585166931;0.6275135278701782;0.0
0.004884317517280579;0.004884317517280579;0.7919088006019592;0.0;0.6281096935272217;1.125352382659912;0.6281096935272217;0.0
0.004894673824310303;0.004894673824310303;0.9441280364990234;0.0;0.628228485584259;0.8521414995193481;0.628228485584259;0.0
0.004896700382232666;0.004896700382232666;0.7437546849250793;0.0;0.628261923789978;0.628261923789978;1.3591500520706177;0.0
0.004927635192871094;0.004927635192871094;0.8133198618888855;0.0;0.6287252306938171;0.670532763004303;0.6287252306938171;0.0
0.0049436092376708984;0.0049436092376708984;0.3878750801086426;0.0;0.6293834447860718;0.6293834447860718;0.90425044298172;0.0
0.004943728446960449;0.004943728446960449;0.9938172101974487;0.0;0.6306924819946289;1.0963488817214966;0.6306924819946289;0.0
0.004949428141117096;0.004949428141117096;0.7692141532897949;0.0;0.6310179829597473;0.9449478983879089;0.6310179829597473;0.0
0.004959821701049805;0.004959821701049805;0.7466512322425842;0.0;0.6313450336456299;0.8722460865974426;0.6313450336456299;0.0
0.0049626827239990234;0.0049626827239990234;0.8363505601882935;0.0;0.6317337155342102;0.6317337155342102;0.6739295125007629;0.0
0.004981666803359985;0.004981666803359985;0.8052584528923035;0.0;0.6317870020866394;1.1566509008407593;0.6317870020866394;0.0
0.004999041557312012;0.004999041557312012;0.7062983512878418;0.0;0.6348156332969666;1.2937569618225098;0.6348156332969666;0.0
0.005014657974243164;0.005014657974243164;0.851600706577301;0.0;0.6356217265129089;0.6356217265129089;1.1625117063522339;0.0
0.005023092031478882;0.005023092031478882;0.8638836145401001;0.0;0.6357893347740173;0.6972634196281433;0.6357893347740173;0.0
0.005033761262893677;0.005033761262893677;0.9516151547431946;0.0;0.6369980573654175;0.9772884845733643;0.6369980573654175;0.0
0.005045890808105469;0.005045890808105469;0.8347636461257935;0.0;0.6373304724693298;0.6373304724693298;1.0029985904693604;0.0
0.005046278238296509;0.005046278238296509;0.7093231081962585;0.0;0.637832760810852;0.637832760810852;1.2380435466766357;0.0
0.005057990550994873;0.005057990550994873;0.6947391629219055;0.0;0.6381792426109314;0.6924757361412048;0.6381792426109314;0.0
0.005103409290313721;0.005103409290313721;0.9140887260437012;0.0;0.6398618221282959;1.1854355335235596;0.6398618221282959;0.0
0.0051035284996032715;0.0051035284996032715;0.9696035981178284;0.0;0.6422140002250671;1.0204061269760132;0.6422140002250671;0.0
0.005122140049934387;0.005122140049934387;0.40227311849594116;0.0;0.643815279006958;0.643815279006958;1.097419023513794;0.0
0.005123168230056763;0.005123168230056763;0.6807148456573486;0.0;0.6441665887832642;0.7695163488388062;0.6441665887832642;0.0
0.00513005256652832;0.00513005256652832;0.6348677277565002;0.0;0.6466259956359863;0.9587233662605286;0.6466259956359863;0.0
0.005130082368850708;0.005130082368850708;0.5046511888504028;0.0;0.646713376045227;0.9647983312606812;0.646713376045227;0.0
0.005145251750946045;0.005145251750946045;0.9429173469543457;0.0;0.6527655124664307;1.5903217792510986;0.6527655124664307;0.0
0.005152761936187744;0.005152761936187744;0.7108095288276672;0.0;0.6541716456413269;0.6541716456413269;0.9936802387237549;0.0
0.005172058939933777;0.005172058939933777;0.9959430694580078;0.0;0.6560781598091125;0.9032352566719055;0.6560781598091125;0.0
0.005209863185882568;0.005209863185882568;0.9619320631027222;0.0;0.6576671600341797;0.7659723162651062;0.6576671600341797;0.0
0.005223512649536133;0.005223512649536133;0.9940878748893738;0.0;0.6577074527740479;0.9366320967674255;0.6577074527740479;0.0
0.005225002765655518;0.005225002765655518;0.6545129418373108;0.0;0.6579369306564331;0.6579369306564331;1.2886184453964233;0.0
0.0052480995655059814;0.0052480995655059814;0.6599262952804565;0.0;0.6610812544822693;0.6610812544822693;1.0863255262374878;0.0
0.005254507064819336;0.005254507064819336;0.7964409589767456;0.0;0.6613783240318298;0.822983980178833;0.6613783240318298;0.0
0.0052855610847473145;0.0052855610847473145;0.8353376388549805;0.0;0.6628851890563965;0.6628851890563965;0.7470307946205139;0.0
0.0053015947341918945;0.0053015947341918945;0.7646069526672363;0.0;0.6644258499145508;0.9899474382400513;0.6644258499145508;0.0
0.005363672971725464;0.005363672971725464;0.886144757270813;0.0;0.6645810604095459;0.6645810604095459;0.742551326751709;0.0
0.0053702592849731445;0.0053702592849731445;0.5572485327720642;0.0;0.6654227375984192;0.9931305050849915;0.6654227375984192;0.0
0.0054261088371276855;0.0054261088371276855;0.8876186609268188;0.0;0.6665443778038025;1.0202382802963257;0.6665443778038025;0.0
0.005434632301330566;0.005434632301330566;0.6785809397697449;0.0;0.6668360233306885;1.0731675624847412;0.6668360233306885;0.0
0.005448490381240845;0.005448490381240845;0.7162360548973083;0.0;0.6670136451721191;1.3616693019866943;0.6670136451721191;0.0
0.00545114278793335;0.00545114278793335;0.9753425121307373;0.0;0.667225182056427;1.0777316093444824;0.667225182056427;0.0
0.005459904670715332;0.005459904670715332;0.6617795825004578;0.0;0.6679874062538147;0.6679874062538147;0.7517654895782471;0.0
0.005462706089019775;0.005462706089019775;0.8149533867835999;0.0;0.6683903932571411;0.6683903932571411;0.831946611404419;0.0
0.005469530820846558;0.005469530820846558;0.8444932699203491;0.0;0.6683997511863708;0.6683997511863708;0.910162091255188;0.0
0.005478754639625549;0.005478754639625549;0.6191959977149963;0.0;0.6706142425537109;0.9024884700775146;0.6706142425537109;0.0
0.0054926276206970215;0.0054926276206970215;0.9947081208229065;0.0;0.6719516515731812;0.6719516515731812;0.9773393869400024;0.0
0.0054939985275268555;0.0054939985275268555;0.6971166729927063;0.0;0.6727761030197144;0.7899608016014099;0.6727761030197144;0.0
0.0054978132247924805;0.0054978132247924805;0.5226194858551025;0.0;0.6758567094802856;0.9641358256340027;0.6758567094802856;0.0
0.005521953105926514;0.005521953105926514;0.733636736869812;0.0;0.6759637594223022;0.8882220387458801;0.6759637594223022;0.0
0.005527675151824951;0.005527675151824951;0.7407585382461548;0.0;0.6776727437973022;1.2946221828460693;0.6776727437973022;0.0
0.0055387020111083984;0.0055387020111083984;0.42943811416625977;0.0;0.6797797083854675;0.6797797083854675;1.003746747970581;0.0
0.005559980869293213;0.005559980869293213;0.576149582862854;0.0;0.6818487048149109;0.6818487048149109;1.1444438695907593;0.0
0.005586981773376465;0.005586981773376465;0.2261381447315216;0.0;0.6832544207572937;0.9566959738731384;0.6832544207572937;0.0
0.005593299865722656;0.005593299865722656;0.6470811367034912;0.0;0.6835645437240601;1.7611327171325684;0.6835645437240601;0.0
0.005593538284301758;0.005593538284301758;0.9512292742729187;0.0;0.6865819692611694;0.6865819692611694;0.9158540368080139;0.0
0.005651935935020447;0.005651935935020447;0.986799955368042;0.0;0.6871119737625122;0.6871119737625122;0.9251806139945984;0.0
0.005667358636856079;0.005667358636856079;0.9057073593139648;0.0;0.6897972226142883;1.5282057523727417;0.6897972226142883;0.0
0.005668997764587402;0.005668997764587402;0.9272610545158386;0.0;0.6915944218635559;1.5700278282165527;0.6915944218635559;0.0
0.005687117576599121;0.005687117576599121;0.9627251029014587;0.0;0.6935404539108276;0.9927014112472534;0.6935404539108276;0.0
0.0056999921798706055;0.0056999921798706055;0.8118265271186829;0.0;0.6936604380607605;0.6936604380607605;0.9870977997779846;0.0
0.005700051784515381;0.005700051784515381;0.5723395347595215;0.0;0.6939884424209595;1.0940483808517456;0.6939884424209595;0.0
0.005701236426830292;0.005701236426830292;0.7517679929733276;0.0;0.6940682530403137;0.9487811326980591;0.6940682530403137;0.0
0.005707085132598877;0.005707085132598877;0.7890828847885132;0.0;0.6958953142166138;0.6958953142166138;0.7996082901954651;0.0
0.0057582855224609375;0.0057582855224609375;0.9410126805305481;0.0;0.6959721446037292;1.868841290473938;0.6959721446037292;0.0
0.005779922008514404;0.005779922008514404;0.7357044816017151;0.0;0.6991074681282043;0.6991074681282043;1.4134031534194946;0.0
0.0057877302169799805;0.0057877302169799805;0.7745965719223022;0.0;0.7012912631034851;1.7956689596176147;0.7012912631034851;0.0
0.0058095455169677734;0.0058095455169677734;0.458933562040329;0.0;0.7032076120376587;1.0205957889556885;0.7032076120376587;0.0
0.005826294422149658;0.005826294422149658;0.5177175402641296;0.0;0.7036243081092834;0.7856205701828003;0.7036243081092834;0.0
0.005847230553627014;0.005847230553627014;0.9997367858886719;0.0;0.7066313028335571;1.7655099630355835;0.7066313028335571;0.0
0.005862414836883545;0.005862414836883545;0.9993337988853455;0.0;0.7111426591873169;0.7111426591873169;0.9805257320404053;0.0
0.005874507129192352;0.005874507129192352;0.7135225534439087;0.0;0.7153487205505371;0.7153487205505371;0.845460832118988;0.0
0.005891084671020508;0.005891084671020508;0.8510503768920898;0.0;0.7172044515609741;1.0186048746109009;0.7172044515609741;0.0
0.0058972835540771484;0.0058972835540771484;0.4708898365497589;0.0;0.7177428603172302;1.120957374572754;0.7177428603172302;0.0
0.0059056878089904785;0.0059056878089904785;0.7690956592559814;0.0;0.7188616394996643;0.9058459997177124;0.7188616394996643;0.0
0.005920529365539551;0.005920529365539551;0.9130568504333496;0.0;0.7192308902740479;0.7192308902740479;0.7493268251419067;0.0
0.005937427282333374;0.005937427282333374;0.9397233128547668;0.0;0.7199904918670654;1.014204740524292;0.7199904918670654;0.0
0.005957365036010742;0.005957365036010742;0.7801781892776489;0.0;0.720155656337738;0.720155656337738;0.8296883702278137;0.0
0.00597013533115387;0.00597013533115387;0.3972332775592804;0.0;0.7203602194786072;0.7893512845039368;0.7203602194786072;0.0
0.005971014499664307;0.005971014499664307;0.9260678291320801;0.0;0.7219899296760559;0.7723218202590942;0.7219899296760559;0.0
0.0059888362884521484;0.0059888362884521484;0.4021623730659485;0.0;0.7222570180892944;1.2273074388504028;0.7222570180892944;0.0
0.006033957004547119;0.006033957004547119;0.9661349058151245;0.0;0.723560094833374;0.723560094833374;1.0351932048797607;0.0
0.006039559841156006;0.006039559841156006;0.8682510852813721;0.0;0.7236917614936829;0.9856492280960083;0.7236917614936829;0.0
0.006051301956176758;0.006051301956176758;0.74127197265625;0.0;0.7262160778045654;0.7350333333015442;0.7262160778045654;0.0
0.006068557500839233;0.006068557500839233;0.9999990463256836;0.0;0.7300527691841125;1.6930097341537476;0.7300527691841125;0.0
0.006112813949584961;0.006112813949584961;0.5205256342887878;0.0;0.7318707704544067;1.1069098711013794;0.7318707704544067;0.0
0.006121635437011719;0.006121635437011719;0.8424698710441589;0.0;0.732997477054596;0.9949698448181152;0.732997477054596;0.0
0.006146593019366264;0.006146593019366264;0.9973703026771545;0.0;0.7370784282684326;1.044519066810608;0.7370784282684326;0.0
0.006159424781799316;0.006159424781799316;0.8033020496368408;0.0;0.7417365312576294;0.7417365312576294;1.0526161193847656;0.0
0.006161212921142578;0.006161212921142578;0.9683279991149902;0.0;0.7421783804893494;0.7421783804893494;0.8826091289520264;0.0
0.006174147129058838;0.006174147129058838;0.8769625425338745;0.0;0.7467292547225952;0.7467292547225952;0.986606776714325;0.0
0.0061897337436676025;0.0061897337436676025;0.8328934907913208;0.0;0.747626006603241;0.9988839030265808;0.747626006603241;0.0
0.006206899881362915;0.006206899881362915;0.8503866195678711;0.0;0.7483215928077698;0.7483215928077698;1.2693591117858887;0.0
0.006235301494598389;0.006235301494598389;0.8574798107147217;0.0;0.7502887845039368;1.2396186590194702;0.7502887845039368;0.0
0.006255507469177246;0.006255507469177246;0.7572097778320312;0.0;0.7573452591896057;0.7573452591896057;1.0805559158325195;0.0
0.006257191300392151;0.006257191300392151;0.6031992435455322;0.0;0.757515013217926;0.757515013217926;1.0082156658172607;0.0
0.006263554096221924;0.006263554096221924;0.860258936882019;0.0;0.7604254484176636;0.8617435693740845;0.7604254484176636;0.0
0.006300926208496094;0.006300926208496094;0.9266032576560974;0.0;0.7609296441078186;0.9416847825050354;0.7609296441078186;0.0
0.006308525800704956;0.006308525800704956;0.937943160533905;0.0;0.7615869045257568;1.6197988986968994;0.7615869045257568;0.0
0.006311506032943726;0.006311506032943726;0.6578798294067383;0.0;0.7641051411628723;2.407170057296753;0.7641051411628723;0.0
0.006320178508758545;0.006320178508758545;0.900981068611145;0.0;0.7655547261238098;0.7655547261238098;1.0704262256622314;0.0
0.006366163492202759;0.006366163492202759;0.8785778880119324;0.0;0.7683427929878235;1.6403836011886597;0.7683427929878235;0.0
0.006370663642883301;0.006370663642883301;0.9964956641197205;0.0;0.7686891555786133;0.8344952464103699;0.7686891555786133;0.0
0.0063940659165382385;0.0063940659165382385;0.7283197641372681;0.0;0.7701382040977478;1.8992924690246582;0.7701382040977478;0.0
0.006456971168518066;0.006456971168518066;0.7978310585021973;0.0;0.7705522775650024;0.9119747877120972;0.7705522775650024;0.0
0.00647580623626709;0.00647580623626709;0.9784614443778992;0.0;0.7726988792419434;1.3834763765335083;0.7726988792419434;0.0
0.006477035582065582;0.006477035582065582;0.8727967143058777;0.0;0.7732603549957275;1.0167492628097534;0.7732603549957275;0.0
0.006483495235443115;0.006483495235443115;0.9732540249824524;0.0;0.7739822268486023;0.7739822268486023;1.261429786682129;0.0
0.00650101900100708;0.00650101900100708;0.9658510088920593;0.0;0.7742953300476074;0.7742953300476074;1.1194418668746948;0.0
0.0065343379974365234;0.0065343379974365234;0.9710092544555664;0.0;0.7763252854347229;0.7763252854347229;0.9921137690544128;0.0
0.006545007228851318;0.006545007228851318;0.7485356330871582;0.0;0.7768526673316956;1.9628444910049438;0.7768526673316956;0.0
0.006627976894378662;0.006627976894378662;0.7708222270011902;0.0;0.7780106067657471;0.7780106067657471;0.8729046583175659;0.0
0.006633400917053223;0.006633400917053223;0.9567644000053406;0.0;0.7806004285812378;2.9859166145324707;0.7806004285812378;0.0
0.006663218140602112;0.006663218140602112;0.9783445596694946;0.0;0.7809390425682068;0.7809390425682068;1.3263144493103027;0.0
0.0066697001457214355;0.0066697001457214355;0.6033481359481812;0.0;0.7841594815254211;0.7841594815254211;1.038002848625183;0.0
0.006718277931213379;0.006718277931213379;0.8112083077430725;0.0;0.7848264575004578;0.7848264575004578;0.8456777930259705;0.0
0.006735293194651604;0.006735293194651604;0.9933361411094666;0.0;0.7866344451904297;1.1161781549453735;0.7866344451904297;0.0
0.006761282682418823;0.006761282682418823;0.9985466003417969;0.0;0.7877139449119568;0.7877139449119568;0.8631044030189514;0.0
0.006788216531276703;0.006788216531276703;0.9660109281539917;0.0;0.7901781797409058;1.4275217056274414;0.7901781797409058;0.0
0.006818950176239014;0.006818950176239014;0.73114413022995;0.0;0.790598452091217;0.9534136652946472;0.790598452091217;0.0
0.006822183728218079;0.006822183728218079;0.8300905227661133;0.0;0.791528582572937;1.1859806776046753;0.791528582572937;0.0
0.006840735673904419;0.006840735673904419;0.9934917092323303;0.0;0.7934665679931641;0.8134192228317261;0.7934665679931641;0.0
0.006848663091659546;0.006848663091659546;0.8594709634780884;0.0;0.7938946485519409;0.7938946485519409;1.0067328214645386;0.0
0.006863802671432495;0.006863802671432495;0.5185196995735168;0.0;0.7956981658935547;2.5048394203186035;0.7956981658935547;0.0
0.00687757134437561;0.00687757134437561;0.9877879619598389;0.0;0.7971035838127136;0.7971035838127136;1.0412970781326294;0.0
0.006924241781234741;0.006924241781234741;0.8858683705329895;0.0;0.7979531288146973;0.9235430359840393;0.7979531288146973;0.0
0.006925016641616821;0.006925016641616821;0.8408252000808716;0.0;0.7983025908470154;0.8122972249984741;0.7983025908470154;0.0
0.006929367780685425;0.006929367780685425;0.6300114393234253;0.0;0.8008577227592468;1.9679721593856812;0.8008577227592468;0.0
0.006947457790374756;0.006947457790374756;0.8126474618911743;0.0;0.806071400642395;1.497853398323059;0.806071400642395;0.0
0.006964266300201416;0.006964266300201416;0.8551636934280396;0.0;0.8070558905601501;1.1539344787597656;0.8070558905601501;0.0
0.006966352462768555;0.006966352462768555;0.8388981223106384;0.0;0.8077114224433899;0.8077114224433899;1.2454441785812378;0.0
0.006988152861595154;0.006988152861595154;0.9859163165092468;0.0;0.8082363605499268;1.7376890182495117;0.8082363605499268;0.0
0.006997168064117432;0.006997168064117432;0.6655096411705017;0.0;0.8093580603599548;1.4890799522399902;0.8093580603599548;0.0
0.0070269107818603516;0.0070269107818603516;0.6195061206817627;0.0;0.8100820779800415;1.048912525177002;0.8100820779800415;0.0
0.007030189037322998;0.007030189037322998;0.9987151026725769;0.0;0.8103155493736267;1.6741936206817627;0.8103155493736267;0.0
0.007055401802062988;0.007055401802062988;0.745782732963562;0.0;0.8111368417739868;1.3644602298736572;0.8111368417739868;0.0
0.007086515426635742;0.007086515426635742;0.7230044007301331;0.0;0.8163493275642395;0.9364094734191895;0.8163493275642395;0.0
0.007111191749572754;0.007111191749572754;0.984491229057312;0.0;0.8175879716873169;0.8175879716873169;1.1489193439483643;0.0
0.007134139537811279;0.007134139537811279;0.9005103707313538;0.0;0.8195530772209167;1.2422021627426147;0.8195530772209167;0.0
0.00717926025390625;0.00717926025390625;0.9388167858123779;0.0;0.8206550478935242;0.8206550478935242;1.0443694591522217;0.0
0.007190525531768799;0.007190525531768799;0.8949701189994812;0.0;0.8208788633346558;2.286461353302002;0.8208788633346558;0.0
0.007220178842544556;0.007220178842544556;0.6955786347389221;0.0;0.8224351406097412;2.1586802005767822;0.8224351406097412;0.0
0.007221683859825134;0.007221683859825134;0.7104238271713257;0.0;0.8234966993331909;1.2937946319580078;0.8234966993331909;0.0
0.0072463154792785645;0.0072463154792785645;0.8133313655853271;0.0;0.8239951729774475;1.707436442375183;0.8239951729774475;0.0
0.007259964942932129;0.007259964942932129;0.9174060225486755;0.0;0.8240445852279663;2.0524091720581055;0.8240445852279663;0.0
0.007263123989105225;0.007263123989105225;0.7305196523666382;0.0;0.8263099789619446;0.8696244359016418;0.8263099789619446;0.0
0.007276549935340881;0.007276549935340881;0.7898895144462585;0.0;0.8275548219680786;1.3343505859375;0.8275548219680786;0.0
0.0073285698890686035;0.0073285698890686035;0.9836993217468262;0.0;0.8289548754692078;1.5134553909301758;0.8289548754692078;0.0
0.007390692830085754;0.007390692830085754;0.9981718063354492;0.0;0.8292125463485718;1.393992304801941;0.8292125463485718;0.0
0.007428884506225586;0.007428884506225586;0.9930847883224487;0.0;0.8307659029960632;0.8307659029960632;1.539610505104065;0.0
0.007430434226989746;0.007430434226989746;0.9894142150878906;0.0;0.8326293230056763;1.1979609727859497;0.8326293230056763;0.0
0.007458508014678955;0.007458508014678955;0.7296339869499207;0.0;0.8348091244697571;1.1196397542953491;0.8348091244697571;0.0
0.007483482360839844;0.007483482360839844;0.9118507504463196;0.0;0.8370018601417542;0.8370018601417542;1.0332127809524536;0.0
0.0075048357248306274;0.0075048357248306274;0.927253007888794;0.0;0.8371241688728333;1.2701693773269653;0.8371241688728333;0.0
0.007528543472290039;0.007528543472290039;0.9807815551757812;0.0;0.8371350169181824;1.2975757122039795;0.8371350169181824;0.0
0.007551133632659912;0.007551133632659912;0.7825729250907898;0.0;0.8378274440765381;0.9776816368103027;0.8378274440765381;0.0
0.00757453590631485;0.00757453590631485;0.834995687007904;0.0;0.8404592275619507;0.8404592275619507;0.93025141954422;0.0
0.007588177919387817;0.007588177919387817;0.8416177034378052;0.0;0.8406824469566345;2.596785545349121;0.8406824469566345;0.0
0.007615670561790466;0.007615670561790466;0.30717167258262634;0.0;0.8408409357070923;1.0401297807693481;0.8408409357070923;0.0
0.007673725485801697;0.007673725485801697;0.6030082702636719;0.0;0.8414725065231323;0.8765154480934143;0.8414725065231323;0.0
0.007680833339691162;0.007680833339691162;0.9934474229812622;0.0;0.8425418734550476;0.9864362478256226;0.8425418734550476;0.0
0.0077266693115234375;0.0077266693115234375;0.9930944442749023;0.0;0.8453171849250793;1.0747679471969604;0.8453171849250793;0.0
0.00777202844619751;0.00777202844619751;0.971322774887085;0.0;0.8457629680633545;0.8457629680633545;0.9012086987495422;0.0
0.007823288440704346;0.007823288440704346;0.9471968412399292;0.0;0.8482323288917542;1.2439557313919067;0.8482323288917542;0.0
0.007833778858184814;0.007833778858184814;0.8861483931541443;0.0;0.8516764044761658;0.8516764044761658;1.2228952646255493;0.0
0.007868856191635132;0.007868856191635132;0.9798133373260498;0.0;0.8531211018562317;0.8531211018562317;1.047339677810669;0.0
0.007883667945861816;0.007883667945861816;0.7323042154312134;0.0;0.8543151617050171;0.8543151617050171;1.0322600603103638;0.0
0.007883984595537186;0.007883984595537186;0.7596522569656372;0.0;0.8565492033958435;1.313111424446106;0.8565492033958435;0.0
0.007917463779449463;0.007917463779449463;0.9980669617652893;0.0;0.8571137189865112;1.2037180662155151;0.8571137189865112;0.0
0.007941126823425293;0.007941126823425293;0.6561295390129089;0.0;0.858411967754364;0.858411967754364;1.1002922058105469;0.0
0.007968425750732422;0.007968425750732422;0.7811211347579956;0.0;0.8589380383491516;1.0657477378845215;0.8589380383491516;0.0
0.008014708757400513;0.008014708757400513;0.9041633009910583;0.0;0.8600926995277405;1.6601117849349976;0.8600926995277405;0.0
0.008037686347961426;0.008037686347961426;0.9008312225341797;0.0;0.8601648211479187;0.8601648211479187;1.0789401531219482;0.0
0.008047103881835938;0.008047103881835938;0.6821316480636597;0.0;0.8634269833564758;1.9425230026245117;0.8634269833564758;0.0
0.008047819137573242;0.008047819137573242;0.9481867551803589;0.0;0.8685022592544556;1.345105767250061;0.8685022592544556;0.0
0.008054673671722412;0.008054673671722412;0.8438614010810852;0.0;0.87053382396698;0.87053382396698;0.9685542583465576;0.0
0.008081406354904175;0.008081406354904175;0.9223132133483887;0.0;0.8705481290817261;1.2928547859191895;0.8705481290817261;0.0
0.008128345012664795;0.008128345012664795;0.9665191173553467;0.0;0.8707201480865479;1.6005628108978271;0.8707201480865479;0.0
0.008139252662658691;0.008139252662658691;0.9720415472984314;0.0;0.8727123737335205;1.3496686220169067;0.8727123737335205;0.0
0.008164703845977783;0.008164703845977783;0.8354107737541199;0.0;0.8740812540054321;1.2570401430130005;0.8740812540054321;0.0
0.008181139826774597;0.008181139826774597;0.8410207033157349;0.0;0.8769246935844421;0.9182972311973572;0.8769246935844421;0.0
0.008196905255317688;0.008196905255317688;0.7031192779541016;0.0;0.8793100118637085;1.0618053674697876;0.8793100118637085;0.0
0.008208632469177246;0.008208632469177246;0.8867660164833069;0.0;0.8801974654197693;1.914320468902588;0.8801974654197693;0.0
0.008219540119171143;0.008219540119171143;0.5331021547317505;0.0;0.8816373944282532;0.8816373944282532;0.9828752279281616;0.0
0.00828021764755249;0.00828021764755249;0.8785570859909058;0.0;0.8826916813850403;0.8826916813850403;1.0275722742080688;0.0
0.008308202028274536;0.008308202028274536;0.6805001497268677;0.0;0.8832855224609375;1.0954303741455078;0.8832855224609375;0.0
0.008353084325790405;0.008353084325790405;0.9964717030525208;0.0;0.8855085372924805;1.032399296760559;0.8855085372924805;0.0
0.008393511176109314;0.008393511176109314;0.6264777183532715;0.0;0.8887975215911865;1.1523773670196533;0.8887975215911865;0.0
0.008433103561401367;0.008433103561401367;0.8316652178764343;0.0;0.8889727592468262;1.91599440574646;0.8889727592468262;0.0
0.008518964052200317;0.008518964052200317;0.9642899036407471;0.0;0.8897780179977417;0.8897780179977417;1.1613266468048096;0.0
0.008520305156707764;0.008520305156707764;0.9650783538818359;0.0;0.8898987174034119;0.997011661529541;0.8898987174034119;0.0
0.008531033992767334;0.008531033992767334;0.790137767791748;0.0;0.8901035189628601;2.30733585357666;0.8901035189628601;0.0
0.00853225588798523;0.00853225588798523;0.9807101488113403;0.0;0.893642246723175;1.0714259147644043;0.893642246723175;0.0
0.008566290140151978;0.008566290140151978;0.5967137813568115;0.0;0.8945901393890381;0.8945901393890381;0.9385116100311279;0.0
0.008575141429901123;0.008575141429901123;0.9977798461914062;0.0;0.896390974521637;1.2350521087646484;0.896390974521637;0.0
0.008735477924346924;0.008735477924346924;0.9876244068145752;0.0;0.8972409963607788;1.1830898523330688;0.8972409963607788;0.0
0.008740723133087158;0.008740723133087158;0.45033735036849976;0.0;0.899286687374115;1.1716508865356445;0.899286687374115;0.0
0.00877445936203003;0.00877445936203003;0.9698482751846313;0.0;0.901009738445282;1.04637610912323;0.901009738445282;0.0
0.008789479732513428;0.008789479732513428;0.6801565289497375;0.0;0.9015565514564514;1.7271323204040527;0.9015565514564514;0.0
0.008827149868011475;0.008827149868011475;0.7925242185592651;0.0;0.904066264629364;1.0240020751953125;0.904066264629364;0.0
0.008836328983306885;0.008836328983306885;0.5810555219650269;0.0;0.9050896167755127;0.9050896167755127;0.9202836751937866;0.0
0.009001076221466064;0.009001076221466064;0.7202897667884827;0.0;0.9094749093055725;1.0359094142913818;0.9094749093055725;0.0
0.009009003639221191;0.009009003639221191;0.8080369234085083;0.0;0.9097035527229309;1.5176479816436768;0.9097035527229309;0.0
0.009012550115585327;0.009012550115585327;0.9607782363891602;0.0;0.9112633466720581;0.9112633466720581;1.3770848512649536;0.0
0.009057221002876759;0.009057221002876759;0.8036453127861023;0.0;0.9139524698257446;1.7245889902114868;0.9139524698257446;0.0
0.009063899517059326;0.009063899517059326;0.989856481552124;0.0;0.9211552143096924;1.1302261352539062;0.9211552143096924;0.0
0.00908304750919342;0.00908304750919342;0.8310605883598328;0.0;0.9257862567901611;1.4657864570617676;0.9257862567901611;0.0
0.00910186767578125;0.00910186767578125;0.9829164147377014;0.0;0.9267263412475586;1.3661093711853027;0.9267263412475586;0.0
0.009105056524276733;0.009105056524276733;0.8672228455543518;0.0;0.9267672300338745;0.9267672300338745;0.9521588087081909;0.0
0.009127616882324219;0.009127616882324219;0.922565758228302;0.0;0.9268572926521301;0.9268572926521301;1.261687994003296;0.0
0.009134232997894287;0.009134232997894287;0.9747275114059448;0.0;0.9276086688041687;1.514587640762329;0.9276086688041687;0.0
0.009294986724853516;0.009294986724853516;0.9808467030525208;0.0;0.9299242496490479;1.0335016250610352;0.9299242496490479;0.0
0.009312443435192108;0.009312443435192108;0.6714907884597778;0.0;0.9302013516426086;1.4014456272125244;0.9302013516426086;0.0
0.009378612041473389;0.009378612041473389;0.8942043781280518;0.0;0.9321728944778442;0.9321728944778442;0.9872918128967285;0.0
0.009415924549102783;0.009415924549102783;0.9946030974388123;0.0;0.9356613755226135;0.9356613755226135;1.0037813186645508;0.0
0.009477229788899422;0.009477229788899422;0.9978850483894348;0.0;0.9388400316238403;0.9388400316238403;1.179369330406189;0.0
0.00951436161994934;0.00951436161994934;0.9051324725151062;0.0;0.941681981086731;0.941681981086731;0.9453184604644775;0.0
0.00955808162689209;0.00955808162689209;0.7543293833732605;0.0;0.9435120820999146;0.9435120820999146;1.3913966417312622;0.0
0.009601175785064697;0.009601175785064697;0.6444846391677856;0.0;0.9435323476791382;1.4627861976623535;0.9435323476791382;0.0
0.009615302085876465;0.009615302085876465;0.9999939203262329;0.0;0.9445968270301819;1.3683723211288452;0.9445968270301819;0.0
0.009618937969207764;0.009618937969207764;0.9993979334831238;0.0;0.9449015259742737;1.187406301498413;0.9449015259742737;0.0
0.009646236896514893;0.009646236896514893;0.8112805485725403;0.0;0.9466089606285095;1.1311368942260742;0.9466089606285095;0.0
0.009679019451141357;0.009679019451141357;0.9454600811004639;0.0;0.9502962827682495;1.981258749961853;0.9502962827682495;0.0
0.009684741497039795;0.009684741497039795;0.9901537299156189;0.0;0.9504684805870056;1.9358577728271484;0.9504684805870056;0.0
0.009755551815032959;0.009755551815032959;0.9810779690742493;0.0;0.9508844614028931;1.0563080310821533;0.9508844614028931;0.0
0.00975579023361206;0.00975579023361206;0.847448468208313;0.0;0.9540604948997498;1.339924931526184;0.9540604948997498;0.0
0.009760677814483643;0.009760677814483643;0.8359419703483582;0.0;0.9595468640327454;0.9595468640327454;1.0886688232421875;0.0
0.009815841913223267;0.009815841913223267;0.8840989470481873;0.0;0.9598532915115356;2.059741258621216;0.9598532915115356;0.0
0.009818941354751587;0.009818941354751587;0.627616822719574;0.0;0.9614907503128052;1.566718339920044;0.9614907503128052;0.0
0.00987328588962555;0.00987328588962555;0.9080028533935547;0.0;0.9633991122245789;1.7154626846313477;0.9633991122245789;0.0
0.009873390197753906;0.009873390197753906;0.9682454466819763;0.0;0.9647212624549866;1.7178117036819458;0.9647212624549866;0.0
0.009921371936798096;0.009921371936798096;0.9935241341590881;0.0;0.9770431518554688;0.9770431518554688;1.207507610321045;0.0
0.009934782981872559;0.009934782981872559;0.953027606010437;0.0;0.9775362610816956;1.5282974243164062;0.9775362610816956;0.0
0.00994563102722168;0.00994563102722168;0.8942184448242188;0.0;0.978760838508606;1.510552167892456;0.978760838508606;0.0
0.010034441947937012;0.010034441947937012;0.9433978199958801;0.0;0.9796307682991028;2.6546428203582764;0.9796307682991028;0.0
0.010068833827972412;0.010068833827972412;0.6964237689971924;0.0;0.982891857624054;1.912007212638855;0.982891857624054;0.0
0.010099053382873535;0.010099053382873535;0.8786988258361816;0.0;0.9845302104949951;0.9845302104949951;1.0634849071502686;0.0
0.010126292705535889;0.010126292705535889;0.9798025488853455;0.0;0.9856976866722107;3.077658176422119;0.9856976866722107;0.0
0.010214850306510925;0.010214850306510925;0.9540401101112366;0.0;0.9887489676475525;0.9887489676475525;1.3567355871200562;0.0
0.010279089212417603;0.010279089212417603;0.8948349952697754;0.0;0.9953740239143372;1.1004290580749512;0.9953740239143372;0.0
0.010330766439437866;0.010330766439437866;0.4527157247066498;0.0;0.9959191083908081;0.9959191083908081;1.3937090635299683;0.0
0.010379977524280548;0.010379977524280548;0.9600317478179932;0.0;0.997085452079773;1.5314761400222778;0.997085452079773;0.0
0.010381937026977539;0.010381937026977539;0.5470418930053711;0.0;0.9983900189399719;1.5378739833831787;0.9983900189399719;0.0
0.010421037673950195;0.010421037673950195;0.6592344045639038;0.0;1.0045262575149536;1.3441087007522583;1.0045262575149536;0.0
0.01050141453742981;0.01050141453742981;0.7089985609054565;0.0;1.0046608448028564;1.125300645828247;1.0046608448028564;0.0
0.010581545531749725;0.010581545531749725;0.745142936706543;0.0;1.0075122117996216;1.092399001121521;1.0075122117996216;0.0
0.010673090815544128;0.010673090815544128;0.8133373260498047;0.0;1.0105093717575073;1.4586950540542603;1.0105093717575073;0.0
0.01071929931640625;0.01071929931640625;0.6494630575180054;0.0;1.0106217861175537;2.1171913146972656;1.0106217861175537;0.0
0.01077049970626831;0.01077049970626831;0.8184645175933838;0.0;1.0114668607711792;2.7760496139526367;1.0114668607711792;0.0
0.010802388191223145;0.010802388191223145;0.9965766072273254;0.0;1.0151995420455933;1.1094539165496826;1.0151995420455933;0.0
0.01086801290512085;0.01086801290512085;0.6708073019981384;0.0;1.0156800746917725;1.660949468612671;1.0156800746917725;0.0
0.010901212692260742;0.010901212692260742;0.889446496963501;0.0;1.0202460289001465;1.0433330535888672;1.0202460289001465;0.0
0.010967269539833069;0.010967269539833069;0.6694985628128052;0.0;1.022346019744873;1.822340965270996;1.022346019744873;0.0
0.011047527194023132;0.011047527194023132;0.7767159342765808;0.0;1.0239191055297852;1.4904379844665527;1.0239191055297852;0.0
0.011140167713165283;0.011140167713165283;0.9968617558479309;0.0;1.0309674739837646;1.8601534366607666;1.0309674739837646;0.0
0.011164873838424683;0.011164873838424683;0.9850645661354065;0.0;1.0337072610855103;1.623677134513855;1.0337072610855103;0.0
0.011165261268615723;0.011165261268615723;0.5413158535957336;0.0;1.0451605319976807;1.9098554849624634;1.0451605319976807;0.0
0.011166542768478394;0.011166542768478394;0.9445438385009766;0.0;1.0459643602371216;2.534409761428833;1.0459643602371216;0.0
0.011278510093688965;0.011278510093688965;0.8179349303245544;0.0;1.0471915006637573;1.0471915006637573;1.2299895286560059;0.0
0.011331140995025635;0.011331140995025635;0.9125120639801025;0.0;1.0483086109161377;1.4392991065979004;1.0483086109161377;0.0
0.011400103569030762;0.011400103569030762;0.8527233600616455;0.0;1.058975100517273;2.198366403579712;1.058975100517273;0.0
0.011527001857757568;0.011527001857757568;0.881830632686615;0.0;1.0590585470199585;1.4278193712234497;1.0590585470199585;0.0
0.011623755097389221;0.011623755097389221;0.8803656697273254;0.0;1.0604760646820068;1.3668535947799683;1.0604760646820068;0.0
0.011684119701385498;0.011684119701385498;0.7514532208442688;0.0;1.0608248710632324;1.0834245681762695;1.0608248710632324;0.0
0.01169559359550476;0.01169559359550476;0.9840503334999084;0.0;1.0617992877960205;1.4570770263671875;1.0617992877960205;0.0
0.011736273765563965;0.011736273765563965;0.5479493141174316;0.0;1.0822457075119019;1.6044948101043701;1.0822457075119019;0.0
0.011785589158535004;0.011785589158535004;0.9990177750587463;0.0;1.0844659805297852;1.0844659805297852;1.3290890455245972;0.0
0.011797785758972168;0.011797785758972168;0.9940486550331116;0.0;1.0847673416137695;1.3317073583602905;1.0847673416137695;0.0
0.011850416660308838;0.011850416660308838;0.970089316368103;0.0;1.089285135269165;2.001812219619751;1.089285135269165;0.0
0.011941429227590561;0.011941429227590561;0.9259084463119507;0.0;1.0897648334503174;1.4867435693740845;1.0897648334503174;0.0
0.012055814266204834;0.012055814266204834;0.5519671440124512;0.0;1.09303879737854;2.2194738388061523;1.09303879737854;0.0
0.012214265763759613;0.012214265763759613;0.7650189399719238;0.0;1.100329041481018;2.49813175201416;1.100329041481018;0.0
0.01228243112564087;0.01228243112564087;0.8555186986923218;0.0;1.1006550788879395;1.312483787536621;1.1006550788879395;0.0
0.01232612133026123;0.01232612133026123;0.9906956553459167;0.0;1.1015456914901733;2.3151443004608154;1.1015456914901733;0.0
0.0123826265335083;0.0123826265335083;0.8332175612449646;0.0;1.1023465394973755;2.6845433712005615;1.1023465394973755;0.0
0.012382864952087402;0.012382864952087402;0.9265041351318359;0.0;1.10761559009552;2.0451414585113525;1.10761559009552;0.0
0.012419983744621277;0.012419983744621277;0.6600533127784729;0.0;1.1091099977493286;1.416491150856018;1.1091099977493286;0.0
0.012457609176635742;0.012457609176635742;0.9985082149505615;0.0;1.109899878501892;2.5171029567718506;1.109899878501892;0.0
0.012516394257545471;0.012516394257545471;0.9123647212982178;0.0;1.1141732931137085;2.1249372959136963;1.1141732931137085;0.0
0.012541353702545166;0.012541353702545166;0.9975816607475281;0.0;1.114851713180542;1.5820738077163696;1.114851713180542;0.0
0.012611240148544312;0.012611240148544312;0.9911137223243713;0.0;1.1163811683654785;2.7680795192718506;1.1163811683654785;0.0
0.012613058090209961;0.012613058090209961;0.9850223660469055;0.0;1.120516300201416;1.4411240816116333;1.120516300201416;0.0
0.01264888048171997;0.01264888048171997;0.9276459217071533;0.0;1.12199068069458;1.1790024042129517;1.12199068069458;0.0
0.012668907642364502;0.012668907642364502;0.700103759765625;0.0;1.1238319873809814;1.1238319873809814;1.8057255744934082;0.0
0.012710284441709518;0.012710284441709518;0.9959545731544495;0.0;1.1239638328552246;1.558349609375;1.1239638328552246;0.0
0.012828648090362549;0.012828648090362549;0.9782400131225586;0.0;1.1284750699996948;1.396808385848999;1.1284750699996948;0.0
0.01288539171218872;0.01288539171218872;0.990243136882782;0.0;1.1428165435791016;2.403939962387085;1.1428165435791016;0.0
0.01290673017501831;0.01290673017501831;0.9634928703308105;0.0;1.1467639207839966;1.512589693069458;1.1467639207839966;0.0
0.012954533100128174;0.012954533100128174;0.9184213280677795;0.0;1.1508479118347168;3.168832778930664;1.1508479118347168;0.0
0.013056159019470215;0.013056159019470215;0.9960789680480957;0.0;1.1531016826629639;1.7097781896591187;1.1531016826629639;0.0
0.013061732053756714;0.013061732053756714;0.9808687567710876;0.0;1.15481436252594;2.036773443222046;1.15481436252594;0.0
0.013067364692687988;0.013067364692687988;0.9845569133758545;0.0;1.1711859703063965;1.5278418064117432;1.1711859703063965;0.0
0.01309746503829956;0.01309746503829956;0.950623095035553;0.0;1.1725040674209595;1.7000495195388794;1.1725040674209595;0.0
0.013124644756317139;0.013124644756317139;0.9108911752700806;0.0;1.1725269556045532;1.369073748588562;1.1725269556045532;0.0
0.01335279643535614;0.01335279643535614;0.8486975431442261;0.0;1.1737101078033447;1.5068080425262451;1.1737101078033447;0.0
0.013379395008087158;0.013379395008087158;0.9995782375335693;0.0;1.1742198467254639;1.1742198467254639;1.2439428567886353;0.0
0.013387631624937057;0.013387631624937057;0.9895861148834229;0.0;1.1767600774765015;2.1233725547790527;1.1767600774765015;0.0
0.01340097188949585;0.01340097188949585;0.8995847105979919;0.0;1.1885180473327637;2.017052412033081;1.1885180473327637;0.0
0.013431072235107422;0.013431072235107422;0.9908190965652466;0.0;1.1912927627563477;1.8397148847579956;1.1912927627563477;0.0
0.01349441334605217;0.01349441334605217;0.9834242463111877;0.0;1.2076438665390015;1.9653575420379639;1.2076438665390015;0.0
0.01366722583770752;0.01366722583770752;0.9949780702590942;0.0;1.2126033306121826;3.552492618560791;1.2126033306121826;0.0
0.013727053999900818;0.013727053999900818;0.9212445616722107;0.0;1.213282585144043;2.0735602378845215;1.213282585144043;0.0
0.01377260684967041;0.01377260684967041;0.8994181156158447;0.0;1.2201613187789917;1.9158724546432495;1.2201613187789917;0.0
0.013849198818206787;0.013849198818206787;0.9553923010826111;0.0;1.2218425273895264;4.029682636260986;1.2218425273895264;0.0
0.013870716094970703;0.013870716094970703;0.9991180300712585;0.0;1.2381186485290527;3.2090628147125244;1.2381186485290527;0.0
0.014002829790115356;0.014002829790115356;0.9942930936813354;0.0;1.2429025173187256;1.2629317045211792;1.2429025173187256;0.0
0.014056339859962463;0.014056339859962463;0.9806305766105652;0.0;1.252647042274475;1.4067765474319458;1.252647042274475;0.0
0.014066590927541256;0.014066590927541256;0.9314213991165161;0.0;1.25331711769104;1.744301199913025;1.25331711769104;0.0
0.014076560735702515;0.014076560735702515;0.8942897915840149;0.0;1.2602884769439697;1.2602884769439697;1.6383248567581177;0.0
0.01418556272983551;0.01418556272983551;0.7304004430770874;0.0;1.267707109451294;2.5532360076904297;1.267707109451294;0.0
0.014279365539550781;0.014279365539550781;0.9970599412918091;0.0;1.2718487977981567;2.3700201511383057;1.2718487977981567;0.0
0.014305323362350464;0.014305323362350464;0.8871472477912903;0.0;1.2721788883209229;1.2721788883209229;1.2765322923660278;0.0
0.014447316527366638;0.014447316527366638;0.9690909385681152;0.0;1.2919350862503052;2.539991617202759;1.2919350862503052;0.0
0.014472723007202148;0.014472723007202148;0.5977609157562256;0.0;1.2984973192214966;1.2984973192214966;1.320047378540039;0.0
0.014536142349243164;0.014536142349243164;0.9917205572128296;0.0;1.3044023513793945;1.571988582611084;1.3044023513793945;0.0
0.01462794840335846;0.01462794840335846;0.7341408133506775;0.0;1.305389642715454;2.3727188110351562;1.305389642715454;0.0
0.014692723751068115;0.014692723751068115;0.999203085899353;0.0;1.307257890701294;2.4734113216400146;1.307257890701294;0.0
0.014752168208360672;0.014752168208360672;0.9927145838737488;0.0;1.3135206699371338;2.142066717147827;1.3135206699371338;0.0
0.014759361743927002;0.014759361743927002;0.9915161728858948;0.0;1.3135619163513184;2.7894692420959473;1.3135619163513184;0.0
0.014759764075279236;0.014759764075279236;0.8561297059059143;0.0;1.313637137413025;3.5054116249084473;1.313637137413025;0.0
0.014961954206228256;0.014961954206228256;0.9598814845085144;0.0;1.3205550909042358;1.5501292943954468;1.3205550909042358;0.0
0.014981895685195923;0.014981895685195923;0.653468906879425;0.0;1.3233989477157593;2.140571117401123;1.3233989477157593;0.0
0.014985918998718262;0.014985918998718262;0.9921950697898865;0.0;1.3319480419158936;1.5075578689575195;1.3319480419158936;0.0
0.015097558498382568;0.015097558498382568;0.9928620457649231;0.0;1.3421190977096558;1.6143667697906494;1.3421190977096558;0.0
0.015404224395751953;0.015404224395751953;0.9734925627708435;0.0;1.342604398727417;2.591047525405884;1.342604398727417;0.0
0.01540672779083252;0.01540672779083252;0.9928540587425232;0.0;1.3504389524459839;3.0672712326049805;1.3504389524459839;0.0
0.015753477811813354;0.015753477811813354;0.701574981212616;0.0;1.3653818368911743;2.32063627243042;1.3653818368911743;0.0
0.015793144702911377;0.015793144702911377;0.9871988892555237;0.0;1.3677494525909424;2.256067991256714;1.3677494525909424;0.0
0.01587572693824768;0.01587572693824768;0.8918189406394958;0.0;1.3700833320617676;1.7510648965835571;1.3700833320617676;0.0
0.01609817147254944;0.01609817147254944;0.8910599946975708;0.0;1.373565673828125;1.6905206441879272;1.373565673828125;0.0
0.016164124011993408;0.016164124011993408;0.7474152445793152;0.0;1.3779442310333252;2.5595312118530273;1.3779442310333252;0.0
0.0165671706199646;0.0165671706199646;0.9476844668388367;0.0;1.3831120729446411;1.6775661706924438;1.3831120729446411;0.0
0.01666438579559326;0.01666438579559326;0.925351619720459;0.0;1.389322280883789;1.5397614240646362;1.389322280883789;0.0
0.016858384013175964;0.016858384013175964;0.7288564443588257;0.0;1.3924338817596436;1.7957860231399536;1.3924338817596436;0.0
0.01703988015651703;0.01703988015651703;0.8929195404052734;0.0;1.3943818807601929;2.6882073879241943;1.3943818807601929;0.0
0.017063170671463013;0.017063170671463013;0.9829421043395996;0.0;1.4029793739318848;1.6622340679168701;1.4029793739318848;0.0
0.017139911651611328;0.017139911651611328;0.9992878437042236;0.0;1.4035933017730713;1.9158294200897217;1.4035933017730713;0.0
0.017190977931022644;0.017190977931022644;0.9441497921943665;0.0;1.4057117700576782;2.6898138523101807;1.4057117700576782;0.0
0.01726469397544861;0.01726469397544861;0.9949204921722412;0.0;1.422526240348816;3.8109498023986816;1.422526240348816;0.0
0.01740235462784767;0.01740235462784767;0.6889556646347046;0.0;1.430275321006775;2.4604389667510986;1.430275321006775;0.0
0.01751124858856201;0.01751124858856201;0.742794394493103;0.0;1.4410343170166016;1.853263020515442;1.4410343170166016;0.0
0.01751333475112915;0.01751333475112915;0.9930803179740906;0.0;1.4545294046401978;2.1020724773406982;1.4545294046401978;0.0
0.017555296421051025;0.017555296421051025;0.9886189699172974;0.0;1.458606243133545;2.0418100357055664;1.458606243133545;0.0
0.017719566822052002;0.017719566822052002;0.982298731803894;0.0;1.460482120513916;1.7434028387069702;1.460482120513916;0.0
0.017734825611114502;0.017734825611114502;0.9743398427963257;0.0;1.4825408458709717;1.6324797868728638;1.4825408458709717;0.0
0.017750918865203857;0.017750918865203857;0.7492274045944214;0.0;1.4874829053878784;1.9340214729309082;1.4874829053878784;0.0
0.017825186252593994;0.017825186252593994;0.9630997180938721;0.0;1.4985729455947876;2.570307493209839;1.4985729455947876;0.0
0.017977237701416016;0.017977237701416016;0.7409312129020691;0.0;1.501859426498413;2.9588265419006348;1.501859426498413;0.0
0.018070727586746216;0.018070727586746216;0.9494904279708862;0.0;1.5042799711227417;1.5685075521469116;1.5042799711227417;0.0
0.01854732632637024;0.01854732632637024;0.9992746114730835;0.0;1.5441310405731201;1.640792965888977;1.5441310405731201;0.0
0.018623292446136475;0.018623292446136475;0.9615030288696289;0.0;1.5493510961532593;2.6851112842559814;1.5493510961532593;0.0
0.01872044801712036;0.01872044801712036;0.878502368927002;0.0;1.551807165145874;2.195524215698242;1.551807165145874;0.0
0.018765926361083984;0.018765926361083984;0.8484064340591431;0.0;1.5571106672286987;2.5329065322875977;1.5571106672286987;0.0
0.01927417516708374;0.01927417516708374;0.8008043169975281;0.0;1.5600857734680176;3.1077165603637695;1.5600857734680176;0.0
0.019381865859031677;0.019381865859031677;0.967447817325592;0.0;1.576389193534851;1.8746113777160645;1.576389193534851;0.0
0.01999044418334961;0.01999044418334961;0.7714431285858154;0.0;1.5920424461364746;2.1155550479888916;1.5920424461364746;0.0
0.020007312297821045;0.020007312297821045;0.9576582312583923;0.0;1.618227243423462;1.866336464881897;1.618227243423462;0.0
0.02012518048286438;0.02012518048286438;0.8611666560173035;0.0;1.6208559274673462;3.421863317489624;1.6208559274673462;0.0
0.02019280195236206;0.02019280195236206;0.7046093940734863;0.0;1.6492998600006104;2.8400943279266357;1.6492998600006104;0.0
0.020195305347442627;0.020195305347442627;0.9091446995735168;0.0;1.6761136054992676;2.314145088195801;1.6761136054992676;0.0
0.020319700241088867;0.020319700241088867;0.9832162261009216;0.0;1.717237114906311;1.7518113851547241;1.717237114906311;0.0
0.020518958568572998;0.020518958568572998;0.9950268268585205;0.0;1.7373497486114502;2.1667938232421875;1.7373497486114502;0.0
0.021077841520309448;0.021077841520309448;0.955549418926239;0.0;1.7523761987686157;2.578119993209839;1.7523761987686157;0.0
0.021222248673439026;0.021222248673439026;0.9716342091560364;0.0;1.8159635066986084;2.188986301422119;1.8159635066986084;0.0
0.02123945951461792;0.02123945951461792;0.9766988754272461;0.0;1.8451734781265259;3.6520087718963623;1.8451734781265259;0.0
0.021345466375350952;0.021345466375350952;0.9178054332733154;0.0;1.8622719049453735;2.3980162143707275;1.8622719049453735;0.0
0.021792829036712646;0.021792829036712646;0.999139130115509;0.0;1.9029576778411865;3.8278486728668213;1.9029576778411865;0.0
0.02192366123199463;0.02192366123199463;0.987632155418396;0.0;1.9269002676010132;3.314908742904663;1.9269002676010132;0.0
0.022117048501968384;0.022117048501968384;0.7996751666069031;0.0;1.9907060861587524;2.7188336849212646;1.9907060861587524;0.0
0.023046255111694336;0.023046255111694336;0.8470209240913391;0.0;2.008228063583374;2.9063737392425537;2.008228063583374;0.0
0.02327755093574524;0.02327755093574524;0.8852698802947998;0.0;2.071817398071289;4.801916122436523;2.071817398071289;0.0
0.023403778672218323;0.023403778672218323;0.9900122880935669;0.0;2.082463502883911;4.065145492553711;2.082463502883911;0.0
0.023698478937149048;0.023698478937149048;0.9712335467338562;0.0;2.092742443084717;2.8220856189727783;2.092742443084717;0.0
0.02401648461818695;0.02401648461818695;0.9736385941505432;0.0;2.1376466751098633;3.4559075832366943;2.1376466751098633;0.0
0.024039626121520996;0.024039626121520996;0.9370596408843994;0.0;2.1918444633483887;2.708059549331665;2.1918444633483887;0.0
0.024334073066711426;0.024334073066711426;0.9723939895629883;0.0;2.253706216812134;2.7715818881988525;2.253706216812134;0.0
0.024374663829803467;0.024374663829803467;0.885934054851532;0.0;2.360241413116455;3.922797203063965;2.360241413116455;0.0
0.025632023811340332;0.025632023811340332;0.9904921054840088;0.0;2.3833773136138916;2.555593729019165;2.3833773136138916;0.0
0.02654680609703064;0.02654680609703064;0.9137863516807556;0.0;2.4697399139404297;3.434638023376465;2.4697399139404297;0.0
0.026773884892463684;0.026773884892463684;0.9515308141708374;0.0;2.4785842895507812;2.8147950172424316;2.4785842895507812;0.0
0.026868760585784912;0.026868760585784912;0.9924748539924622;0.0;2.6040523052215576;3.750539541244507;2.6040523052215576;0.0
0.034376442432403564;0.034376442432403564;0.9668602347373962;0.0;2.661841869354248;4.532388210296631;2.661841869354248;0.0
0.03824317455291748;0.03824317455291748;0.9991722106933594;0.0;2.7541146278381348;5.132070541381836;2.7541146278381348;0.0
0.04369229078292847;0.04369229078292847;0.9198200106620789;0.0;3.6835875511169434;3.6835875511169434;4.52243709564209;0.0
0.06297722458839417;0.06297722458839417;0.9992475509643555;0.0;9.684712409973145;4.529209613800049;9.684712409973145;0.0
