inf-norm-min-adv-dist;inf-norm-PGD-dist;inf-norm-sec-att-dist;inf-norm-Clever-0.0-samples;2-norm-min-adv-dist;2-norm-PGD-dist;2-norm-sec-att-dist;2-norm-Clever-0.0-samples
0.0;0.0;0.0;0.0;0.0;0.0;0.0;0.0
0.0;0.0;0.0;0.0;0.0;0.0;0.0;0.0
0.0;0.0;0.0;0.0;0.0;0.0;0.0;0.0
0.0;0.0;0.0;0.0;0.0;0.0;0.0;0.0
0.0;0.0;0.0;0.0;0.0;0.0;0.0;0.0
0.0;0.0;0.0;0.0;0.0;0.0;0.0;0.0
0.0;0.0;0.0;0.0;0.0;0.0;0.0;0.0
0.0;0.0;0.0;0.0;0.0;0.0;0.0;0.0
0.0;0.0;0.0;0.0;0.0;0.0;0.0;0.0
0.0;0.0;0.0;0.0;0.0;0.0;0.0;0.0
0.0;0.0;0.0;0.0;0.0;0.0;0.0;0.0
0.0;0.0;0.0;0.0;0.0;0.0;0.0;0.0
0.0;0.0;0.0;0.0;0.0;0.0;0.0;0.0
0.0;0.0;0.0;0.0;0.0;0.0;0.0;0.0
0.0;0.0;0.0;0.0;0.0;0.0;0.0;0.0
0.0;0.0;0.0;0.0;0.0;0.0;0.0;0.0
0.0;0.0;0.0;0.0;0.0;0.0;0.0;0.0
0.0;0.0;0.0;0.0;0.0;0.0;0.0;0.0
0.0;0.0;0.0;0.0;0.0;0.0;0.0;0.0
0.0;0.0;0.0;0.0;0.0;0.0;0.0;0.0
0.0;0.0;0.0;0.0;0.0;0.0;0.0;0.0
0.0;0.0;0.0;0.0;0.0;0.0;0.0;0.0
0.0;0.0;0.0;0.0;0.0;0.0;0.0;0.0
0.0;0.0;0.0;0.0;0.0;0.0;0.0;0.0
0.0;0.0;0.0;0.0;0.0;0.0;0.0;0.0
0.0;0.0;0.0;0.0;0.0;0.0;0.0;0.0
0.0;0.0;0.0;0.0;0.0;0.0;0.0;0.0
0.0;0.0;0.0;0.0;0.0;0.0;0.0;0.0
0.0;0.0;0.0;0.0;0.0;0.0;0.0;0.0
0.0;0.0;0.0;0.0;0.0;0.0;0.0;0.0
0.0;0.0;0.0;0.0;0.0;0.0;0.0;0.0
0.0;0.0;0.0;0.0;0.0;0.0;0.0;0.0
0.0;0.0;0.0;0.0;0.0;0.0;0.0;0.0
0.0;0.0;0.0;0.0;0.0;0.0;0.0;0.0
0.0;0.0;0.0;0.0;0.0;0.0;0.0;0.0
0.0;0.0;0.0;0.0;0.0;0.0;0.0;0.0
0.0;0.0;0.0;0.0;0.0;0.0;0.0;0.0
0.0;0.0;0.0;0.0;0.0;0.0;0.0;0.0
0.0;0.0;0.0;0.0;0.0;0.0;0.0;0.0
0.0;0.0;0.0;0.0;0.0;0.0;0.0;0.0
0.0;0.0;0.0;0.0;0.0;0.0;0.0;0.0
0.0;0.0;0.0;0.0;0.0;0.0;0.0;0.0
0.0;0.0;0.0;0.0;0.0;0.0;0.0;0.0
0.0;0.0;0.0;0.0;0.0;0.0;0.0;0.0
0.0;0.0;0.0;0.0;0.0;0.0;0.0;0.0
0.0;0.0;0.0;0.0;0.0;0.0;0.0;0.0
0.0;0.0;0.0;0.0;0.0;0.0;0.0;0.0
0.0;0.0;0.0;0.0;0.0;0.0;0.0;0.0
0.0;0.0;0.0;0.0;0.0;0.0;0.0;0.0
0.0;0.0;0.0;0.0;0.0;0.0;0.0;0.0
0.0;0.0;0.0;0.0;0.0;0.0;0.0;0.0
0.0;0.0;0.0;0.0;0.0;0.0;0.0;0.0
0.0;0.0;0.0;0.0;0.0;0.0;0.0;0.0
0.0;0.0;0.0;0.0;0.0;0.0;0.0;0.0
0.0;0.0;0.0;0.0;0.0;0.0;0.0;0.0
0.0;0.0;0.0;0.0;0.0;0.0;0.0;0.0
0.0;0.0;0.0;0.0;0.0;0.0;0.0;0.0
0.0;0.0;0.0;0.0;0.0;0.0;0.0;0.0
0.0;0.0;0.0;0.0;0.0;0.0;0.0;0.0
0.0;0.0;0.0;0.0;0.0;0.0;0.0;0.0
0.0;0.0;0.0;0.0;0.0;0.0;0.0;0.0
0.0;0.0;0.0;0.0;0.0;0.0;0.0;0.0
0.0;0.0;0.0;0.0;0.0;0.0;0.0;0.0
0.0;0.0;0.0;0.0;0.0;0.0;0.0;0.0
0.0;0.0;0.0;0.0;0.0;0.0;0.0;0.0
0.0;0.0;0.0;0.0;0.0;0.0;0.0;0.0
0.0;0.0;0.0;0.0;0.0;0.0;0.0;0.0
0.0;0.0;0.0;0.0;0.0;0.0;0.0;0.0
0.0;0.0;0.0;0.0;0.0;0.0;0.0;0.0
0.0;0.0;0.0;0.0;0.0;0.0;0.0;0.0
0.0;0.0;0.0;0.0;0.0;0.0;0.0;0.0
0.0;0.0;0.0;0.0;0.0;0.0;0.0;0.0
0.0;0.0;0.0;0.0;0.0;0.0;0.0;0.0
0.0;0.0;0.0;0.0;0.0;0.0;0.0;0.0
0.0;0.0;0.0;0.0;0.0;0.0;0.0;0.0
0.0;0.0;0.0;0.0;0.0;0.0;0.0;0.0
0.0;0.0;0.0;0.0;0.0;0.0;0.0;0.0
0.0;0.0;0.0;0.0;0.0;0.0;0.0;0.0
0.0;0.0;0.0;0.0;0.0;0.0;0.0;0.0
0.0;0.0;0.0;0.0;0.0;0.0;0.0;0.0
0.0;0.0;0.0;0.0;0.0;0.0;0.0;0.0
0.0;0.0;0.0;0.0;0.0;0.0;0.0;0.0
0.0;0.0;0.0;0.0;0.0;0.0;0.0;0.0
0.0;0.0;0.0;0.0;0.0;0.0;0.0;0.0
0.0;0.0;0.0;0.0;0.0;0.0;0.0;0.0
0.0;0.0;0.0;0.0;0.0;0.0;0.0;0.0
0.0;0.0;0.0;0.0;0.0;0.0;0.0;0.0
0.0;0.0;0.0;0.0;0.0;0.0;0.0;0.0
0.0;0.0;0.0;0.0;0.0;0.0;0.0;0.0
0.0;0.0;0.0;0.0;0.0;0.0;0.0;0.0
0.0;0.0;0.0;0.0;0.0;0.0;0.0;0.0
0.0;0.0;0.0;0.0;0.0;0.0;0.0;0.0
0.0;0.0;0.0;0.0;0.0;0.0;0.0;0.0
0.0;0.0;0.0;0.0;0.0;0.0;0.0;0.0
0.0;0.0;0.0;0.0;0.0;0.0;0.0;0.0
0.0;0.0;0.0;0.0;0.0;0.0;0.0;0.0
0.0;0.0;0.0;0.0;0.0;0.0;0.0;0.0
0.0;0.0;0.0;0.0;0.0;0.0;0.0;0.0
0.0;0.0;0.0;0.0;0.0;0.0;0.0;0.0
0.0;0.0;0.0;0.0;0.0;0.0;0.0;0.0
0.0;0.0;0.0;0.0;0.0;0.0;0.0;0.0
0.0;0.0;0.0;0.0;0.0;0.0;0.0;0.0
0.0;0.0;0.0;0.0;0.0;0.0;0.0;0.0
0.0;0.0;0.0;0.0;0.0;0.0;0.0;0.0
0.0;0.0;0.0;0.0;0.0;0.0;0.0;0.0
0.0;0.0;0.0;0.0;0.0;0.0;0.0;0.0
0.0;0.0;0.0;0.0;0.0;0.0;0.0;0.0
0.0;0.0;0.0;0.0;0.0;0.0;0.0;0.0
0.0;0.0;0.0;0.0;0.0;0.0;0.0;0.0
0.0;0.0;0.0;0.0;0.0;0.0;0.0;0.0
0.0;0.0;0.0;0.0;0.0;0.0;0.0;0.0
0.0;0.0;0.0;0.0;0.0;0.0;0.0;0.0
0.0;0.0;0.0;0.0;0.0;0.0;0.0;0.0
0.0;0.0;0.0;0.0;0.0;0.0;0.0;0.0
0.0;0.0;0.0;0.0;0.0;0.0;0.0;0.0
0.0;0.0;0.0;0.0;0.0;0.0;0.0;0.0
0.0;0.0;0.0;0.0;0.0;0.0;0.0;0.0
0.0;0.0;0.0;0.0;0.0;0.0;0.0;0.0
3.4868717193603516e-06;0.00010001659393310547;3.4868717193603516e-06;0.0;0.009861299768090248;0.009861299768090248;0.10207302123308182;0.0
2.2493302822113037e-05;0.00010001659393310547;2.2493302822113037e-05;0.0;0.00999806635081768;0.00999806635081768;0.14224869012832642;0.0
3.1261381082003936e-05;0.00010001659393310547;3.1261381082003936e-05;0.0;0.009999840520322323;0.009999840520322323;0.2237076610326767;0.0
6.312131881713867e-05;0.00010001659393310547;6.312131881713867e-05;0.0;0.009999926201999187;0.009999926201999187;0.0868847593665123;0.0
6.712772301398218e-05;0.00010001659393310547;6.712772301398218e-05;0.0;0.009999996982514858;0.009999996982514858;0.16772949695587158;0.0
8.124113082885742e-05;0.00010001659393310547;8.124113082885742e-05;0.0;0.010000012814998627;0.010000012814998627;0.12038829922676086;0.0
8.29547643661499e-05;0.00010001659393310547;8.29547643661499e-05;0.0;0.0172780342400074;0.0172780342400074;0.13375480473041534;0.0
8.976459503173828e-05;0.00010001659393310547;8.976459503173828e-05;0.0;0.01729009300470352;0.01729009300470352;0.2835421860218048;0.0
9.590387344360352e-05;0.00010001659393310547;9.590387344360352e-05;0.0;0.017303047701716423;0.017303047701716423;0.17676039040088654;0.0
0.00010001659393310547;0.00010001659393310547;0.00014507770538330078;0.0;0.017306113615632057;0.017306113615632057;0.11147089302539825;0.0
0.00010001659393310547;0.00010001659393310547;0.00010126526467502117;0.0;0.01731024868786335;0.01731024868786335;0.1975277066230774;0.0
0.00010001659393310547;0.00010001659393310547;0.00010347366333007812;0.0;0.024373024702072144;0.024373024702072144;0.1560634821653366;0.0
0.00010001659393310547;0.00010001659393310547;0.0001233816146850586;0.0;0.02441198192536831;0.02441198192536831;0.16009840369224548;0.0
0.00010001659393310547;0.00010001659393310547;0.0001431838609278202;0.0;0.024428265169262886;0.024428265169262886;0.21990588307380676;0.0
0.00012543797492980957;0.00020003318786621094;0.00012543797492980957;0.0;0.024452948942780495;0.024452948942780495;0.24005097150802612;0.0
0.00018420466221868992;0.00020003318786621094;0.00018420466221868992;0.0;0.03147781267762184;0.03147781267762184;0.2708275318145752;0.0
0.00018706917762756348;0.00020003318786621094;0.00018706917762756348;0.0;0.03149024769663811;0.03149024769663811;0.19573400914669037;0.0
0.00020003318786621094;0.00020003318786621094;0.0002811569720506668;0.0;0.03149031847715378;0.03149031847715378;0.22162076830863953;0.0
0.00020003318786621094;0.00020003318786621094;0.0002563777088653296;0.0;0.03150252625346184;0.03150252625346184;0.2154030054807663;0.0
0.00020003318786621094;0.00020003318786621094;0.0002822950482368469;0.0;0.03150321915745735;0.03150321915745735;0.15015406906604767;0.0
0.00020003318786621094;0.00020003318786621094;0.00023317337036132812;0.0;0.03155722841620445;0.03155722841620445;0.1482940912246704;0.0
0.00020003318786621094;0.00020003318786621094;0.0002661431208252907;0.0;0.038380593061447144;0.038380593061447144;0.21452341973781586;0.0
0.0002823849208652973;0.0003000497817993164;0.0002823849208652973;0.0;0.03839721903204918;0.03839721903204918;0.25463148951530457;0.0
0.0002873409539461136;0.0003000497817993164;0.0002873409539461136;0.0;0.038463044911623;0.038463044911623;0.16992764174938202;0.0
0.0002962648868560791;0.0003000497817993164;0.0002962648868560791;0.0;0.038518086075782776;0.038518086075782776;0.12168912589550018;0.0
0.0003000497817993164;0.0003000497817993164;0.0003928123041987419;0.0;0.03853166848421097;0.03853166848421097;0.24675220251083374;0.0
0.0003000497817993164;0.0003000497817993164;0.0003821365535259247;0.0;0.043786000460386276;0.043786000460386276;0.18921200931072235;0.0
0.0003000497817993164;0.0003000497817993164;0.00044901855289936066;0.0;0.04527255892753601;0.04527255892753601;0.16708624362945557;0.0
0.0003000497817993164;0.0003000497817993164;0.00039374828338623047;0.0;0.0453796423971653;0.0453796423971653;0.2229074239730835;0.0
0.0003000497817993164;0.0003000497817993164;0.00033116526901721954;0.0;0.04550427198410034;0.04550427198410034;0.16244517266750336;0.0
0.0003000497817993164;0.0003000497817993164;0.00035566091537475586;0.0;0.045589201152324677;0.045589201152324677;0.32787397503852844;0.0
0.0003000497817993164;0.0003000497817993164;0.00038439035415649414;0.0;0.046491555869579315;0.046491555869579315;0.1259317845106125;0.0
0.0003000497817993164;0.0003000497817993164;0.0003650784492492676;0.0;0.05215553939342499;0.05215553939342499;0.1771870106458664;0.0
0.0003000497817993164;0.0003000497817993164;0.000308990478515625;0.0;0.05255524069070816;0.05255524069070816;0.1892576813697815;0.0
0.0003616809844970703;0.0004000663757324219;0.0003616809844970703;0.0;0.05263316631317139;0.05263316631317139;0.3586313724517822;0.0
0.0003997301682829857;0.0004000663757324219;0.0003997301682829857;0.0;0.05861545726656914;0.05861545726656914;0.21389690041542053;0.0
0.0004000663757324219;0.0004000663757324219;0.0005560219287872314;0.0;0.058670952916145325;0.058670952916145325;0.19420960545539856;0.0
0.0004000663757324219;0.0004000663757324219;0.0005088448524475098;0.0;0.058988265693187714;0.058988265693187714;0.3314739167690277;0.0
0.0004000663757324219;0.0004000663757324219;0.000572805292904377;0.0;0.05910675972700119;0.05910675972700119;0.32683995366096497;0.0
0.0004000663757324219;0.0004000663757324219;0.0005912631750106812;0.0;0.0592128187417984;0.0592128187417984;0.21216045320034027;0.0
0.0004000663757324219;0.0004000663757324219;0.000599980354309082;0.0;0.05945119634270668;0.05945119634270668;0.2049696147441864;0.0
0.0004000663757324219;0.0004000663757324219;0.000547187402844429;0.0;0.05953492224216461;0.05953492224216461;0.19127951562404633;0.0
0.0004000663757324219;0.0004000663757324219;0.0004062950611114502;0.0;0.06594067811965942;0.06594067811965942;0.2055124193429947;0.0
0.0004000663757324219;0.0004000663757324219;0.0006534159183502197;0.0;0.06612036377191544;0.06612036377191544;0.21902994811534882;0.0
0.0004000663757324219;0.0004000663757324219;0.00045682117342948914;0.0;0.0664520189166069;0.0664520189166069;0.2639867663383484;0.0
0.0004000663757324219;0.0004000663757324219;0.0005424576811492443;0.0;0.06654927879571915;0.06654927879571915;0.17113015055656433;0.0
0.0004000663757324219;0.0004000663757324219;0.0005289525724947453;0.0;0.07129549980163574;0.07129549980163574;0.19226859509944916;0.0
0.0004000663757324219;0.0004000663757324219;0.0004729628562927246;0.0;0.072654128074646;0.072654128074646;0.18606515228748322;0.0
0.0004000663757324219;0.0004000663757324219;0.0005192160606384277;0.0;0.07292307913303375;0.07292307913303375;0.33445990085601807;0.0
0.00046605244278907776;0.0005000829696655273;0.00046605244278907776;0.0;0.07296284288167953;0.07296284288167953;0.19570784270763397;0.0
0.0005000829696655273;0.0005000829696655273;0.0005112439393997192;0.0;0.07298044115304947;0.07298044115304947;0.19151626527309418;0.0
0.0005000829696655273;0.0005000829696655273;0.0006455183029174805;0.0;0.07312430441379547;0.07312430441379547;0.178238645195961;0.0
0.0005000829696655273;0.0005000829696655273;0.0006544589996337891;0.0;0.07317415624856949;0.07317415624856949;0.16903823614120483;0.0
0.0005000829696655273;0.0005000829696655273;0.0007870364934206009;0.0;0.07323061674833298;0.07323061674833298;0.3439061939716339;0.0
0.0005000829696655273;0.0005000829696655273;0.0005539655685424805;0.0;0.07931654900312424;0.07931654900312424;0.17307862639427185;0.0
0.0005000829696655273;0.0005000829696655273;0.0007988074794411659;0.0;0.07950682193040848;0.07950682193040848;0.22408846020698547;0.0
0.0005000829696655273;0.0005000829696655273;0.0009274929761886597;0.0;0.07982687652111053;0.07982687652111053;0.22206713259220123;0.0
0.0005000829696655273;0.0005000829696655273;0.0006046295166015625;0.0;0.07999033480882645;0.07999033480882645;0.17954519391059875;0.0
0.0005000829696655273;0.0005000829696655273;0.0008117258548736572;0.0;0.08015785366296768;0.08015785366296768;0.24490411579608917;0.0
0.0005000829696655273;0.0005000829696655273;0.0006612241268157959;0.0;0.08041920512914658;0.08041920512914658;0.2212153524160385;0.0
0.0005000829696655273;0.0005000829696655273;0.0005095005035400391;0.0;0.08533111214637756;0.08533111214637756;0.7930161952972412;0.0
0.0005000829696655273;0.0005000829696655273;0.0007584691047668457;0.0;0.08623676002025604;0.08623676002025604;0.2968721091747284;0.0
0.0006000995635986328;0.0006000995635986328;0.000855863094329834;0.0;0.08663785457611084;0.08663785457611084;0.1633843034505844;0.0
0.0006000995635986328;0.0006000995635986328;0.0007162019610404968;0.0;0.08691968768835068;0.08691968768835068;0.17515265941619873;0.0
0.0006000995635986328;0.0006000995635986328;0.0008037146180868149;0.0;0.08704234659671783;0.08704234659671783;0.2895835041999817;0.0
0.0006000995635986328;0.0006000995635986328;0.0009324252605438232;0.0;0.08715762943029404;0.08715762943029404;0.24409466981887817;0.0
0.0006000995635986328;0.0006000995635986328;0.0009577274322509766;0.0;0.09343639016151428;0.09343639016151428;0.3074552118778229;0.0
0.0006000995635986328;0.0006000995635986328;0.0007288455963134766;0.0;0.09411075711250305;0.09411075711250305;0.24147483706474304;0.0
0.0006000995635986328;0.0006000995635986328;0.0007275640964508057;0.0;0.09437787532806396;0.09437787532806396;0.2001359760761261;0.0
0.0006000995635986328;0.0006000995635986328;0.0009818319231271744;0.0;0.09447876363992691;0.09447876363992691;0.20811229944229126;0.0
0.0006000995635986328;0.0006000995635986328;0.0007462501525878906;0.0;0.09909629076719284;0.09909629076719284;0.22365689277648926;0.0
0.0006000995635986328;0.0006000995635986328;0.0006306767463684082;0.0;0.09996575862169266;0.09996575862169266;0.27291175723075867;0.0
0.0006000995635986328;0.0006000995635986328;0.0007942914962768555;0.0;0.10011674463748932;0.10011674463748932;0.2448558807373047;0.0
0.0006000995635986328;0.0006000995635986328;0.0009837206453084946;0.0;0.10016446560621262;0.10016446560621262;0.31040406227111816;0.0
0.0006000995635986328;0.0006000995635986328;0.0007314085960388184;0.0;0.10103946924209595;0.10103946924209595;0.2581387758255005;0.0
0.0006000995635986328;0.0006000995635986328;0.0010258089751005173;0.0;0.10105247050523758;0.10105247050523758;0.21426893770694733;0.0
0.0006000995635986328;0.0006000995635986328;0.0008484646677970886;0.0;0.10105537623167038;0.10105537623167038;0.2759573459625244;0.0
0.0006368756294250488;0.0007001161575317383;0.0006368756294250488;0.0;0.10312074422836304;0.10312074422836304;0.23868858814239502;0.0
0.0007001161575317383;0.0007001161575317383;0.0011422038078308105;0.0;0.10382939130067825;0.10382939130067825;0.17622047662734985;0.0
0.0007001161575317383;0.0007001161575317383;0.0009791776537895203;0.0;0.10466630011796951;0.10466630011796951;0.30059942603111267;0.0
0.0007001161575317383;0.0007001161575317383;0.0013686995953321457;0.0;0.1047373116016388;0.1047373116016388;0.3345889449119568;0.0
0.0007001161575317383;0.0007001161575317383;0.0010149478912353516;0.0;0.10508628189563751;0.10508628189563751;0.25629156827926636;0.0
0.0007001161575317383;0.0007001161575317383;0.0009632781147956848;0.0;0.10539743304252625;0.10539743304252625;0.22067752480506897;0.0
0.0007001161575317383;0.0007001161575317383;0.0010733455419540405;0.0;0.10663255304098129;0.10663255304098129;0.2760786712169647;0.0
0.0007001161575317383;0.0007001161575317383;0.001047106459736824;0.0;0.10795702785253525;0.10795702785253525;0.21114002168178558;0.0
0.0007001161575317383;0.0007001161575317383;0.0010214447975158691;0.0;0.10884871333837509;0.10884871333837509;0.848242461681366;0.0
0.0007001161575317383;0.0007001161575317383;0.0008551478385925293;0.0;0.11014801263809204;0.11014801263809204;0.18382707238197327;0.0
0.0007001161575317383;0.0007001161575317383;0.0010356754064559937;0.0;0.11099399626255035;0.11099399626255035;0.2417091429233551;0.0
0.0007001161575317383;0.0007001161575317383;0.0012578237801790237;0.0;0.11110085994005203;0.11110085994005203;0.21062374114990234;0.0
0.0007001161575317383;0.0007001161575317383;0.0008292943239212036;0.0;0.11206615716218948;0.11206615716218948;0.28786543011665344;0.0
0.0007001161575317383;0.0007001161575317383;0.0010508131235837936;0.0;0.11245804280042648;0.11245804280042648;0.26247483491897583;0.0
0.0007001161575317383;0.0007001161575317383;0.001155618578195572;0.0;0.11294593662023544;0.11294593662023544;0.35396474599838257;0.0
0.0008001327514648438;0.0008001327514648438;0.0012895762920379639;0.0;0.11364960670471191;0.11364960670471191;0.33720478415489197;0.0
0.0008001327514648438;0.0008001327514648438;0.0011864900588989258;0.0;0.1140187457203865;0.1140187457203865;0.29985707998275757;0.0
0.0008001327514648438;0.0008001327514648438;0.0015533976256847382;0.0;0.11464966088533401;0.11464966088533401;0.26670780777931213;0.0
0.0008001327514648438;0.0008001327514648438;0.0009346529841423035;0.0;0.11468608677387238;0.11468608677387238;0.4536583423614502;0.0
0.0008001327514648438;0.0008001327514648438;0.0010837763547897339;0.0;0.11526329070329666;0.11526329070329666;0.3084507882595062;0.0
0.0008001327514648438;0.0008001327514648438;0.0009456388652324677;0.0;0.11536846309900284;0.11536846309900284;0.18306076526641846;0.0
0.0008001327514648438;0.0008001327514648438;0.001157522201538086;0.0;0.11716262996196747;0.11716262996196747;0.2278018444776535;0.0
0.0008001327514648438;0.0008001327514648438;0.0014828164130449295;0.0;0.11905595660209656;0.11905595660209656;0.3496157228946686;0.0
0.0008001327514648438;0.0008001327514648438;0.0012151747941970825;0.0;0.11960593611001968;0.11960593611001968;0.2625497877597809;0.0
0.0008001327514648438;0.0008001327514648438;0.0014277659356594086;0.0;0.12065894901752472;0.12065894901752472;0.27809110283851624;0.0
0.0008001327514648438;0.0008001327514648438;0.0012473240494728088;0.0;0.12211605906486511;0.12211605906486511;0.2031102478504181;0.0
0.0008001327514648438;0.0008001327514648438;0.0011317580938339233;0.0;0.12459512799978256;0.12459512799978256;0.34794771671295166;0.0
0.0008001327514648438;0.0008001327514648438;0.0009016692638397217;0.0;0.1257045716047287;0.1257045716047287;0.2328559160232544;0.0
0.0009001493453979492;0.0009001493453979492;0.0018527284264564514;0.0;0.12876935303211212;0.12876935303211212;0.3362559676170349;0.0
0.0009001493453979492;0.0009001493453979492;0.0016080784844234586;0.0;0.13210336863994598;0.13210336863994598;0.18413518369197845;0.0
0.0009001493453979492;0.0009001493453979492;0.0012802109122276306;0.0;0.13349148631095886;0.13349148631095886;0.2486986219882965;0.0
0.0009001493453979492;0.0009001493453979492;0.0014277230948209763;0.0;0.13389302790164948;0.13389302790164948;0.2697368264198303;0.0
0.0009001493453979492;0.0009001493453979492;0.0013323426246643066;0.0;0.1341591775417328;0.1341591775417328;0.31522148847579956;0.0
0.0009001493453979492;0.0009001493453979492;0.001408696174621582;0.0;0.13625790178775787;0.13625790178775787;0.31646791100502014;0.0
0.0009001493453979492;0.0009001493453979492;0.0015353938797488809;0.0;0.1391887217760086;0.1391887217760086;0.2603054940700531;0.0
0.0009001493453979492;0.0009001493453979492;0.0012731030583381653;0.0;0.13943728804588318;0.13943728804588318;0.3164684772491455;0.0
0.0009001493453979492;0.0009001493453979492;0.0010529831051826477;0.0;0.14100316166877747;0.14100316166877747;0.3048107624053955;0.0
0.0009001493453979492;0.0009001493453979492;0.0013884902000427246;0.0;0.141200453042984;0.141200453042984;0.351091206073761;0.0
0.0009001493453979492;0.0009001493453979492;0.0009689964354038239;0.0;0.14595280587673187;0.14595280587673187;0.28820735216140747;0.0
0.0009001493453979492;0.0009001493453979492;0.001809384673833847;0.0;0.14666657149791718;0.14666657149791718;0.3542802035808563;0.0
0.0009001493453979492;0.0009001493453979492;0.0012279748916625977;0.0;0.14677442610263824;0.14677442610263824;0.3309014141559601;0.0
0.0009001493453979492;0.0009001493453979492;0.0013325400650501251;0.0;0.14739611744880676;0.14739611744880676;0.3570489287376404;0.0
0.0009001493453979492;0.0009001493453979492;0.0014105439186096191;0.0;0.14746931195259094;0.14746931195259094;0.31077638268470764;0.0
0.0010001659393310547;0.0010001659393310547;0.002043355256319046;0.0;0.14771535992622375;0.14771535992622375;0.32627004384994507;0.0
0.0010001659393310547;0.0010001659393310547;0.0011245012283325195;0.0;0.14823375642299652;0.14823375642299652;0.3078312575817108;0.0
0.0010001659393310547;0.0010001659393310547;0.0014373064041137695;0.0;0.14905737340450287;0.14905737340450287;0.34526175260543823;0.0
0.0010001659393310547;0.0010001659393310547;0.001719452440738678;0.0;0.1543051153421402;0.1543051153421402;0.3328017592430115;0.0
0.0010001659393310547;0.0010001659393310547;0.0013646315783262253;0.0;0.1560538113117218;0.1560538113117218;0.3581589460372925;0.0
0.0010001659393310547;0.0010001659393310547;0.0019387267529964447;0.0;0.15648147463798523;0.15648147463798523;0.498638391494751;0.0
0.0010001659393310547;0.0010001659393310547;0.0011518860701471567;0.0;0.1582682579755783;0.1582682579755783;0.38602524995803833;0.0
0.0010001659393310547;0.0010001659393310547;0.0018440652638673782;0.0;0.15854449570178986;0.15854449570178986;0.32775798439979553;0.0
0.0010001659393310547;0.0010001659393310547;0.0012459158897399902;0.0;0.16042295098304749;0.16042295098304749;0.895622193813324;0.0
0.0010001659393310547;0.0010001659393310547;0.0013625472784042358;0.0;0.1631074994802475;0.1631074994802475;0.3304394781589508;0.0
0.0010001659393310547;0.0010001659393310547;0.0028059259057044983;0.0;0.1642410308122635;0.1642410308122635;0.3380625247955322;0.0
0.0010001659393310547;0.0010001659393310547;0.001673748716711998;0.0;0.16448843479156494;0.16448843479156494;0.36756688356399536;0.0
0.0010001659393310547;0.0010001659393310547;0.0014010071754455566;0.0;0.16563844680786133;0.16563844680786133;0.38706061244010925;0.0
0.0010001659393310547;0.0010001659393310547;0.0016672853380441666;0.0;0.1678936928510666;0.1678936928510666;0.29509755969047546;0.0
0.001050695776939392;0.0011001825332641602;0.001050695776939392;0.0;0.1683289259672165;0.1683289259672165;0.3105924427509308;0.0
0.0010588616132736206;0.0011001825332641602;0.0010588616132736206;0.0;0.16863760352134705;0.16863760352134705;0.8987279534339905;0.0
0.0011000186204910278;0.0011000186204910278;0.0023884885013103485;0.0;0.16864793002605438;0.16864793002605438;0.2581149935722351;0.0
0.0011001825332641602;0.0011001825332641602;0.002410191111266613;0.0;0.16906562447547913;0.16906562447547913;0.32479265332221985;0.0
0.0011001825332641602;0.0011001825332641602;0.0016413554549217224;0.0;0.1706228107213974;0.1706228107213974;0.3747316002845764;0.0
0.0011001825332641602;0.0011001825332641602;0.0014199614524841309;0.0;0.17187274992465973;0.17187274992465973;0.49182426929473877;0.0
0.0011001825332641602;0.0011001825332641602;0.0019150711596012115;0.0;0.17412586510181427;0.17412586510181427;0.6030125617980957;0.0
0.0011001825332641602;0.0011001825332641602;0.0019889548420906067;0.0;0.1744833141565323;0.1744833141565323;0.3167164921760559;0.0
0.0011001825332641602;0.0011001825332641602;0.0016594380140304565;0.0;0.1747126579284668;0.1747126579284668;0.30696436762809753;0.0
0.0011001825332641602;0.0011001825332641602;0.0014623403549194336;0.0;0.17583289742469788;0.17583289742469788;0.9573718309402466;0.0
0.0011001825332641602;0.0011001825332641602;0.0015785545110702515;0.0;0.17595744132995605;0.17595744132995605;0.34080207347869873;0.0
0.0011001825332641602;0.0011001825332641602;0.002148650586605072;0.0;0.1760653704404831;0.1760653704404831;0.34139248728752136;0.0
0.0011001825332641602;0.0011001825332641602;0.001979842782020569;0.0;0.1762971132993698;0.1762971132993698;0.3106221556663513;0.0
0.0011001825332641602;0.0011001825332641602;0.0019379742443561554;0.0;0.1765327900648117;0.1765327900648117;0.30851346254348755;0.0
0.0011001825332641602;0.0011001825332641602;0.0018428787589073181;0.0;0.17707780003547668;0.17707780003547668;1.3008618354797363;0.0
0.0011001825332641602;0.0011001825332641602;0.0016773790121078491;0.0;0.17715568840503693;0.17715568840503693;0.38304927945137024;0.0
0.0011001825332641602;0.0011001825332641602;0.0022865645587444305;0.0;0.17892494797706604;0.17892494797706604;0.518908679485321;0.0
0.0011001825332641602;0.0011001825332641602;0.0016729272902011871;0.0;0.17908473312854767;0.17908473312854767;0.28343382477760315;0.0
0.0011001825332641602;0.0011001825332641602;0.0016759037971496582;0.0;0.18039244413375854;0.18039244413375854;0.35198819637298584;0.0
0.0011001825332641602;0.0011001825332641602;0.00154799222946167;0.0;0.1808425784111023;0.1808425784111023;0.3806575834751129;0.0
0.0011001825332641602;0.0011001825332641602;0.0019215941429138184;0.0;0.1867830455303192;0.1867830455303192;0.9504185318946838;0.0
0.0011001825332641602;0.0011001825332641602;0.0018777400255203247;0.0;0.1869635283946991;0.1869635283946991;0.2939912974834442;0.0
0.0012001991271972656;0.0012001991271972656;0.0020950734615325928;0.0;0.1870042085647583;0.1870042085647583;0.31686869263648987;0.0
0.0012001991271972656;0.0012001991271972656;0.0023555271327495575;0.0;0.18709900975227356;0.18709900975227356;0.9207360148429871;0.0
0.0012001991271972656;0.0012001991271972656;0.0023226067423820496;0.0;0.18731209635734558;0.18731209635734558;0.3286709487438202;0.0
0.0012001991271972656;0.0012001991271972656;0.002955649048089981;0.0;0.18738573789596558;0.18738573789596558;0.3833368420600891;0.0
0.0012001991271972656;0.0012001991271972656;0.002070106565952301;0.0;0.18798799812793732;0.18798799812793732;0.3042825162410736;0.0
0.0012001991271972656;0.0012001991271972656;0.001583293080329895;0.0;0.1880238950252533;0.1880238950252533;1.0011193752288818;0.0
0.0012001991271972656;0.0012001991271972656;0.0017419755458831787;0.0;0.18868158757686615;0.18868158757686615;0.3614659011363983;0.0
0.0012001991271972656;0.0012001991271972656;0.002555225044488907;0.0;0.1889738291501999;0.1889738291501999;0.32031142711639404;0.0
0.0012001991271972656;0.0012001991271972656;0.0016492009162902832;0.0;0.19009044766426086;0.19009044766426086;0.29578790068626404;0.0
0.0012001991271972656;0.0012001991271972656;0.0028745457530021667;0.0;0.1918840855360031;0.1918840855360031;0.32025638222694397;0.0
0.0012001991271972656;0.0012001991271972656;0.002760905772447586;0.0;0.1935063749551773;0.1935063749551773;0.5791341066360474;0.0
0.0012001991271972656;0.0012001991271972656;0.0020785797387361526;0.0;0.19556346535682678;0.19556346535682678;0.4019382894039154;0.0
0.0012001991271972656;0.0012001991271972656;0.00214589387178421;0.0;0.19808262586593628;0.19808262586593628;0.3056783676147461;0.0
0.001300215721130371;0.001300215721130371;0.0021857209503650665;0.0;0.1992170363664627;0.1992170363664627;0.4518739879131317;0.0
0.001300215721130371;0.001300215721130371;0.0020015835762023926;0.0;0.19986672699451447;0.19986672699451447;0.34863266348838806;0.0
0.001300215721130371;0.001300215721130371;0.0025571566075086594;0.0;0.20157012343406677;0.20157012343406677;0.7491227984428406;0.0
0.001300215721130371;0.001300215721130371;0.001986900344491005;0.0;0.20160730183124542;0.20160730183124542;0.8679213523864746;0.0
0.001300215721130371;0.001300215721130371;0.00210706889629364;0.0;0.2023048847913742;0.2023048847913742;0.3211062252521515;0.0
0.001300215721130371;0.001300215721130371;0.0017363131046295166;0.0;0.2034788280725479;0.2034788280725479;0.40654632449150085;0.0
0.001300215721130371;0.001300215721130371;0.0018361806869506836;0.0;0.20455427467823029;0.20455427467823029;0.5437331199645996;0.0
0.001300215721130371;0.001300215721130371;0.0017570853233337402;0.0;0.2052891105413437;0.2052891105413437;0.36662060022354126;0.0
0.001300215721130371;0.001300215721130371;0.002551490440964699;0.0;0.2069108933210373;0.2069108933210373;0.39025697112083435;0.0
0.0013998150825500488;0.0013998150825500488;0.001977860927581787;0.0;0.20719030499458313;0.20719030499458313;0.33886685967445374;0.0
0.0013999980874359608;0.0013999980874359608;0.0028967075049877167;0.0;0.20762650668621063;0.20762650668621063;0.3613009750843048;0.0
0.0014000236988067627;0.0014000236988067627;0.0033126678317785263;0.0;0.20913533866405487;0.20913533866405487;0.35064542293548584;0.0
0.0014002323150634766;0.0014002323150634766;0.003018885850906372;0.0;0.20930665731430054;0.20930665731430054;0.5486812591552734;0.0
0.0014002323150634766;0.0014002323150634766;0.002849932760000229;0.0;0.20961028337478638;0.20961028337478638;0.3971535563468933;0.0
0.0014002323150634766;0.0014002323150634766;0.0028606317937374115;0.0;0.2113204449415207;0.2113204449415207;0.3243027329444885;0.0
0.0014002323150634766;0.0014002323150634766;0.00271519273519516;0.0;0.21192410588264465;0.21192410588264465;0.378164142370224;0.0
0.0014002323150634766;0.0014002323150634766;0.003596588969230652;0.0;0.21278424561023712;0.21278424561023712;0.3839934170246124;0.0
0.0014002323150634766;0.0014002323150634766;0.0019290521740913391;0.0;0.21419711410999298;0.21419711410999298;0.5183024406433105;0.0
0.0014983415603637695;0.0014983415603637695;0.002420663833618164;0.0;0.21507248282432556;0.21507248282432556;0.5244731903076172;0.0
0.0015000253915786743;0.0015000253915786743;0.0031871497631073;0.0;0.21591143310070038;0.21591143310070038;0.8894714713096619;0.0
0.0015000253915786743;0.0015000253915786743;0.002560671418905258;0.0;0.21669913828372955;0.21669913828372955;0.42941486835479736;0.0
0.0015000253915786743;0.0015000253915786743;0.002694282680749893;0.0;0.2177918404340744;0.2177918404340744;0.5508160591125488;0.0
0.001500248908996582;0.001500248908996582;0.0029384344816207886;0.0;0.2193220555782318;0.2193220555782318;0.4002876877784729;0.0
0.001500248908996582;0.001500248908996582;0.002405758947134018;0.0;0.2193726897239685;0.2193726897239685;0.42868945002555847;0.0
0.001500248908996582;0.001500248908996582;0.002280488610267639;0.0;0.22000710666179657;0.22000710666179657;0.5678175687789917;0.0
0.001500248908996582;0.001500248908996582;0.002243839204311371;0.0;0.2200707644224167;0.2200707644224167;0.3984755277633667;0.0
0.001500248908996582;0.001500248908996582;0.0023263953626155853;0.0;0.22092734277248383;0.22092734277248383;0.37950047850608826;0.0
0.001500248908996582;0.001500248908996582;0.0022582635283470154;0.0;0.22231148183345795;0.22231148183345795;0.40730711817741394;0.0
0.001500248908996582;0.001500248908996582;0.0030090846121311188;0.0;0.224138081073761;0.224138081073761;0.37907782196998596;0.0
0.001500248908996582;0.001500248908996582;0.0021915435791015625;0.0;0.22416576743125916;0.22416576743125916;0.9111388921737671;0.0
0.001500248908996582;0.001500248908996582;0.0022178590297698975;0.0;0.22456517815589905;0.22456517815589905;0.6389487385749817;0.0
0.001500248908996582;0.001500248908996582;0.0031106099486351013;0.0;0.22526371479034424;0.22526371479034424;0.3961976170539856;0.0
0.001500248908996582;0.001500248908996582;0.0023819655179977417;0.0;0.22768250107765198;0.22768250107765198;0.3622291386127472;0.0
0.001500248908996582;0.001500248908996582;0.0017057061195373535;0.0;0.22947688400745392;0.22947688400745392;0.4267526865005493;0.0
0.001500248908996582;0.001500248908996582;0.002930067479610443;0.0;0.22994016110897064;0.22994016110897064;0.35586902499198914;0.0
0.0015871822834014893;0.0015871822834014893;0.0031823795288801193;0.0;0.23009362816810608;0.23009362816810608;0.43771129846572876;0.0
0.0015922188758850098;0.0015922188758850098;0.00224912166595459;0.0;0.2311999648809433;0.2311999648809433;0.3658258020877838;0.0
0.0015955641865730286;0.0015955641865730286;0.0023910999298095703;0.0;0.2313881367444992;0.2313881367444992;0.38775914907455444;0.0
0.001595914363861084;0.001595914363861084;0.0022407323122024536;0.0;0.23180235922336578;0.23180235922336578;0.3459582030773163;0.0
0.0015975609421730042;0.0015975609421730042;0.0029723383486270905;0.0;0.23190999031066895;0.23190999031066895;0.5165032744407654;0.0
0.0015978217124938965;0.0015978217124938965;0.0024955719709396362;0.0;0.2332693189382553;0.2332693189382553;0.5472200512886047;0.0
0.0015984177589416504;0.0015984177589416504;0.0020265355706214905;0.0;0.2332911640405655;0.2332911640405655;0.4212016761302948;0.0
0.001599043607711792;0.001599043607711792;0.003862965852022171;0.0;0.23496520519256592;0.23496520519256592;0.469354510307312;0.0
0.0015997886657714844;0.0015997886657714844;0.003632228821516037;0.0;0.2385658323764801;0.2385658323764801;0.5567628145217896;0.0
0.0015997886657714844;0.0015997886657714844;0.0031070467084646225;0.0;0.24096237123012543;0.24096237123012543;0.4310387670993805;0.0
0.001600027084350586;0.001600027084350586;0.0029357001185417175;0.0;0.24254706501960754;0.24254706501960754;1.0639257431030273;0.0
0.001600027084350586;0.001600027084350586;0.0022053420543670654;0.0;0.24303510785102844;0.24303510785102844;1.1938532590866089;0.0
0.0016002655029296875;0.0016002655029296875;0.0019014179706573486;0.0;0.24638444185256958;0.24638444185256958;0.5473251938819885;0.0
0.0016002655029296875;0.0016002655029296875;0.0023621730506420135;0.0;0.2467193305492401;0.2467193305492401;0.6320537328720093;0.0
0.0016002655029296875;0.0016002655029296875;0.002561807632446289;0.0;0.24891585111618042;0.24891585111618042;0.5494768023490906;0.0
0.0016002655029296875;0.0016002655029296875;0.0032897591590881348;0.0;0.2514093816280365;0.2514093816280365;0.5627930164337158;0.0
0.0016002655029296875;0.0016002655029296875;0.003037829417735338;0.0;0.25223660469055176;0.25223660469055176;0.7209131121635437;0.0
0.0016002655029296875;0.0016002655029296875;0.0025129616260528564;0.0;0.2542794346809387;0.2542794346809387;0.4394180476665497;0.0
0.0016916394233703613;0.0016916394233703613;0.002233564853668213;0.0;0.2559363842010498;0.2559363842010498;0.7241702079772949;0.0
0.0016938447952270508;0.0016938447952270508;0.00365399569272995;0.0;0.25610285997390747;0.25610285997390747;0.4447177052497864;0.0
0.0016943812370300293;0.0016943812370300293;0.00229046493768692;0.0;0.25735193490982056;0.25735193490982056;0.440732479095459;0.0
0.001696169376373291;0.001696169376373291;0.0033470839262008667;0.0;0.25974977016448975;0.25974977016448975;0.39787107706069946;0.0
0.0016971230506896973;0.0016971230506896973;0.0029791519045829773;0.0;0.26001328229904175;0.26001328229904175;0.3301559090614319;0.0
0.0016977190971374512;0.0016977190971374512;0.003017514944076538;0.0;0.2629397511482239;0.2629397511482239;0.6014552116394043;0.0
0.0016980171203613281;0.0016980171203613281;0.0033688023686408997;0.0;0.26319941878318787;0.26319941878318787;0.5681740641593933;0.0
0.0016997754573822021;0.0016997754573822021;0.0034388117492198944;0.0;0.26322099566459656;0.26322099566459656;0.4922502636909485;0.0
0.001700282096862793;0.001700282096862793;0.002471029758453369;0.0;0.2652311623096466;0.2652311623096466;0.5569590926170349;0.0
0.001700282096862793;0.001700282096862793;0.0028655678033828735;0.0;0.2652628719806671;0.2652628719806671;0.6629778146743774;0.0
0.001700282096862793;0.001700282096862793;0.0026392340660095215;0.0;0.26584869623184204;0.26584869623184204;0.9238791465759277;0.0
0.0017880797386169434;0.0017880797386169434;0.004779687151312828;0.0;0.2694714069366455;0.2694714069366455;0.5247119069099426;0.0
0.001788496971130371;0.001788496971130371;0.0032042115926742554;0.0;0.26958078145980835;0.26958078145980835;0.35027649998664856;0.0
0.0017895698547363281;0.0017895698547363281;0.0041356272995471954;0.0;0.2703501582145691;0.2703501582145691;0.4501558542251587;0.0
0.001795947551727295;0.001795947551727295;0.0028352737426757812;0.0;0.27420860528945923;0.27420860528945923;0.4470515847206116;0.0
0.0017960071563720703;0.0017960071563720703;0.002356596291065216;0.0;0.27444010972976685;0.27444010972976685;0.44394445419311523;0.0
0.0017996132373809814;0.0017996132373809814;0.0021907202899456024;0.0;0.2744922637939453;0.2744922637939453;0.4627602994441986;0.0
0.001799996942281723;0.001799996942281723;0.0029271841049194336;0.0;0.2746231257915497;0.2746231257915497;0.527637243270874;0.0
0.001864548772573471;0.002444744110107422;0.001864548772573471;0.0;0.2754439413547516;0.2754439413547516;0.5056935548782349;0.0
0.0018756985664367676;0.0018756985664367676;0.003563240170478821;0.0;0.27604618668556213;0.27604618668556213;0.4072915315628052;0.0
0.0018827617168426514;0.0018827617168426514;0.0021439790725708008;0.0;0.2760593891143799;0.2760593891143799;0.5416151881217957;0.0
0.00188368558883667;0.00188368558883667;0.002566039562225342;0.0;0.27724286913871765;0.27724286913871765;1.1017628908157349;0.0
0.0018895268440246582;0.0018895268440246582;0.003373127430677414;0.0;0.2774406671524048;0.2774406671524048;0.47609877586364746;0.0
0.0018908381462097168;0.0018908381462097168;0.0025301575660705566;0.0;0.27854403853416443;0.27854403853416443;0.5360070466995239;0.0
0.0018985271453857422;0.0018985271453857422;0.0033469274640083313;0.0;0.2793278396129608;0.2793278396129608;0.39888912439346313;0.0
0.0018985569477081299;0.0018985569477081299;0.003774154931306839;0.0;0.27995386719703674;0.27995386719703674;0.7783321142196655;0.0
0.001900315284729004;0.001900315284729004;0.0035798773169517517;0.0;0.2817020118236542;0.2817020118236542;0.4379884898662567;0.0
0.001970052719116211;0.001970052719116211;0.002515900880098343;0.0;0.2842770516872406;0.2842770516872406;0.5482284426689148;0.0
0.001972496509552002;0.001972496509552002;0.0032456405460834503;0.0;0.28585997223854065;0.28585997223854065;1.040501594543457;0.0
0.0019786953926086426;0.0019786953926086426;0.004066884517669678;0.0;0.28602907061576843;0.28602907061576843;0.5884772539138794;0.0
0.0019790828227996826;0.0019790828227996826;0.00259312242269516;0.0;0.2863110601902008;0.2863110601902008;0.6374011635780334;0.0
0.0019823312759399414;0.0019823312759399414;0.0032938122749328613;0.0;0.2865619361400604;0.2865619361400604;0.5290226936340332;0.0
0.0019840002059936523;0.0019840002059936523;0.003916691988706589;0.0;0.28706538677215576;0.28706538677215576;0.4062332808971405;0.0
0.0019860565662384033;0.0019860565662384033;0.003596666269004345;0.0;0.2875102758407593;0.2875102758407593;0.5617495775222778;0.0
0.0019889026880264282;0.0019889026880264282;0.0036274269223213196;0.0;0.2890748083591461;0.2890748083591461;0.46467140316963196;0.0
0.0019953250885009766;0.0019953250885009766;0.004339545965194702;0.0;0.289368212223053;0.289368212223053;0.7672806978225708;0.0
0.0019955039024353027;0.0019955039024353027;0.0029648542404174805;0.0;0.2900560200214386;0.2900560200214386;0.8004183173179626;0.0
0.002000153064727783;0.002000153064727783;0.0030915341340005398;0.0;0.29657208919525146;0.29657208919525146;0.643962025642395;0.0
0.002044081687927246;0.002044081687927246;0.002707280218601227;0.0;0.30007240176200867;0.30007240176200867;0.7654961943626404;0.0
0.00205385684967041;0.00205385684967041;0.0035551153123378754;0.0;0.300942987203598;0.300942987203598;0.5924692153930664;0.0
0.002055823802947998;0.002055823802947998;0.004553310573101044;0.0;0.30115991830825806;0.30115991830825806;0.7294495105743408;0.0
0.002056717872619629;0.002056717872619629;0.0050383880734443665;0.0;0.30654093623161316;0.30654093623161316;0.5695943832397461;0.0
0.002063363790512085;0.002063363790512085;0.004144394304603338;0.0;0.31064653396606445;0.31064653396606445;0.5044875741004944;0.0
0.002063751220703125;0.002063751220703125;0.0037043243646621704;0.0;0.3113313913345337;0.3113313913345337;0.5699528455734253;0.0
0.002070903778076172;0.002070903778076172;0.0028342977166175842;0.0;0.31318598985671997;0.31318598985671997;0.4795946478843689;0.0
0.002072453498840332;0.002072453498840332;0.0044695064425468445;0.0;0.3158237934112549;0.3158237934112549;0.7239124774932861;0.0
0.002082347869873047;0.002082347869873047;0.0026191771030426025;0.0;0.3170606195926666;0.3170606195926666;0.8601068258285522;0.0
0.0020845234394073486;0.0020845234394073486;0.004396967589855194;0.0;0.3171417713165283;0.3171417713165283;0.6219375729560852;0.0
0.0020932257175445557;0.0020932257175445557;0.002694845199584961;0.0;0.3189138174057007;0.3189138174057007;0.5588553547859192;0.0
0.0020949244499206543;0.0020949244499206543;0.004846401512622833;0.0;0.31986352801322937;0.31986352801322937;0.8165773749351501;0.0
0.0020997226238250732;0.0020997226238250732;0.0025787726044654846;0.0;0.32068291306495667;0.32068291306495667;1.0298175811767578;0.0
0.002100348472595215;0.002100348472595215;0.0028915107250213623;0.0;0.3228900134563446;0.3228900134563446;0.7721368670463562;0.0
0.00215110182762146;0.00215110182762146;0.004780128598213196;0.0;0.329032301902771;0.329032301902771;0.4051632583141327;0.0
0.002153337001800537;0.002153337001800537;0.00369156152009964;0.0;0.3293135166168213;0.3293135166168213;0.572819173336029;0.0
0.0021550357341766357;0.0021550357341766357;0.003382384777069092;0.0;0.3313044309616089;0.3313044309616089;0.8164517879486084;0.0
0.002156585454940796;0.002156585454940796;0.004915274679660797;0.0;0.3324264883995056;0.3324264883995056;0.9679461717605591;0.0
0.0021625161170959473;0.0021625161170959473;0.003351151943206787;0.0;0.33246704936027527;0.33246704936027527;0.5182077288627625;0.0
0.002168595790863037;0.002168595790863037;0.003727048635482788;0.0;0.3329890966415405;0.3329890966415405;0.9912476539611816;0.0
0.0021702423691749573;0.0021702423691749573;0.0032716691493988037;0.0;0.334939569234848;0.334939569234848;0.7931021451950073;0.0
0.0021715164184570312;0.0021715164184570312;0.003973416984081268;0.0;0.33510127663612366;0.33510127663612366;1.0399917364120483;0.0
0.002237468957901001;0.002237468957901001;0.0034321844577789307;0.0;0.34053248167037964;0.34053248167037964;0.4905853271484375;0.0
0.0022442862391471863;0.0022442862391471863;0.00395386666059494;0.0;0.345894992351532;0.345894992351532;0.5916063189506531;0.0
0.0022496581077575684;0.0022496581077575684;0.0036015063524246216;0.0;0.34658703207969666;0.34658703207969666;0.6303187012672424;0.0
0.0022505521774291992;0.0022505521774291992;0.0039031803607940674;0.0;0.34848466515541077;0.34848466515541077;0.6349329948425293;0.0
0.0022565126419067383;0.0022565126419067383;0.005106300115585327;0.0;0.34856802225112915;0.34856802225112915;0.48556870222091675;0.0
0.0022687725722789764;0.0023784562945365906;0.0022687725722789764;0.0;0.35029998421669006;0.35029998421669006;0.6135905981063843;0.0
0.0022763609886169434;0.0022763609886169434;0.003923192620277405;0.0;0.35075247287750244;0.35075247287750244;0.5252264142036438;0.0
0.0022831857204437256;0.0022831857204437256;0.006139934062957764;0.0;0.3516523838043213;0.3516523838043213;0.6929634809494019;0.0
0.002324732020497322;0.002324732020497322;0.003195974975824356;0.0;0.35198816657066345;0.35198816657066345;1.1290396451950073;0.0
0.0023273825645446777;0.0023273825645446777;0.004509627819061279;0.0;0.3525193929672241;0.3525193929672241;0.6468841433525085;0.0
0.002329409122467041;0.002329409122467041;0.0035271644592285156;0.0;0.35322311520576477;0.35322311520576477;0.5016005635261536;0.0
0.0023313164710998535;0.0023313164710998535;0.003660529851913452;0.0;0.3557276725769043;0.3557276725769043;0.812382698059082;0.0
0.00233614444732666;0.00233614444732666;0.0033038780093193054;0.0;0.3566077649593353;0.3566077649593353;0.7522261738777161;0.0
0.0023392438888549805;0.0023392438888549805;0.00357142835855484;0.0;0.35663706064224243;0.35663706064224243;0.6704864501953125;0.0
0.002339392900466919;0.002339392900466919;0.0048621222376823425;0.0;0.3568357825279236;0.3568357825279236;0.5418186187744141;0.0
0.0023556649684906006;0.0023556649684906006;0.0025153830647468567;0.0;0.3589237630367279;0.3589237630367279;0.5645452737808228;0.0
0.0023740530014038086;0.0023740530014038086;0.004238449037075043;0.0;0.35964855551719666;0.35964855551719666;0.8423036932945251;0.0
0.0024022459983825684;0.0024022459983825684;0.0029826697427779436;0.0;0.36042115092277527;0.36042115092277527;0.484399676322937;0.0
0.002426236867904663;0.002426236867904663;0.006729505956172943;0.0;0.3606879711151123;0.3606879711151123;0.5252215266227722;0.0
0.002427235245704651;0.002427235245704651;0.003075122833251953;0.0;0.36355069279670715;0.36355069279670715;0.8701829314231873;0.0
0.002429485321044922;0.002429485321044922;0.0035989731550216675;0.0;0.3638272285461426;0.3638272285461426;0.8587858080863953;0.0
0.002435728907585144;0.002435728907585144;0.003027200698852539;0.0;0.3667149543762207;0.3667149543762207;0.5358200669288635;0.0
0.002438187599182129;0.002438187599182129;0.005406185984611511;0.0;0.3688403367996216;0.3688403367996216;0.5866184830665588;0.0
0.002439141273498535;0.002439141273498535;0.0037994161248207092;0.0;0.3691452741622925;0.3691452741622925;0.9404630661010742;0.0
0.0024412106722593307;0.0024412106722593307;0.00327772437594831;0.0;0.3700634837150574;0.3700634837150574;0.7208653092384338;0.0
0.0024424195289611816;0.0024424195289611816;0.006403326988220215;0.0;0.37016788125038147;0.37016788125038147;0.3951430022716522;0.0
0.0024443119764328003;0.0024443119764328003;0.0045656561851501465;0.0;0.3718264400959015;0.3718264400959015;0.5710698962211609;0.0
0.0024460405111312866;0.0024460405111312866;0.005608327686786652;0.0;0.375469833612442;0.375469833612442;1.23689866065979;0.0
0.002474188804626465;0.002474188804626465;0.004380151629447937;0.0;0.3756546676158905;0.3756546676158905;0.5632615089416504;0.0
0.002484142780303955;0.002484142780303955;0.0031667575240135193;0.0;0.38086241483688354;0.38086241483688354;0.4322965443134308;0.0
0.0025028586387634277;0.0025028586387634277;0.004105046391487122;0.0;0.3810129761695862;0.3810129761695862;0.6661931872367859;0.0
0.00251162052154541;0.00251162052154541;0.004345029592514038;0.0;0.3813438415527344;0.3813438415527344;0.6746152639389038;0.0
0.0025318264961242676;0.0025318264961242676;0.005102910101413727;0.0;0.3873574733734131;0.3873574733734131;0.6584169268608093;0.0
0.0025384724140167236;0.0025384724140167236;0.003759581595659256;0.0;0.38777226209640503;0.38777226209640503;1.0306103229522705;0.0
0.0025582313537597656;0.0025582313537597656;0.0040662698447704315;0.0;0.3903769850730896;0.3903769850730896;0.42552894353866577;0.0
0.0025650858879089355;0.0025650858879089355;0.004190921783447266;0.0;0.3909827172756195;0.3909827172756195;0.9638828039169312;0.0
0.002594292163848877;0.002594292163848877;0.005709201097488403;0.0;0.3914473056793213;0.3914473056793213;0.8688473701477051;0.0
0.002598106861114502;0.002598106861114502;0.005256921052932739;0.0;0.3923988938331604;0.3923988938331604;1.109279990196228;0.0
0.002600550651550293;0.002600550651550293;0.004889331758022308;0.0;0.3929939866065979;0.3929939866065979;0.9095518589019775;0.0
0.0026177987456321716;0.0026177987456321716;0.004889795556664467;0.0;0.39303937554359436;0.39303937554359436;0.7968270182609558;0.0
0.0026540756225585938;0.002770662307739258;0.0026540756225585938;0.0;0.3934544026851654;0.3934544026851654;0.45943915843963623;0.0
0.002666432410478592;0.002666432410478592;0.005779426544904709;0.0;0.3936868906021118;0.3936868906021118;1.2328808307647705;0.0
0.0026679374277591705;0.0026679374277591705;0.004789970815181732;0.0;0.4030939042568207;0.4030939042568207;0.6218950152397156;0.0
0.0026860833168029785;0.0026860833168029785;0.004548370838165283;0.0;0.4043106138706207;0.4043106138706207;0.8297731876373291;0.0
0.0026883259415626526;0.0026883259415626526;0.0065385401248931885;0.0;0.4045475721359253;0.4045475721359253;0.9048534631729126;0.0
0.0026962459087371826;0.0026962459087371826;0.004136405885219574;0.0;0.4079495072364807;0.4079495072364807;0.615615963935852;0.0
0.0027088522911071777;0.0027088522911071777;0.006558835506439209;0.0;0.41471633315086365;0.41471633315086365;0.5340691804885864;0.0
0.0027431845664978027;0.0027431845664978027;0.004967056214809418;0.0;0.4179248511791229;0.4179248511791229;0.9973864555358887;0.0
0.0027556419372558594;0.0027556419372558594;0.003519851714372635;0.0;0.4192845821380615;0.4192845821380615;0.7668601274490356;0.0
0.002766728401184082;0.002766728401184082;0.008318483829498291;0.0;0.4204549789428711;0.4204549789428711;0.841945469379425;0.0
0.0027743875980377197;0.0027743875980377197;0.005941122770309448;0.0;0.42082688212394714;0.42082688212394714;0.6086649298667908;0.0
0.00277554988861084;0.00277554988861084;0.005922198295593262;0.0;0.4212803244590759;0.4212803244590759;0.6395036578178406;0.0
0.002795957028865814;0.002795957028865814;0.005428299307823181;0.0;0.42142972350120544;0.42142972350120544;0.5456059575080872;0.0
0.002833232283592224;0.002833232283592224;0.004028141498565674;0.0;0.4216822683811188;0.4216822683811188;0.8390676975250244;0.0
0.002833295613527298;0.002833295613527298;0.004926977679133415;0.0;0.4223560392856598;0.4223560392856598;0.5480693578720093;0.0
0.002857983112335205;0.002857983112335205;0.005057133734226227;0.0;0.42237937450408936;0.42237937450408936;0.9485315084457397;0.0
0.002874433994293213;0.002874433994293213;0.006001606583595276;0.0;0.423872172832489;0.423872172832489;1.024243950843811;0.0
0.0028804391622543335;0.0028804391622543335;0.00583706796169281;0.0;0.42388248443603516;0.42388248443603516;0.5021656155586243;0.0
0.0028852522373199463;0.0028852522373199463;0.004822269082069397;0.0;0.42388901114463806;0.42388901114463806;0.6002698540687561;0.0
0.002911597490310669;0.002911597490310669;0.006546571850776672;0.0;0.4252174496650696;0.4252174496650696;0.5619619488716125;0.0
0.0029157400131225586;0.0029157400131225586;0.0038751382380723953;0.0;0.4255565404891968;0.4255565404891968;0.7202756404876709;0.0
0.0029321014881134033;0.0029321014881134033;0.00817658007144928;0.0;0.4260699450969696;0.4260699450969696;0.9316580295562744;0.0
0.0029323697090148926;0.0029323697090148926;0.005617186427116394;0.0;0.4305955767631531;0.4305955767631531;0.9841155409812927;0.0
0.002936720848083496;0.002936720848083496;0.003415524959564209;0.0;0.43197324872016907;0.43197324872016907;0.9893670678138733;0.0
0.0029440224170684814;0.0029440224170684814;0.0065573230385780334;0.0;0.43365412950515747;0.43365412950515747;0.9572277665138245;0.0
0.002944260835647583;0.002944260835647583;0.00421518087387085;0.0;0.43367332220077515;0.43367332220077515;0.4795351028442383;0.0
0.002957940101623535;0.002957940101623535;0.006112288683652878;0.0;0.4354107081890106;0.4354107081890106;1.0649018287658691;0.0
0.002958059310913086;0.002958059310913086;0.0059554241597652435;0.0;0.43683791160583496;0.4423401653766632;0.43683791160583496;0.0
0.0029673874378204346;0.0029673874378204346;0.006325028836727142;0.0;0.4383528530597687;0.4383528530597687;0.9557755589485168;0.0
0.002970099449157715;0.002970099449157715;0.0049521178007125854;0.0;0.43983015418052673;0.43983015418052673;0.6398833990097046;0.0
0.0030025243759155273;0.0030025243759155273;0.008098669350147247;0.0;0.44852137565612793;0.44852137565612793;1.4494494199752808;0.0
0.0030051469802856445;0.0030051469802856445;0.005364954471588135;0.0;0.4489864706993103;0.4489864706993103;1.2412970066070557;0.0
0.0030084848403930664;0.0030084848403930664;0.007052198052406311;0.0;0.45103099942207336;0.45103099942207336;0.4697725772857666;0.0
0.0030121207237243652;0.0030121207237243652;0.005951359868049622;0.0;0.4514000117778778;0.4514000117778778;0.6996198892593384;0.0
0.0030342936515808105;0.0030342936515808105;0.008146047592163086;0.0;0.4539625346660614;0.48621463775634766;0.4539625346660614;0.0
0.003036975860595703;0.003036975860595703;0.0051999157294631;0.0;0.4547506868839264;0.4547506868839264;0.7850329279899597;0.0
0.003059476613998413;0.003059476613998413;0.006995111703872681;0.0;0.4579083323478699;0.4579083323478699;0.58042973279953;0.0
0.0030652284622192383;0.0030652284622192383;0.006532832980155945;0.0;0.46081987023353577;0.46081987023353577;0.912893533706665;0.0
0.003077208995819092;0.003077208995819092;0.00486220046877861;0.0;0.46120327711105347;0.46120327711105347;0.9359745383262634;0.0
0.0030840691179037094;0.0030840691179037094;0.005229993723332882;0.0;0.46169140934944153;0.46169140934944153;0.8980751633644104;0.0
0.003085273550823331;0.003085273550823331;0.0051882220432162285;0.0;0.4631519615650177;0.4631519615650177;1.5298566818237305;0.0
0.0030928850173950195;0.0030928850173950195;0.006188947707414627;0.0;0.4633553922176361;0.4633553922176361;0.907173216342926;0.0
0.003099977970123291;0.003099977970123291;0.005307808518409729;0.0;0.4637378752231598;0.4637378752231598;0.5253491997718811;0.0
0.0031106770038604736;0.0031106770038604736;0.004645347595214844;0.0;0.4640781879425049;0.4640781879425049;0.8384172320365906;0.0
0.0031232237815856934;0.0031232237815856934;0.005745306611061096;0.0;0.46421170234680176;0.46421170234680176;0.9602031707763672;0.0
0.0031255781650543213;0.0031255781650543213;0.006760232150554657;0.0;0.46606311202049255;0.46606311202049255;1.1380120515823364;0.0
0.003134576603770256;0.003134576603770256;0.005503997206687927;0.0;0.46722516417503357;0.46722516417503357;0.9729593992233276;0.0
0.0031435489654541016;0.0031435489654541016;0.007618475705385208;0.0;0.46842119097709656;0.46842119097709656;0.49942976236343384;0.0
0.003144383430480957;0.003144383430480957;0.006722792983055115;0.0;0.46963682770729065;0.46963682770729065;1.1938823461532593;0.0
0.0031561851501464844;0.0031561851501464844;0.005940861999988556;0.0;0.4705994725227356;0.4705994725227356;0.8769075274467468;0.0
0.003161504864692688;0.003161504864692688;0.00648941844701767;0.0;0.47275421023368835;0.47275421023368835;0.7872864007949829;0.0
0.003165215253829956;0.003165215253829956;0.0072459876537323;0.0;0.47402381896972656;0.47402381896972656;2.1473116874694824;0.0
0.0031691789627075195;0.0031691789627075195;0.003385782241821289;0.0;0.4755270779132843;0.4755270779132843;1.2588489055633545;0.0
0.00317952036857605;0.00317952036857605;0.0063317567110061646;0.0;0.4767155647277832;0.4767155647277832;0.9898387789726257;0.0
0.003201007843017578;0.003201007843017578;0.005997814238071442;0.0;0.477387398481369;0.477387398481369;1.0679562091827393;0.0
0.003201812505722046;0.003201812505722046;0.005119835026562214;0.0;0.4801323711872101;0.4801323711872101;0.5016604661941528;0.0
0.0032056793570518494;0.0032056793570518494;0.006750866770744324;0.0;0.48024287819862366;0.48024287819862366;1.0977991819381714;0.0
0.003215312957763672;0.003215312957763672;0.0063905417919158936;0.0;0.4825049638748169;0.4825049638748169;0.6087705492973328;0.0
0.0032232701778411865;0.0032232701778411865;0.007718369364738464;0.0;0.4841774106025696;0.4841774106025696;1.1323292255401611;0.0
0.0032266080379486084;0.0032266080379486084;0.004664875566959381;0.0;0.4850258231163025;0.4850258231163025;0.8584032654762268;0.0
0.003227829933166504;0.003227829933166504;0.006941564381122589;0.0;0.48599374294281006;0.48599374294281006;1.0688626766204834;0.0
0.0032495856285095215;0.0032495856285095215;0.009113676846027374;0.0;0.4879704415798187;0.4879704415798187;0.6651453375816345;0.0
0.0032965540885925293;0.0032965540885925293;0.007003962993621826;0.0;0.49062711000442505;0.49062711000442505;0.6270062923431396;0.0
0.0033450722694396973;0.0033450722694396973;0.005720384418964386;0.0;0.49212998151779175;0.6462922692298889;0.49212998151779175;0.0
0.0033805370330810547;0.0033805370330810547;0.005769982933998108;0.0;0.4927326440811157;0.5873757600784302;0.4927326440811157;0.0
0.00338057242333889;0.00338057242333889;0.0060150399804115295;0.0;0.49496302008628845;0.49496302008628845;1.1386574506759644;0.0
0.0033838748931884766;0.0033838748931884766;0.005298599600791931;0.0;0.4951094686985016;0.4951094686985016;0.5196354985237122;0.0
0.0033965706825256348;0.0033965706825256348;0.007358141243457794;0.0;0.4959310293197632;0.4959310293197632;1.0198255777359009;0.0
0.0034215599298477173;0.0034215599298477173;0.004516050219535828;0.0;0.4962562620639801;0.4962562620639801;0.9175633788108826;0.0
0.0034337639808654785;0.0034337639808654785;0.004799541085958481;0.0;0.4971288740634918;0.4971288740634918;0.5473268032073975;0.0
0.0034645050764083862;0.0034645050764083862;0.0074568092823028564;0.0;0.5033088326454163;0.6090021133422852;0.5033088326454163;0.0
0.003466665744781494;0.003466665744781494;0.008507512509822845;0.0;0.5034434795379639;0.5456861853599548;0.5034434795379639;0.0
0.0034812986850738525;0.0034812986850738525;0.006930232048034668;0.0;0.5055259466171265;0.5055259466171265;1.2466281652450562;0.0
0.003485381603240967;0.003485381603240967;0.009760782122612;0.0;0.5070725679397583;0.5070725679397583;0.9725916981697083;0.0
0.0034869611263275146;0.0034869611263275146;0.005209263879805803;0.0;0.5074754953384399;0.5074754953384399;0.5368425846099854;0.0
0.003519713878631592;0.003519713878631592;0.006054028868675232;0.0;0.5078995227813721;0.5078995227813721;0.906598687171936;0.0
0.0035248994827270508;0.0035248994827270508;0.0059846267104148865;0.0;0.5084285140037537;0.5084285140037537;0.5644804835319519;0.0
0.003530636429786682;0.003530636429786682;0.00559263676404953;0.0;0.5117179155349731;0.5117179155349731;1.2325361967086792;0.0
0.003556370735168457;0.003556370735168457;0.004362568259239197;0.0;0.512535572052002;0.512535572052002;0.8828673362731934;0.0
0.003575235605239868;0.003575235605239868;0.00921545922756195;0.0;0.5180596709251404;0.5180596709251404;1.0233427286148071;0.0
0.0036203041672706604;0.0036203041672706604;0.009130880236625671;0.0;0.5204669833183289;0.9909600615501404;0.5204669833183289;0.0
0.003620624542236328;0.003620624542236328;0.005724743008613586;0.0;0.520920991897583;0.520920991897583;1.1307320594787598;0.0
0.0036302804946899414;0.0036302804946899414;0.007556498050689697;0.0;0.5223709344863892;1.017689824104309;0.5223709344863892;0.0
0.003637850284576416;0.003637850284576416;0.006907287985086441;0.0;0.5224465131759644;0.5224465131759644;0.6387119293212891;0.0
0.0036467909812927246;0.0036467909812927246;0.00622684508562088;0.0;0.5229829549789429;0.5229829549789429;1.3510550260543823;0.0
0.0036490261554718018;0.0036490261554718018;0.007480384781956673;0.0;0.5253244638442993;0.5253244638442993;0.7848984003067017;0.0
0.0037253499031066895;0.0037253499031066895;0.005899280309677124;0.0;0.5287445187568665;0.5337475538253784;0.5287445187568665;0.0
0.003732234239578247;0.003732234239578247;0.0064818523824214935;0.0;0.5318344831466675;0.5318344831466675;1.5330041646957397;0.0
0.0037329494953155518;0.0037329494953155518;0.010974541306495667;0.0;0.534116804599762;0.534116804599762;1.3916786909103394;0.0
0.0037536025047302246;0.0037536025047302246;0.008060738444328308;0.0;0.5349313616752625;0.5349313616752625;0.8991143703460693;0.0
0.0037568211555480957;0.0037568211555480957;0.005337536334991455;0.0;0.5356951355934143;1.0747828483581543;0.5356951355934143;0.0
0.0038129985332489014;0.0038129985332489014;0.004103332757949829;0.0;0.5363887548446655;1.120618224143982;0.5363887548446655;0.0
0.003830835223197937;0.003830835223197937;0.0063309445977211;0.0;0.5373495817184448;0.5373495817184448;0.8479436635971069;0.0
0.0038676969707012177;0.0038676969707012177;0.006269291043281555;0.0;0.5380358099937439;0.5380358099937439;1.101300597190857;0.0
0.0038759708404541016;0.0038759708404541016;0.0065445005893707275;0.0;0.539387583732605;0.539387583732605;0.6005913019180298;0.0
0.0038788914680480957;0.0038788914680480957;0.012303441762924194;0.0;0.5403158068656921;0.5659663081169128;0.5403158068656921;0.0
0.0038992762565612793;0.0038992762565612793;0.0068516805768013;0.0;0.5406761765480042;0.5406761765480042;0.9257723689079285;0.0
0.003927789628505707;0.003927789628505707;0.0092688649892807;0.0;0.5408244729042053;0.9648075699806213;0.5408244729042053;0.0
0.003964841365814209;0.003964841365814209;0.010279670357704163;0.0;0.5416942834854126;0.5416942834854126;0.7486671805381775;0.0
0.00402146577835083;0.00402146577835083;0.009578824043273926;0.0;0.5441994667053223;0.8519854545593262;0.5441994667053223;0.0
0.004026826471090317;0.004026826471090317;0.006675213575363159;0.0;0.5455576181411743;0.5461404323577881;0.5455576181411743;0.0
0.004029512405395508;0.004029512405395508;0.006717085838317871;0.0;0.5465737581253052;0.5465737581253052;0.7308452129364014;0.0
0.0040450021624565125;0.0040450021624565125;0.011911027133464813;0.0;0.5522844195365906;0.5522844195365906;1.179680585861206;0.0
0.004061102867126465;0.004061102867126465;0.007605642080307007;0.0;0.5575422644615173;0.9314693212509155;0.5575422644615173;0.0
0.004066526889801025;0.004066526889801025;0.007562100887298584;0.0;0.5576146245002747;0.5576146245002747;1.1275303363800049;0.0
0.0040741972625255585;0.008310139179229736;0.0040741972625255585;0.0;0.5590946674346924;0.5813889503479004;0.5590946674346924;0.0
0.004104256629943848;0.004104256629943848;0.010737113654613495;0.0;0.561072826385498;0.561072826385498;1.0857974290847778;0.0
0.004136264324188232;0.004136264324188232;0.007605016231536865;0.0;0.5624138712882996;0.5624138712882996;1.156274676322937;0.0
0.004152350127696991;0.004152350127696991;0.01042105257511139;0.0;0.5627779960632324;0.7742785811424255;0.5627779960632324;0.0
0.004161417484283447;0.004161417484283447;0.007418021559715271;0.0;0.5644219517707825;0.5644219517707825;0.6620954871177673;0.0
0.004163146018981934;0.004163146018981934;0.007715903222560883;0.0;0.5655322074890137;0.5655322074890137;0.8562819361686707;0.0
0.004169285297393799;0.004169285297393799;0.007684454321861267;0.0;0.5666286945343018;0.6452829241752625;0.5666286945343018;0.0
0.004205204546451569;0.004205204546451569;0.010179504752159119;0.0;0.5676712393760681;0.5676712393760681;0.8134273290634155;0.0
0.004219807684421539;0.004219807684421539;0.007754750549793243;0.0;0.5686622262001038;0.5686622262001038;0.6215330958366394;0.0
0.004226624965667725;0.004226624965667725;0.006637096405029297;0.0;0.5691359639167786;1.0280128717422485;0.5691359639167786;0.0
0.004247426986694336;0.004247426986694336;0.0064589232206344604;0.0;0.5717266201972961;0.5717266201972961;0.9552530646324158;0.0
0.004285573959350586;0.004285573959350586;0.005703911185264587;0.0;0.5724809765815735;0.9190250635147095;0.5724809765815735;0.0
0.004289298318326473;0.004289298318326473;0.0064284950494766235;0.0;0.5733623504638672;0.5733623504638672;0.6017168760299683;0.0
0.004292786121368408;0.004292786121368408;0.004409022629261017;0.0;0.5766391754150391;0.5766391754150391;0.7028346657752991;0.0
0.004318416118621826;0.004318416118621826;0.011903330683708191;0.0;0.5817832946777344;0.6130055785179138;0.5817832946777344;0.0
0.004332154989242554;0.004332154989242554;0.010060407221317291;0.0;0.5819203853607178;0.5819203853607178;0.7084358930587769;0.0
0.004348337650299072;0.004348337650299072;0.006221652030944824;0.0;0.5828804969787598;1.032381296157837;0.5828804969787598;0.0
0.004384815692901611;0.004384815692901611;0.007145717740058899;0.0;0.5837937593460083;0.5837937593460083;1.044601559638977;0.0
0.004389271140098572;0.004389271140098572;0.007303163409233093;0.0;0.5839492678642273;0.8304257392883301;0.5839492678642273;0.0
0.00439772754907608;0.00439772754907608;0.007612660527229309;0.0;0.5862085223197937;0.7782953977584839;0.5862085223197937;0.0
0.004401907324790955;0.004401907324790955;0.007911086082458496;0.0;0.5894386172294617;0.5894386172294617;0.6921356320381165;0.0
0.00441431999206543;0.00441431999206543;0.007159397006034851;0.0;0.5925671458244324;0.5925671458244324;0.727931559085846;0.0
0.004466027021408081;0.004466027021408081;0.009840451180934906;0.0;0.592960000038147;0.68342125415802;0.592960000038147;0.0
0.004475712776184082;0.004475712776184082;0.0076268017292022705;0.0;0.5934587121009827;0.5934587121009827;0.6009086966514587;0.0
0.004482567310333252;0.005013823509216309;0.004482567310333252;0.0;0.5940378904342651;0.9911600947380066;0.5940378904342651;0.0
0.004482865333557129;0.004482865333557129;0.00952717661857605;0.0;0.5970038771629333;0.5970038771629333;0.6722576022148132;0.0
0.004511162638664246;0.004511162638664246;0.009191710501909256;0.0;0.5970520973205566;0.6947346925735474;0.5970520973205566;0.0
0.004529297351837158;0.004529297351837158;0.006303645670413971;0.0;0.5971997976303101;0.5971997976303101;1.0922648906707764;0.0
0.004545629024505615;0.004545629024505615;0.009544238448143005;0.0;0.6012934446334839;0.7780739068984985;0.6012934446334839;0.0
0.004558920860290527;0.004558920860290527;0.004835238680243492;0.0;0.6022545099258423;0.8159756064414978;0.6022545099258423;0.0
0.0045716166496276855;0.0045716166496276855;0.009187787771224976;0.0;0.6033653616905212;1.0942676067352295;0.6033653616905212;0.0
0.004580676555633545;0.004580676555633545;0.008496373891830444;0.0;0.604702889919281;0.983690619468689;0.604702889919281;0.0
0.004656434059143066;0.004656434059143066;0.007494106888771057;0.0;0.6069819927215576;0.6096502542495728;0.6069819927215576;0.0
0.004673093557357788;0.004673093557357788;0.011548608541488647;0.0;0.607522189617157;1.0132390260696411;0.607522189617157;0.0
0.004676938056945801;0.004676938056945801;0.006710559129714966;0.0;0.6081799864768982;0.6081799864768982;0.6591793894767761;0.0
0.004705578088760376;0.004705578088760376;0.008521400392055511;0.0;0.6123729944229126;0.7096134424209595;0.6123729944229126;0.0
0.0047074854373931885;0.0047074854373931885;0.011464782059192657;0.0;0.6152100563049316;0.6267517805099487;0.6152100563049316;0.0
0.004714205861091614;0.004714205861091614;0.007221445441246033;0.0;0.6154404282569885;0.6154404282569885;0.6425190567970276;0.0
0.004727721214294434;0.004727721214294434;0.007621020078659058;0.0;0.6167327761650085;0.8050937056541443;0.6167327761650085;0.0
0.004735589027404785;0.004735589027404785;0.00823645293712616;0.0;0.6167373657226562;1.0172533988952637;0.6167373657226562;0.0
0.0047425031661987305;0.0047425031661987305;0.007933944463729858;0.0;0.6171620488166809;0.6171620488166809;0.6407585144042969;0.0
0.00478014349937439;0.00478014349937439;0.01315358281135559;0.0;0.618429958820343;0.6996704936027527;0.618429958820343;0.0
0.004800915718078613;0.004800915718078613;0.011005833745002747;0.0;0.6188369989395142;0.7860906720161438;0.6188369989395142;0.0
0.004804849624633789;0.004804849624633789;0.0076269954442977905;0.0;0.6197172999382019;0.6391561031341553;0.6197172999382019;0.0
0.004811465740203857;0.004811465740203857;0.009527862071990967;0.0;0.6206240057945251;1.0264694690704346;0.6206240057945251;0.0
0.004812419414520264;0.004812419414520264;0.009300917387008667;0.0;0.6218445301055908;0.9994868636131287;0.6218445301055908;0.0
0.004818916320800781;0.004818916320800781;0.007992260158061981;0.0;0.6220203042030334;0.6220203042030334;1.055952787399292;0.0
0.004834175109863281;0.004834175109863281;0.010040253400802612;0.0;0.6228342056274414;0.6228342056274414;0.6363511681556702;0.0
0.004835069179534912;0.004835069179534912;0.009312763810157776;0.0;0.6240759491920471;1.1106667518615723;0.6240759491920471;0.0
0.004840373992919922;0.004840373992919922;0.005893871188163757;0.0;0.6266309022903442;0.6266309022903442;0.9848979115486145;0.0
0.004849135875701904;0.004849135875701904;0.006044521927833557;0.0;0.6275189518928528;0.6275189518928528;0.8749093413352966;0.0
0.004853695631027222;0.004853695631027222;0.005234130658209324;0.0;0.6353104710578918;0.6353104710578918;0.7157568335533142;0.0
0.004876494407653809;0.004876494407653809;0.0071572065353393555;0.0;0.6369110941886902;0.6369110941886902;1.660253882408142;0.0
0.004908829927444458;0.004908829927444458;0.007463723421096802;0.0;0.6401389837265015;0.6401389837265015;0.7127156853675842;0.0
0.004931509494781494;0.004931509494781494;0.009332895278930664;0.0;0.6403976678848267;0.8656421899795532;0.6403976678848267;0.0
0.004992546513676643;0.0057579874992370605;0.004992546513676643;0.0;0.6404308080673218;0.925521194934845;0.6404308080673218;0.0
0.0049970149993896484;0.0049970149993896484;0.010665973648428917;0.0;0.6422116756439209;0.6422116756439209;1.2970993518829346;0.0
0.0050051212310791016;0.0050051212310791016;0.010398268699645996;0.0;0.6427123546600342;0.6427123546600342;1.090552806854248;0.0
0.005012840032577515;0.005012840032577515;0.00816383957862854;0.0;0.6430382132530212;0.6857974529266357;0.6430382132530212;0.0
0.005018949508666992;0.005018949508666992;0.012141019105911255;0.0;0.6438695788383484;0.6438695788383484;0.7108579277992249;0.0
0.005064606666564941;0.005064606666564941;0.00717499852180481;0.0;0.6448479294776917;1.049351453781128;0.6448479294776917;0.0
0.005072116851806641;0.005072116851806641;0.010233283042907715;0.0;0.6471498012542725;1.0935100317001343;0.6471498012542725;0.0
0.005080997943878174;0.005080997943878174;0.01038256287574768;0.0;0.6501020193099976;0.8122240304946899;0.6501020193099976;0.0
0.005107581615447998;0.005107581615447998;0.007952839136123657;0.0;0.6514341235160828;0.734785795211792;0.6514341235160828;0.0
0.005138039588928223;0.005138039588928223;0.012910842895507812;0.0;0.6522299647331238;1.0497819185256958;0.6522299647331238;0.0
0.005143016576766968;0.005143016576766968;0.00955130159854889;0.0;0.6524583101272583;0.7870138883590698;0.6524583101272583;0.0
0.005152374505996704;0.005152374505996704;0.009584620594978333;0.0;0.653538703918457;0.9386448264122009;0.653538703918457;0.0
0.005159646272659302;0.005159646272659302;0.00756816565990448;0.0;0.6536816358566284;0.9749226570129395;0.6536816358566284;0.0
0.005178213119506836;0.005178213119506836;0.012949533760547638;0.0;0.6542689800262451;0.6542689800262451;1.4003678560256958;0.0
0.005180060863494873;0.005180060863494873;0.008892491459846497;0.0;0.6545735001564026;0.9819896817207336;0.6545735001564026;0.0
0.0052558183670043945;0.0052558183670043945;0.009854227304458618;0.0;0.6551116704940796;0.6551116704940796;1.0001285076141357;0.0
0.005256518721580505;0.005256518721580505;0.0061431825160980225;0.0;0.6551552414894104;0.6551552414894104;1.3316254615783691;0.0
0.005269855260848999;0.006219416856765747;0.005269855260848999;0.0;0.6555310487747192;0.6555310487747192;0.7510472536087036;0.0
0.005286216735839844;0.005286216735839844;0.01213313639163971;0.0;0.6587132811546326;0.7632341980934143;0.6587132811546326;0.0
0.005292832851409912;0.005292832851409912;0.008646413683891296;0.0;0.6595608592033386;0.8159338235855103;0.6595608592033386;0.0
0.005314011126756668;0.005314011126756668;0.012854382395744324;0.0;0.6598342061042786;1.1408621072769165;0.6598342061042786;0.0
0.005357831716537476;0.005357831716537476;0.008561879396438599;0.0;0.6601389646530151;1.0323432683944702;0.6601389646530151;0.0
0.005373209714889526;0.0058280229568481445;0.005373209714889526;0.0;0.6620106101036072;1.0774353742599487;0.6620106101036072;0.0
0.005374938249588013;0.005374938249588013;0.015310049057006836;0.0;0.662967324256897;0.8928050994873047;0.662967324256897;0.0
0.005415976047515869;0.005415976047515869;0.018703997135162354;0.0;0.6665751934051514;0.9697688817977905;0.6665751934051514;0.0
0.005416199564933777;0.005416199564933777;0.0063918232917785645;0.0;0.6681196689605713;0.9296718835830688;0.6681196689605713;0.0
0.00542902946472168;0.00542902946472168;0.017118750140070915;0.0;0.6682864427566528;1.0240947008132935;0.6682864427566528;0.0
0.005458017811179161;0.005458017811179161;0.017678886651992798;0.0;0.6687294840812683;0.778407633304596;0.6687294840812683;0.0
0.0055096447467803955;0.0055096447467803955;0.013593003153800964;0.0;0.6690642237663269;0.8655452728271484;0.6690642237663269;0.0
0.005552411079406738;0.005552411079406738;0.011737033724784851;0.0;0.6694808602333069;1.0363465547561646;0.6694808602333069;0.0
0.005567789077758789;0.005567789077758789;0.009510159492492676;0.0;0.6706746816635132;0.8038433194160461;0.6706746816635132;0.0
0.005587272346019745;0.013238310813903809;0.005587272346019745;0.0;0.6707672476768494;1.101002812385559;0.6707672476768494;0.0
0.005617320537567139;0.005617320537567139;0.006741642951965332;0.0;0.6714286208152771;0.9596340656280518;0.6714286208152771;0.0
0.005618155002593994;0.005618155002593994;0.011117987334728241;0.0;0.6729636788368225;0.8669309616088867;0.6729636788368225;0.0
0.005666948854923248;0.005666948854923248;0.009980514645576477;0.0;0.6758792400360107;1.0087264776229858;0.6758792400360107;0.0
0.005694180727005005;0.005694180727005005;0.014355573803186417;0.0;0.6782936453819275;0.6782936453819275;0.6998075842857361;0.0
0.005704447627067566;0.005704447627067566;0.0077618807554244995;0.0;0.6786054372787476;0.6786054372787476;0.791841447353363;0.0
0.005784869194030762;0.005784869194030762;0.012898534536361694;0.0;0.6793950796127319;0.9333180785179138;0.6793950796127319;0.0
0.005823582410812378;0.005823582410812378;0.01065799593925476;0.0;0.6801449656486511;1.1124051809310913;0.6801449656486511;0.0
0.005844235420227051;0.005844235420227051;0.014084428548812866;0.0;0.6803404688835144;0.9799136519432068;0.6803404688835144;0.0
0.005846977233886719;0.005846977233886719;0.015004301443696022;0.0;0.6809170246124268;1.123887300491333;0.6809170246124268;0.0
0.005865633487701416;0.005865633487701416;0.009189032018184662;0.0;0.6828920245170593;0.6828920245170593;0.8119889497756958;0.0
0.005877494812011719;0.005877494812011719;0.006509065628051758;0.0;0.6829853653907776;1.0660954713821411;0.6829853653907776;0.0
0.005922198295593262;0.005922198295593262;0.01632404327392578;0.0;0.6849732398986816;0.7618801593780518;0.6849732398986816;0.0
0.005923233926296234;0.005923233926296234;0.011074095964431763;0.0;0.6904147863388062;1.0924882888793945;0.6904147863388062;0.0
0.005937755107879639;0.005937755107879639;0.008119423873722553;0.0;0.6921623349189758;1.1054291725158691;0.6921623349189758;0.0
0.0059465765953063965;0.0059465765953063965;0.007566168904304504;0.0;0.6928997039794922;0.6928997039794922;1.088144063949585;0.0
0.005974367260932922;0.005974367260932922;0.011361189186573029;0.0;0.6957966089248657;1.1166235208511353;0.6957966089248657;0.0
0.0060163140296936035;0.0060163140296936035;0.008121520280838013;0.0;0.6993100047111511;1.0429768562316895;0.6993100047111511;0.0
0.00601804256439209;0.00601804256439209;0.007670721970498562;0.0;0.7019349336624146;0.9582244753837585;0.7019349336624146;0.0
0.0060300081968307495;0.006342023611068726;0.0060300081968307495;0.0;0.7031201720237732;0.876159131526947;0.7031201720237732;0.0
0.00603446364402771;0.00603446364402771;0.00783612485975027;0.0;0.7035534977912903;1.083429217338562;0.7035534977912903;0.0
0.0060555338859558105;0.0060555338859558105;0.010269150137901306;0.0;0.7037945985794067;0.8219507336616516;0.7037945985794067;0.0
0.006146550178527832;0.006146550178527832;0.014254719018936157;0.0;0.704116940498352;1.0660759210586548;0.704116940498352;0.0
0.006177663803100586;0.006177663803100586;0.009137153625488281;0.0;0.7045673131942749;1.0161559581756592;0.7045673131942749;0.0
0.006236076354980469;0.006236076354980469;0.008931398391723633;0.0;0.706113338470459;0.706113338470459;0.8229594230651855;0.0
0.006258577108383179;0.006258577108383179;0.007403440773487091;0.0;0.7086838483810425;0.9934419989585876;0.7086838483810425;0.0
0.0062672048807144165;0.0062672048807144165;0.007380090653896332;0.0;0.7089438438415527;0.7089438438415527;1.2497525215148926;0.0
0.006273984909057617;0.006273984909057617;0.017244309186935425;0.0;0.7099422216415405;1.0914798974990845;0.7099422216415405;0.0
0.0063024163246154785;0.0063024163246154785;0.00816810131072998;0.0;0.7099869251251221;0.8281385898590088;0.7099869251251221;0.0
0.006334543228149414;0.006334543228149414;0.014025777578353882;0.0;0.7114819884300232;1.0999363660812378;0.7114819884300232;0.0
0.0063620805740356445;0.0063620805740356445;0.008380867540836334;0.0;0.7127136588096619;1.0699026584625244;0.7127136588096619;0.0
0.006407380104064941;0.006407380104064941;0.012900374829769135;0.0;0.7141052484512329;1.0106558799743652;0.7141052484512329;0.0
0.00641988217830658;0.00789131224155426;0.00641988217830658;0.0;0.715243935585022;0.715243935585022;0.8786125779151917;0.0
0.006434023380279541;0.006434023380279541;0.009826958179473877;0.0;0.7158499360084534;1.1401193141937256;0.7158499360084534;0.0
0.00645635649561882;0.01186111569404602;0.00645635649561882;0.0;0.7160651683807373;1.0158462524414062;0.7160651683807373;0.0
0.006483733654022217;0.006483733654022217;0.009754709899425507;0.0;0.7183235287666321;0.7588197588920593;0.7183235287666321;0.0
0.006488531827926636;0.006488531827926636;0.010985389351844788;0.0;0.7191562056541443;0.7191562056541443;0.7214850783348083;0.0
0.0065081119537353516;0.0065081119537353516;0.01221136748790741;0.0;0.7203748822212219;1.022229790687561;0.7203748822212219;0.0
0.00651317834854126;0.00651317834854126;0.0173245370388031;0.0;0.7210705876350403;0.8715223670005798;0.7210705876350403;0.0
0.00652158260345459;0.00652158260345459;0.013498842716217041;0.0;0.7215049266815186;0.7215049266815186;0.7347519993782043;0.0
0.006548821926116943;0.00663679838180542;0.006548821926116943;0.0;0.7222018837928772;0.7222018837928772;1.0556172132492065;0.0
0.006559252738952637;0.006559252738952637;0.01312437653541565;0.0;0.7222181558609009;0.7615715265274048;0.7222181558609009;0.0
0.00661814957857132;0.00661814957857132;0.014730781316757202;0.0;0.7223711609840393;0.7395612597465515;0.7223711609840393;0.0
0.0066258907318115234;0.0066258907318115234;0.01638840138912201;0.0;0.7270752787590027;0.8459302186965942;0.7270752787590027;0.0
0.006662555038928986;0.006662555038928986;0.01461055874824524;0.0;0.7271056175231934;0.7271056175231934;1.4687689542770386;0.0
0.0066686272621154785;0.0066686272621154785;0.009585149586200714;0.0;0.7284731864929199;1.0520049333572388;0.7284731864929199;0.0
0.006723374128341675;0.006723374128341675;0.014919042587280273;0.0;0.7286796569824219;0.781334638595581;0.7286796569824219;0.0
0.006729014217853546;0.006729014217853546;0.010879293084144592;0.0;0.729449450969696;0.9025173187255859;0.729449450969696;0.0
0.006777644157409668;0.006777644157409668;0.009936675429344177;0.0;0.7303715348243713;0.9841972589492798;0.7303715348243713;0.0
0.006797857582569122;0.006797857582569122;0.018093988299369812;0.0;0.7303720116615295;0.7303720116615295;1.1818978786468506;0.0
0.006812058389186859;0.006812058389186859;0.011265456676483154;0.0;0.730613648891449;0.730613648891449;1.426811933517456;0.0
0.006826311349868774;0.006826311349868774;0.01261669397354126;0.0;0.7319077253341675;0.7319077253341675;0.8191356658935547;0.0
0.006846576929092407;0.006846576929092407;0.007455870509147644;0.0;0.7340505123138428;1.1169894933700562;0.7340505123138428;0.0
0.006849884986877441;0.006849884986877441;0.013132229447364807;0.0;0.7345835566520691;0.7345835566520691;0.9177559018135071;0.0
0.0068648457527160645;0.0068648457527160645;0.012081682682037354;0.0;0.7363134622573853;1.1617144346237183;0.7363134622573853;0.0
0.006867155432701111;0.00695858895778656;0.006867155432701111;0.0;0.7421643137931824;1.2131283283233643;0.7421643137931824;0.0
0.006879299879074097;0.006879299879074097;0.011729404330253601;0.0;0.7428833246231079;1.023703694343567;0.7428833246231079;0.0
0.006893455982208252;0.006893455982208252;0.013663232326507568;0.0;0.7452396750450134;0.9892776012420654;0.7452396750450134;0.0
0.006925314664840698;0.006925314664840698;0.011885739862918854;0.0;0.7452989220619202;1.082363247871399;0.7452989220619202;0.0
0.006936132907867432;0.006936132907867432;0.021366894245147705;0.0;0.7468929886817932;0.9433875679969788;0.7468929886817932;0.0
0.006951076444238424;0.006951076444238424;0.008816808462142944;0.0;0.7472870349884033;0.8032188415527344;0.7472870349884033;0.0
0.006960391998291016;0.006960391998291016;0.010498717427253723;0.0;0.7487366795539856;1.0559178590774536;0.7487366795539856;0.0
0.00696253776550293;0.00696253776550293;0.010896723717451096;0.0;0.751263439655304;1.056875228881836;0.751263439655304;0.0
0.006965965032577515;0.006965965032577515;0.011655569076538086;0.0;0.7522345185279846;0.7522345185279846;0.7550194263458252;0.0
0.0069908201694488525;0.0069908201694488525;0.014133483171463013;0.0;0.7526774406433105;0.9896292090415955;0.7526774406433105;0.0
0.007009148597717285;0.007009148597717285;0.00759512186050415;0.0;0.756080687046051;1.065415859222412;0.756080687046051;0.0
0.007081747055053711;0.007081747055053711;0.009236633777618408;0.0;0.7562347054481506;0.8685023188591003;0.7562347054481506;0.0
0.007098138332366943;0.010461390018463135;0.007098138332366943;0.0;0.7564108371734619;0.7564108371734619;1.0247198343276978;0.0
0.007154732942581177;0.007154732942581177;0.01230381429195404;0.0;0.7579215168952942;1.1268326044082642;0.7579215168952942;0.0
0.007206559181213379;0.007206559181213379;0.01995369791984558;0.0;0.7582032084465027;1.050215244293213;0.7582032084465027;0.0
0.007297694683074951;0.007297694683074951;0.010416701436042786;0.0;0.7582247853279114;0.999272346496582;0.7582247853279114;0.0
0.007298395037651062;0.007298395037651062;0.011224430054426193;0.0;0.7587751746177673;0.7587751746177673;0.7933779954910278;0.0
0.007346302270889282;0.007346302270889282;0.012085258960723877;0.0;0.7593268156051636;1.1782702207565308;0.7593268156051636;0.0
0.0073465630412101746;0.016677677631378174;0.0073465630412101746;0.0;0.7613158226013184;1.0115915536880493;0.7613158226013184;0.0
0.007360637187957764;0.007360637187957764;0.01951998472213745;0.0;0.7645018696784973;0.8594110012054443;0.7645018696784973;0.0
0.007361285388469696;0.010200023651123047;0.007361285388469696;0.0;0.7659029364585876;0.7659029364585876;1.1045962572097778;0.0
0.007376194000244141;0.007376194000244141;0.009685594588518143;0.0;0.766007661819458;0.7978885769844055;0.766007661819458;0.0
0.007390335202217102;0.007390335202217102;0.0213184654712677;0.0;0.7664675116539001;0.7664675116539001;1.332687497138977;0.0
0.007391870021820068;0.007391870021820068;0.01215466856956482;0.0;0.7675193548202515;0.9958140850067139;0.7675193548202515;0.0
0.007393330335617065;0.007393330335617065;0.014577895402908325;0.0;0.7741486430168152;1.0775656700134277;0.7741486430168152;0.0
0.007421895861625671;0.007421895861625671;0.021805182099342346;0.0;0.7766154408454895;1.1321849822998047;0.7766154408454895;0.0
0.007478964515030384;0.007557332515716553;0.007478964515030384;0.0;0.778197705745697;0.778197705745697;1.4169586896896362;0.0
0.007508695125579834;0.007508695125579834;0.012615635991096497;0.0;0.7816954851150513;1.1016947031021118;0.7816954851150513;0.0
0.007575273513793945;0.009329661726951599;0.007575273513793945;0.0;0.7820754647254944;1.1468863487243652;0.7820754647254944;0.0
0.007584750652313232;0.007584750652313232;0.010790519416332245;0.0;0.7824434041976929;0.9346843957901001;0.7824434041976929;0.0
0.00760258175432682;0.00760258175432682;0.010233908891677856;0.0;0.7846892476081848;1.1553410291671753;0.7846892476081848;0.0
0.007608354091644287;0.007608354091644287;0.016200624406337738;0.0;0.7847304344177246;1.1354482173919678;0.7847304344177246;0.0
0.0076089948415756226;0.009119570255279541;0.0076089948415756226;0.0;0.7874777913093567;1.0971952676773071;0.7874777913093567;0.0
0.00761181116104126;0.00761181116104126;0.009870409965515137;0.0;0.7886017560958862;1.09503173828125;0.7886017560958862;0.0
0.007616516202688217;0.007616516202688217;0.015515714883804321;0.0;0.7920956015586853;0.9694069623947144;0.7920956015586853;0.0
0.007624097168445587;0.007624097168445587;0.009445205330848694;0.0;0.7925258278846741;0.7925258278846741;1.487407922744751;0.0
0.007692396640777588;0.007692396640777588;0.012403234839439392;0.0;0.7934759855270386;0.8449662923812866;0.7934759855270386;0.0
0.007718920707702637;0.007718920707702637;0.010086596012115479;0.0;0.7934995293617249;1.128847599029541;0.7934995293617249;0.0
0.007751166820526123;0.007751166820526123;0.011241614818572998;0.0;0.7940934300422668;0.7940934300422668;1.155184030532837;0.0
0.007790654897689819;0.007790654897689819;0.012361779808998108;0.0;0.7941716313362122;1.1803454160690308;0.7941716313362122;0.0
0.007793843746185303;0.007793843746185303;0.01091204583644867;0.0;0.7963007092475891;0.8827956914901733;0.7963007092475891;0.0
0.007866621017456055;0.007866621017456055;0.008839309215545654;0.0;0.7964402437210083;1.121625542640686;0.7964402437210083;0.0
0.00786733627319336;0.00786733627319336;0.013979494571685791;0.0;0.7975630760192871;0.8736568689346313;0.7975630760192871;0.0
0.007970932871103287;0.007970932871103287;0.008477061986923218;0.0;0.7979264259338379;0.7979264259338379;1.284488558769226;0.0
0.007975772023200989;0.007975772023200989;0.010322045534849167;0.0;0.799239456653595;1.0458920001983643;0.799239456653595;0.0
0.007984369993209839;0.007984369993209839;0.01780298352241516;0.0;0.8073199987411499;0.8551276326179504;0.8073199987411499;0.0
0.008007936179637909;0.008007936179637909;0.01112636923789978;0.0;0.8073371052742004;1.0889784097671509;0.8073371052742004;0.0
0.00803413987159729;0.00803413987159729;0.008522063493728638;0.0;0.8109908699989319;1.0534229278564453;0.8109908699989319;0.0
0.0080452561378479;0.0080452561378479;0.01309153437614441;0.0;0.8124668002128601;0.9782641530036926;0.8124668002128601;0.0
0.008083879947662354;0.008083879947662354;0.015251487493515015;0.0;0.8131856322288513;1.1390020847320557;0.8131856322288513;0.0
0.008120685815811157;0.008120685815811157;0.016960203647613525;0.0;0.8160659074783325;0.8160659074783325;0.8448756337165833;0.0
0.008125543594360352;0.008125543594360352;0.024461984634399414;0.0;0.8162139058113098;0.9460462331771851;0.8162139058113098;0.0
0.008128911256790161;0.008128911256790161;0.009951084852218628;0.0;0.8163255453109741;1.0303244590759277;0.8163255453109741;0.0
0.008130073547363281;0.008130073547363281;0.010247200727462769;0.0;0.8171888589859009;0.8171888589859009;1.3984665870666504;0.0
0.008131906390190125;0.010554313659667969;0.008131906390190125;0.0;0.8207272887229919;0.8207272887229919;0.8660753965377808;0.0
0.008152306079864502;0.008152306079864502;0.025272339582443237;0.0;0.8243204355239868;0.9243643879890442;0.8243204355239868;0.0
0.00818354170769453;0.00818354170769453;0.0239754319190979;0.0;0.826954185962677;1.1215134859085083;0.826954185962677;0.0
0.008209794759750366;0.008209794759750366;0.013121932744979858;0.0;0.8291764855384827;0.8291764855384827;1.3127057552337646;0.0
0.008260272443294525;0.008260272443294525;0.011722534894943237;0.0;0.8300701379776001;1.1607606410980225;0.8300701379776001;0.0
0.008273124694824219;0.008273124694824219;0.015609264373779297;0.0;0.8328900933265686;1.0676554441452026;0.8328900933265686;0.0
0.008273720741271973;0.008273720741271973;0.02289411425590515;0.0;0.8332545161247253;0.8530797958374023;0.8332545161247253;0.0
0.008292317390441895;0.008292317390441895;0.017096512019634247;0.0;0.8338333964347839;0.9222908616065979;0.8338333964347839;0.0
0.008314371109008789;0.008314371109008789;0.015510916709899902;0.0;0.8392878174781799;0.8392878174781799;0.8626636862754822;0.0
0.008418187499046326;0.008418187499046326;0.01674419641494751;0.0;0.8473559617996216;1.0760014057159424;0.8473559617996216;0.0
0.008449733257293701;0.008449733257293701;0.024768412113189697;0.0;0.8521921038627625;1.0017585754394531;0.8521921038627625;0.0
0.008474955335259438;0.008474955335259438;0.015992015600204468;0.0;0.8528895378112793;1.0573359727859497;0.8528895378112793;0.0
0.008475065231323242;0.008475065231323242;0.018851131200790405;0.0;0.854604184627533;0.854604184627533;1.2745702266693115;0.0
0.008596599102020264;0.008596599102020264;0.008745808154344559;0.0;0.8559023141860962;0.9288356304168701;0.8559023141860962;0.0
0.008621200919151306;0.008621200919151306;0.01851506531238556;0.0;0.8591644763946533;0.8591644763946533;0.9799270033836365;0.0
0.008685469627380371;0.008685469627380371;0.011063218116760254;0.0;0.8635036945343018;1.0816868543624878;0.8635036945343018;0.0
0.00870060920715332;0.00870060920715332;0.01579183340072632;0.0;0.870786726474762;0.870786726474762;1.2622157335281372;0.0
0.008710622787475586;0.008710622787475586;0.017844345420598984;0.0;0.8748950362205505;0.8748950362205505;0.9024115204811096;0.0
0.008744984865188599;0.008744984865188599;0.01730901002883911;0.0;0.8760257959365845;1.1618143320083618;0.8760257959365845;0.0
0.008781522512435913;0.008781522512435913;0.013084471225738525;0.0;0.8786678910255432;0.908727765083313;0.8786678910255432;0.0
0.008798986673355103;0.008798986673355103;0.026538729667663574;0.0;0.8795620203018188;1.1382895708084106;0.8795620203018188;0.0
0.00885947048664093;0.00885947048664093;0.009174913167953491;0.0;0.8799123764038086;1.1164050102233887;0.8799123764038086;0.0
0.00887387990951538;0.010209739208221436;0.00887387990951538;0.0;0.8827372193336487;1.171249270439148;0.8827372193336487;0.0
0.008924663066864014;0.008924663066864014;0.017774969339370728;0.0;0.8847459554672241;1.180033802986145;0.8847459554672241;0.0
0.008943676948547363;0.008943676948547363;0.018810540437698364;0.0;0.8881036043167114;1.0203527212142944;0.8881036043167114;0.0
0.008967220783233643;0.008967220783233643;0.00995779037475586;0.0;0.8883498311042786;1.1092950105667114;0.8883498311042786;0.0
0.008995532989501953;0.008995532989501953;0.02200901508331299;0.0;0.8903351426124573;1.029893398284912;0.8903351426124573;0.0
0.009007811546325684;0.009007811546325684;0.010177671909332275;0.0;0.892754316329956;0.892754316329956;0.9633306264877319;0.0
0.009028345346450806;0.009028345346450806;0.019568204879760742;0.0;0.8934535980224609;0.8934535980224609;0.9708222150802612;0.0
0.009030401706695557;0.009030401706695557;0.01909637451171875;0.0;0.8943953514099121;0.9809589982032776;0.8943953514099121;0.0
0.009071871638298035;0.009071871638298035;0.018274255096912384;0.0;0.8953810334205627;1.060263752937317;0.8953810334205627;0.0
0.009096503257751465;0.009096503257751465;0.022281527519226074;0.0;0.8972110748291016;1.097729206085205;0.8972110748291016;0.0
0.009103164076805115;0.009103164076805115;0.019817054271697998;0.0;0.8979365825653076;1.1323199272155762;0.8979365825653076;0.0
0.009142875671386719;0.009142875671386719;0.019211143255233765;0.0;0.8994276523590088;0.9834000468254089;0.8994276523590088;0.0
0.009153246879577637;0.009153246879577637;0.010560572147369385;0.0;0.9135117530822754;1.1222306489944458;0.9135117530822754;0.0
0.009239137172698975;0.009239137172698975;0.013906106352806091;0.0;0.914683997631073;0.9523302912712097;0.914683997631073;0.0
0.009331077337265015;0.009331077337265015;0.023745635524392128;0.0;0.9254949688911438;0.9254949688911438;1.5033159255981445;0.0
0.009339988231658936;0.009339988231658936;0.01702415943145752;0.0;0.9298062324523926;1.0814110040664673;0.9298062324523926;0.0
0.00943136215209961;0.00943136215209961;0.016122013330459595;0.0;0.9363558292388916;0.9601574540138245;0.9363558292388916;0.0
0.009463369846343994;0.009463369846343994;0.013673558831214905;0.0;0.9387192726135254;1.1750637292861938;0.9387192726135254;0.0
0.009483575820922852;0.009483575820922852;0.012824326753616333;0.0;0.9408564567565918;1.124137282371521;0.9408564567565918;0.0
0.00949472188949585;0.00949472188949585;0.0130394846200943;0.0;0.9486761093139648;0.9486761093139648;1.7639977931976318;0.0
0.009610369801521301;0.009610369801521301;0.020596206188201904;0.0;0.9496170878410339;0.9496170878410339;1.2854018211364746;0.0
0.009635210037231445;0.009635210037231445;0.018327534198760986;0.0;0.9508289694786072;0.9508289694786072;1.6563470363616943;0.0
0.00975644588470459;0.00975644588470459;0.02758234739303589;0.0;0.9515066146850586;1.1195746660232544;0.9515066146850586;0.0
0.00978010892868042;0.00978010892868042;0.012198790907859802;0.0;0.9520715475082397;1.0830352306365967;0.9520715475082397;0.0
0.009786009788513184;0.009786009788513184;0.020122885704040527;0.0;0.9688393473625183;0.9588729739189148;0.9688393473625183;0.0
0.009803563356399536;0.010512769222259521;0.009803563356399536;0.0;0.9721049666404724;1.0862840414047241;0.9721049666404724;0.0
0.009821534156799316;0.009821534156799316;0.020513296127319336;0.0;0.9731786251068115;1.0952394008636475;0.9731786251068115;0.0
0.00983002781867981;0.00983002781867981;0.01418885588645935;0.0;0.9763111472129822;1.182529330253601;0.9763111472129822;0.0
0.009884506464004517;0.009884506464004517;0.01497378945350647;0.0;0.9873488545417786;1.0168380737304688;0.9873488545417786;0.0
0.009963452816009521;0.009963452816009521;0.02241644263267517;0.0;0.9909069538116455;0.9909069538116455;1.2391852140426636;0.0
0.009969651699066162;0.009969651699066162;0.01752418279647827;0.0;0.9956312775611877;1.0352407693862915;0.9956312775611877;0.0
0.01014643907546997;0.01014643907546997;0.02976316213607788;0.0;1.009644865989685;1.0927244424819946;1.009644865989685;0.0
0.010172665119171143;0.010172665119171143;0.03226810693740845;0.0;1.0121681690216064;1.0121681690216064;1.159387230873108;0.0
0.010210230946540833;0.010210230946540833;0.022815272212028503;0.0;1.0163401365280151;1.0938301086425781;1.0163401365280151;0.0
0.010210514068603516;0.010210514068603516;0.027129653841257095;0.0;1.0170823335647583;1.0260885953903198;1.0170823335647583;0.0
0.010245740413665771;0.010245740413665771;0.0149802565574646;0.0;1.019260287284851;1.0771541595458984;1.019260287284851;0.0
0.0102711021900177;0.0102711021900177;0.01607389748096466;0.0;1.020493984222412;1.1067237854003906;1.020493984222412;0.0
0.010423660278320312;0.010423660278320312;0.02066764235496521;0.0;1.0250210762023926;1.0250210762023926;1.2208895683288574;0.0
0.010515956208109856;0.010515956208109856;0.01437002420425415;0.0;1.0254998207092285;1.1980704069137573;1.0254998207092285;0.0
0.010519266128540039;0.010519266128540039;0.02891385555267334;0.0;1.0309841632843018;1.0309841632843018;1.1943718194961548;0.0
0.010547563433647156;0.010547563433647156;0.018326789140701294;0.0;1.0344128608703613;1.2216733694076538;1.0344128608703613;0.0
0.010558485984802246;0.010558485984802246;0.016705602407455444;0.0;1.0398344993591309;1.1435104608535767;1.0398344993591309;0.0
0.010574877262115479;0.010574877262115479;0.01686716079711914;0.0;1.0413074493408203;1.0602420568466187;1.0413074493408203;0.0
0.010584594681859016;0.010584594681859016;0.014025847427546978;0.0;1.046552062034607;1.1574504375457764;1.046552062034607;0.0
0.010589957237243652;0.010589957237243652;0.017246156930923462;0.0;1.0504014492034912;1.117998719215393;1.0504014492034912;0.0
0.010600626468658447;0.011358886957168579;0.010600626468658447;0.0;1.063416838645935;1.1037402153015137;1.063416838645935;0.0
0.010607004165649414;0.010607004165649414;0.024703621864318848;0.0;1.0648105144500732;0.726905345916748;1.0648105144500732;0.0
0.01061791181564331;0.01061791181564331;0.024528801441192627;0.0;1.0673072338104248;1.1539379358291626;1.0673072338104248;0.0
0.010727465152740479;0.010727465152740479;0.0245743989944458;0.0;1.0718756914138794;1.0967546701431274;1.0718756914138794;0.0
0.010789185762405396;0.010789185762405396;0.012987151741981506;0.0;1.0778822898864746;1.0165460109710693;1.0778822898864746;0.0
0.010799825191497803;0.014861464500427246;0.010799825191497803;0.0;1.0805473327636719;1.0805473327636719;1.752698540687561;0.0
0.010860137641429901;0.010860137641429901;0.036421336233615875;0.0;1.0835753679275513;1.1802986860275269;1.0835753679275513;0.0
0.010968871414661407;0.015999406576156616;0.010968871414661407;0.0;1.083789348602295;1.083789348602295;1.5047423839569092;0.0
0.011056482791900635;0.011056482791900635;0.01724204421043396;0.0;1.0942281484603882;1.0512661933898926;1.0942281484603882;0.0
0.011104792356491089;0.011104792356491089;0.03312905132770538;0.0;1.1011149883270264;1.1036028861999512;1.1011149883270264;0.0
0.011145055294036865;0.016383439302444458;0.011145055294036865;0.0;1.1014057397842407;0.9719423055648804;1.1014057397842407;0.0
0.011157117784023285;0.015277683734893799;0.011157117784023285;0.0;1.1098957061767578;1.1828289031982422;1.1098957061767578;0.0
0.011161983013153076;0.011161983013153076;0.02214333415031433;0.0;1.1117817163467407;1.2256734371185303;1.1117817163467407;0.0
0.011214613914489746;0.011214613914489746;0.02211640775203705;0.0;1.114469289779663;1.0376442670822144;1.114469289779663;0.0
0.011278532445430756;0.011278532445430756;0.020821839570999146;0.0;1.130294680595398;0.9554206132888794;1.130294680595398;0.0
0.0113181471824646;0.0113181471824646;0.019787251949310303;0.0;1.1315585374832153;1.185652732849121;1.1315585374832153;0.0
0.011406540870666504;0.011406540870666504;0.026138782501220703;0.0;1.1359732151031494;1.0699350833892822;1.1359732151031494;0.0
0.01146426796913147;0.01146426796913147;0.022613346576690674;0.0;1.1462370157241821;1.164238452911377;1.1462370157241821;0.0
0.011680558323860168;0.011680558323860168;0.022979736328125;0.0;1.1478118896484375;1.1431723833084106;1.1478118896484375;0.0
0.011701717972755432;0.011701717972755432;0.03346729278564453;0.0;1.1497722864151;1.0791374444961548;1.1497722864151;0.0
0.01173827052116394;0.012719333171844482;0.01173827052116394;0.0;1.1513408422470093;1.2188230752944946;1.1513408422470093;0.0
0.011835498735308647;0.011835498735308647;0.017229706048965454;0.0;1.1554393768310547;1.1071518659591675;1.1554393768310547;0.0
0.011848628520965576;0.011848628520965576;0.032286062836647034;0.0;1.155645728111267;1.1343880891799927;1.155645728111267;0.0
0.011896133422851562;0.011896133422851562;0.01471620798110962;0.0;1.1660699844360352;1.0700652599334717;1.1660699844360352;0.0
0.01209115982055664;0.01209115982055664;0.014414161443710327;0.0;1.1722259521484375;1.070539951324463;1.1722259521484375;0.0
0.012095093727111816;0.012095093727111816;0.020401030778884888;0.0;1.1756081581115723;1.0151681900024414;1.1756081581115723;0.0
0.012108445167541504;0.01656132936477661;0.012108445167541504;0.0;1.1853671073913574;1.0447413921356201;1.1853671073913574;0.0
0.012125730514526367;0.012125730514526367;0.019005373120307922;0.0;1.188734769821167;1.028891682624817;1.188734769821167;0.0
0.012150824069976807;0.012150824069976807;0.028159618377685547;0.0;1.1897778511047363;1.1671971082687378;1.1897778511047363;0.0
0.012183036655187607;0.012183036655187607;0.01597607135772705;0.0;1.2014784812927246;1.0353537797927856;1.2014784812927246;0.0
0.01232340931892395;0.01232340931892395;0.027150630950927734;0.0;1.2042973041534424;0.9003850221633911;1.2042973041534424;0.0
0.01243293285369873;0.01243293285369873;0.035314202308654785;0.0;1.214407205581665;1.0718140602111816;1.214407205581665;0.0
0.012454330921173096;0.012454330921173096;0.01572519540786743;0.0;1.2176997661590576;1.2354143857955933;1.2176997661590576;0.0
0.012473665177822113;0.012473665177822113;0.02036091685295105;0.0;1.2205281257629395;1.1306439638137817;1.2205281257629395;0.0
0.012584507465362549;0.012584507465362549;0.027240365743637085;0.0;1.2219263315200806;1.176322102546692;1.2219263315200806;0.0
0.012697994709014893;0.014322400093078613;0.012697994709014893;0.0;1.2257136106491089;1.1519739627838135;1.2257136106491089;0.0
0.01284065842628479;0.01284065842628479;0.01826375722885132;0.0;1.2260226011276245;1.0958900451660156;1.2260226011276245;0.0
0.012893438339233398;0.012893438339233398;0.025607138872146606;0.0;1.2434015274047852;1.0743471384048462;1.2434015274047852;0.0
0.012922704219818115;0.012922704219818115;0.018033713102340698;0.0;1.250903844833374;1.1563879251480103;1.250903844833374;0.0
0.012946903705596924;0.016086459159851074;0.012946903705596924;0.0;1.253770351409912;1.185599446296692;1.253770351409912;0.0
0.013002797961235046;0.013002797961235046;0.015868641436100006;0.0;1.2585784196853638;1.1584956645965576;1.2585784196853638;0.0
0.01306774839758873;0.016508176922798157;0.01306774839758873;0.0;1.2657132148742676;0.9741520881652832;1.2657132148742676;0.0
0.013088703155517578;0.013088703155517578;0.015251070261001587;0.0;1.2692595720291138;1.1329823732376099;1.2692595720291138;0.0
0.013349831104278564;0.013349831104278564;0.021399259567260742;0.0;1.2708700895309448;1.1867048740386963;1.2708700895309448;0.0
0.013352632522583008;0.013352632522583008;0.013616979122161865;0.0;1.2914822101593018;1.003082513809204;1.2914822101593018;0.0
0.013457328081130981;0.013457328081130981;0.04377412796020508;0.0;1.293412685394287;1.1831212043762207;1.293412685394287;0.0
0.013482153415679932;0.013482153415679932;0.04728660359978676;0.0;1.2967857122421265;1.0869719982147217;1.2967857122421265;0.0
0.013488136231899261;0.013488136231899261;0.03665894269943237;0.0;1.297499656677246;1.0334596633911133;1.297499656677246;0.0
0.013604268431663513;0.013604268431663513;0.02060014009475708;0.0;1.3056691884994507;1.1081401109695435;1.3056691884994507;0.0
0.013641536235809326;0.013641536235809326;0.015375524759292603;0.0;1.3058172464370728;1.0391066074371338;1.3058172464370728;0.0
0.013740170747041702;0.013740170747041702;0.015372632071375847;0.0;1.3156436681747437;1.15004301071167;1.3156436681747437;0.0
0.013832010328769684;0.013832010328769684;0.0252065509557724;0.0;1.3175220489501953;1.1743987798690796;1.3175220489501953;0.0
0.013874590396881104;0.013874590396881104;0.0316312313079834;0.0;1.3203980922698975;1.1333599090576172;1.3203980922698975;0.0
0.01388460397720337;0.01388460397720337;0.016597062349319458;0.0;1.3265513181686401;1.0962605476379395;1.3265513181686401;0.0
0.013906121253967285;0.013906121253967285;0.028421878814697266;0.0;1.3269304037094116;0.9761947393417358;1.3269304037094116;0.0
0.013915002346038818;0.013915002346038818;0.03434818983078003;0.0;1.330704689025879;1.2087587118148804;1.330704689025879;0.0
0.013960182666778564;0.013960182666778564;0.02669060230255127;0.0;1.3322263956069946;1.0580469369888306;1.3322263956069946;0.0
0.014008820056915283;0.014008820056915283;0.04281645268201828;0.0;1.3478608131408691;1.0572654008865356;1.3478608131408691;0.0
0.014015257358551025;0.014015257358551025;0.015751302242279053;0.0;1.352325677871704;1.0375829935073853;1.352325677871704;0.0
0.014060497283935547;0.014060497283935547;0.020610839128494263;0.0;1.3528727293014526;1.0945394039154053;1.3528727293014526;0.0
0.014082014560699463;0.014082014560699463;0.02909320592880249;0.0;1.353083610534668;1.0836228132247925;1.353083610534668;0.0
0.014146417379379272;0.014146417379379272;0.025855958461761475;0.0;1.3534715175628662;1.0984808206558228;1.3534715175628662;0.0
0.014331173151731491;0.014331173151731491;0.023919790983200073;0.0;1.3543137311935425;1.1559789180755615;1.3543137311935425;0.0
0.014400914311408997;0.014400914311408997;0.034401558339595795;0.0;1.354453206062317;0.9450305700302124;1.354453206062317;0.0
0.014573514461517334;0.014573514461517334;0.02309431880712509;0.0;1.369055151939392;1.114730715751648;1.369055151939392;0.0
0.014579474925994873;0.014579474925994873;0.02263331413269043;0.0;1.3715481758117676;1.0295811891555786;1.3715481758117676;0.0
0.014662474393844604;0.014662474393844604;0.029411017894744873;0.0;1.3738971948623657;1.1066694259643555;1.3738971948623657;0.0
0.014778465032577515;0.014778465032577515;0.027984626591205597;0.0;1.3741583824157715;1.1323288679122925;1.3741583824157715;0.0
0.014825839549303055;0.014825839549303055;0.03559038043022156;0.0;1.3888005018234253;1.0357508659362793;1.3888005018234253;0.0
0.014826774597167969;0.014826774597167969;0.0382840633392334;0.0;1.3914306163787842;1.130433440208435;1.3914306163787842;0.0
0.01483909785747528;0.016647756099700928;0.01483909785747528;0.0;1.396723747253418;1.0661567449569702;1.396723747253418;0.0
0.014840662479400635;0.014840662479400635;0.031684935092926025;0.0;1.40195631980896;1.1780939102172852;1.40195631980896;0.0
0.014864683151245117;0.014864683151245117;0.03214222192764282;0.0;1.4024773836135864;1.07553231716156;1.4024773836135864;0.0
0.014886081218719482;0.014886081218719482;0.031913042068481445;0.0;1.4100569486618042;1.0380518436431885;1.4100569486618042;0.0
0.014926061034202576;0.014926061034202576;0.020758777856826782;0.0;1.4127721786499023;1.111355185508728;1.4127721786499023;0.0
0.015023559331893921;0.015023559331893921;0.020360127091407776;0.0;1.414659857749939;1.113301157951355;1.414659857749939;0.0
0.01503584161400795;0.01583068072795868;0.01503584161400795;0.0;1.4169468879699707;1.028562307357788;1.4169468879699707;0.0
0.015106260776519775;0.015106260776519775;0.01993659883737564;0.0;1.4243308305740356;0.9839293956756592;1.4243308305740356;0.0
0.015168040990829468;0.015168040990829468;0.03940337896347046;0.0;1.4313381910324097;1.0909565687179565;1.4313381910324097;0.0
0.015227675437927246;0.016576290130615234;0.015227675437927246;0.0;1.4380896091461182;1.1618883609771729;1.4380896091461182;0.0
0.015538275241851807;0.015538275241851807;0.027965545654296875;0.0;1.4436811208724976;1.1812857389450073;1.4436811208724976;0.0
0.01561063528060913;0.016508445143699646;0.01561063528060913;0.0;1.445243239402771;0.972370982170105;1.445243239402771;0.0
0.015628576278686523;0.015628576278686523;0.03573578596115112;0.0;1.4591141939163208;1.1575191020965576;1.4591141939163208;0.0
0.01587390899658203;0.01587390899658203;0.025498688220977783;0.0;1.4747363328933716;1.0834813117980957;1.4747363328933716;0.0
0.016075491905212402;0.016075491905212402;0.05343759059906006;0.0;1.4796146154403687;1.1088303327560425;1.4796146154403687;0.0
0.01627109944820404;0.01638980209827423;0.01627109944820404;0.0;1.4871472120285034;0.8429349064826965;1.4871472120285034;0.0
0.016391515731811523;0.016391515731811523;0.025183558464050293;0.0;1.4876669645309448;0.8680810332298279;1.4876669645309448;0.0
0.016413182020187378;0.016413182020187378;0.03405413031578064;0.0;1.48806893825531;1.058692216873169;1.48806893825531;0.0
0.01649385690689087;0.01649385690689087;0.030923619866371155;0.0;1.4977693557739258;1.0444258451461792;1.4977693557739258;0.0
0.016513824462890625;0.016513824462890625;0.017923712730407715;0.0;1.5029990673065186;1.064250111579895;1.5029990673065186;0.0
0.018154144287109375;0.016417205333709717;0.018154144287109375;0.0;1.5083383321762085;0.9885020852088928;1.5083383321762085;0.0
0.01820141077041626;0.016619890928268433;0.01820141077041626;0.0;1.5133135318756104;1.055155873298645;1.5133135318756104;0.0
0.01838323473930359;0.01658499240875244;0.01838323473930359;0.0;1.515954852104187;1.1001930236816406;1.515954852104187;0.0
0.01870626211166382;0.01638740301132202;0.01870626211166382;0.0;1.528682827949524;1.0988820791244507;1.528682827949524;0.0
0.018959373235702515;0.016566835343837738;0.018959373235702515;0.0;1.5353639125823975;1.2244521379470825;1.5353639125823975;0.0
0.019682884216308594;0.016576170921325684;0.019682884216308594;0.0;1.5421899557113647;0.8981645107269287;1.5421899557113647;0.0
0.019861295819282532;0.01635366678237915;0.019861295819282532;0.0;1.5427625179290771;1.2227388620376587;1.5427625179290771;0.0
0.02221744880080223;0.016380250453948975;0.02221744880080223;0.0;1.5485702753067017;1.1584030389785767;1.5485702753067017;0.0
0.022469311952590942;0.016498029232025146;0.022469311952590942;0.0;1.5521222352981567;0.970773458480835;1.5521222352981567;0.0
0.02250036597251892;0.016131192445755005;0.02250036597251892;0.0;1.5776365995407104;0.7629398107528687;1.5776365995407104;0.0
0.023041382431983948;0.01654750108718872;0.023041382431983948;0.0;1.5809168815612793;1.0743879079818726;1.5809168815612793;0.0
0.023292936384677887;0.0164564847946167;0.023292936384677887;0.0;1.5853908061981201;1.1613681316375732;1.5853908061981201;0.0
0.0233801007270813;0.016781002283096313;0.0233801007270813;0.0;1.5886611938476562;1.0461257696151733;1.5886611938476562;0.0
0.023606836795806885;0.01649653911590576;0.023606836795806885;0.0;1.5892786979675293;1.0958808660507202;1.5892786979675293;0.0
0.024526938796043396;0.016217470169067383;0.024526938796043396;0.0;1.6019601821899414;1.1780866384506226;1.6019601821899414;0.0
0.02456587553024292;0.01656922698020935;0.02456587553024292;0.0;1.6037273406982422;1.0394153594970703;1.6037273406982422;0.0
0.02499261498451233;0.01666247844696045;0.02499261498451233;0.0;1.632633924484253;0.9888182878494263;1.632633924484253;0.0
0.02500051259994507;0.01633542776107788;0.02500051259994507;0.0;1.6392251253128052;1.0520870685577393;1.6392251253128052;0.0
0.025099098682403564;0.016570240259170532;0.025099098682403564;0.0;1.645384669303894;1.0828051567077637;1.645384669303894;0.0
0.025719255208969116;0.016271814703941345;0.025719255208969116;0.0;1.6500877141952515;1.1373828649520874;1.6500877141952515;0.0
0.025922849774360657;0.01650083065032959;0.025922849774360657;0.0;1.6594679355621338;1.2231717109680176;1.6594679355621338;0.0
0.02602025866508484;0.01655977964401245;0.02602025866508484;0.0;1.6635335683822632;1.1192915439605713;1.6635335683822632;0.0
0.026383161544799805;0.016460001468658447;0.026383161544799805;0.0;1.693010687828064;0.9917759299278259;1.693010687828064;0.0
0.026470482349395752;0.016580551862716675;0.026470482349395752;0.0;1.7033189535140991;1.0985559225082397;1.7033189535140991;0.0
0.026649564504623413;0.01644188165664673;0.026649564504623413;0.0;1.7054561376571655;1.0696227550506592;1.7054561376571655;0.0
0.02706313133239746;0.016427159309387207;0.02706313133239746;0.0;1.7072086334228516;1.0835880041122437;1.7072086334228516;0.0
0.027140408754348755;0.01634719967842102;0.027140408754348755;0.0;1.7082151174545288;1.1218339204788208;1.7082151174545288;0.0
0.02752554416656494;0.016522228717803955;0.02752554416656494;0.0;1.715163230895996;1.1117544174194336;1.715163230895996;0.0
0.028263449668884277;0.0161324143409729;0.028263449668884277;0.0;1.7154810428619385;0.9730376601219177;1.7154810428619385;0.0
0.028879746794700623;0.016547679901123047;0.028879746794700623;0.0;1.7199534177780151;1.019733190536499;1.7199534177780151;0.0
0.028981506824493408;0.01669180579483509;0.028981506824493408;0.0;1.7244340181350708;1.0564565658569336;1.7244340181350708;0.0
0.029445528984069824;0.01616048812866211;0.029445528984069824;0.0;1.7337563037872314;1.1248393058776855;1.7337563037872314;0.0
0.029933571815490723;0.01653766632080078;0.029933571815490723;0.0;1.737566590309143;0.9725321531295776;1.737566590309143;0.0
0.029978662729263306;0.016538381576538086;0.029978662729263306;0.0;1.7684752941131592;1.0445375442504883;1.7684752941131592;0.0
0.030239909887313843;0.01669090986251831;0.030239909887313843;0.0;1.7728981971740723;1.0890122652053833;1.7728981971740723;0.0
0.030765146017074585;0.01626884937286377;0.030765146017074585;0.0;1.7795898914337158;1.150626301765442;1.7795898914337158;0.0
0.03155481815338135;0.01651763916015625;0.03155481815338135;0.0;1.7813787460327148;1.1435610055923462;1.7813787460327148;0.0
0.032016605138778687;0.016540996730327606;0.032016605138778687;0.0;1.7985280752182007;1.05600106716156;1.7985280752182007;0.0
0.0322432816028595;0.01632755994796753;0.0322432816028595;0.0;1.8103801012039185;0.7587159276008606;1.8103801012039185;0.0
0.03245249390602112;0.01650422438979149;0.03245249390602112;0.0;1.8326929807662964;1.0454864501953125;1.8326929807662964;0.0
0.032835692167282104;0.016582906246185303;0.032835692167282104;0.0;1.8357735872268677;1.111173391342163;1.8357735872268677;0.0
0.03294108062982559;0.01648855209350586;0.03294108062982559;0.0;1.8421002626419067;1.1228992938995361;1.8421002626419067;0.0
0.03306710720062256;0.016622215509414673;0.03306710720062256;0.0;1.8422852754592896;1.1614909172058105;1.8422852754592896;0.0
0.033767104148864746;0.01666197180747986;0.033767104148864746;0.0;1.8642631769180298;1.2058876752853394;1.8642631769180298;0.0
0.03415831923484802;0.016493719071149826;0.03415831923484802;0.0;1.8674153089523315;1.1593044996261597;1.8674153089523315;0.0
0.03475421667098999;0.01657545566558838;0.03475421667098999;0.0;1.8726391792297363;1.015313744544983;1.8726391792297363;0.0
0.03475844860076904;0.016588926315307617;0.03475844860076904;0.0;1.879795789718628;1.0130558013916016;1.879795789718628;0.0
0.03503522276878357;0.01674419641494751;0.03503522276878357;0.0;1.89456307888031;1.0416947603225708;1.89456307888031;0.0
0.03537231683731079;0.016471058130264282;0.03537231683731079;0.0;1.9116566181182861;1.0281606912612915;1.9116566181182861;0.0
0.03542804718017578;0.016392230987548828;0.03542804718017578;0.0;1.9333033561706543;1.2085660696029663;1.9333033561706543;0.0
0.03591655194759369;0.016576573252677917;0.03591655194759369;0.0;1.9405409097671509;0.804602324962616;1.9405409097671509;0.0
0.036286234855651855;0.016630887985229492;0.036286234855651855;0.0;1.9508358240127563;1.0055389404296875;1.9508358240127563;0.0
0.036356121301651;0.01663506031036377;0.036356121301651;0.0;1.9559098482131958;1.0355908870697021;1.9559098482131958;0.0
0.03641080856323242;0.01688241958618164;0.03641080856323242;0.0;1.956436038017273;1.0810770988464355;1.956436038017273;0.0
0.0365217924118042;0.01653839647769928;0.0365217924118042;0.0;1.9607479572296143;0.8976043462753296;1.9607479572296143;0.0
0.036702752113342285;0.01651141047477722;0.036702752113342285;0.0;1.98804771900177;1.0186346769332886;1.98804771900177;0.0
0.037189781665802;0.01670828089118004;0.037189781665802;0.0;1.9985263347625732;1.118132472038269;1.9985263347625732;0.0
0.03795206546783447;0.016719400882720947;0.03795206546783447;0.0;2.0018231868743896;1.1594750881195068;2.0018231868743896;0.0
0.03817009925842285;0.016617298126220703;0.03817009925842285;0.0;2.028961420059204;1.1351417303085327;2.028961420059204;0.0
0.03846609592437744;0.016582831740379333;0.03846609592437744;0.0;2.0411229133605957;1.0284197330474854;2.0411229133605957;0.0
0.03966766595840454;0.016778558492660522;0.03966766595840454;0.0;2.044163465499878;0.8799823522567749;2.044163465499878;0.0
0.03990340232849121;0.016521483659744263;0.03990340232849121;0.0;2.0453271865844727;0.9198143482208252;2.0453271865844727;0.0
0.039946794509887695;0.016292154788970947;0.039946794509887695;0.0;2.115971088409424;0.8913193345069885;2.115971088409424;0.0
0.04030793905258179;0.01655706763267517;0.04030793905258179;0.0;2.174595594406128;1.0869247913360596;2.174595594406128;0.0
0.04133504629135132;0.016652077436447144;0.04133504629135132;0.0;2.190894842147827;1.1262779235839844;2.190894842147827;0.0
0.04145687818527222;0.016623258590698242;0.04145687818527222;0.0;2.1988189220428467;1.0478416681289673;2.1988189220428467;0.0
0.04228760302066803;0.016952216625213623;0.04228760302066803;0.0;2.2384719848632812;0.8327231407165527;2.2384719848632812;0.0
0.04233419895172119;0.016530275344848633;0.04233419895172119;0.0;2.2544140815734863;1.1598788499832153;2.2544140815734863;0.0
0.0429111123085022;0.016553789377212524;0.0429111123085022;0.0;2.290102958679199;1.188942313194275;2.290102958679199;0.0
0.042967289686203;0.01674628257751465;0.042967289686203;0.0;2.3050122261047363;0.9594191908836365;2.3050122261047363;0.0
0.045160889625549316;0.0165444016456604;0.045160889625549316;0.0;2.3967065811157227;1.0615036487579346;2.3967065811157227;0.0
0.046773701906204224;0.01634088158607483;0.046773701906204224;0.0;2.420377492904663;1.1129957437515259;2.420377492904663;0.0
0.04835042357444763;0.01682257652282715;0.04835042357444763;0.0;2.465515613555908;1.1439396142959595;2.465515613555908;0.0
0.04835635423660278;0.016403615474700928;0.04835635423660278;0.0;2.479149580001831;1.1584094762802124;2.479149580001831;0.0
0.04967854917049408;0.016620106995105743;0.04967854917049408;0.0;2.5459048748016357;1.1789706945419312;2.5459048748016357;0.0
0.050459861755371094;0.01678675413131714;0.050459861755371094;0.0;2.549758195877075;1.1049742698669434;2.549758195877075;0.0
0.050668954849243164;0.016340821981430054;0.050668954849243164;0.0;2.64329195022583;0.8153843879699707;2.64329195022583;0.0
0.05119551718235016;0.016473710536956787;0.05119551718235016;0.0;2.7276134490966797;0.9423483610153198;2.7276134490966797;0.0
0.051403820514678955;0.016402019187808037;0.051403820514678955;0.0;2.7456424236297607;1.0223288536071777;2.7456424236297607;0.0
0.05202203989028931;0.016535162925720215;0.05202203989028931;0.0;2.8133065700531006;1.1075530052185059;2.8133065700531006;0.0
0.05233997106552124;0.016560956835746765;0.05233997106552124;0.0;2.826575756072998;1.1407864093780518;2.826575756072998;0.0
0.054135262966156006;0.01641067862510681;0.054135262966156006;0.0;2.8940093517303467;1.1372370719909668;2.8940093517303467;0.0
0.05451004207134247;0.01659613847732544;0.05451004207134247;0.0;2.9132063388824463;0.758919894695282;2.9132063388824463;0.0
0.054837167263031006;0.016414403915405273;0.054837167263031006;0.0;3.09407377243042;1.2252525091171265;3.09407377243042;0.0
0.05755741894245148;0.016593262553215027;0.05755741894245148;0.0;3.1179730892181396;1.0623682737350464;3.1179730892181396;0.0
0.05941838026046753;0.01700282096862793;0.05941838026046753;0.0;3.146395683288574;1.0419197082519531;3.146395683288574;0.0
0.05986940860748291;0.0165102481842041;0.05986940860748291;0.0;3.2590813636779785;1.176558017730713;3.2590813636779785;0.0
0.06008708477020264;0.016710340976715088;0.06008708477020264;0.0;3.531646966934204;1.1330009698867798;3.531646966934204;0.0
0.061558693647384644;0.016772985458374023;0.061558693647384644;0.0;3.747545003890991;1.171016812324524;3.747545003890991;0.0
0.06187385320663452;0.016556017100811005;0.06187385320663452;0.0;3.799952745437622;1.0752527713775635;3.799952745437622;0.0
0.06257730722427368;0.016577839851379395;0.06257730722427368;0.0;4.0889997482299805;0.9851688146591187;4.0889997482299805;0.0
0.0635574460029602;0.016452986747026443;0.0635574460029602;0.0;4.122673034667969;1.1645671129226685;4.122673034667969;0.0
0.06475174427032471;0.01661306619644165;0.06475174427032471;0.0;4.822636604309082;1.2805107831954956;4.822636604309082;0.0
0.0689288079738617;0.01657390594482422;0.0689288079738617;0.0;6.029711723327637;1.1703428030014038;6.029711723327637;0.0
0.06938678026199341;0.016475141048431396;0.06938678026199341;0.0;8.169530868530273;0.9285241961479187;8.169530868530273;0.0
0.07808047533035278;0.016674019396305084;0.07808047533035278;0.0;160.59120178222656;1.052246332168579;160.59120178222656;0.0
0.078377366065979;0.01688474416732788;0.078377366065979;0.0;164.81369018554688;1.064605474472046;164.81369018554688;0.0
0.0830431580543518;0.01681607961654663;0.0830431580543518;0.0;165.2794952392578;1.1054357290267944;165.2794952392578;0.0
0.09148368239402771;0.016617000102996826;0.09148368239402771;0.0;208.26617431640625;1.0933144092559814;208.26617431640625;0.0
0.10506740212440491;0.01663792133331299;0.10506740212440491;0.0;209.75209045410156;1.1717016696929932;209.75209045410156;0.0
0.11989976465702057;0.016543328762054443;0.11989976465702057;0.0;298.3294982910156;1.0127747058868408;298.3294982910156;0.0
0.13796189427375793;0.0167543888092041;0.13796189427375793;0.0;316.8467712402344;1.033111572265625;316.8467712402344;0.0
0.25262802839279175;0.016649842262268066;0.25262802839279175;0.0;325.7970275878906;1.0664161443710327;325.7970275878906;0.0
