inf-norm-min-adv-dist;inf-norm-PGD-dist;inf-norm-sec-att-dist;inf-norm-Clever-0.0-samples;2-norm-min-adv-dist;2-norm-PGD-dist;2-norm-sec-att-dist;2-norm-Clever-0.0-samples
0.0;0.0;0.0;0.0;0.0;0.0;0.0;0.0
0.0;0.0;0.0;0.0;0.0;0.0;0.0;0.0
0.0;0.0;0.0;0.0;0.0;0.0;0.0;0.0
0.0;0.0;0.0;0.0;0.0;0.0;0.0;0.0
0.0;0.0;0.0;0.0;0.0;0.0;0.0;0.0
0.0;0.0;0.0;0.0;0.0;0.0;0.0;0.0
0.0;0.0;0.0;0.0;0.0;0.0;0.0;0.0
0.0;0.0;0.0;0.0;0.0;0.0;0.0;0.0
0.0;0.0;0.0;0.0;0.0;0.0;0.0;0.0
0.0;0.0;0.0;0.0;0.0;0.0;0.0;0.0
0.0;0.0;0.0;0.0;0.0;0.0;0.0;0.0
0.0;0.0;0.0;0.0;0.0;0.0;0.0;0.0
0.0;0.0;0.0;0.0;0.0;0.0;0.0;0.0
0.0;0.0;0.0;0.0;0.0;0.0;0.0;0.0
0.0;0.0;0.0;0.0;0.0;0.0;0.0;0.0
0.0;0.0;0.0;0.0;0.0;0.0;0.0;0.0
0.0;0.0;0.0;0.0;0.0;0.0;0.0;0.0
0.0;0.0;0.0;0.0;0.0;0.0;0.0;0.0
0.0;0.0;0.0;0.0;0.0;0.0;0.0;0.0
0.0;0.0;0.0;0.0;0.0;0.0;0.0;0.0
0.0;0.0;0.0;0.0;0.0;0.0;0.0;0.0
0.0;0.0;0.0;0.0;0.0;0.0;0.0;0.0
0.0;0.0;0.0;0.0;0.0;0.0;0.0;0.0
0.0;0.0;0.0;0.0;0.0;0.0;0.0;0.0
0.0;0.0;0.0;0.0;0.0;0.0;0.0;0.0
0.0;0.0;0.0;0.0;0.0;0.0;0.0;0.0
0.0;0.0;0.0;0.0;0.0;0.0;0.0;0.0
0.0;0.0;0.0;0.0;0.0;0.0;0.0;0.0
0.0;0.0;0.0;0.0;0.0;0.0;0.0;0.0
0.0;0.0;0.0;0.0;0.0;0.0;0.0;0.0
0.0;0.0;0.0;0.0;0.0;0.0;0.0;0.0
0.0;0.0;0.0;0.0;0.0;0.0;0.0;0.0
0.0;0.0;0.0;0.0;0.0;0.0;0.0;0.0
0.0;0.0;0.0;0.0;0.0;0.0;0.0;0.0
0.0;0.0;0.0;0.0;0.0;0.0;0.0;0.0
0.0;0.0;0.0;0.0;0.0;0.0;0.0;0.0
0.0;0.0;0.0;0.0;0.0;0.0;0.0;0.0
0.0;0.0;0.0;0.0;0.0;0.0;0.0;0.0
0.0;0.0;0.0;0.0;0.0;0.0;0.0;0.0
0.0;0.0;0.0;0.0;0.0;0.0;0.0;0.0
0.0;0.0;0.0;0.0;0.0;0.0;0.0;0.0
0.0;0.0;0.0;0.0;0.0;0.0;0.0;0.0
0.0;0.0;0.0;0.0;0.0;0.0;0.0;0.0
0.0;0.0;0.0;0.0;0.0;0.0;0.0;0.0
0.0;0.0;0.0;0.0;0.0;0.0;0.0;0.0
0.0;0.0;0.0;0.0;0.0;0.0;0.0;0.0
0.0;0.0;0.0;0.0;0.0;0.0;0.0;0.0
0.0;0.0;0.0;0.0;0.0;0.0;0.0;0.0
0.0;0.0;0.0;0.0;0.0;0.0;0.0;0.0
0.0;0.0;0.0;0.0;0.0;0.0;0.0;0.0
0.0;0.0;0.0;0.0;0.0;0.0;0.0;0.0
0.0;0.0;0.0;0.0;0.0;0.0;0.0;0.0
0.0;0.0;0.0;0.0;0.0;0.0;0.0;0.0
0.0;0.0;0.0;0.0;0.0;0.0;0.0;0.0
0.0;0.0;0.0;0.0;0.0;0.0;0.0;0.0
0.0;0.0;0.0;0.0;0.0;0.0;0.0;0.0
0.0;0.0;0.0;0.0;0.0;0.0;0.0;0.0
0.0;0.0;0.0;0.0;0.0;0.0;0.0;0.0
0.0;0.0;0.0;0.0;0.0;0.0;0.0;0.0
0.0;0.0;0.0;0.0;0.0;0.0;0.0;0.0
0.0;0.0;0.0;0.0;0.0;0.0;0.0;0.0
0.0;0.0;0.0;0.0;0.0;0.0;0.0;0.0
0.0;0.0;0.0;0.0;0.0;0.0;0.0;0.0
0.0;0.0;0.0;0.0;0.0;0.0;0.0;0.0
0.0;0.0;0.0;0.0;0.0;0.0;0.0;0.0
0.0;0.0;0.0;0.0;0.0;0.0;0.0;0.0
0.0;0.0;0.0;0.0;0.0;0.0;0.0;0.0
0.0;0.0;0.0;0.0;0.0;0.0;0.0;0.0
0.0;0.0;0.0;0.0;0.0;0.0;0.0;0.0
0.0;0.0;0.0;0.0;0.0;0.0;0.0;0.0
0.0;0.0;0.0;0.0;0.0;0.0;0.0;0.0
0.0;0.0;0.0;0.0;0.0;0.0;0.0;0.0
0.0;0.0;0.0;0.0;0.0;0.0;0.0;0.0
0.0;0.0;0.0;0.0;0.0;0.0;0.0;0.0
0.0;0.0;0.0;0.0;0.0;0.0;0.0;0.0
0.0;0.0;0.0;0.0;0.0;0.0;0.0;0.0
0.0;0.0;0.0;0.0;0.0;0.0;0.0;0.0
0.0;0.0;0.0;0.0;0.0;0.0;0.0;0.0
0.0;0.0;0.0;0.0;0.0;0.0;0.0;0.0
0.0;0.0;0.0;0.0;0.0;0.0;0.0;0.0
0.0;0.0;0.0;0.0;0.0;0.0;0.0;0.0
0.0;0.0;0.0;0.0;0.0;0.0;0.0;0.0
0.0;0.0;0.0;0.0;0.0;0.0;0.0;0.0
0.0;0.0;0.0;0.0;0.0;0.0;0.0;0.0
0.0;0.0;0.0;0.0;0.0;0.0;0.0;0.0
0.0;0.0;0.0;0.0;0.0;0.0;0.0;0.0
0.0;0.0;0.0;0.0;0.0;0.0;0.0;0.0
0.0;0.0;0.0;0.0;0.0;0.0;0.0;0.0
0.0;0.0;0.0;0.0;0.0;0.0;0.0;0.0
0.0;0.0;0.0;0.0;0.0;0.0;0.0;0.0
0.0;0.0;0.0;0.0;0.0;0.0;0.0;0.0
0.0;0.0;0.0;0.0;0.0;0.0;0.0;0.0
0.0;0.0;0.0;0.0;0.0;0.0;0.0;0.0
0.0;0.0;0.0;0.0;0.0;0.0;0.0;0.0
0.0;0.0;0.0;0.0;0.0;0.0;0.0;0.0
0.0;0.0;0.0;0.0;0.0;0.0;0.0;0.0
0.0;0.0;0.0;0.0;0.0;0.0;0.0;0.0
0.0;0.0;0.0;0.0;0.0;0.0;0.0;0.0
0.0;0.0;0.0;0.0;0.0;0.0;0.0;0.0
0.0;0.0;0.0;0.0;0.0;0.0;0.0;0.0
0.0;0.0;0.0;0.0;0.0;0.0;0.0;0.0
0.0;0.0;0.0;0.0;0.0;0.0;0.0;0.0
0.0;0.0;0.0;0.0;0.0;0.0;0.0;0.0
0.0;0.0;0.0;0.0;0.0;0.0;0.0;0.0
0.0;0.0;0.0;0.0;0.0;0.0;0.0;0.0
0.0;0.0;0.0;0.0;0.0;0.0;0.0;0.0
0.0;0.0;0.0;0.0;0.0;0.0;0.0;0.0
0.0;0.0;0.0;0.0;0.0;0.0;0.0;0.0
0.0;0.0;0.0;0.0;0.0;0.0;0.0;0.0
0.0;0.0;0.0;0.0;0.0;0.0;0.0;0.0
0.0;0.0;0.0;0.0;0.0;0.0;0.0;0.0
0.0;0.0;0.0;0.0;0.0;0.0;0.0;0.0
0.0;0.0;0.0;0.0;0.0;0.0;0.0;0.0
0.0;0.0;0.0;0.0;0.0;0.0;0.0;0.0
0.0;0.0;0.0;0.0;0.0;0.0;0.0;0.0
0.0;0.0;0.0;0.0;0.0;0.0;0.0;0.0
0.0;0.0;0.0;0.0;0.0;0.0;0.0;0.0
0.0;0.0;0.0;0.0;0.0;0.0;0.0;0.0
0.0;0.0;0.0;0.0;0.0;0.0;0.0;0.0
0.0;0.0;0.0;0.0;0.0;0.0;0.0;0.0
0.0;0.0;0.0;0.0;0.0;0.0;0.0;0.0
0.0;0.0;0.0;0.0;0.0;0.0;0.0;0.0
0.0;0.0;0.0;0.0;0.0;0.0;0.0;0.0
0.0;0.0;0.0;0.0;0.0;0.0;0.0;0.0
0.0;0.0;0.0;0.0;0.0;0.0;0.0;0.0
0.0;0.0;0.0;0.0;0.0;0.0;0.0;0.0
0.0;0.0;0.0;0.0;0.0;0.0;0.0;0.0
0.0;0.0;0.0;0.0;0.0;0.0;0.0;0.0
0.0;0.0;0.0;0.0;0.0;0.0;0.0;0.0
0.0;0.0;0.0;0.0;0.0;0.0;0.0;0.0
0.0;0.0;0.0;0.0;0.0;0.0;0.0;0.0
0.0;0.0;0.0;0.0;0.0;0.0;0.0;0.0
0.0;0.0;0.0;0.0;0.0;0.0;0.0;0.0
0.0;0.0;0.0;0.0;0.0;0.0;0.0;0.0
0.0;0.0;0.0;0.0;0.0;0.0;0.0;0.0
0.0;0.0;0.0;0.0;0.0;0.0;0.0;0.0
0.0;0.0;0.0;0.0;0.0;0.0;0.0;0.0
3.5762786865234375e-07;0.00010001659393310547;3.5762786865234375e-07;0.0;0.009987917728722095;0.009987917728722095;0.07440897822380066;0.0
3.637373447418213e-05;0.00010001659393310547;3.637373447418213e-05;0.0;0.009999879635870457;0.009999879635870457;0.07372883707284927;0.0
4.3272972106933594e-05;0.00010001659393310547;4.3272972106933594e-05;0.0;0.010000000707805157;0.010000000707805157;0.06756255775690079;0.0
4.440103657543659e-05;0.00010001659393310547;4.440103657543659e-05;0.0;0.0172809436917305;0.0172809436917305;0.10213816165924072;0.0
6.004353053867817e-05;0.00010001659393310547;6.004353053867817e-05;0.0;0.017286157235503197;0.017286157235503197;0.08693226426839828;0.0
0.00015723705291748047;0.00020003318786621094;0.00015723705291748047;0.0;0.023940766230225563;0.023940766230225563;0.13619385659694672;0.0
0.0001893937587738037;0.00020003318786621094;0.0001893937587738037;0.0;0.024305667728185654;0.024305667728185654;0.10088618099689484;0.0
0.00019988417625427246;0.00020003318786621094;0.00019988417625427246;0.0;0.024384692311286926;0.024384692311286926;0.11992207169532776;0.0
0.00020003318786621094;0.00020003318786621094;0.00020360946655273438;0.0;0.029933035373687744;0.029933035373687744;0.250238299369812;0.0
0.00020003318786621094;0.00020003318786621094;0.00027304887771606445;0.0;0.031006354838609695;0.031006354838609695;0.10475583374500275;0.0
0.00020003318786621094;0.00020003318786621094;0.00021570920944213867;0.0;0.031012045219540596;0.031012045219540596;0.08290324360132217;0.0
0.00020003318786621094;0.00020003318786621094;0.0002097487449645996;0.0;0.03101644106209278;0.03101644106209278;0.1032465323805809;0.0
0.00020003318786621094;0.00020003318786621094;0.00026074517518281937;0.0;0.031115440651774406;0.031115440651774406;0.0985674187541008;0.0
0.0002715960144996643;0.0003000497817993164;0.0002715960144996643;0.0;0.031248658895492554;0.031248658895492554;0.13568845391273499;0.0
0.0003000497817993164;0.0003000497817993164;0.0003596097230911255;0.0;0.03142576664686203;0.03142576664686203;0.12451454252004623;0.0
0.0003000497817993164;0.0003000497817993164;0.0005676914006471634;0.0;0.03155229985713959;0.03155229985713959;0.11405599117279053;0.0
0.0003000497817993164;0.0003000497817993164;0.0004051327705383301;0.0;0.03729037195444107;0.03729037195444107;0.13667085766792297;0.0
0.0003000497817993164;0.0003000497817993164;0.0003355834633111954;0.0;0.038349445909261703;0.038349445909261703;0.117967888712883;0.0
0.0003000497817993164;0.0003000497817993164;0.00032845139503479004;0.0;0.038436733186244965;0.038436733186244965;0.1110229343175888;0.0
0.0004000663757324219;0.0004000663757324219;0.0004957839846611023;0.0;0.03852146118879318;0.03852146118879318;0.12956072390079498;0.0
0.0004000663757324219;0.0004000663757324219;0.0005697011947631836;0.0;0.05063978582620621;0.05063978582620621;0.19682039320468903;0.0
0.0004000663757324219;0.0004000663757324219;0.0005255937576293945;0.0;0.05117744952440262;0.05117744952440262;0.13749510049819946;0.0
0.0004000663757324219;0.0004000663757324219;0.00045809149742126465;0.0;0.05233030021190643;0.05233030021190643;0.11257711052894592;0.0
0.0004000663757324219;0.0004000663757324219;0.0005764411762356758;0.0;0.05267743021249771;0.05267743021249771;0.13536424934864044;0.0
0.0005000829696655273;0.0005000829696655273;0.0007012933492660522;0.0;0.06517598032951355;0.06517598032951355;0.13097168505191803;0.0
0.0005000829696655273;0.0005000829696655273;0.0005568265914916992;0.0;0.06651389598846436;0.06651389598846436;0.13894417881965637;0.0
0.0005000829696655273;0.0005000829696655273;0.0006920993328094482;0.0;0.06954547017812729;0.06954547017812729;0.1586134433746338;0.0
0.0006000995635986328;0.0006000995635986328;0.0008480527903884649;0.0;0.07666479051113129;0.07666479051113129;0.4240840971469879;0.0
0.0006000995635986328;0.0006000995635986328;0.0007841289043426514;0.0;0.07719114422798157;0.07719114422798157;0.17458325624465942;0.0
0.0006000995635986328;0.0006000995635986328;0.000770270824432373;0.0;0.08563416451215744;0.08563416451215744;0.20174609124660492;0.0
0.0006000995635986328;0.0006000995635986328;0.0006014890968799591;0.0;0.08587615191936493;0.08587615191936493;0.14410853385925293;0.0
0.0007001161575317383;0.0007001161575317383;0.0011397898197174072;0.0;0.09245817363262177;0.09245817363262177;0.2794310748577118;0.0
0.0007001161575317383;0.0007001161575317383;0.0009887423366308212;0.0;0.09287384152412415;0.09287384152412415;0.1969400942325592;0.0
0.0007001161575317383;0.0007001161575317383;0.0009708572179079056;0.0;0.09328250586986542;0.09328250586986542;0.19108152389526367;0.0
0.0007001161575317383;0.0007001161575317383;0.001132521778345108;0.0;0.09331245720386505;0.09331245720386505;0.20927317440509796;0.0
0.0007001161575317383;0.0007001161575317383;0.0010200198739767075;0.0;0.09363248199224472;0.09363248199224472;0.4693830609321594;0.0
0.0007001161575317383;0.0007001161575317383;0.0010062456130981445;0.0;0.10072776675224304;0.10072776675224304;0.18185070157051086;0.0
0.0008001327514648438;0.0008001327514648438;0.0011772233992815018;0.0;0.10090218484401703;0.10090218484401703;0.23921354115009308;0.0
0.0008001327514648438;0.0008001327514648438;0.0008751451969146729;0.0;0.10303334891796112;0.10303334891796112;0.26816853880882263;0.0
0.0009001493453979492;0.0009001493453979492;0.0009571992559358478;0.0;0.10649024695158005;0.10649024695158005;0.300630658864975;0.0
0.0009001493453979492;0.0009001493453979492;0.0012449026107788086;0.0;0.1100359782576561;0.1100359782576561;0.14511075615882874;0.0
0.0009001493453979492;0.0009001493453979492;0.0013377666473388672;0.0;0.11521756649017334;0.11521756649017334;0.18484286963939667;0.0
0.0009001493453979492;0.0009001493453979492;0.0014380812644958496;0.0;0.11657124757766724;0.11657124757766724;0.26787444949150085;0.0
0.0009001493453979492;0.0009001493453979492;0.001342015340924263;0.0;0.11710894107818604;0.11710894107818604;0.2492053359746933;0.0
0.0009001493453979492;0.0009001493453979492;0.0011681616306304932;0.0;0.11731462925672531;0.22539196908473969;0.11731462925672531;0.0
0.0009001493453979492;0.0009001493453979492;0.0012025483883917332;0.0;0.11731953918933868;0.11731953918933868;0.29532647132873535;0.0
0.0010001659393310547;0.0010001659393310547;0.0013297200202941895;0.0;0.11881799250841141;0.11881799250841141;0.16845233738422394;0.0
0.0010001659393310547;0.0010001659393310547;0.0014569461345672607;0.0;0.11940363049507141;0.11940363049507141;0.32350432872772217;0.0
0.0010001659393310547;0.0010001659393310547;0.0011141449213027954;0.0;0.11998740583658218;0.11998740583658218;0.32715001702308655;0.0
0.0010001659393310547;0.0010001659393310547;0.0014038681983947754;0.0;0.12070924788713455;0.12070924788713455;0.2187240570783615;0.0
0.0010001659393310547;0.0010001659393310547;0.0010314583778381348;0.0;0.12400069832801819;0.12400069832801819;0.26350608468055725;0.0
0.0010001659393310547;0.0010001659393310547;0.0012120306491851807;0.0;0.12608997523784637;0.12608997523784637;0.45804619789123535;0.0
0.0010001659393310547;0.0010001659393310547;0.0016820691525936127;0.0;0.12833033502101898;0.12833033502101898;0.23532967269420624;0.0
0.0010001659393310547;0.0010001659393310547;0.0013710204511880875;0.0;0.13375282287597656;0.13375282287597656;0.4482448399066925;0.0
0.0010001659393310547;0.0010001659393310547;0.0012971162796020508;0.0;0.13537463545799255;0.13537463545799255;0.39951422810554504;0.0
0.0011001825332641602;0.0011001825332641602;0.0014548301696777344;0.0;0.13647471368312836;0.13647471368312836;0.298464834690094;0.0
0.0011001825332641602;0.0011001825332641602;0.0014626383781433105;0.0;0.1371157169342041;0.1371157169342041;0.4501737058162689;0.0
0.0011001825332641602;0.0011001825332641602;0.0015041865408420563;0.0;0.13898323476314545;0.13898323476314545;0.20028267800807953;0.0
0.0011001825332641602;0.0011001825332641602;0.0013296008110046387;0.0;0.140418142080307;0.140418142080307;0.24478977918624878;0.0
0.0011001825332641602;0.0011001825332641602;0.001806594431400299;0.0;0.1425534188747406;0.1425534188747406;0.3034166693687439;0.0
0.0011001825332641602;0.0011001825332641602;0.002019912004470825;0.0;0.14441348612308502;0.14441348612308502;0.2810424566268921;0.0
0.0011001825332641602;0.0011001825332641602;0.0021714866161346436;0.0;0.14587058126926422;0.14587058126926422;0.2621246874332428;0.0
0.0011934079229831696;0.0016974210739135742;0.0011934079229831696;0.0;0.14591099321842194;0.14591099321842194;0.4394685626029968;0.0
0.0012001991271972656;0.0012001991271972656;0.0014927387237548828;0.0;0.14985603094100952;0.14985603094100952;0.2627342939376831;0.0
0.0012001991271972656;0.0012001991271972656;0.0019180327653884888;0.0;0.15414994955062866;0.15414994955062866;0.31570661067962646;0.0
0.0012001991271972656;0.0012001991271972656;0.0016632676124572754;0.0;0.1627970039844513;0.1627970039844513;0.32688722014427185;0.0
0.0012001991271972656;0.0012001991271972656;0.002053935080766678;0.0;0.1633734256029129;0.1633734256029129;0.8756857514381409;0.0
0.0012001991271972656;0.0012001991271972656;0.0014052651822566986;0.0;0.16569729149341583;0.16569729149341583;0.582230269908905;0.0
0.0012001991271972656;0.0012001991271972656;0.0020606964826583862;0.0;0.16753989458084106;0.16753989458084106;0.24499815702438354;0.0
0.0012001991271972656;0.0012001991271972656;0.0015832185745239258;0.0;0.16802619397640228;0.16802619397640228;0.2789904475212097;0.0
0.001300022006034851;0.001300022006034851;0.0014317100867629051;0.0;0.17475885152816772;0.17475885152816772;0.32788023352622986;0.0
0.001300215721130371;0.001300215721130371;0.002558976411819458;0.0;0.17525558173656464;0.17525558173656464;0.2904771566390991;0.0
0.001360565423965454;0.0017856955528259277;0.001360565423965454;0.0;0.17583607137203217;0.17583607137203217;0.3678642809391022;0.0
0.0014002323150634766;0.0014002323150634766;0.0021573230624198914;0.0;0.18328261375427246;0.18328261375427246;0.43834683299064636;0.0
0.0014002323150634766;0.0014002323150634766;0.0019768550992012024;0.0;0.18435458838939667;0.18435458838939667;0.36421021819114685;0.0
0.0014002323150634766;0.0014002323150634766;0.0015258938074111938;0.0;0.18778128921985626;0.18778128921985626;0.40458202362060547;0.0
0.0014002323150634766;0.0014002323150634766;0.0022860169410705566;0.0;0.18810530006885529;0.18810530006885529;0.6744287610054016;0.0
0.0014002323150634766;0.0014002323150634766;0.0018336847424507141;0.0;0.1892961859703064;0.1892961859703064;0.2643119692802429;0.0
0.0014002323150634766;0.0014002323150634766;0.0022687315940856934;0.0;0.1925036609172821;0.1925036609172821;0.4389093816280365;0.0
0.0014002323150634766;0.0014002323150634766;0.0020207054913043976;0.0;0.1930415779352188;0.1930415779352188;0.5011637210845947;0.0
0.0015000253915786743;0.0015000253915786743;0.001904308795928955;0.0;0.19363868236541748;0.19363868236541748;0.6571799516677856;0.0
0.0015000253915786743;0.0015000253915786743;0.0033120959997177124;0.0;0.19373220205307007;0.19373220205307007;0.4292989671230316;0.0
0.001500248908996582;0.001500248908996582;0.0021930932998657227;0.0;0.1947619467973709;0.1947619467973709;0.7465925812721252;0.0
0.001500248908996582;0.001500248908996582;0.0024677515029907227;0.0;0.19531598687171936;0.19531598687171936;0.46071693301200867;0.0
0.0015937089920043945;0.0015937089920043945;0.0016574561595916748;0.0;0.1989324539899826;0.1989324539899826;0.42838796973228455;0.0
0.0015960782766342163;0.0015960782766342163;0.0020096004009246826;0.0;0.19897185266017914;0.19897185266017914;0.5303935408592224;0.0
0.0015990734100341797;0.0015990734100341797;0.002320319414138794;0.0;0.20468361675739288;0.20468361675739288;0.8192317485809326;0.0
0.001600027084350586;0.001600027084350586;0.0023170672357082367;0.0;0.2047353982925415;0.2047353982925415;0.3510342240333557;0.0
0.0016002655029296875;0.0016002655029296875;0.0024712607264518738;0.0;0.20494277775287628;0.20494277775287628;0.4491436183452606;0.0
0.0016002655029296875;0.0016002655029296875;0.0026808753609657288;0.0;0.20649069547653198;0.22294901311397552;0.20649069547653198;0.0
0.0016002655029296875;0.0016002655029296875;0.0026325583457946777;0.0;0.20695413649082184;0.20695413649082184;0.40223991870880127;0.0
0.0016002655029296875;0.0016002655029296875;0.002527199685573578;0.0;0.2093725949525833;0.2093725949525833;0.4591653048992157;0.0
0.001699104905128479;0.001699104905128479;0.0024611949920654297;0.0;0.21043552458286285;0.21043552458286285;0.486220121383667;0.0
0.001699209213256836;0.001699209213256836;0.0026408322155475616;0.0;0.2105979472398758;0.2105979472398758;0.3248133063316345;0.0
0.0016992688179016113;0.0016992688179016113;0.002934873104095459;0.0;0.2107187807559967;0.2107187807559967;0.5121356248855591;0.0
0.0017000287771224976;0.0017000287771224976;0.002488471567630768;0.0;0.21322879195213318;0.21322879195213318;0.6265780329704285;0.0
0.001700282096862793;0.001700282096862793;0.00223492830991745;0.0;0.21856099367141724;0.21856099367141724;0.5396455526351929;0.0
0.001700282096862793;0.001700282096862793;0.0030888020992279053;0.0;0.21880289912223816;0.21880289912223816;0.451678603887558;0.0
0.0017843246459960938;0.0017843246459960938;0.0031356289982795715;0.0;0.22929154336452484;0.22929154336452484;0.29275262355804443;0.0
0.0017862915992736816;0.0017862915992736816;0.00324973464012146;0.0;0.23142938315868378;0.23142938315868378;0.34418749809265137;0.0
0.0017882585525512695;0.0017882585525512695;0.0022809505462646484;0.0;0.23186831176280975;0.23186831176280975;0.37864741683006287;0.0
0.0017921924591064453;0.0017921924591064453;0.0037447959184646606;0.0;0.23447051644325256;0.23447051644325256;1.4151957035064697;0.0
0.00179976224899292;0.00179976224899292;0.002957843244075775;0.0;0.23478230834007263;0.23478230834007263;0.5295398235321045;0.0
0.0017998218536376953;0.0017998218536376953;0.0029794275760650635;0.0;0.23843717575073242;0.23843717575073242;0.5453673005104065;0.0
0.0018002986907958984;0.0018002986907958984;0.00231923907995224;0.0;0.24067887663841248;0.24124205112457275;0.24067887663841248;0.0
0.0018733739852905273;0.0018733739852905273;0.002410908928140998;0.0;0.24625355005264282;0.24625355005264282;0.5356138944625854;0.0
0.0018790960311889648;0.0018790960311889648;0.0030606985092163086;0.0;0.24937497079372406;0.24937497079372406;0.4831814169883728;0.0
0.0018814802169799805;0.0018814802169799805;0.0027910396456718445;0.0;0.250579297542572;0.250579297542572;0.3906909227371216;0.0
0.0018867254257202148;0.0018867254257202148;0.0024695992469787598;0.0;0.25108498334884644;0.25108498334884644;0.40595704317092896;0.0
0.0018900036811828613;0.0018900036811828613;0.003367345780134201;0.0;0.2523016631603241;0.2523016631603241;0.49390947818756104;0.0
0.001900315284729004;0.001900315284729004;0.002436816692352295;0.0;0.252828985452652;0.252828985452652;0.32512983679771423;0.0
0.001965746283531189;0.001965746283531189;0.0027884840965270996;0.0;0.25452378392219543;0.3109849691390991;0.25452378392219543;0.0
0.0019793659448623657;0.0019793659448623657;0.001987159252166748;0.0;0.25475144386291504;0.25475144386291504;0.4088454246520996;0.0
0.0019897818565368652;0.0019897818565368652;0.003371700644493103;0.0;0.2558829188346863;0.2558829188346863;0.44452208280563354;0.0
0.001993417739868164;0.001993417739868164;0.0033034086227416992;0.0;0.25607985258102417;0.25607985258102417;0.4013690650463104;0.0
0.0019944310188293457;0.0019944310188293457;0.0032133422791957855;0.0;0.26436012983322144;0.26436012983322144;0.6221811771392822;0.0
0.0019997358322143555;0.0019997358322143555;0.0033917203545570374;0.0;0.2647137939929962;0.2647137939929962;0.48024022579193115;0.0
0.002062499523162842;0.002062499523162842;0.0032639577984809875;0.0;0.26554635167121887;0.26554635167121887;0.7591375708580017;0.0
0.002078413963317871;0.002078413963317871;0.0034782029688358307;0.0;0.26594606041908264;0.34528857469558716;0.26594606041908264;0.0
0.002153746783733368;0.002153746783733368;0.0043721795082092285;0.0;0.2671755850315094;0.2802894413471222;0.2671755850315094;0.0
0.0021540001034736633;0.0021540001034736633;0.0035064630210399628;0.0;0.2688412070274353;0.2688412070274353;0.957655668258667;0.0
0.0021556615829467773;0.0021556615829467773;0.00394749641418457;0.0;0.2697804868221283;0.2697804868221283;0.3419337868690491;0.0
0.002157151699066162;0.002157151699066162;0.004280984401702881;0.0;0.2726093828678131;0.2726093828678131;0.5497094988822937;0.0
0.0021650195121765137;0.0021650195121765137;0.003192692995071411;0.0;0.2726551592350006;0.2726551592350006;0.5443561673164368;0.0
0.0021734237670898438;0.0021734237670898438;0.003317229449748993;0.0;0.274638831615448;0.274638831615448;0.8069252967834473;0.0
0.0021738409996032715;0.0021738409996032715;0.003853321075439453;0.0;0.27531060576438904;0.27531060576438904;0.5841772556304932;0.0
0.0021808743476867676;0.0021808743476867676;0.002995908260345459;0.0;0.27983981370925903;0.27983981370925903;0.3076861500740051;0.0
0.002187281847000122;0.002187281847000122;0.0033227205276489258;0.0;0.27993300557136536;0.27993300557136536;0.7730787992477417;0.0
0.002225220203399658;0.002225220203399658;0.003137826919555664;0.0;0.28112372756004333;0.28112372756004333;0.5080206990242004;0.0
0.002248704433441162;0.002248704433441162;0.00426553376019001;0.0;0.2833155393600464;0.2833155393600464;0.331039160490036;0.0
0.002257227897644043;0.002257227897644043;0.004421144723892212;0.0;0.28582751750946045;0.28582751750946045;0.5356804728507996;0.0
0.0022645890712738037;0.0022645890712738037;0.004510551691055298;0.0;0.2874405086040497;0.2874405086040497;0.6155726909637451;0.0
0.0022722482681274414;0.0022722482681274414;0.0034493468701839447;0.0;0.2876850366592407;0.2876850366592407;0.47077444195747375;0.0
0.00234377384185791;0.00234377384185791;0.0037057101726531982;0.0;0.29106125235557556;0.29106125235557556;0.6519251465797424;0.0
0.0023505454882979393;0.0023505454882979393;0.003482311964035034;0.0;0.2964055836200714;0.2964055836200714;0.6094070076942444;0.0
0.0023738741874694824;0.0023738741874694824;0.003061234951019287;0.0;0.29661956429481506;0.29661956429481506;0.5782995820045471;0.0
0.002412468194961548;0.002412468194961548;0.0034219026565551758;0.0;0.2966741621494293;0.2966741621494293;0.6979439854621887;0.0
0.002425074577331543;0.002425074577331543;0.006754651665687561;0.0;0.30059996247291565;0.3238687813282013;0.30059996247291565;0.0
0.0024394690990448;0.0024394690990448;0.005003727972507477;0.0;0.3069072365760803;0.3069072365760803;0.40534844994544983;0.0
0.002444535493850708;0.002444535493850708;0.0025848746299743652;0.0;0.3071788549423218;0.3071788549423218;0.5689935088157654;0.0
0.0024489760398864746;0.0024489760398864746;0.004200756549835205;0.0;0.30823004245758057;0.30823004245758057;0.9829462170600891;0.0
0.002495706081390381;0.002495706081390381;0.004911921918392181;0.0;0.31340131163597107;0.32383593916893005;0.31340131163597107;0.0
0.0025013089179992676;0.0025013089179992676;0.004408262670040131;0.0;0.31670498847961426;0.31670498847961426;1.4205228090286255;0.0
0.0025197118520736694;0.0025197118520736694;0.004134520888328552;0.0;0.3222523331642151;0.3222523331642151;0.5892045497894287;0.0
0.002526313066482544;0.002526313066482544;0.004490393213927746;0.0;0.32541152834892273;0.32541152834892273;0.8165227770805359;0.0
0.0025292113423347473;0.0025292113423347473;0.004630059003829956;0.0;0.33253365755081177;0.41547518968582153;0.33253365755081177;0.0
0.002559959888458252;0.002559959888458252;0.005429595708847046;0.0;0.33303478360176086;0.33303478360176086;0.8186331391334534;0.0
0.002573177218437195;0.002573177218437195;0.0049488842487335205;0.0;0.3344581127166748;0.3344581127166748;0.8218584060668945;0.0
0.0025902390480041504;0.0025902390480041504;0.005233136937022209;0.0;0.34197741746902466;0.4597070813179016;0.34197741746902466;0.0
0.0025984346866607666;0.0025984346866607666;0.004519462585449219;0.0;0.3437941372394562;0.3437941372394562;1.0706799030303955;0.0
0.0026211142539978027;0.0026211142539978027;0.005362577736377716;0.0;0.3448214828968048;0.3448214828968048;0.7105770111083984;0.0
0.0026320582255721092;0.0026320582255721092;0.004423178732395172;0.0;0.34527918696403503;0.34527918696403503;0.7080052495002747;0.0
0.0026439428329467773;0.0026439428329467773;0.003210686147212982;0.0;0.34742337465286255;0.3727474510669708;0.34742337465286255;0.0
0.0026496946811676025;0.0026496946811676025;0.006502814590930939;0.0;0.35261276364326477;0.35261276364326477;0.7680659294128418;0.0
0.002681553363800049;0.002681553363800049;0.005570732057094574;0.0;0.35366979241371155;0.35366979241371155;0.6162522435188293;0.0
0.002693790942430496;0.002693790942430496;0.004474252462387085;0.0;0.3568975329399109;0.4124036729335785;0.3568975329399109;0.0
0.002695344388484955;0.002695344388484955;0.0029462650418281555;0.0;0.3569222390651703;0.7135670185089111;0.3569222390651703;0.0
0.0026953518390655518;0.0026953518390655518;0.0052502937614917755;0.0;0.357279896736145;0.357279896736145;0.534092366695404;0.0
0.002706393599510193;0.002706393599510193;0.0034648627042770386;0.0;0.35911932587623596;0.35911932587623596;0.6047919988632202;0.0
0.002726644277572632;0.002726644277572632;0.006041780114173889;0.0;0.36187753081321716;1.5467866659164429;0.36187753081321716;0.0
0.0027433931827545166;0.0027433931827545166;0.006974954158067703;0.0;0.36217814683914185;0.36217814683914185;0.8475582003593445;0.0
0.0027681291103363037;0.0027681291103363037;0.004839956760406494;0.0;0.36222177743911743;0.40229642391204834;0.36222177743911743;0.0
0.002783536911010742;0.002783536911010742;0.003982901573181152;0.0;0.36252090334892273;0.36252090334892273;0.9478465914726257;0.0
0.002790212631225586;0.002790212631225586;0.005653791129589081;0.0;0.3672909140586853;0.3672909140586853;0.7229056358337402;0.0
0.002814382314682007;0.002814382314682007;0.005373455584049225;0.0;0.3673654794692993;0.3673654794692993;0.7755624055862427;0.0
0.002839505672454834;0.002839505672454834;0.004925757646560669;0.0;0.37223678827285767;0.37223678827285767;0.791398823261261;0.0
0.0028513073921203613;0.0028513073921203613;0.005965523421764374;0.0;0.37256941199302673;0.37256941199302673;0.7220944762229919;0.0
0.0028720498085021973;0.0028720498085021973;0.004572570323944092;0.0;0.37301385402679443;0.37301385402679443;0.6988635659217834;0.0
0.002882838249206543;0.002882838249206543;0.004907041788101196;0.0;0.38211745023727417;0.38211745023727417;0.7041926383972168;0.0
0.002886474132537842;0.002886474132537842;0.005110498517751694;0.0;0.3827635645866394;0.3827635645866394;0.42645567655563354;0.0
0.0028947293758392334;0.0028947293758392334;0.005981244146823883;0.0;0.38893160223960876;0.38893160223960876;0.45014771819114685;0.0
0.00290033221244812;0.00290033221244812;0.0036376118659973145;0.0;0.3892771005630493;0.5139859318733215;0.3892771005630493;0.0
0.0029177069664001465;0.0029177069664001465;0.004183769226074219;0.0;0.3913305699825287;0.3913305699825287;0.7729990482330322;0.0
0.0029211342334747314;0.0029211342334747314;0.005186712369322777;0.0;0.3927997052669525;0.3927997052669525;0.5436770915985107;0.0
0.002927243709564209;0.002927243709564209;0.0062547773122787476;0.0;0.39298194646835327;0.4308316707611084;0.39298194646835327;0.0
0.002940356731414795;0.002940356731414795;0.004983521997928619;0.0;0.39431124925613403;0.39431124925613403;0.7256126999855042;0.0
0.0029405057430267334;0.0029405057430267334;0.004472844302654266;0.0;0.3963548243045807;0.3963548243045807;0.8300486207008362;0.0
0.002956092357635498;0.002956092357635498;0.004859328269958496;0.0;0.4027014970779419;0.4027014970779419;1.0263442993164062;0.0
0.002957969903945923;0.002957969903945923;0.003385484218597412;0.0;0.4029589593410492;0.4029589593410492;0.431641548871994;0.0
0.0029630064964294434;0.0029630064964294434;0.005885019898414612;0.0;0.4057042896747589;0.4057042896747589;0.41113314032554626;0.0
0.0029708445072174072;0.0029708445072174072;0.006432488560676575;0.0;0.40651246905326843;0.40651246905326843;0.47428983449935913;0.0
0.002985537052154541;0.002985537052154541;0.003381073474884033;0.0;0.4075948894023895;0.44969382882118225;0.4075948894023895;0.0
0.003026917576789856;0.003026917576789856;0.004561826586723328;0.0;0.4084237813949585;0.4084237813949585;1.0571237802505493;0.0
0.003040134906768799;0.003040134906768799;0.0053985342383384705;0.0;0.40931272506713867;0.40931272506713867;1.1390399932861328;0.0
0.0030627399682998657;0.0030627399682998657;0.003195660188794136;0.0;0.4097106456756592;0.43667927384376526;0.4097106456756592;0.0
0.003068298101425171;0.003068298101425171;0.005119696259498596;0.0;0.4128195643424988;0.4128195643424988;0.6949077248573303;0.0
0.003072500228881836;0.003072500228881836;0.006441615521907806;0.0;0.4128758907318115;0.8168834447860718;0.4128758907318115;0.0
0.003079637885093689;0.003079637885093689;0.00568583607673645;0.0;0.4133283197879791;0.4257258176803589;0.4133283197879791;0.0
0.003115743398666382;0.003115743398666382;0.0061917901039123535;0.0;0.4165409803390503;0.4165409803390503;0.822659432888031;0.0
0.0031329095363616943;0.0031329095363616943;0.007059380412101746;0.0;0.41816332936286926;0.41816332936286926;0.5562525391578674;0.0
0.0031352639198303223;0.0031352639198303223;0.005742855370044708;0.0;0.42301809787750244;0.42301809787750244;0.8235955834388733;0.0
0.003136754035949707;0.003136754035949707;0.005103446543216705;0.0;0.4232277274131775;0.4232277274131775;0.7442536950111389;0.0
0.0031401365995407104;0.0031401365995407104;0.006468765437602997;0.0;0.424127995967865;0.5612766146659851;0.424127995967865;0.0
0.003201782703399658;0.003201782703399658;0.004673220217227936;0.0;0.42420658469200134;0.4977244436740875;0.42420658469200134;0.0
0.0032071471214294434;0.0032071471214294434;0.0070178695023059845;0.0;0.4256480038166046;0.4256480038166046;0.674767792224884;0.0
0.0032215118408203125;0.0032215118408203125;0.005237363278865814;0.0;0.42642325162887573;0.42642325162887573;0.9132785797119141;0.0
0.003227725625038147;0.003227725625038147;0.005126647651195526;0.0;0.42735540866851807;0.42735540866851807;0.8748630285263062;0.0
0.0032370388507843018;0.0032370388507843018;0.0034865625202655792;0.0;0.4289223849773407;0.4289223849773407;1.0506001710891724;0.0
0.0032584667205810547;0.0032584667205810547;0.004201434552669525;0.0;0.4321445822715759;0.4321445822715759;0.976332426071167;0.0
0.003264129161834717;0.003264129161834717;0.005944900214672089;0.0;0.4342227280139923;0.4342227280139923;0.4378882348537445;0.0
0.003266662359237671;0.003266662359237671;0.005013465881347656;0.0;0.4344063997268677;0.4344063997268677;0.4554406404495239;0.0
0.003273710608482361;0.003273710608482361;0.005088333040475845;0.0;0.43447116017341614;0.43447116017341614;0.7373372912406921;0.0
0.003280147910118103;0.003280147910118103;0.0077196285128593445;0.0;0.436778724193573;0.436778724193573;0.9947904944419861;0.0
0.003289639949798584;0.003289639949798584;0.005611449480056763;0.0;0.4372243583202362;0.9607682824134827;0.4372243583202362;0.0
0.0033093690872192383;0.0033093690872192383;0.004307836294174194;0.0;0.4395368695259094;0.4395368695259094;0.9575896859169006;0.0
0.003321409225463867;0.003321409225463867;0.007835760712623596;0.0;0.44067680835723877;0.7137753963470459;0.44067680835723877;0.0
0.003326416015625;0.003326416015625;0.005576625466346741;0.0;0.4464544951915741;0.4464544951915741;0.6864307522773743;0.0
0.0033760666847229004;0.0033760666847229004;0.00617363303899765;0.0;0.4474966526031494;0.4474966526031494;0.8695127367973328;0.0
0.0033902227878570557;0.0033902227878570557;0.006021022796630859;0.0;0.4490942358970642;0.4490942358970642;0.8881981372833252;0.0
0.0033941268920898438;0.0033941268920898438;0.006613798439502716;0.0;0.45190295577049255;0.49476858973503113;0.45190295577049255;0.0
0.0033986568450927734;0.0033986568450927734;0.005032524466514587;0.0;0.4533669948577881;0.4533669948577881;0.5536315441131592;0.0
0.00341874361038208;0.00341874361038208;0.009080752730369568;0.0;0.455008864402771;0.455008864402771;0.8337054252624512;0.0
0.003482431173324585;0.003482431173324585;0.007456541061401367;0.0;0.4564588963985443;0.4564588963985443;0.49395379424095154;0.0
0.0034870803356170654;0.0034870803356170654;0.0072542279958724976;0.0;0.4573935568332672;0.4573935568332672;0.7648664116859436;0.0
0.003497570753097534;0.003497570753097534;0.0054688891395926476;0.0;0.45797330141067505;0.6624126434326172;0.45797330141067505;0.0
0.0035186409950256348;0.0035186409950256348;0.007817655801773071;0.0;0.458975225687027;0.458975225687027;0.8133407235145569;0.0
0.0035208463668823242;0.0035208463668823242;0.00834745168685913;0.0;0.4591405689716339;0.47622478008270264;0.4591405689716339;0.0
0.0035226941108703613;0.0035226941108703613;0.005873117595911026;0.0;0.45966944098472595;0.6300378441810608;0.45966944098472595;0.0
0.00356137752532959;0.00356137752532959;0.0037951916456222534;0.0;0.46120670437812805;0.5393432378768921;0.46120670437812805;0.0
0.0036067962646484375;0.0036067962646484375;0.004618994891643524;0.0;0.4617927372455597;0.4617927372455597;1.4208402633666992;0.0
0.003608405590057373;0.003608405590057373;0.007292702794075012;0.0;0.46198341250419617;0.46198341250419617;0.8244465589523315;0.0
0.0036178231239318848;0.0036178231239318848;0.004305645823478699;0.0;0.4628141522407532;0.4628141522407532;0.626606285572052;0.0
0.0036239027976989746;0.0036239027976989746;0.008704379200935364;0.0;0.4629196524620056;0.676154613494873;0.4629196524620056;0.0
0.003631770610809326;0.003631770610809326;0.006013497710227966;0.0;0.46313315629959106;0.46313315629959106;1.186340570449829;0.0
0.0036371052265167236;0.0036371052265167236;0.006802856922149658;0.0;0.46402671933174133;0.46402671933174133;0.666763961315155;0.0
0.0036684274673461914;0.0036684274673461914;0.009346678853034973;0.0;0.4652043581008911;0.4905525743961334;0.4652043581008911;0.0
0.0036729127168655396;0.0036729127168655396;0.007033705711364746;0.0;0.4655681848526001;0.4655681848526001;0.7896213531494141;0.0
0.0036815106868743896;0.0036815106868743896;0.006848976016044617;0.0;0.4690132737159729;0.730347752571106;0.4690132737159729;0.0
0.0037223100662231445;0.0037223100662231445;0.008980095386505127;0.0;0.4690159261226654;0.5936974287033081;0.4690159261226654;0.0
0.003727734088897705;0.003727734088897705;0.0077408552169799805;0.0;0.47086358070373535;0.47086358070373535;0.9707834720611572;0.0
0.0037306100130081177;0.0037306100130081177;0.008210867643356323;0.0;0.4749671518802643;0.6192106008529663;0.4749671518802643;0.0
0.003749549388885498;0.003749549388885498;0.005477041006088257;0.0;0.4753548204898834;0.4753548204898834;0.9757252335548401;0.0
0.00377577543258667;0.00377577543258667;0.009261198341846466;0.0;0.4756295680999756;0.4756295680999756;0.5825629234313965;0.0
0.0037896335124969482;0.0037896335124969482;0.004273444414138794;0.0;0.47619855403900146;0.47619855403900146;0.885988175868988;0.0
0.0037955641746520996;0.0037955641746520996;0.007818132638931274;0.0;0.4769434928894043;0.4769434928894043;0.7030825614929199;0.0
0.003804907202720642;0.003804907202720642;0.007870271801948547;0.0;0.48005273938179016;0.48005273938179016;0.813082754611969;0.0
0.0038074254989624023;0.0038074254989624023;0.010720893740653992;0.0;0.4825311303138733;0.4825311303138733;1.0875897407531738;0.0
0.003814913332462311;0.003814913332462311;0.00449004303663969;0.0;0.48314887285232544;0.4847617447376251;0.48314887285232544;0.0
0.003819018602371216;0.003819018602371216;0.005841456353664398;0.0;0.4842871427536011;0.817222535610199;0.4842871427536011;0.0
0.0038722753524780273;0.0038722753524780273;0.006814435124397278;0.0;0.4847394526004791;0.4847394526004791;0.7408934831619263;0.0
0.0038810372352600098;0.0038810372352600098;0.009349584579467773;0.0;0.4851289987564087;0.4851289987564087;0.8225821852684021;0.0
0.003920078277587891;0.003920078277587891;0.008328065276145935;0.0;0.4867412745952606;0.4867412745952606;0.6273055076599121;0.0
0.003950893878936768;0.003950893878936768;0.006970047950744629;0.0;0.4869092106819153;0.7054092884063721;0.4869092106819153;0.0
0.003999531269073486;0.003999531269073486;0.010154418647289276;0.0;0.487821489572525;0.487821489572525;0.7654813528060913;0.0
0.004002749919891357;0.004002749919891357;0.005542013794183731;0.0;0.4886114001274109;0.4886114001274109;0.7505753040313721;0.0
0.00401914119720459;0.00401914119720459;0.010308831930160522;0.0;0.48915788531303406;0.8182058334350586;0.48915788531303406;0.0
0.004023849964141846;0.004023849964141846;0.00779995322227478;0.0;0.48939311504364014;0.48939311504364014;0.6738384962081909;0.0
0.004033952951431274;0.004033952951431274;0.007978638634085655;0.0;0.4900398850440979;0.4900398850440979;0.5443251729011536;0.0
0.004036083817481995;0.004036083817481995;0.005471736192703247;0.0;0.49373874068260193;0.6426759362220764;0.49373874068260193;0.0
0.004074215888977051;0.004074215888977051;0.007301904261112213;0.0;0.4938342869281769;0.5487678647041321;0.4938342869281769;0.0
0.00410054624080658;0.0077970027923583984;0.00410054624080658;0.0;0.4969952702522278;0.5439640879631042;0.4969952702522278;0.0
0.0041068196296691895;0.0041068196296691895;0.0041838139295578;0.0;0.49733275175094604;0.49733275175094604;1.0316005945205688;0.0
0.004108309745788574;0.004108309745788574;0.005433032289147377;0.0;0.4994184672832489;0.4994184672832489;1.159232258796692;0.0
0.004124462604522705;0.004124462604522705;0.007678717374801636;0.0;0.5006871819496155;0.7753405570983887;0.5006871819496155;0.0
0.00412556529045105;0.00412556529045105;0.010472521185874939;0.0;0.5037933588027954;0.5619344115257263;0.5037933588027954;0.0
0.004125967621803284;0.004125967621803284;0.011151313781738281;0.0;0.5039916038513184;0.5039916038513184;0.7430908679962158;0.0
0.004131138324737549;0.004131138324737549;0.008052617311477661;0.0;0.5056403875350952;0.5056403875350952;1.0307036638259888;0.0
0.0041321516036987305;0.0041321516036987305;0.0063517093658447266;0.0;0.5068707466125488;0.6185891628265381;0.5068707466125488;0.0
0.004150897264480591;0.004150897264480591;0.006412938237190247;0.0;0.5081264972686768;0.5571179986000061;0.5081264972686768;0.0
0.00419461727142334;0.00419461727142334;0.007486194372177124;0.0;0.5095692276954651;0.5095692276954651;0.5246102213859558;0.0
0.0042070746421813965;0.0042070746421813965;0.00723276287317276;0.0;0.5128727555274963;0.5128727555274963;0.8811132311820984;0.0
0.004226654767990112;0.004226654767990112;0.008359214290976524;0.0;0.5146963000297546;0.6689205765724182;0.5146963000297546;0.0
0.004259347915649414;0.004259347915649414;0.00840732455253601;0.0;0.5187917947769165;0.5187917947769165;0.5622795224189758;0.0
0.004267990589141846;0.004267990589141846;0.005491435527801514;0.0;0.5193918347358704;0.5193918347358704;1.1742537021636963;0.0
0.004273593425750732;0.004273593425750732;0.00618184357881546;0.0;0.5199078321456909;0.6140825152397156;0.5199078321456909;0.0
0.004305660724639893;0.004305660724639893;0.011036992073059082;0.0;0.519943356513977;0.519943356513977;0.7352381348609924;0.0
0.004334568977355957;0.004334568977355957;0.01076558232307434;0.0;0.5201382040977478;0.5370914340019226;0.5201382040977478;0.0
0.004340827465057373;0.004340827465057373;0.00825849175453186;0.0;0.5210675001144409;0.8742818832397461;0.5210675001144409;0.0
0.004347965121269226;0.004347965121269226;0.010378003120422363;0.0;0.5236621499061584;0.5236621499061584;0.6655072569847107;0.0
0.004364177584648132;0.004364177584648132;0.006324544548988342;0.0;0.5274722576141357;0.5274722576141357;0.56136554479599;0.0
0.004377275705337524;0.004377275705337524;0.008212156593799591;0.0;0.5312001705169678;0.635581910610199;0.5312001705169678;0.0
0.004380360245704651;0.004380360245704651;0.010019376873970032;0.0;0.5376901626586914;0.5376901626586914;0.6044490337371826;0.0
0.0043986886739730835;0.0043986886739730835;0.006058692932128906;0.0;0.5386489033699036;0.6286478638648987;0.5386489033699036;0.0
0.004405266605317593;0.004405266605317593;0.006861165165901184;0.0;0.5415768623352051;0.5415768623352051;0.5458328723907471;0.0
0.004424244165420532;0.004424244165420532;0.01389797031879425;0.0;0.5486331582069397;0.8474513292312622;0.5486331582069397;0.0
0.00448685884475708;0.00448685884475708;0.009599685668945312;0.0;0.5507047772407532;0.9946282505989075;0.5507047772407532;0.0
0.004503011703491211;0.004503011703491211;0.008306875824928284;0.0;0.5509739518165588;0.5509739518165588;0.9880411624908447;0.0
0.004535764455795288;0.004535764455795288;0.005546160042285919;0.0;0.5536187291145325;0.5536187291145325;1.1062160730361938;0.0
0.00453794002532959;0.00453794002532959;0.010152161121368408;0.0;0.5563223361968994;0.5963799953460693;0.5563223361968994;0.0
0.004538774490356445;0.004538774490356445;0.012864232063293457;0.0;0.5594375133514404;0.5594375133514404;1.1179896593093872;0.0
0.0045413970947265625;0.0045413970947265625;0.009008713066577911;0.0;0.5603973269462585;0.5603973269462585;0.6079164147377014;0.0
0.00454866886138916;0.00454866886138916;0.009323954582214355;0.0;0.5607872009277344;0.9187995195388794;0.5607872009277344;0.0
0.004550635814666748;0.004550635814666748;0.009223699569702148;0.0;0.5613182783126831;0.5613182783126831;0.85966557264328;0.0
0.0045511722564697266;0.0045511722564697266;0.009825028479099274;0.0;0.5622163414955139;0.8648136258125305;0.5622163414955139;0.0
0.004555806517601013;0.004555806517601013;0.004724383354187012;0.0;0.563356876373291;0.6296207308769226;0.563356876373291;0.0
0.004557296633720398;0.004557296633720398;0.010399572551250458;0.0;0.5641847252845764;1.4041274785995483;0.5641847252845764;0.0
0.004582405090332031;0.004582405090332031;0.008429720997810364;0.0;0.5660681128501892;0.6452404260635376;0.5660681128501892;0.0
0.004599630832672119;0.004599630832672119;0.005351543426513672;0.0;0.570902943611145;0.570902943611145;1.1360893249511719;0.0
0.004607930779457092;0.004607930779457092;0.008114978671073914;0.0;0.5714056491851807;0.5714056491851807;0.5785907506942749;0.0
0.0046149492263793945;0.0046149492263793945;0.006359323859214783;0.0;0.5729161500930786;0.8069459199905396;0.5729161500930786;0.0
0.004617750644683838;0.004617750644683838;0.009491458535194397;0.0;0.5752539038658142;0.958172619342804;0.5752539038658142;0.0
0.004631161689758301;0.004631161689758301;0.00642751157283783;0.0;0.5765211582183838;0.5945770144462585;0.5765211582183838;0.0
0.004654735326766968;0.004654735326766968;0.006496846210211515;0.0;0.5782768130302429;0.6331634521484375;0.5782768130302429;0.0
0.004659324884414673;0.004659324884414673;0.011177614331245422;0.0;0.578527569770813;0.735117495059967;0.578527569770813;0.0
0.004671037197113037;0.004671037197113037;0.008379921317100525;0.0;0.5788009166717529;0.5788009166717529;1.1781632900238037;0.0
0.00467681884765625;0.00467681884765625;0.010115593671798706;0.0;0.5807953476905823;0.6131065487861633;0.5807953476905823;0.0
0.00467681884765625;0.00467681884765625;0.0074525028467178345;0.0;0.5812138319015503;0.7011613249778748;0.5812138319015503;0.0
0.004682958126068115;0.004682958126068115;0.006409794092178345;0.0;0.585917055606842;0.585917055606842;0.6218486428260803;0.0
0.00469970703125;0.00469970703125;0.009001737460494041;0.0;0.5865022540092468;0.6548522710800171;0.5865022540092468;0.0
0.004705935716629028;0.004705935716629028;0.014598976820707321;0.0;0.586834192276001;0.8000121116638184;0.586834192276001;0.0
0.004708454012870789;0.005009204149246216;0.004708454012870789;0.0;0.5893189907073975;0.5893189907073975;0.7059805989265442;0.0
0.004732489585876465;0.004732489585876465;0.010451734066009521;0.0;0.5893228650093079;0.5991476774215698;0.5893228650093079;0.0
0.004745543003082275;0.004745543003082275;0.009093084372580051;0.0;0.5913772583007812;0.735935389995575;0.5913772583007812;0.0
0.004771828651428223;0.004771828651428223;0.009496696293354034;0.0;0.5924077033996582;0.7015600204467773;0.5924077033996582;0.0
0.004786252975463867;0.004786252975463867;0.014474600553512573;0.0;0.5933964848518372;0.6410083770751953;0.5933964848518372;0.0
0.004789769649505615;0.004789769649505615;0.00846947729587555;0.0;0.593965470790863;0.6430829763412476;0.593965470790863;0.0
0.004834234714508057;0.004834234714508057;0.008852288126945496;0.0;0.5941345691680908;0.6408310532569885;0.5941345691680908;0.0
0.0048354752361774445;0.0048354752361774445;0.009574949741363525;0.0;0.5947967171669006;0.5947967171669006;1.1821043491363525;0.0
0.004845410585403442;0.004845410585403442;0.007227003574371338;0.0;0.5979934930801392;0.618450403213501;0.5979934930801392;0.0
0.004848971962928772;0.004848971962928772;0.011582806706428528;0.0;0.5982918739318848;0.8758604526519775;0.5982918739318848;0.0
0.004873037338256836;0.004873037338256836;0.012498974800109863;0.0;0.599918007850647;0.6903297901153564;0.599918007850647;0.0
0.004875898361206055;0.004875898361206055;0.013696759939193726;0.0;0.6020898222923279;0.6020898222923279;0.7592518925666809;0.0
0.004876255989074707;0.004876255989074707;0.007022678852081299;0.0;0.6029543876647949;0.6029543876647949;0.6285289525985718;0.0
0.004876673221588135;0.004876673221588135;0.011605367064476013;0.0;0.6030392050743103;0.6599531769752502;0.6030392050743103;0.0
0.004878222942352295;0.004878222942352295;0.015653610229492188;0.0;0.6052805185317993;0.7143085598945618;0.6052805185317993;0.0
0.0048799216747283936;0.0048799216747283936;0.011389851570129395;0.0;0.6065800189971924;0.6065800189971924;1.160950779914856;0.0
0.004889935255050659;0.004889935255050659;0.008984386920928955;0.0;0.6091969013214111;0.6091969013214111;0.6656189560890198;0.0
0.004902511835098267;0.004902511835098267;0.008451126515865326;0.0;0.6115061640739441;0.6115061640739441;1.0202829837799072;0.0
0.004919469356536865;0.004919469356536865;0.006651267409324646;0.0;0.612324595451355;0.764742374420166;0.612324595451355;0.0
0.004930943250656128;0.004930943250656128;0.00801074504852295;0.0;0.6132907867431641;0.6132907867431641;0.9139283895492554;0.0
0.004934132099151611;0.005990713834762573;0.004934132099151611;0.0;0.6135555505752563;0.7746487855911255;0.6135555505752563;0.0
0.00493621826171875;0.00493621826171875;0.011683866381645203;0.0;0.6142145991325378;0.6928044557571411;0.6142145991325378;0.0
0.004969201982021332;0.004969201982021332;0.01366405189037323;0.0;0.6147298812866211;0.6147298812866211;0.6264903545379639;0.0
0.004969894886016846;0.004969894886016846;0.008300945162773132;0.0;0.6148912906646729;0.7203079462051392;0.6148912906646729;0.0
0.004972398281097412;0.004972398281097412;0.007781773805618286;0.0;0.6167232990264893;0.6945445537567139;0.6167232990264893;0.0
0.0049791038036346436;0.0049791038036346436;0.006349789444357157;0.0;0.6173450350761414;0.6259666681289673;0.6173450350761414;0.0
0.004984721541404724;0.004984721541404724;0.006334245204925537;0.0;0.6174808144569397;0.6281895637512207;0.6174808144569397;0.0
0.005000948905944824;0.005000948905944824;0.012729637324810028;0.0;0.6180671453475952;0.6180671453475952;0.6497618556022644;0.0
0.00500565767288208;0.00500565767288208;0.010475903749465942;0.0;0.6185368299484253;0.6360992789268494;0.6185368299484253;0.0
0.005022913217544556;0.005022913217544556;0.008458353579044342;0.0;0.6196846961975098;0.8250629305839539;0.6196846961975098;0.0
0.005043298006057739;0.005043298006057739;0.010973304510116577;0.0;0.6199482679367065;0.6541074514389038;0.6199482679367065;0.0
0.005046665668487549;0.005046665668487549;0.0057287514209747314;0.0;0.6235196590423584;0.8379330039024353;0.6235196590423584;0.0
0.0050855278968811035;0.0050855278968811035;0.010983988642692566;0.0;0.6250033378601074;0.6250033378601074;0.685010552406311;0.0
0.00510015431791544;0.00510015431791544;0.0051545649766922;0.0;0.6253700852394104;0.7912613749504089;0.6253700852394104;0.0
0.005104005336761475;0.005104005336761475;0.016645163297653198;0.0;0.6266039609909058;0.6266039609909058;1.2975600957870483;0.0
0.0051122307777404785;0.0051122307777404785;0.011109352111816406;0.0;0.6302451491355896;0.7224453091621399;0.6302451491355896;0.0
0.005121268332004547;0.005121268332004547;0.008511364459991455;0.0;0.6383857131004333;0.6383857131004333;1.2021814584732056;0.0
0.0051419734954833984;0.0051419734954833984;0.008889645338058472;0.0;0.6415820717811584;0.6598827838897705;0.6415820717811584;0.0
0.00516355037689209;0.00516355037689209;0.011550188064575195;0.0;0.641594648361206;0.8519997000694275;0.641594648361206;0.0
0.005168020725250244;0.005168020725250244;0.00864727795124054;0.0;0.6422997713088989;1.0948208570480347;0.6422997713088989;0.0
0.005270063877105713;0.005270063877105713;0.015495359897613525;0.0;0.6431439518928528;1.313584327697754;0.6431439518928528;0.0
0.0052773356437683105;0.0052773356437683105;0.007888607680797577;0.0;0.6443936228752136;0.6443936228752136;0.7099912762641907;0.0
0.00528283417224884;0.00528283417224884;0.011382699012756348;0.0;0.6476813554763794;0.814527690410614;0.6476813554763794;0.0
0.00531575083732605;0.00531575083732605;0.010548651218414307;0.0;0.6482205390930176;0.9394998550415039;0.6482205390930176;0.0
0.005330227315425873;0.005330227315425873;0.012858688831329346;0.0;0.6483443975448608;0.6483443975448608;1.0754218101501465;0.0
0.005330801010131836;0.005330801010131836;0.016366690397262573;0.0;0.6487861275672913;0.8582241535186768;0.6487861275672913;0.0
0.005360007286071777;0.005360007286071777;0.009730622172355652;0.0;0.6540703177452087;0.6546854376792908;0.6540703177452087;0.0
0.005394101142883301;0.005394101142883301;0.011398404836654663;0.0;0.6563032865524292;0.8426066040992737;0.6563032865524292;0.0
0.005404926836490631;0.005404926836490631;0.013144046068191528;0.0;0.6563067436218262;0.8455554842948914;0.6563067436218262;0.0
0.005422413349151611;0.005422413349151611;0.006181821227073669;0.0;0.656491756439209;0.656491756439209;0.7486779093742371;0.0
0.005443774163722992;0.005443774163722992;0.009174525737762451;0.0;0.6571570038795471;0.769941508769989;0.6571570038795471;0.0
0.005452215671539307;0.005452215671539307;0.0140371173620224;0.0;0.6602305173873901;0.7528594136238098;0.6602305173873901;0.0
0.005472749471664429;0.005472749471664429;0.016401708126068115;0.0;0.6617570519447327;0.7737671732902527;0.6617570519447327;0.0
0.005490124225616455;0.005490124225616455;0.009282499551773071;0.0;0.6633731126785278;0.7167882919311523;0.6633731126785278;0.0
0.005493581295013428;0.005493581295013428;0.00908505916595459;0.0;0.6660992503166199;0.771937906742096;0.6660992503166199;0.0
0.005500912666320801;0.005500912666320801;0.015514284372329712;0.0;0.6693996787071228;0.6693996787071228;0.6972599029541016;0.0
0.005518466234207153;0.005518466234207153;0.01216338574886322;0.0;0.6695953607559204;0.6775510907173157;0.6695953607559204;0.0
0.005520880222320557;0.005520880222320557;0.01338893175125122;0.0;0.6709284782409668;0.6734769344329834;0.6709284782409668;0.0
0.005532443523406982;0.005532443523406982;0.009048372507095337;0.0;0.6736196279525757;0.7882609963417053;0.6736196279525757;0.0
0.00553835928440094;0.00553835928440094;0.012826070189476013;0.0;0.6759187579154968;0.7882131934165955;0.6759187579154968;0.0
0.005538821220397949;0.005538821220397949;0.007132396101951599;0.0;0.6793318390846252;0.6793318390846252;0.8150578141212463;0.0
0.005538821220397949;0.005538821220397949;0.01857440173625946;0.0;0.6797661781311035;1.016955018043518;0.6797661781311035;0.0
0.005560033023357391;0.005560033023357391;0.013408154249191284;0.0;0.6825653314590454;0.7607987523078918;0.6825653314590454;0.0
0.005564838647842407;0.005564838647842407;0.012371718883514404;0.0;0.682581901550293;2.141106367111206;0.682581901550293;0.0
0.005591869354248047;0.005591869354248047;0.009155482053756714;0.0;0.6834319233894348;1.043459415435791;0.6834319233894348;0.0
0.0056164562702178955;0.0056164562702178955;0.01788223534822464;0.0;0.6884081959724426;0.7158595323562622;0.6884081959724426;0.0
0.00562971830368042;0.00562971830368042;0.007676541805267334;0.0;0.6886771321296692;0.6886771321296692;0.876055896282196;0.0
0.0056310296058654785;0.0056310296058654785;0.00918319821357727;0.0;0.6898552775382996;0.6898552775382996;0.6991181373596191;0.0
0.0056313276290893555;0.0056313276290893555;0.01671944558620453;0.0;0.692257285118103;1.3759338855743408;0.692257285118103;0.0
0.005656182765960693;0.005656182765960693;0.01229572668671608;0.0;0.6923692226409912;0.7440124750137329;0.6923692226409912;0.0
0.005663126707077026;0.005663126707077026;0.011231288313865662;0.0;0.6977003812789917;1.0363940000534058;0.6977003812789917;0.0
0.0056944191455841064;0.0056944191455841064;0.013446182012557983;0.0;0.6980143785476685;0.6980143785476685;1.0566142797470093;0.0
0.005705147981643677;0.005705147981643677;0.016958028078079224;0.0;0.6995534300804138;0.6995534300804138;1.253109335899353;0.0
0.005745828151702881;0.005745828151702881;0.007396042346954346;0.0;0.7000070214271545;0.7377979755401611;0.7000070214271545;0.0
0.005754649639129639;0.005754649639129639;0.00748753547668457;0.0;0.7009425759315491;0.7009425759315491;1.0608043670654297;0.0
0.005796372890472412;0.005796372890472412;0.008787348866462708;0.0;0.7020307779312134;1.0411958694458008;0.7020307779312134;0.0
0.005811899900436401;0.005811899900436401;0.008016079664230347;0.0;0.7041983604431152;0.8111032843589783;0.7041983604431152;0.0
0.0058573391288518906;0.0058573391288518906;0.012610695324838161;0.0;0.7088130116462708;0.7088130116462708;0.8265852928161621;0.0
0.005876868963241577;0.005876868963241577;0.01358996331691742;0.0;0.7102866172790527;0.9525380730628967;0.7102866172790527;0.0
0.005878865718841553;0.005878865718841553;0.008214071393013;0.0;0.712969183921814;0.8274529576301575;0.712969183921814;0.0
0.005964420735836029;0.005964420735836029;0.007385358214378357;0.0;0.712986946105957;0.7386627197265625;0.712986946105957;0.0
0.005989730358123779;0.005989730358123779;0.015918850898742676;0.0;0.7130709290504456;0.888862133026123;0.7130709290504456;0.0
0.006003975868225098;0.006003975868225098;0.014535069465637207;0.0;0.7143104672431946;0.8663560748100281;0.7143104672431946;0.0
0.006009042263031006;0.006009042263031006;0.01589009165763855;0.0;0.7144559025764465;0.7144559025764465;0.79852294921875;0.0
0.006021291017532349;0.006021291017532349;0.010198473930358887;0.0;0.7152374386787415;1.1727774143218994;0.7152374386787415;0.0
0.006038844585418701;0.006038844585418701;0.009418755769729614;0.0;0.7161665558815002;1.0001771450042725;0.7161665558815002;0.0
0.006052553653717041;0.006052553653717041;0.011857837438583374;0.0;0.7168083190917969;0.9446890354156494;0.7168083190917969;0.0
0.0060700178146362305;0.0060700178146362305;0.01234947144985199;0.0;0.718636155128479;0.5280898809432983;0.718636155128479;0.0
0.006074011325836182;0.006074011325836182;0.00884993001818657;0.0;0.7200930714607239;0.7740932106971741;0.7200930714607239;0.0
0.006117217242717743;0.007128119468688965;0.006117217242717743;0.0;0.7205610275268555;0.884214460849762;0.7205610275268555;0.0
0.006141752004623413;0.006141752004623413;0.008100628852844238;0.0;0.7245890498161316;0.7986812591552734;0.7245890498161316;0.0
0.006151437759399414;0.006151437759399414;0.009654104709625244;0.0;0.7251939177513123;0.7251939177513123;1.2935715913772583;0.0
0.006155192852020264;0.006155192852020264;0.00719817541539669;0.0;0.7258356809616089;0.7258356809616089;1.3107541799545288;0.0
0.006160140037536621;0.006160140037536621;0.009102284908294678;0.0;0.7258723974227905;1.130348563194275;0.7258723974227905;0.0
0.006198465824127197;0.006198465824127197;0.01239863969385624;0.0;0.7279443740844727;0.7756102085113525;0.7279443740844727;0.0
0.006208926439285278;0.006208926439285278;0.008190736174583435;0.0;0.7310576438903809;0.9492567181587219;0.7310576438903809;0.0
0.006227254867553711;0.006227254867553711;0.01666790246963501;0.0;0.7315219044685364;0.9022098779678345;0.7315219044685364;0.0
0.0062525272369384766;0.0062525272369384766;0.015128299593925476;0.0;0.7324846982955933;1.017966628074646;0.7324846982955933;0.0
0.006252802908420563;0.006252802908420563;0.015192359685897827;0.0;0.7392870783805847;0.7754369974136353;0.7392870783805847;0.0
0.006278187036514282;0.006278187036514282;0.010140767320990562;0.0;0.7455044984817505;0.9049974679946899;0.7455044984817505;0.0
0.0062811970710754395;0.0064446330070495605;0.0062811970710754395;0.0;0.7467275261878967;0.8207430243492126;0.7467275261878967;0.0
0.006283313035964966;0.006283313035964966;0.012238115072250366;0.0;0.7472504377365112;1.0372779369354248;0.7472504377365112;0.0
0.006284773349761963;0.006284773349761963;0.01603919267654419;0.0;0.7482544183731079;1.0699487924575806;0.7482544183731079;0.0
0.006310105323791504;0.006310105323791504;0.009242504835128784;0.0;0.7533844113349915;0.9443299770355225;0.7533844113349915;0.0
0.006336789578199387;0.006336789578199387;0.014257937669754028;0.0;0.7541510462760925;0.9289026260375977;0.7541510462760925;0.0
0.0063599348068237305;0.0063599348068237305;0.011611342430114746;0.0;0.7553267478942871;1.0550227165222168;0.7553267478942871;0.0
0.006428413093090057;0.006428413093090057;0.012793481349945068;0.0;0.759859025478363;1.2596131563186646;0.759859025478363;0.0
0.006461083889007568;0.006461083889007568;0.01348605751991272;0.0;0.7636392712593079;1.2362051010131836;0.7636392712593079;0.0
0.006470382213592529;0.006470382213592529;0.015114247798919678;0.0;0.7636462450027466;0.7636462450027466;0.9641512632369995;0.0
0.006526291370391846;0.006526291370391846;0.010787992738187313;0.0;0.7652109861373901;1.134673833847046;0.7652109861373901;0.0
0.006549090147018433;0.006549090147018433;0.01528918743133545;0.0;0.7655799388885498;0.7655799388885498;1.0561797618865967;0.0
0.006555616855621338;0.006555616855621338;0.014438901096582413;0.0;0.7657496333122253;0.7657496333122253;0.84228515625;0.0
0.0065645575523376465;0.0065645575523376465;0.010648488998413086;0.0;0.7674643397331238;0.793941080570221;0.7674643397331238;0.0
0.00658869743347168;0.00658869743347168;0.015608102083206177;0.0;0.7693994641304016;0.7693994641304016;1.1494369506835938;0.0
0.006608426570892334;0.006608426570892334;0.017552495002746582;0.0;0.7701448202133179;0.83144211769104;0.7701448202133179;0.0
0.006618082523345947;0.006618082523345947;0.014505207538604736;0.0;0.7736796736717224;0.9527357816696167;0.7736796736717224;0.0
0.006654024124145508;0.006654024124145508;0.01220521330833435;0.0;0.777526319026947;1.1053649187088013;0.777526319026947;0.0
0.00667235255241394;0.00667235255241394;0.018406450748443604;0.0;0.7812561988830566;0.9539846181869507;0.7812561988830566;0.0
0.006682276725769043;0.006682276725769043;0.011518299579620361;0.0;0.7815775275230408;0.873637318611145;0.7815775275230408;0.0
0.006694436073303223;0.006694436073303223;0.018065184354782104;0.0;0.783828616142273;0.9883737564086914;0.783828616142273;0.0
0.0067177265882492065;0.0067177265882492065;0.009432360529899597;0.0;0.7840214371681213;1.163291573524475;0.7840214371681213;0.0
0.006733715534210205;0.007065504789352417;0.006733715534210205;0.0;0.7854920029640198;0.9327622652053833;0.7854920029640198;0.0
0.006734147667884827;0.006734147667884827;0.010462373495101929;0.0;0.7872192859649658;0.8420570492744446;0.7872192859649658;0.0
0.00676572322845459;0.00676572322845459;0.019729524850845337;0.0;0.7902793884277344;1.1576493978500366;0.7902793884277344;0.0
0.006775259971618652;0.006775259971618652;0.013185888528823853;0.0;0.7919754981994629;0.9875435829162598;0.7919754981994629;0.0
0.006776958703994751;0.006776958703994751;0.008759945631027222;0.0;0.7939977645874023;1.2459205389022827;0.7939977645874023;0.0
0.006783679127693176;0.006783679127693176;0.015803039073944092;0.0;0.796525776386261;1.2117635011672974;0.796525776386261;0.0
0.006791889667510986;0.006791889667510986;0.012706249952316284;0.0;0.797676682472229;1.7084187269210815;0.797676682472229;0.0
0.006799221038818359;0.006799221038818359;0.01721334457397461;0.0;0.7999384999275208;1.143552541732788;0.7999384999275208;0.0
0.006811410188674927;0.006811410188674927;0.014173023402690887;0.0;0.8028669953346252;1.0060244798660278;0.8028669953346252;0.0
0.0068132877349853516;0.0068132877349853516;0.013502344489097595;0.0;0.8029534816741943;1.2593069076538086;0.8029534816741943;0.0
0.006815589964389801;0.006815589964389801;0.014053791761398315;0.0;0.8029983043670654;1.30910325050354;0.8029983043670654;0.0
0.006825268268585205;0.006825268268585205;0.01566028594970703;0.0;0.8040725588798523;0.9760706424713135;0.8040725588798523;0.0
0.006830543279647827;0.006830543279647827;0.01010461151599884;0.0;0.8052405118942261;0.9725278615951538;0.8052405118942261;0.0
0.006848543882369995;0.006848543882369995;0.010364770889282227;0.0;0.8070812225341797;0.9677786827087402;0.8070812225341797;0.0
0.006872296333312988;0.006872296333312988;0.016460668295621872;0.0;0.8092983961105347;0.871856689453125;0.8092983961105347;0.0
0.006886810064315796;0.006886810064315796;0.010888546705245972;0.0;0.811301589012146;0.9959058165550232;0.811301589012146;0.0
0.006901085376739502;0.006901085376739502;0.018798500299453735;0.0;0.8136866092681885;0.8239943385124207;0.8136866092681885;0.0
0.00690382719039917;0.00690382719039917;0.01722203940153122;0.0;0.8140208721160889;0.8477866053581238;0.8140208721160889;0.0
0.006909281015396118;0.006909281015396118;0.008846580982208252;0.0;0.8154900074005127;0.8910855650901794;0.8154900074005127;0.0
0.006951510906219482;0.006951510906219482;0.013865113258361816;0.0;0.816573441028595;0.8238428235054016;0.816573441028595;0.0
0.006970997899770737;0.006970997899770737;0.013842850923538208;0.0;0.8213703036308289;0.9987974166870117;0.8213703036308289;0.0
0.006981968879699707;0.006981968879699707;0.007508829236030579;0.0;0.8213967084884644;1.2368946075439453;0.8213967084884644;0.0
0.006988555192947388;0.006988555192947388;0.012501612305641174;0.0;0.8216171264648438;0.8454893827438354;0.8216171264648438;0.0
0.0070244669914245605;0.0070244669914245605;0.024987787008285522;0.0;0.8249834775924683;0.8800236582756042;0.8249834775924683;0.0
0.00703120231628418;0.00703120231628418;0.014079749584197998;0.0;0.8254512548446655;0.8254512548446655;0.8508811593055725;0.0
0.007047176361083984;0.007047176361083984;0.020152747631072998;0.0;0.8268597722053528;1.0522472858428955;0.8268597722053528;0.0
0.007049858570098877;0.007049858570098877;0.010816246271133423;0.0;0.8352063894271851;1.0612398386001587;0.8352063894271851;0.0
0.007064104080200195;0.007064104080200195;0.01027730107307434;0.0;0.8358204364776611;1.249513030052185;0.8358204364776611;0.0
0.007076293230056763;0.007076293230056763;0.018293380737304688;0.0;0.8401966691017151;0.9137027859687805;0.8401966691017151;0.0
0.007108151912689209;0.007108151912689209;0.010829821228981018;0.0;0.840631365776062;1.102657675743103;0.840631365776062;0.0
0.0071253180503845215;0.0071253180503845215;0.011558055877685547;0.0;0.8411098718643188;1.3495521545410156;0.8411098718643188;0.0
0.007125794887542725;0.007125794887542725;0.00804811716079712;0.0;0.8422431945800781;1.1068979501724243;0.8422431945800781;0.0
0.007134586572647095;0.007134586572647095;0.009569615125656128;0.0;0.8450220823287964;1.046986699104309;0.8450220823287964;0.0
0.0071842968463897705;0.0071842968463897705;0.019577980041503906;0.0;0.8466487526893616;0.8466487526893616;1.0242055654525757;0.0
0.007185935974121094;0.007185935974121094;0.015515118837356567;0.0;0.8481963872909546;0.8481963872909546;1.7439396381378174;0.0
0.007191166281700134;0.007191166281700134;0.016230463981628418;0.0;0.8498631715774536;1.0716941356658936;0.8498631715774536;0.0
0.007209569215774536;0.007209569215774536;0.014076218008995056;0.0;0.8498736023902893;1.6426057815551758;0.8498736023902893;0.0
0.007220089435577393;0.007220089435577393;0.01145637035369873;0.0;0.8516945242881775;0.8950495719909668;0.8516945242881775;0.0
0.0072324275970458984;0.0072324275970458984;0.011088550090789795;0.0;0.8527880311012268;0.8527880311012268;0.8842892050743103;0.0
0.007299154996871948;0.007299154996871948;0.011703163385391235;0.0;0.8531144857406616;1.257027268409729;0.8531144857406616;0.0
0.0073073506355285645;0.0073073506355285645;0.016127735376358032;0.0;0.8536226153373718;0.8536226153373718;0.9347401857376099;0.0
0.007307767868041992;0.007307767868041992;0.023403942584991455;0.0;0.864018976688385;1.7356302738189697;0.864018976688385;0.0
0.0073746442794799805;0.0073746442794799805;0.011402726173400879;0.0;0.8640645146369934;0.8640645146369934;2.879176139831543;0.0
0.007378876209259033;0.007378876209259033;0.015606790781021118;0.0;0.8673800826072693;1.3206580877304077;0.8673800826072693;0.0
0.007430851459503174;0.007430851459503174;0.009021982550621033;0.0;0.8678087592124939;0.8678087592124939;0.9532454013824463;0.0
0.007435619831085205;0.007435619831085205;0.015113353729248047;0.0;0.86888188123703;0.86888188123703;0.9484879970550537;0.0
0.007450401782989502;0.007450401782989502;0.013601437211036682;0.0;0.8695389032363892;1.4330707788467407;0.8695389032363892;0.0
0.007476389408111572;0.007476389408111572;0.013961806893348694;0.0;0.87127685546875;0.9820963144302368;0.87127685546875;0.0
0.007520556449890137;0.007520556449890137;0.015003470703959465;0.0;0.8713445067405701;1.0858526229858398;0.8713445067405701;0.0
0.007555261254310608;0.007555261254310608;0.011444777250289917;0.0;0.8714562058448792;0.9236109852790833;0.8714562058448792;0.0
0.007630258798599243;0.007630258798599243;0.015049882233142853;0.0;0.8725790977478027;0.8725790977478027;0.9458889365196228;0.0
0.007643282413482666;0.007643282413482666;0.01220083236694336;0.0;0.8727607727050781;0.9257749915122986;0.8727607727050781;0.0
0.0076438188552856445;0.0076438188552856445;0.010805726051330566;0.0;0.8730990290641785;1.2008404731750488;0.8730990290641785;0.0
0.00765538215637207;0.00765538215637207;0.0225161612033844;0.0;0.8738677501678467;1.0825433731079102;0.8738677501678467;0.0
0.00768435001373291;0.00768435001373291;0.009992636740207672;0.0;0.8776206374168396;1.0807392597198486;0.8776206374168396;0.0
0.007685065269470215;0.007685065269470215;0.023086518049240112;0.0;0.8809999227523804;1.0411583185195923;0.8809999227523804;0.0
0.0076926350593566895;0.0076926350593566895;0.012990295886993408;0.0;0.8824812769889832;0.9596402049064636;0.8824812769889832;0.0
0.007694840431213379;0.007694840431213379;0.026187777519226074;0.0;0.8838778734207153;1.0368727445602417;0.8838778734207153;0.0
0.0077138543128967285;0.0077138543128967285;0.023764118552207947;0.0;0.890038251876831;1.581492304801941;0.890038251876831;0.0
0.007716134190559387;0.009104549884796143;0.007716134190559387;0.0;0.8903734087944031;1.378307819366455;0.8903734087944031;0.0
0.007745027542114258;0.007745027542114258;0.01767168939113617;0.0;0.8905252814292908;1.2777562141418457;0.8905252814292908;0.0
0.007775545120239258;0.007775545120239258;0.02010086178779602;0.0;0.8919047713279724;1.0087889432907104;0.8919047713279724;0.0
0.007797032594680786;0.007797032594680786;0.011599928140640259;0.0;0.8994421362876892;1.5215648412704468;0.8994421362876892;0.0
0.007797896862030029;0.007797896862030029;0.017195075750350952;0.0;0.9032232165336609;1.0832043886184692;0.9032232165336609;0.0
0.007800102233886719;0.007800102233886719;0.012695051729679108;0.0;0.9049981236457825;1.0602612495422363;0.9049981236457825;0.0
0.007841348648071289;0.007841348648071289;0.013130202889442444;0.0;0.9054420590400696;1.3078742027282715;0.9054420590400696;0.0
0.007846292108297348;0.007846292108297348;0.010912002995610237;0.0;0.9057400226593018;1.1314398050308228;0.9057400226593018;0.0
0.007847368717193604;0.007847368717193604;0.011385247111320496;0.0;0.9058845639228821;1.4451415538787842;0.9058845639228821;0.0
0.00793755054473877;0.00793755054473877;0.019518643617630005;0.0;0.9078705310821533;0.9078705310821533;0.9308444261550903;0.0
0.00797426700592041;0.00797426700592041;0.011430501937866211;0.0;0.9140626192092896;1.456459403038025;0.9140626192092896;0.0
0.008075118064880371;0.008075118064880371;0.015122294425964355;0.0;0.9169427156448364;1.3011456727981567;0.9169427156448364;0.0
0.008131623268127441;0.008131623268127441;0.026251018047332764;0.0;0.9195532202720642;1.163573145866394;0.9195532202720642;0.0
0.008141517639160156;0.008141517639160156;0.030643850564956665;0.0;0.9198573231697083;2.114689350128174;0.9198573231697083;0.0
0.008172251284122467;0.008172251284122467;0.013131678104400635;0.0;0.9227036833763123;0.9567292332649231;0.9227036833763123;0.0
0.008181959390640259;0.008181959390640259;0.017495498061180115;0.0;0.9257224798202515;1.4983845949172974;0.9257224798202515;0.0
0.008220314979553223;0.008220314979553223;0.01686149835586548;0.0;0.9260231256484985;2.5078182220458984;0.9260231256484985;0.0
0.008232593536376953;0.008232593536376953;0.01816391944885254;0.0;0.9286158084869385;1.0705879926681519;0.9286158084869385;0.0
0.008286982774734497;0.008286982774734497;0.01469101756811142;0.0;0.9291308522224426;0.9291308522224426;1.0227264165878296;0.0
0.008305132389068604;0.008305132389068604;0.013574182987213135;0.0;0.930157482624054;1.0625543594360352;0.930157482624054;0.0
0.008309423923492432;0.008309423923492432;0.008941739797592163;0.0;0.9303250312805176;1.0232223272323608;0.9303250312805176;0.0
0.008319079875946045;0.008319079875946045;0.017035573720932007;0.0;0.9304483532905579;1.6324281692504883;0.9304483532905579;0.0
0.00833757221698761;0.00833757221698761;0.01614631712436676;0.0;0.9323766231536865;1.320111870765686;0.9323766231536865;0.0
0.008382588624954224;0.008382588624954224;0.011333651840686798;0.0;0.9328650236129761;0.9328650236129761;1.1870841979980469;0.0
0.008384183049201965;0.008384183049201965;0.015874624252319336;0.0;0.9394854307174683;1.3994241952896118;0.9394854307174683;0.0
0.008400261402130127;0.008400261402130127;0.013899285346269608;0.0;0.9406781196594238;1.0146307945251465;0.9406781196594238;0.0
0.008463885635137558;0.008463885635137558;0.019190549850463867;0.0;0.940883994102478;0.940883994102478;1.089153528213501;0.0
0.008468925952911377;0.008468925952911377;0.039263248443603516;0.0;0.9429488182067871;1.1803091764450073;0.9429488182067871;0.0
0.00853225588798523;0.00922355055809021;0.00853225588798523;0.0;0.9445297718048096;1.2009825706481934;0.9445297718048096;0.0
0.008576661348342896;0.008576661348342896;0.01378902792930603;0.0;0.9465481638908386;1.4254755973815918;0.9465481638908386;0.0
0.008611872792243958;0.008611872792243958;0.02359527349472046;0.0;0.9472485780715942;0.9734830260276794;0.9472485780715942;0.0
0.008626163005828857;0.008626163005828857;0.01045408844947815;0.0;0.9477114677429199;1.6372371912002563;0.9477114677429199;0.0
0.008639633655548096;0.008639633655548096;0.021331459283828735;0.0;0.9482112526893616;0.9482112526893616;1.0140857696533203;0.0
0.008670613169670105;0.008670613169670105;0.023168981075286865;0.0;0.9499801397323608;1.0819698572158813;0.9499801397323608;0.0
0.008673429489135742;0.008673429489135742;0.026970624923706055;0.0;0.9513882994651794;0.9513882994651794;1.4087409973144531;0.0
0.008679717779159546;0.008679717779159546;0.011495649814605713;0.0;0.9560704231262207;1.3187881708145142;0.9560704231262207;0.0
0.008706837892532349;0.008706837892532349;0.015551269054412842;0.0;0.9569366574287415;1.0884407758712769;0.9569366574287415;0.0
0.008731931447982788;0.008731931447982788;0.017400681972503662;0.0;0.9576634168624878;0.9576634168624878;1.0510566234588623;0.0
0.00875769555568695;0.00875769555568695;0.023352518677711487;0.0;0.9585978984832764;1.4433789253234863;0.9585978984832764;0.0
0.008873820304870605;0.008873820304870605;0.019919700920581818;0.0;0.9597078561782837;2.4501092433929443;0.9597078561782837;0.0
0.008884668350219727;0.008884668350219727;0.019373953342437744;0.0;0.9597764015197754;1.3668625354766846;0.9597764015197754;0.0
0.008902490139007568;0.008902490139007568;0.0231303870677948;0.0;0.9600124359130859;1.1793650388717651;0.9600124359130859;0.0
0.008956462144851685;0.008956462144851685;0.009372711181640625;0.0;0.9619976878166199;1.421680212020874;0.9619976878166199;0.0
0.00899595022201538;0.00899595022201538;0.025368213653564453;0.0;0.9624042510986328;0.9624042510986328;1.7321202754974365;0.0
0.009016275405883789;0.009016275405883789;0.023850679397583008;0.0;0.9636051058769226;0.9636051058769226;1.068863868713379;0.0
0.009045124053955078;0.009045124053955078;0.010007351636886597;0.0;0.9655628204345703;1.255213975906372;0.9655628204345703;0.0
0.009074747562408447;0.009074747562408447;0.029040716588497162;0.0;0.9660113453865051;1.2119699716567993;0.9660113453865051;0.0
0.009134769439697266;0.009134769439697266;0.012199193239212036;0.0;0.9660549759864807;0.9660549759864807;1.105460286140442;0.0
0.009136229753494263;0.009136229753494263;0.018064085394144058;0.0;0.9699668288230896;1.4258145093917847;0.9699668288230896;0.0
0.009147398173809052;0.009147398173809052;0.014788329601287842;0.0;0.9733542799949646;1.401573896408081;0.9733542799949646;0.0
0.009164124727249146;0.009164124727249146;0.02437719702720642;0.0;0.9751461744308472;0.9751461744308472;1.7254951000213623;0.0
0.00919090211391449;0.00919090211391449;0.01506495475769043;0.0;0.9783720970153809;1.4353280067443848;0.9783720970153809;0.0
0.009197324514389038;0.009197324514389038;0.015358120203018188;0.0;0.9793148636817932;0.9793148636817932;1.1449012756347656;0.0
0.009229540824890137;0.009229540824890137;0.021564960479736328;0.0;0.9855737686157227;1.1069101095199585;0.9855737686157227;0.0
0.009254634380340576;0.009254634380340576;0.02151516079902649;0.0;0.9860660433769226;1.4073323011398315;0.9860660433769226;0.0
0.009273052215576172;0.009273052215576172;0.01574808359146118;0.0;0.9910221695899963;1.3800722360610962;0.9910221695899963;0.0
0.009289603680372238;0.009289603680372238;0.01006096601486206;0.0;0.9921078681945801;1.1062484979629517;0.9921078681945801;0.0
0.009301722049713135;0.009301722049713135;0.014748156070709229;0.0;0.9938033223152161;1.2653579711914062;0.9938033223152161;0.0
0.009383626282215118;0.009383626282215118;0.013458847999572754;0.0;0.9982504844665527;1.093869686126709;0.9982504844665527;0.0
0.009444594383239746;0.009444594383239746;0.033429741859436035;0.0;1.0024431943893433;1.2245521545410156;1.0024431943893433;0.0
0.00946897268295288;0.00946897268295288;0.015370473265647888;0.0;1.0043622255325317;2.96962308883667;1.0043622255325317;0.0
0.009557962417602539;0.009557962417602539;0.017547868192195892;0.0;1.0047351121902466;1.4971510171890259;1.0047351121902466;0.0
0.009602069854736328;0.009602069854736328;0.020328879356384277;0.0;1.0054938793182373;2.835878849029541;1.0054938793182373;0.0
0.00965958833694458;0.00965958833694458;0.01178741455078125;0.0;1.0084176063537598;1.05352783203125;1.0084176063537598;0.0
0.009704232215881348;0.009704232215881348;0.02427208423614502;0.0;1.0097018480300903;1.2527828216552734;1.0097018480300903;0.0
0.009715855121612549;0.009715855121612549;0.020894736051559448;0.0;1.0103811025619507;1.1152949333190918;1.0103811025619507;0.0
0.009739965200424194;0.009739965200424194;0.012708608992397785;0.0;1.0132219791412354;1.2857298851013184;1.0132219791412354;0.0
0.00974118709564209;0.00974118709564209;0.03201575577259064;0.0;1.0203349590301514;1.372031569480896;1.0203349590301514;0.0
0.009781420230865479;0.009781420230865479;0.017875462770462036;0.0;1.0267833471298218;1.10012686252594;1.0267833471298218;0.0
0.009823381900787354;0.009823381900787354;0.011670231819152832;0.0;1.0277293920516968;1.4083188772201538;1.0277293920516968;0.0
0.009834051132202148;0.009834051132202148;0.010035797022283077;0.0;1.0285688638687134;4.041476726531982;1.0285688638687134;0.0
0.009864658117294312;0.009864658117294312;0.015268146991729736;0.0;1.0288878679275513;1.3742082118988037;1.0288878679275513;0.0
0.00992673635482788;0.00992673635482788;0.015450507402420044;0.0;1.029410481452942;1.0938650369644165;1.029410481452942;0.0
0.009933948516845703;0.009933948516845703;0.028323352336883545;0.0;1.0301482677459717;1.2453265190124512;1.0301482677459717;0.0
0.010074377059936523;0.010074377059936523;0.020027771592140198;0.0;1.030521273612976;1.4789323806762695;1.030521273612976;0.0
0.010178610682487488;0.010178610682487488;0.017787814140319824;0.0;1.0352693796157837;1.3992279767990112;1.0352693796157837;0.0
0.010179609060287476;0.010179609060287476;0.02034774422645569;0.0;1.03594172000885;1.4121832847595215;1.03594172000885;0.0
0.010184943675994873;0.010184943675994873;0.018883883953094482;0.0;1.0378221273422241;1.0399479866027832;1.0378221273422241;0.0
0.010193288326263428;0.010193288326263428;0.013685673475265503;0.0;1.0398650169372559;1.8297827243804932;1.0398650169372559;0.0
0.010245859622955322;0.010245859622955322;0.018547862768173218;0.0;1.041785478591919;1.2251349687576294;1.041785478591919;0.0
0.010295212268829346;0.010295212268829346;0.0135410837829113;0.0;1.046399712562561;1.046399712562561;1.0863124132156372;0.0
0.010318517684936523;0.010318517684936523;0.01216837763786316;0.0;1.0481538772583008;1.8613845109939575;1.0481538772583008;0.0
0.010333940386772156;0.010333940386772156;0.015252247452735901;0.0;1.0508511066436768;2.4078104496002197;1.0508511066436768;0.0
0.010381117463111877;0.010381117463111877;0.0346655398607254;0.0;1.0518040657043457;1.4168449640274048;1.0518040657043457;0.0
0.01051291823387146;0.01051291823387146;0.031841687858104706;0.0;1.0535398721694946;2.4855146408081055;1.0535398721694946;0.0
0.01051396131515503;0.01051396131515503;0.017893627285957336;0.0;1.0566664934158325;1.185619592666626;1.0566664934158325;0.0
0.0105370432138443;0.0105370432138443;0.02458314597606659;0.0;1.0592589378356934;2.0190370082855225;1.0592589378356934;0.0
0.010544121265411377;0.010544121265411377;0.0413975715637207;0.0;1.0644464492797852;2.073307514190674;1.0644464492797852;0.0
0.010559067130088806;0.010559067130088806;0.014096051454544067;0.0;1.0656737089157104;1.3591382503509521;1.0656737089157104;0.0
0.010572309605777264;0.010572309605777264;0.021706819534301758;0.0;1.0665780305862427;1.3734792470932007;1.0665780305862427;0.0
0.010577768087387085;0.010577768087387085;0.020169228315353394;0.0;1.0667259693145752;1.6136524677276611;1.0667259693145752;0.0
0.010582804679870605;0.010582804679870605;0.028529107570648193;0.0;1.0685006380081177;1.3320006132125854;1.0685006380081177;0.0
0.01064617931842804;0.011018455028533936;0.01064617931842804;0.0;1.0694185495376587;1.0694185495376587;1.3797229528427124;0.0
0.010661005973815918;0.010661005973815918;0.024504274129867554;0.0;1.0724215507507324;1.455306887626648;1.0724215507507324;0.0
0.010669529438018799;0.010669529438018799;0.021384775638580322;0.0;1.0883071422576904;1.0883071422576904;1.3986667394638062;0.0
0.010679572820663452;0.010679572820663452;0.03393071889877319;0.0;1.0895975828170776;1.3223265409469604;1.0895975828170776;0.0
0.010767221450805664;0.010767221450805664;0.03701433539390564;0.0;1.0900806188583374;1.1784337759017944;1.0900806188583374;0.0
0.010770559310913086;0.010770559310913086;0.04016917943954468;0.0;1.0913976430892944;1.7029775381088257;1.0913976430892944;0.0
0.010779857635498047;0.010779857635498047;0.03205651044845581;0.0;1.101065754890442;1.3746989965438843;1.101065754890442;0.0
0.010797590017318726;0.010797590017318726;0.026004545390605927;0.0;1.111222505569458;1.3390988111495972;1.111222505569458;0.0
0.010921299457550049;0.010921299457550049;0.013806849718093872;0.0;1.1123015880584717;1.171054482460022;1.1123015880584717;0.0
0.010936625301837921;0.010936625301837921;0.014862596988677979;0.0;1.1201245784759521;1.2791531085968018;1.1201245784759521;0.0
0.010939022526144981;0.010939022526144981;0.021306976675987244;0.0;1.1224089860916138;1.7084213495254517;1.1224089860916138;0.0
0.010942250490188599;0.010942250490188599;0.01818835735321045;0.0;1.1229844093322754;1.7480096817016602;1.1229844093322754;0.0
0.010947585105895996;0.010947585105895996;0.017828449606895447;0.0;1.1240694522857666;1.5340032577514648;1.1240694522857666;0.0
0.010970354080200195;0.010970354080200195;0.017201676964759827;0.0;1.124791145324707;3.0430195331573486;1.124791145324707;0.0
0.011010468006134033;0.011010468006134033;0.012069106101989746;0.0;1.128255009651184;1.3926836252212524;1.128255009651184;0.0
0.011024415493011475;0.011024415493011475;0.01954163983464241;0.0;1.1414138078689575;1.906087875366211;1.1414138078689575;0.0
0.011051729321479797;0.011051729321479797;0.03460508584976196;0.0;1.1419256925582886;3.1491217613220215;1.1419256925582886;0.0
0.011086642742156982;0.011086642742156982;0.026703238487243652;0.0;1.1421149969100952;1.5789227485656738;1.1421149969100952;0.0
0.011089205741882324;0.011089205741882324;0.019299089908599854;0.0;1.1433500051498413;1.5229411125183105;1.1433500051498413;0.0
0.011133939027786255;0.011133939027786255;0.0208420529961586;0.0;1.1468960046768188;1.3480112552642822;1.1468960046768188;0.0
0.011162400245666504;0.011162400245666504;0.016455233097076416;0.0;1.1470597982406616;1.6132482290267944;1.1470597982406616;0.0
0.011168122291564941;0.011168122291564941;0.031192243099212646;0.0;1.1471869945526123;1.1471869945526123;1.18401300907135;0.0
0.011275358498096466;0.011275358498096466;0.027911901473999023;0.0;1.1480138301849365;1.399325966835022;1.1480138301849365;0.0
0.011366665363311768;0.011366665363311768;0.026706337928771973;0.0;1.159176230430603;1.6916865110397339;1.159176230430603;0.0
0.011436700820922852;0.011436700820922852;0.021277248859405518;0.0;1.1606101989746094;1.5226596593856812;1.1606101989746094;0.0
0.01144099235534668;0.01144099235534668;0.014247387647628784;0.0;1.1627981662750244;2.0743792057037354;1.1627981662750244;0.0
0.011452198028564453;0.011452198028564453;0.08245888352394104;0.0;1.1650267839431763;1.3327327966690063;1.1650267839431763;0.0
0.011487424373626709;0.018440738320350647;0.011487424373626709;0.0;1.1694170236587524;1.5079123973846436;1.1694170236587524;0.0
0.011515021324157715;0.011515021324157715;0.030385464429855347;0.0;1.1700401306152344;1.5045535564422607;1.1700401306152344;0.0
0.011534392833709717;0.011534392833709717;0.041004061698913574;0.0;1.170148253440857;1.5313605070114136;1.170148253440857;0.0
0.011593520641326904;0.011593520641326904;0.01658046245574951;0.0;1.1719070672988892;1.720390796661377;1.1719070672988892;0.0
0.011604011058807373;0.011604011058807373;0.016177386045455933;0.0;1.1736962795257568;1.6575642824172974;1.1736962795257568;0.0
0.01165192574262619;0.01165192574262619;0.03125450015068054;0.0;1.1745502948760986;2.9106838703155518;1.1745502948760986;0.0
0.011709749698638916;0.011709749698638916;0.013184204697608948;0.0;1.177552342414856;1.3126673698425293;1.177552342414856;0.0
0.011738359928131104;0.011738359928131104;0.02132388949394226;0.0;1.1934829950332642;1.4785199165344238;1.1934829950332642;0.0
0.011930257081985474;0.011930257081985474;0.018230974674224854;0.0;1.1937904357910156;1.1937904357910156;1.3403130769729614;0.0
0.011936545372009277;0.011936545372009277;0.01770085096359253;0.0;1.2001149654388428;1.2900623083114624;1.2001149654388428;0.0
0.011949148029088974;0.011949148029088974;0.016579508781433105;0.0;1.2051236629486084;1.477721095085144;1.2051236629486084;0.0
0.011964283883571625;0.011964283883571625;0.027457594871520996;0.0;1.205475091934204;1.7575284242630005;1.205475091934204;0.0
0.012025699019432068;0.012025699019432068;0.027333617210388184;0.0;1.2063101530075073;2.4207656383514404;1.2063101530075073;0.0
0.012073814868927002;0.012073814868927002;0.0174210574477911;0.0;1.206686019897461;2.1783864498138428;1.206686019897461;0.0
0.012148797512054443;0.012148797512054443;0.05511018633842468;0.0;1.2147080898284912;1.2147080898284912;1.2598648071289062;0.0
0.012154079973697662;0.012154079973697662;0.02049422264099121;0.0;1.2179111242294312;1.9241503477096558;1.2179111242294312;0.0
0.012192070484161377;0.012192070484161377;0.02008795738220215;0.0;1.2204234600067139;1.8187038898468018;1.2204234600067139;0.0
0.012240052223205566;0.012240052223205566;0.014943897724151611;0.0;1.2210699319839478;1.65906822681427;1.2210699319839478;0.0
0.012326866388320923;0.012326866388320923;0.03393763303756714;0.0;1.2260422706604004;2.633920192718506;1.2260422706604004;0.0
0.012373089790344238;0.012373089790344238;0.01781296730041504;0.0;1.2349883317947388;1.4559500217437744;1.2349883317947388;0.0
0.012428998947143555;0.012428998947143555;0.023037433624267578;0.0;1.2399078607559204;1.5222827196121216;1.2399078607559204;0.0
0.012495450675487518;0.012495450675487518;0.0360187292098999;0.0;1.244746446609497;1.9837559461593628;1.244746446609497;0.0
0.012564778327941895;0.012564778327941895;0.02009570598602295;0.0;1.2454630136489868;2.4437966346740723;1.2454630136489868;0.0
0.012578129768371582;0.012578129768371582;0.017688781023025513;0.0;1.2497777938842773;2.406787395477295;1.2497777938842773;0.0
0.012693285942077637;0.012693285942077637;0.03953522443771362;0.0;1.2499421834945679;1.993079423904419;1.2499421834945679;0.0
0.012748420238494873;0.012748420238494873;0.025337934494018555;0.0;1.260785698890686;2.8713107109069824;1.260785698890686;0.0
0.012811720371246338;0.012811720371246338;0.02050238475203514;0.0;1.262603759765625;2.8345179557800293;1.262603759765625;0.0
0.012909770011901855;0.012909770011901855;0.03241020441055298;0.0;1.2645691633224487;1.669175148010254;1.2645691633224487;0.0
0.012913733720779419;0.012913733720779419;0.036982789635658264;0.0;1.2648404836654663;3.0837185382843018;1.2648404836654663;0.0
0.01308053731918335;0.01308053731918335;0.04042661190032959;0.0;1.2658061981201172;1.5370255708694458;1.2658061981201172;0.0
0.01322847604751587;0.01322847604751587;0.04104119539260864;0.0;1.2690935134887695;1.815913200378418;1.2690935134887695;0.0
0.013234764337539673;0.013234764337539673;0.01488487422466278;0.0;1.269846796989441;1.9543761014938354;1.269846796989441;0.0
0.013421893119812012;0.013421893119812012;0.02036920189857483;0.0;1.2712935209274292;1.319254755973816;1.2712935209274292;0.0
0.013423323631286621;0.013423323631286621;0.020362496376037598;0.0;1.2733855247497559;2.6539809703826904;1.2733855247497559;0.0
0.013720780611038208;0.032174527645111084;0.013720780611038208;0.0;1.2792596817016602;2.1593267917633057;1.2792596817016602;0.0
0.01375722885131836;0.01375722885131836;0.03689146041870117;0.0;1.2804365158081055;1.9663112163543701;1.2804365158081055;0.0
0.013791203498840332;0.013791203498840332;0.032260894775390625;0.0;1.28868567943573;1.7965868711471558;1.28868567943573;0.0
0.01383887231349945;0.01383887231349945;0.031077980995178223;0.0;1.2947100400924683;1.8892375230789185;1.2947100400924683;0.0
0.013858199119567871;0.013858199119567871;0.019406765699386597;0.0;1.3023260831832886;1.7373199462890625;1.3023260831832886;0.0
0.013868644833564758;0.013868644833564758;0.021040618419647217;0.0;1.3031916618347168;2.020740270614624;1.3031916618347168;0.0
0.013876914978027344;0.013876914978027344;0.03653740882873535;0.0;1.3156391382217407;1.508034348487854;1.3156391382217407;0.0
0.01388995349407196;0.01388995349407196;0.035634756088256836;0.0;1.3242535591125488;1.4034488201141357;1.3242535591125488;0.0
0.013945937156677246;0.013945937156677246;0.01987171173095703;0.0;1.3264471292495728;1.5265952348709106;1.3264471292495728;0.0
0.014036685228347778;0.014036685228347778;0.028003692626953125;0.0;1.3283309936523438;2.075269937515259;1.3283309936523438;0.0
0.014049112796783447;0.014049112796783447;0.04167670011520386;0.0;1.3318573236465454;2.010530948638916;1.3318573236465454;0.0
0.014056146144866943;0.014056146144866943;0.02090311050415039;0.0;1.3397701978683472;1.511439561843872;1.3397701978683472;0.0
0.014113225042819977;0.01680237054824829;0.014113225042819977;0.0;1.3482823371887207;2.3337042331695557;1.3482823371887207;0.0
0.01421704888343811;0.01421704888343811;0.0167437344789505;0.0;1.3597296476364136;2.3152756690979004;1.3597296476364136;0.0
0.014308810234069824;0.014308810234069824;0.033229827880859375;0.0;1.3653916120529175;1.643548846244812;1.3653916120529175;0.0
0.014341264963150024;0.014341264963150024;0.014346420764923096;0.0;1.367733120918274;1.8560231924057007;1.367733120918274;0.0
0.014465630054473877;0.014465630054473877;0.026028886437416077;0.0;1.3686097860336304;1.9809585809707642;1.3686097860336304;0.0
0.01450657844543457;0.01450657844543457;0.039014458656311035;0.0;1.3736257553100586;1.8804477453231812;1.3736257553100586;0.0
0.014569684863090515;0.014569684863090515;0.017744719982147217;0.0;1.3738206624984741;4.379083633422852;1.3738206624984741;0.0
0.014585316181182861;0.014585316181182861;0.05295121669769287;0.0;1.3741542100906372;1.7233221530914307;1.3741542100906372;0.0
0.014643073081970215;0.014643073081970215;0.031470417976379395;0.0;1.3758666515350342;1.5766358375549316;1.3758666515350342;0.0
0.014710187911987305;0.014710187911987305;0.027095049619674683;0.0;1.3791111707687378;3.6836860179901123;1.3791111707687378;0.0
0.014717519283294678;0.015992581844329834;0.014717519283294678;0.0;1.3831485509872437;1.3831485509872437;1.4436523914337158;0.0
0.014752984046936035;0.014752984046936035;0.03405565023422241;0.0;1.3927650451660156;2.692009210586548;1.3927650451660156;0.0
0.014828026294708252;0.014828026294708252;0.03196287155151367;0.0;1.3965216875076294;1.8070517778396606;1.3965216875076294;0.0
0.01493111252784729;0.01493111252784729;0.03241395950317383;0.0;1.398672342300415;1.398672342300415;1.41147780418396;0.0
0.014975368976593018;0.014975368976593018;0.021172940731048584;0.0;1.3990774154663086;1.3990774154663086;1.7997987270355225;0.0
0.01499241590499878;0.01499241590499878;0.027522236108779907;0.0;1.4018703699111938;2.150747299194336;1.4018703699111938;0.0
0.015063703060150146;0.015063703060150146;0.03301769495010376;0.0;1.4031414985656738;1.857526421546936;1.4031414985656738;0.0
0.01506701111793518;0.01506701111793518;0.021182358264923096;0.0;1.4060263633728027;2.4701390266418457;1.4060263633728027;0.0
0.015146493911743164;0.015146493911743164;0.01794084906578064;0.0;1.4095004796981812;4.580653667449951;1.4095004796981812;0.0
0.01516123116016388;0.01516123116016388;0.021809935569763184;0.0;1.4098941087722778;3.775641679763794;1.4098941087722778;0.0
0.015275418758392334;0.015275418758392334;0.020645886659622192;0.0;1.4122718572616577;1.4122718572616577;1.5121092796325684;0.0
0.015370070934295654;0.015370070934295654;0.023369908332824707;0.0;1.4143518209457397;1.5655242204666138;1.4143518209457397;0.0
0.01553654670715332;0.01553654670715332;0.01780230551958084;0.0;1.4167181253433228;2.29837703704834;1.4167181253433228;0.0
0.015550017356872559;0.015550017356872559;0.019665967673063278;0.0;1.4207398891448975;1.732810616493225;1.4207398891448975;0.0
0.015574604272842407;0.015574604272842407;0.028694182634353638;0.0;1.427415132522583;2.3650624752044678;1.427415132522583;0.0
0.015624165534973145;0.015624165534973145;0.030147820711135864;0.0;1.4297930002212524;2.3097550868988037;1.4297930002212524;0.0
0.015656232833862305;0.015656232833862305;0.03332510590553284;0.0;1.4312154054641724;1.8653099536895752;1.4312154054641724;0.0
0.015688657760620117;0.015688657760620117;0.03266644477844238;0.0;1.4331425428390503;1.701925277709961;1.4331425428390503;0.0
0.015723884105682373;0.015723884105682373;0.04343205690383911;0.0;1.4357013702392578;2.192373275756836;1.4357013702392578;0.0
0.01573050022125244;0.01573050022125244;0.024035751819610596;0.0;1.436113953590393;2.011841297149658;1.436113953590393;0.0
0.015834257006645203;0.015834257006645203;0.030786871910095215;0.0;1.4377385377883911;1.7960928678512573;1.4377385377883911;0.0
0.015932798385620117;0.015932798385620117;0.04400557279586792;0.0;1.4383695125579834;3.1946518421173096;1.4383695125579834;0.0
0.0159672349691391;0.0159672349691391;0.04103022813796997;0.0;1.4449586868286133;1.535059928894043;1.4449586868286133;0.0
0.015977337956428528;0.015977337956428528;0.01930636167526245;0.0;1.4483321905136108;2.0869574546813965;1.4483321905136108;0.0
0.015977799892425537;0.015977799892425537;0.023141860961914062;0.0;1.454474925994873;4.463563919067383;1.454474925994873;0.0
0.01604059338569641;0.01604059338569641;0.046783506870269775;0.0;1.466073989868164;2.3619449138641357;1.466073989868164;0.0
0.016054540872573853;0.016054540872573853;0.07637298107147217;0.0;1.469547152519226;2.4517369270324707;1.469547152519226;0.0
0.016336500644683838;0.016336500644683838;0.01674598455429077;0.0;1.4724961519241333;2.5626938343048096;1.4724961519241333;0.0
0.016373813152313232;0.016373813152313232;0.01804184913635254;0.0;1.473595142364502;1.8632999658584595;1.473595142364502;0.0
0.016547024250030518;0.016547024250030518;0.043054282665252686;0.0;1.4818618297576904;2.559687852859497;1.4818618297576904;0.0
0.01657240092754364;0.02192997932434082;0.01657240092754364;0.0;1.4887570142745972;1.4887570142745972;1.4973293542861938;0.0
0.016665339469909668;0.016665339469909668;0.025259852409362793;0.0;1.4912738800048828;3.27463960647583;1.4912738800048828;0.0
0.01673150062561035;0.01673150062561035;0.040922366082668304;0.0;1.4978821277618408;2.343003749847412;1.4978821277618408;0.0
0.017026424407958984;0.017026424407958984;0.028888225555419922;0.0;1.5004091262817383;2.6015191078186035;1.5004091262817383;0.0
0.01711288094520569;0.01711288094520569;0.05174720287322998;0.0;1.5047447681427002;3.324580430984497;1.5047447681427002;0.0
0.017177104949951172;0.017177104949951172;0.026050269603729248;0.0;1.5081231594085693;4.179501056671143;1.5081231594085693;0.0
0.01719537377357483;0.01719537377357483;0.03130324184894562;0.0;1.5089110136032104;2.911053419113159;1.5089110136032104;0.0
0.017428159713745117;0.017428159713745117;0.03260011970996857;0.0;1.5099210739135742;3.776848316192627;1.5099210739135742;0.0
0.017535299062728882;0.017535299062728882;0.03241676092147827;0.0;1.5101240873336792;2.3570940494537354;1.5101240873336792;0.0
0.017584562301635742;0.017584562301635742;0.034567803144454956;0.0;1.5161207914352417;3.823462963104248;1.5161207914352417;0.0
0.017590418457984924;0.017590418457984924;0.02385079860687256;0.0;1.5283294916152954;1.6995325088500977;1.5283294916152954;0.0
0.017600446939468384;0.017600446939468384;0.035242438316345215;0.0;1.536981225013733;2.881943702697754;1.536981225013733;0.0
0.017605900764465332;0.029536426067352295;0.017605900764465332;0.0;1.5380886793136597;1.6631131172180176;1.5380886793136597;0.0
0.017683565616607666;0.017683565616607666;0.032253265380859375;0.0;1.544854998588562;2.107079267501831;1.544854998588562;0.0
0.017696380615234375;0.017696380615234375;0.04889881610870361;0.0;1.5453802347183228;1.6441148519515991;1.5453802347183228;0.0
0.01774454116821289;0.01774454116821289;0.031562745571136475;0.0;1.5492247343063354;1.5492247343063354;1.914014458656311;0.0
0.017782852053642273;0.017782852053642273;0.01951339840888977;0.0;1.5502415895462036;1.8772211074829102;1.5502415895462036;0.0
0.01782011240720749;0.01782011240720749;0.03307384252548218;0.0;1.5530853271484375;2.543452262878418;1.5530853271484375;0.0
0.017839789390563965;0.017839789390563965;0.02524593472480774;0.0;1.556564211845398;2.865450382232666;1.556564211845398;0.0
0.017866909503936768;0.017979860305786133;0.017866909503936768;0.0;1.559386134147644;3.0466039180755615;1.559386134147644;0.0
0.01792198419570923;0.01792198419570923;0.0203058123588562;0.0;1.55973219871521;2.242341995239258;1.55973219871521;0.0
0.017991304397583008;0.017991304397583008;0.026739388704299927;0.0;1.566069483757019;3.131676197052002;1.566069483757019;0.0
0.01802721619606018;0.01802721619606018;0.029876112937927246;0.0;1.5819299221038818;2.2649035453796387;1.5819299221038818;0.0
0.01807945966720581;0.01807945966720581;0.03173953294754028;0.0;1.5872759819030762;2.5603978633880615;1.5872759819030762;0.0
0.018140137195587158;0.018140137195587158;0.050662606954574585;0.0;1.5989160537719727;2.1522393226623535;1.5989160537719727;0.0
0.018194377422332764;0.018194377422332764;0.0440712571144104;0.0;1.6091670989990234;2.0654091835021973;1.6091670989990234;0.0
0.01891195774078369;0.01891195774078369;0.022115767002105713;0.0;1.6100764274597168;2.9850945472717285;1.6100764274597168;0.0
0.018949687480926514;0.020773112773895264;0.018949687480926514;0.0;1.6137560606002808;4.355999946594238;1.6137560606002808;0.0
0.019019246101379395;0.019019246101379395;0.027377724647521973;0.0;1.6174672842025757;3.461308002471924;1.6174672842025757;0.0
0.019097983837127686;0.019097983837127686;0.030008822679519653;0.0;1.6207947731018066;2.776594638824463;1.6207947731018066;0.0
0.019121170043945312;0.019121170043945312;0.020326673984527588;0.0;1.6244341135025024;2.8471028804779053;1.6244341135025024;0.0
0.019141346216201782;0.019141346216201782;0.030877232551574707;0.0;1.6262060403823853;2.7306153774261475;1.6262060403823853;0.0
0.01929575204849243;0.01929575204849243;0.019857004284858704;0.0;1.6275523900985718;1.9672175645828247;1.6275523900985718;0.0
0.019298434257507324;0.019298434257507324;0.03213629126548767;0.0;1.636273980140686;3.112454891204834;1.636273980140686;0.0
0.019411146640777588;0.019411146640777588;0.03764665126800537;0.0;1.656785011291504;1.7516121864318848;1.656785011291504;0.0
0.019420593976974487;0.019420593976974487;0.06160658597946167;0.0;1.6579296588897705;3.4892325401306152;1.6579296588897705;0.0
0.019637465476989746;0.019766144454479218;0.019637465476989746;0.0;1.6580604314804077;1.6580604314804077;1.9960670471191406;0.0
0.019689947366714478;0.019689947366714478;0.021564245223999023;0.0;1.6692785024642944;2.572237014770508;1.6692785024642944;0.0
0.019809246063232422;0.019809246063232422;0.04196710139513016;0.0;1.6723707914352417;2.728656530380249;1.6723707914352417;0.0
0.019846677780151367;0.019846677780151367;0.024636000394821167;0.0;1.6740220785140991;2.1263082027435303;1.6740220785140991;0.0
0.02017059177160263;0.02017059177160263;0.026102721691131592;0.0;1.6767584085464478;2.793375253677368;1.6767584085464478;0.0
0.020270418375730515;0.020270418375730515;0.03022626042366028;0.0;1.684102177619934;3.4205286502838135;1.684102177619934;0.0
0.020469605922698975;0.020469605922698975;0.04068565368652344;0.0;1.68771231174469;2.35819411277771;1.68771231174469;0.0
0.020551100373268127;0.020551100373268127;0.036072611808776855;0.0;1.6891043186187744;3.2895848751068115;1.6891043186187744;0.0
0.020613253116607666;0.020613253116607666;0.0326690673828125;0.0;1.6962060928344727;3.426179885864258;1.6962060928344727;0.0
0.020632058382034302;0.020632058382034302;0.02723020315170288;0.0;1.7015479803085327;2.420518398284912;1.7015479803085327;0.0
0.0207330584526062;0.021364212036132812;0.0207330584526062;0.0;1.7023612260818481;2.3606514930725098;1.7023612260818481;0.0
0.020916521549224854;0.020916521549224854;0.03668242692947388;0.0;1.7029846906661987;2.674130916595459;1.7029846906661987;0.0
0.021003708243370056;0.02246929705142975;0.021003708243370056;0.0;1.7056729793548584;3.024879217147827;1.7056729793548584;0.0
0.021112799644470215;0.021112799644470215;0.02339017391204834;0.0;1.7089343070983887;2.5748865604400635;1.7089343070983887;0.0
0.021237611770629883;0.021237611770629883;0.05194425582885742;0.0;1.7191802263259888;2.7917115688323975;1.7191802263259888;0.0
0.021251976490020752;0.021251976490020752;0.07261320948600769;0.0;1.7207629680633545;2.5550897121429443;1.7207629680633545;0.0
0.021300137042999268;0.021300137042999268;0.028779655694961548;0.0;1.7288217544555664;3.687283754348755;1.7288217544555664;0.0
0.021300822496414185;0.021300822496414185;0.06063807010650635;0.0;1.7371342182159424;1.9830964803695679;1.7371342182159424;0.0
0.021317243576049805;0.021317243576049805;0.04871112108230591;0.0;1.751829981803894;2.516723394393921;1.751829981803894;0.0
0.021330788731575012;0.021900057792663574;0.021330788731575012;0.0;1.7550568580627441;2.8070297241210938;1.7550568580627441;0.0
0.021444082260131836;0.021444082260131836;0.041119933128356934;0.0;1.760727047920227;2.620432138442993;1.760727047920227;0.0
0.021460235118865967;0.021460235118865967;0.06470614671707153;0.0;1.7698010206222534;3.7753496170043945;1.7698010206222534;0.0
0.021649658679962158;0.025728821754455566;0.021649658679962158;0.0;1.7720963954925537;2.0311012268066406;1.7720963954925537;0.0
0.02168428897857666;0.02168428897857666;0.05774173140525818;0.0;1.7804698944091797;3.133754014968872;1.7804698944091797;0.0
0.021698594093322754;0.021698594093322754;0.03873470425605774;0.0;1.7813982963562012;2.091902017593384;1.7813982963562012;0.0
0.02191382646560669;0.02191382646560669;0.02616114914417267;0.0;1.7857962846755981;3.0017757415771484;1.7857962846755981;0.0
0.022121667861938477;0.022121667861938477;0.08076095581054688;0.0;1.7959314584732056;2.0498080253601074;1.7959314584732056;0.0
0.022140920162200928;0.022140920162200928;0.04982823133468628;0.0;1.804695963859558;3.882434368133545;1.804695963859558;0.0
0.02221319079399109;0.02221319079399109;0.08027622103691101;0.0;1.8144081830978394;3.0800588130950928;1.8144081830978394;0.0
0.02257588505744934;0.02257588505744934;0.033629193902015686;0.0;1.820212483406067;2.5787997245788574;1.820212483406067;0.0
0.022616416215896606;0.022616416215896606;0.04153969883918762;0.0;1.826336145401001;2.1787655353546143;1.826336145401001;0.0
0.02278730273246765;0.02278730273246765;0.03944039344787598;0.0;1.8386344909667969;3.342843532562256;1.8386344909667969;0.0
0.02323940396308899;0.02323940396308899;0.03412020206451416;0.0;1.839048981666565;1.96793794631958;1.839048981666565;0.0
0.023258894681930542;0.023258894681930542;0.02864864468574524;0.0;1.8509390354156494;2.232356309890747;1.8509390354156494;0.0
0.02338176965713501;0.02338176965713501;0.04805222153663635;0.0;1.8518775701522827;2.012545108795166;1.8518775701522827;0.0
0.02358075976371765;0.02358075976371765;0.03296646475791931;0.0;1.8521562814712524;2.3385751247406006;1.8521562814712524;0.0
0.023589104413986206;0.02561352029442787;0.023589104413986206;0.0;1.8592450618743896;2.4755561351776123;1.8592450618743896;0.0
0.02368837594985962;0.02368837594985962;0.039554864168167114;0.0;1.868032693862915;3.1177427768707275;1.868032693862915;0.0
0.02400994300842285;0.02400994300842285;0.05950462818145752;0.0;1.8685158491134644;4.27299165725708;1.8685158491134644;0.0
0.024143248796463013;0.04740387201309204;0.024143248796463013;0.0;1.868789792060852;4.503779411315918;1.868789792060852;0.0
0.024299263954162598;0.024299263954162598;0.07569396495819092;0.0;1.8821927309036255;1.8821927309036255;2.06740403175354;0.0
0.025085031986236572;0.025085031986236572;0.062209755182266235;0.0;1.915776252746582;2.065603256225586;1.915776252746582;0.0
0.02518010139465332;0.02518010139465332;0.07174566388130188;0.0;1.932942509651184;3.088552474975586;1.932942509651184;0.0
0.025413602590560913;0.025413602590560913;0.05340501666069031;0.0;1.9379081726074219;1.4606256484985352;1.9379081726074219;0.0
0.0254594087600708;0.07552888989448547;0.0254594087600708;0.0;1.9537177085876465;2.963350296020508;1.9537177085876465;0.0
0.02560165524482727;0.02560165524482727;0.05165672302246094;0.0;1.9709362983703613;3.4212470054626465;1.9709362983703613;0.0
0.02562469244003296;0.02562469244003296;0.03548860549926758;0.0;1.9758062362670898;1.6004207134246826;1.9758062362670898;0.0
0.025754988193511963;0.025754988193511963;0.03937578201293945;0.0;1.9861090183258057;4.20271635055542;1.9861090183258057;0.0
0.025865256786346436;0.025865256786346436;0.057332515716552734;0.0;2.0284299850463867;3.218060255050659;2.0284299850463867;0.0
0.02616405487060547;0.02616405487060547;0.03605389595031738;0.0;2.0320253372192383;4.5148420333862305;2.0320253372192383;0.0
0.026554636657238007;0.026554636657238007;0.032045066356658936;0.0;2.0577356815338135;2.5876047611236572;2.0577356815338135;0.0
0.02657151222229004;0.02657151222229004;0.04144090414047241;0.0;2.097268581390381;3.613002061843872;2.097268581390381;0.0
0.026691436767578125;0.026691436767578125;0.05526763200759888;0.0;2.0994222164154053;4.593183517456055;2.0994222164154053;0.0
0.026893317699432373;0.026893317699432373;0.07191947102546692;0.0;2.1081628799438477;3.596182107925415;2.1081628799438477;0.0
0.026966869831085205;0.026966869831085205;0.03738832473754883;0.0;2.1096444129943848;4.1586174964904785;2.1096444129943848;0.0
0.027109280228614807;0.027109280228614807;0.03100261092185974;0.0;2.147822380065918;3.8309085369110107;2.147822380065918;0.0
0.027123361825942993;0.027123361825942993;0.050245046615600586;0.0;2.153332233428955;3.3483500480651855;2.153332233428955;0.0
0.027189739048480988;0.027189739048480988;0.08476358652114868;0.0;2.157029390335083;2.157029390335083;2.608292579650879;0.0
0.02724289894104004;0.02724289894104004;0.03881128132343292;0.0;2.1606974601745605;2.1606974601745605;2.2221169471740723;0.0
0.027308881282806396;0.029718637466430664;0.027308881282806396;0.0;2.193342685699463;2.4122681617736816;2.193342685699463;0.0
0.027588069438934326;0.027588069438934326;0.04189056158065796;0.0;2.193655490875244;2.711254596710205;2.193655490875244;0.0
0.02760910987854004;0.02760910987854004;0.060913145542144775;0.0;2.2035372257232666;2.8733348846435547;2.2035372257232666;0.0
0.027621030807495117;0.027621030807495117;0.07013940811157227;0.0;2.214952230453491;3.7124247550964355;2.214952230453491;0.0
0.02771952748298645;0.02771952748298645;0.04815554618835449;0.0;2.2192599773406982;3.0431032180786133;2.2192599773406982;0.0
0.027910470962524414;0.027910470962524414;0.05121737718582153;0.0;2.2230851650238037;4.330042362213135;2.2230851650238037;0.0
0.028043881058692932;0.028043881058692932;0.03512430191040039;0.0;2.241852045059204;3.294795036315918;2.241852045059204;0.0
0.02808457612991333;0.02808457612991333;0.059827983379364014;0.0;2.2457222938537598;3.186441659927368;2.2457222938537598;0.0
0.028197497129440308;0.028197497129440308;0.044265568256378174;0.0;2.247408628463745;3.1474788188934326;2.247408628463745;0.0
0.028350666165351868;0.028350666165351868;0.0327337384223938;0.0;2.28084659576416;4.65132999420166;2.28084659576416;0.0
0.028465598821640015;0.028465598821640015;0.030652999877929688;0.0;2.2826790809631348;4.43248176574707;2.2826790809631348;0.0
0.02862890623509884;0.06800340116024017;0.02862890623509884;0.0;2.2849888801574707;3.585730791091919;2.2849888801574707;0.0
0.02900218963623047;0.02900218963623047;0.06776189804077148;0.0;2.2870264053344727;3.6434571743011475;2.2870264053344727;0.0
0.02953469753265381;0.02953469753265381;0.0646699070930481;0.0;2.291801929473877;3.462641477584839;2.291801929473877;0.0
0.029887795448303223;0.029887795448303223;0.040479183197021484;0.0;2.3008148670196533;2.5720551013946533;2.3008148670196533;0.0
0.030125796794891357;0.030125796794891357;0.057489752769470215;0.0;2.3016164302825928;2.837035655975342;2.3016164302825928;0.0
0.030223995447158813;0.030223995447158813;0.04361456632614136;0.0;2.3243210315704346;4.096466064453125;2.3243210315704346;0.0
0.03096705675125122;0.03096705675125122;0.05726724863052368;0.0;2.3406074047088623;4.479958534240723;2.3406074047088623;0.0
0.03114253282546997;0.05413767695426941;0.03114253282546997;0.0;2.3526368141174316;4.268881320953369;2.3526368141174316;0.0
0.031225860118865967;0.031225860118865967;0.032300353050231934;0.0;2.353987455368042;4.281757831573486;2.353987455368042;0.0
0.03166377544403076;0.03166377544403076;0.0373227596282959;0.0;2.359145402908325;2.8506920337677;2.359145402908325;0.0
0.03179430961608887;0.03179430961608887;0.07827073335647583;0.0;2.36787748336792;2.36787748336792;2.40913987159729;0.0
0.03295612335205078;0.03295612335205078;0.06713032722473145;0.0;2.3783295154571533;3.9206933975219727;2.3783295154571533;0.0
0.03309771418571472;0.03309771418571472;0.04524946212768555;0.0;2.3832883834838867;3.8704464435577393;2.3832883834838867;0.0
0.03316682577133179;0.03316682577133179;0.09985858201980591;0.0;2.40810489654541;2.741159677505493;2.40810489654541;0.0
0.03343230485916138;0.03343230485916138;0.0664617121219635;0.0;2.4228975772857666;1.250293254852295;2.4228975772857666;0.0
0.033516108989715576;0.033516108989715576;0.04554015398025513;0.0;2.453538417816162;2.7414910793304443;2.453538417816162;0.0
0.034129559993743896;0.034129559993743896;0.0483851432800293;0.0;2.4622528553009033;4.11820650100708;2.4622528553009033;0.0
0.034605324268341064;0.034605324268341064;0.04702094942331314;0.0;2.47814679145813;1.1950000524520874;2.47814679145813;0.0
0.03479257971048355;0.03479257971048355;0.10176926851272583;0.0;2.481215238571167;4.636941909790039;2.481215238571167;0.0
0.03506672382354736;0.03506672382354736;0.060395658016204834;0.0;2.4815149307250977;3.6333141326904297;2.4815149307250977;0.0
0.03622448444366455;0.03622448444366455;0.03881528973579407;0.0;2.4895212650299072;3.0152170658111572;2.4895212650299072;0.0
0.037018418312072754;0.037018418312072754;0.10112637281417847;0.0;2.5116426944732666;2.5770936012268066;2.5116426944732666;0.0
0.038273364305496216;0.038273364305496216;0.0662507563829422;0.0;2.561140775680542;5.031660556793213;2.561140775680542;0.0
0.03845536708831787;0.03845536708831787;0.10080784559249878;0.0;2.5994913578033447;4.190965175628662;2.5994913578033447;0.0
0.038662999868392944;0.038662999868392944;0.04587531089782715;0.0;2.609510898590088;3.9464285373687744;2.609510898590088;0.0
0.03869107365608215;0.03869107365608215;0.06710106134414673;0.0;2.63205623626709;3.5123188495635986;2.63205623626709;0.0
0.03892872482538223;0.03892872482538223;0.056935250759124756;0.0;2.6492857933044434;2.954651355743408;2.6492857933044434;0.0
0.039265602827072144;0.039265602827072144;0.10281351208686829;0.0;2.6741044521331787;2.6741044521331787;2.7045652866363525;0.0
0.03956538438796997;0.03956538438796997;0.06678557395935059;0.0;2.678159475326538;4.075394153594971;2.678159475326538;0.0
0.03994327783584595;0.03994327783584595;0.05304718017578125;0.0;2.695371150970459;3.2787363529205322;2.695371150970459;0.0
0.04034930467605591;0.04034930467605591;0.10067366063594818;0.0;2.696608543395996;4.1689372062683105;2.696608543395996;0.0
0.04188114404678345;0.04188114404678345;0.05998345464468002;0.0;2.7099568843841553;4.467177391052246;2.7099568843841553;0.0
0.04208207130432129;0.04208207130432129;0.056569166481494904;0.0;2.7184197902679443;4.163364887237549;2.7184197902679443;0.0
0.04303300380706787;0.0778299868106842;0.04303300380706787;0.0;2.7299094200134277;4.4976043701171875;2.7299094200134277;0.0
0.04361189901828766;0.07784408330917358;0.04361189901828766;0.0;2.7969093322753906;4.862199783325195;2.7969093322753906;0.0
0.0444297194480896;0.0444297194480896;0.07323461771011353;0.0;2.800497055053711;4.218581676483154;2.800497055053711;0.0
0.044494688510894775;0.07448923587799072;0.044494688510894775;0.0;2.815265655517578;3.3491435050964355;2.815265655517578;0.0
0.044798433780670166;0.044798433780670166;0.04819005727767944;0.0;2.8402352333068848;3.825511932373047;2.8402352333068848;0.0
0.045936524868011475;0.045936524868011475;0.05639195442199707;0.0;2.92661714553833;3.703714609146118;2.92661714553833;0.0
0.04655331373214722;0.04655331373214722;0.07168006896972656;0.0;2.9728801250457764;4.2091217041015625;2.9728801250457764;0.0
0.046874046325683594;0.046874046325683594;0.08815562725067139;0.0;2.9808223247528076;4.955979824066162;2.9808223247528076;0.0
0.047836337238550186;0.0779733657836914;0.047836337238550186;0.0;2.99737286567688;4.684908866882324;2.99737286567688;0.0
0.04891732335090637;0.04891732335090637;0.07974185049533844;0.0;3.0891003608703613;4.819850444793701;3.0891003608703613;0.0
0.049108415842056274;0.049108415842056274;0.06983920931816101;0.0;3.097304582595825;4.478783130645752;3.097304582595825;0.0
0.05065262317657471;0.05065262317657471;0.06255185604095459;0.0;3.101076126098633;3.101076126098633;3.4990744590759277;0.0
0.05097892880439758;0.05689513683319092;0.05097892880439758;0.0;3.3269224166870117;4.581583023071289;3.3269224166870117;0.0
0.05202770233154297;0.07776734232902527;0.05202770233154297;0.0;3.463104009628296;4.206045150756836;3.463104009628296;0.0
0.05206412076950073;0.05206412076950073;0.12470605969429016;0.0;3.4847500324249268;4.638000011444092;3.4847500324249268;0.0
0.0540565550327301;0.0540565550327301;0.0553470253944397;0.0;3.5174801349639893;2.4495058059692383;3.5174801349639893;0.0
0.05585736036300659;0.05585736036300659;0.0800018310546875;0.0;3.5512397289276123;4.358011722564697;3.5512397289276123;0.0
0.05645251274108887;0.05645251274108887;0.05778786540031433;0.0;3.5525684356689453;3.6884186267852783;3.5525684356689453;0.0
0.056455254554748535;0.056455254554748535;0.06900376081466675;0.0;3.563023090362549;4.244412899017334;3.563023090362549;0.0
0.05692717432975769;0.07899849116802216;0.05692717432975769;0.0;3.5689566135406494;4.640542030334473;3.5689566135406494;0.0
0.05980174243450165;0.05980174243450165;0.07344754040241241;0.0;3.6355714797973633;4.464709281921387;3.6355714797973633;0.0
0.05981692671775818;0.05981692671775818;0.06197613477706909;0.0;3.7129967212677;4.819482803344727;3.7129967212677;0.0
0.06159567832946777;0.06159567832946777;0.13263508677482605;0.0;3.778441905975342;4.492624759674072;3.778441905975342;0.0
0.061940401792526245;0.061940401792526245;0.08874952793121338;0.0;3.7862141132354736;1.5974016189575195;3.7862141132354736;0.0
0.0661020278930664;0.06689918041229248;0.0661020278930664;0.0;3.931896209716797;5.057186603546143;3.931896209716797;0.0
0.06776601076126099;0.06776601076126099;0.07675224542617798;0.0;4.096310138702393;3.7593295574188232;4.096310138702393;0.0
0.06803017854690552;0.06803017854690552;0.09791836142539978;0.0;4.153132915496826;4.435724258422852;4.153132915496826;0.0
0.07504932582378387;0.07784382998943329;0.07504932582378387;0.0;4.690308094024658;3.877849578857422;4.690308094024658;0.0
0.07585161179304123;0.07585161179304123;0.16975145041942596;0.0;4.709144592285156;4.198411464691162;4.709144592285156;0.0
0.08052879571914673;0.07819944620132446;0.08052879571914673;0.0;4.768434524536133;4.339231967926025;4.768434524536133;0.0
0.08188319206237793;0.07750260829925537;0.08188319206237793;0.0;5.347908020019531;4.393373012542725;5.347908020019531;0.0
0.08702525496482849;0.07784014940261841;0.08702525496482849;0.0;5.505815505981445;3.72438645362854;5.505815505981445;0.0
0.09024912118911743;0.07847285270690918;0.09024912118911743;0.0;5.875175476074219;4.80781364440918;5.875175476074219;0.0
0.09065516293048859;0.07850657403469086;0.09065516293048859;0.0;5.945472717285156;5.391519069671631;5.945472717285156;0.0
0.09231454133987427;0.07761560380458832;0.09231454133987427;0.0;5.990299224853516;3.1336829662323;5.990299224853516;0.0
0.09503430128097534;0.07778257131576538;0.09503430128097534;0.0;6.918691635131836;3.171360731124878;6.918691635131836;0.0
0.1048576831817627;0.07821059226989746;0.1048576831817627;0.0;8.520984649658203;2.7698957920074463;8.520984649658203;0.0
0.12853878736495972;0.07863062620162964;0.12853878736495972;0.0;17.443029403686523;4.868625164031982;17.443029403686523;0.0
0.22082005441188812;0.07774025201797485;0.22082005441188812;0.0;325.7970275878906;3.8595542907714844;325.7970275878906;0.0
