inf-norm-min-adv-dist;inf-norm-PGD-dist;inf-norm-sec-att-dist;inf-norm-Clever-0.0-samples;2-norm-min-adv-dist;2-norm-PGD-dist;2-norm-sec-att-dist;2-norm-Clever-0.0-samples
0.0;0.0;0.0;0.0;0.0;0.0;0.0;0.0
0.0;0.0;0.0;0.0;0.0;0.0;0.0;0.0
0.0;0.0;0.0;0.0;0.0;0.0;0.0;0.0
0.0;0.0;0.0;0.0;0.0;0.0;0.0;0.0
0.0;0.0;0.0;0.0;0.0;0.0;0.0;0.0
0.0;0.0;0.0;0.0;0.0;0.0;0.0;0.0
0.0;0.0;0.0;0.0;0.0;0.0;0.0;0.0
0.0;0.0;0.0;0.0;0.0;0.0;0.0;0.0
0.0;0.0;0.0;0.0;0.0;0.0;0.0;0.0
0.0;0.0;0.0;0.0;0.0;0.0;0.0;0.0
0.0;0.0;0.0;0.0;0.0;0.0;0.0;0.0
0.0;0.0;0.0;0.0;0.0;0.0;0.0;0.0
0.0;0.0;0.0;0.0;0.0;0.0;0.0;0.0
0.0;0.0;0.0;0.0;0.0;0.0;0.0;0.0
0.0;0.0;0.0;0.0;0.0;0.0;0.0;0.0
0.0;0.0;0.0;0.0;0.0;0.0;0.0;0.0
0.0;0.0;0.0;0.0;0.0;0.0;0.0;0.0
0.0;0.0;0.0;0.0;0.0;0.0;0.0;0.0
0.0;0.0;0.0;0.0;0.0;0.0;0.0;0.0
0.0;0.0;0.0;0.0;0.0;0.0;0.0;0.0
0.0;0.0;0.0;0.0;0.0;0.0;0.0;0.0
0.0;0.0;0.0;0.0;0.0;0.0;0.0;0.0
0.0;0.0;0.0;0.0;0.0;0.0;0.0;0.0
0.0;0.0;0.0;0.0;0.0;0.0;0.0;0.0
0.0;0.0;0.0;0.0;0.0;0.0;0.0;0.0
0.0;0.0;0.0;0.0;0.0;0.0;0.0;0.0
0.0;0.0;0.0;0.0;0.0;0.0;0.0;0.0
0.0;0.0;0.0;0.0;0.0;0.0;0.0;0.0
0.0;0.0;0.0;0.0;0.0;0.0;0.0;0.0
0.0;0.0;0.0;0.0;0.0;0.0;0.0;0.0
0.0;0.0;0.0;0.0;0.0;0.0;0.0;0.0
0.0;0.0;0.0;0.0;0.0;0.0;0.0;0.0
0.0;0.0;0.0;0.0;0.0;0.0;0.0;0.0
0.0;0.0;0.0;0.0;0.0;0.0;0.0;0.0
0.0;0.0;0.0;0.0;0.0;0.0;0.0;0.0
0.0;0.0;0.0;0.0;0.0;0.0;0.0;0.0
0.0;0.0;0.0;0.0;0.0;0.0;0.0;0.0
0.0;0.0;0.0;0.0;0.0;0.0;0.0;0.0
0.0;0.0;0.0;0.0;0.0;0.0;0.0;0.0
0.0;0.0;0.0;0.0;0.0;0.0;0.0;0.0
0.0;0.0;0.0;0.0;0.0;0.0;0.0;0.0
0.0;0.0;0.0;0.0;0.0;0.0;0.0;0.0
0.0;0.0;0.0;0.0;0.0;0.0;0.0;0.0
0.0;0.0;0.0;0.0;0.0;0.0;0.0;0.0
0.0;0.0;0.0;0.0;0.0;0.0;0.0;0.0
0.0;0.0;0.0;0.0;0.0;0.0;0.0;0.0
0.0;0.0;0.0;0.0;0.0;0.0;0.0;0.0
0.0;0.0;0.0;0.0;0.0;0.0;0.0;0.0
0.0;0.0;0.0;0.0;0.0;0.0;0.0;0.0
0.0;0.0;0.0;0.0;0.0;0.0;0.0;0.0
0.0;0.0;0.0;0.0;0.0;0.0;0.0;0.0
0.0;0.0;0.0;0.0;0.0;0.0;0.0;0.0
0.0;0.0;0.0;0.0;0.0;0.0;0.0;0.0
0.0;0.0;0.0;0.0;0.0;0.0;0.0;0.0
0.0;0.0;0.0;0.0;0.0;0.0;0.0;0.0
0.0;0.0;0.0;0.0;0.0;0.0;0.0;0.0
0.0;0.0;0.0;0.0;0.0;0.0;0.0;0.0
0.0;0.0;0.0;0.0;0.0;0.0;0.0;0.0
0.0;0.0;0.0;0.0;0.0;0.0;0.0;0.0
0.0;0.0;0.0;0.0;0.0;0.0;0.0;0.0
0.0;0.0;0.0;0.0;0.0;0.0;0.0;0.0
0.0;0.0;0.0;0.0;0.0;0.0;0.0;0.0
0.0;0.0;0.0;0.0;0.0;0.0;0.0;0.0
0.0;0.0;0.0;0.0;0.0;0.0;0.0;0.0
0.0;0.0;0.0;0.0;0.0;0.0;0.0;0.0
0.0;0.0;0.0;0.0;0.0;0.0;0.0;0.0
0.0;0.0;0.0;0.0;0.0;0.0;0.0;0.0
0.0;0.0;0.0;0.0;0.0;0.0;0.0;0.0
0.0;0.0;0.0;0.0;0.0;0.0;0.0;0.0
0.0;0.0;0.0;0.0;0.0;0.0;0.0;0.0
0.0;0.0;0.0;0.0;0.0;0.0;0.0;0.0
0.0;0.0;0.0;0.0;0.0;0.0;0.0;0.0
0.0;0.0;0.0;0.0;0.0;0.0;0.0;0.0
0.0;0.0;0.0;0.0;0.0;0.0;0.0;0.0
0.0;0.0;0.0;0.0;0.0;0.0;0.0;0.0
0.0;0.0;0.0;0.0;0.0;0.0;0.0;0.0
0.0;0.0;0.0;0.0;0.0;0.0;0.0;0.0
0.0;0.0;0.0;0.0;0.0;0.0;0.0;0.0
0.0;0.0;0.0;0.0;0.0;0.0;0.0;0.0
0.0;0.0;0.0;0.0;0.0;0.0;0.0;0.0
0.0;0.0;0.0;0.0;0.0;0.0;0.0;0.0
0.0;0.0;0.0;0.0;0.0;0.0;0.0;0.0
0.0;0.0;0.0;0.0;0.0;0.0;0.0;0.0
0.0;0.0;0.0;0.0;0.0;0.0;0.0;0.0
0.0;0.0;0.0;0.0;0.0;0.0;0.0;0.0
0.0;0.0;0.0;0.0;0.0;0.0;0.0;0.0
0.0;0.0;0.0;0.0;0.0;0.0;0.0;0.0
0.0;0.0;0.0;0.0;0.0;0.0;0.0;0.0
0.0;0.0;0.0;0.0;0.0;0.0;0.0;0.0
0.0;0.0;0.0;0.0;0.0;0.0;0.0;0.0
0.0;0.0;0.0;0.0;0.0;0.0;0.0;0.0
0.0;0.0;0.0;0.0;0.0;0.0;0.0;0.0
0.0;0.0;0.0;0.0;0.0;0.0;0.0;0.0
0.0;0.0;0.0;0.0;0.0;0.0;0.0;0.0
0.0;0.0;0.0;0.0;0.0;0.0;0.0;0.0
0.0;0.0;0.0;0.0;0.0;0.0;0.0;0.0
0.0;0.0;0.0;0.0;0.0;0.0;0.0;0.0
0.0;0.0;0.0;0.0;0.0;0.0;0.0;0.0
0.0;0.0;0.0;0.0;0.0;0.0;0.0;0.0
0.0;0.0;0.0;0.0;0.0;0.0;0.0;0.0
0.0;0.0;0.0;0.0;0.0;0.0;0.0;0.0
0.0;0.0;0.0;0.0;0.0;0.0;0.0;0.0
0.0;0.0;0.0;0.0;0.0;0.0;0.0;0.0
0.0;0.0;0.0;0.0;0.0;0.0;0.0;0.0
0.0;0.0;0.0;0.0;0.0;0.0;0.0;0.0
0.0;0.0;0.0;0.0;0.0;0.0;0.0;0.0
0.0;0.0;0.0;0.0;0.0;0.0;0.0;0.0
0.0;0.0;0.0;0.0;0.0;0.0;0.0;0.0
0.0;0.0;0.0;0.0;0.0;0.0;0.0;0.0
0.0;0.0;0.0;0.0;0.0;0.0;0.0;0.0
0.0;0.0;0.0;0.0;0.0;0.0;0.0;0.0
0.0;0.0;0.0;0.0;0.0;0.0;0.0;0.0
0.0;0.0;0.0;0.0;0.0;0.0;0.0;0.0
0.0;0.0;0.0;0.0;0.0;0.0;0.0;0.0
0.0;0.0;0.0;0.0;0.0;0.0;0.0;0.0
0.0;0.0;0.0;0.0;0.0;0.0;0.0;0.0
0.0;0.0;0.0;0.0;0.0;0.0;0.0;0.0
0.0;0.0;0.0;0.0;0.0;0.0;0.0;0.0
0.0;0.0;0.0;0.0;0.0;0.0;0.0;0.0
0.0;0.0;0.0;0.0;0.0;0.0;0.0;0.0
0.0;0.0;0.0;0.0;0.0;0.0;0.0;0.0
0.00010001659393310547;0.00010001659393310547;0.2515586316585541;0.0;0.009999997913837433;0.009999997913837433;0.06589963287115097;0.0
0.00010001659393310547;0.00010001659393310547;0.10683100670576096;0.0;0.010000001639127731;0.010000001639127731;0.11973832547664642;0.0
0.00010001659393310547;0.00010001659393310547;0.005972176790237427;0.0;0.017257042229175568;0.017257042229175568;0.09846824407577515;0.0
0.00010001659393310547;0.00010001659393310547;0.3844970464706421;0.0;0.017280498519539833;0.017280498519539833;0.13321620225906372;0.0
0.00010001659393310547;0.00010001659393310547;0.029415881261229515;0.0;0.024398954585194588;0.024398954585194588;0.18204255402088165;0.0
0.00010001659393310547;0.00010001659393310547;0.0021916255354881287;0.0;0.024448832497000694;0.024448832497000694;0.13284094631671906;0.0
0.00020003318786621094;0.00020003318786621094;0.7134048938751221;0.0;0.024460189044475555;0.024460189044475555;0.0775788277387619;0.0
0.00020003318786621094;0.00020003318786621094;0.34093034267425537;0.0;0.024462465196847916;0.024462465196847916;0.20823946595191956;0.0
0.00020003318786621094;0.00020003318786621094;0.03573334217071533;0.0;0.024526501074433327;0.024526501074433327;0.1107005849480629;0.0
0.00020003318786621094;0.00020003318786621094;0.06258763372898102;0.0;0.027929024770855904;0.027929024770855904;0.07679741084575653;0.0
0.00020003318786621094;0.00020003318786621094;0.022090137004852295;0.0;0.030325258150696754;0.030325258150696754;0.1716042309999466;0.0
0.00020003318786621094;0.00020003318786621094;0.027586016803979874;0.0;0.031168950721621513;0.031168950721621513;0.12247058004140854;0.0
0.00020003318786621094;0.00020003318786621094;0.049663715064525604;0.0;0.03149404376745224;0.03149404376745224;0.10543496161699295;0.0
0.00020003318786621094;0.00020003318786621094;0.8145533204078674;0.0;0.03159583732485771;0.03159583732485771;0.12540100514888763;0.0
0.00020003318786621094;0.00020003318786621094;0.8492817282676697;0.0;0.03780779615044594;0.03780779615044594;0.13340356945991516;0.0
0.00020003318786621094;0.00020003318786621094;0.031679198145866394;0.0;0.038318656384944916;0.038318656384944916;0.07400814443826675;0.0
0.00020003318786621094;0.00020003318786621094;0.034936368465423584;0.0;0.03835480660200119;0.03835480660200119;0.1224198117852211;0.0
0.0003000497817993164;0.0003000497817993164;0.7023880481719971;0.0;0.03857497498393059;0.03857497498393059;0.09911812096834183;0.0
0.0003000497817993164;0.0003000497817993164;0.7583616971969604;0.0;0.038584474474191666;0.038584474474191666;0.07539063692092896;0.0
0.0003000497817993164;0.0003000497817993164;0.17732375860214233;0.0;0.04521513730287552;0.04521513730287552;0.13802073895931244;0.0
0.0003000497817993164;0.0003000497817993164;0.04598402976989746;0.0;0.0453273169696331;0.0453273169696331;0.07497730106115341;0.0
0.0003000497817993164;0.0003000497817993164;0.08459683507680893;0.0;0.04534668102860451;0.04534668102860451;0.08742284029722214;0.0
0.0003000497817993164;0.0003000497817993164;0.10893124341964722;0.0;0.045480698347091675;0.045480698347091675;0.10216699540615082;0.0
0.0003000497817993164;0.0003000497817993164;0.0956309363245964;0.0;0.04555625468492508;0.04555625468492508;0.11826545000076294;0.0
0.0003000497817993164;0.0003000497817993164;0.09522287547588348;0.0;0.04561919718980789;0.04561919718980789;0.10781672596931458;0.0
0.0003000497817993164;0.0003000497817993164;0.14577630162239075;0.0;0.045657992362976074;0.045657992362976074;0.12769249081611633;0.0
0.0003000497817993164;0.0003000497817993164;0.20668679475784302;0.0;0.05109954625368118;0.05109954625368118;0.1651739478111267;0.0
0.0003000497817993164;0.0003000497817993164;0.31671860814094543;0.0;0.05173807963728905;0.05173807963728905;0.13210496306419373;0.0
0.0003000497817993164;0.0003000497817993164;0.0408550500869751;0.0;0.05193599686026573;0.05193599686026573;0.08352523297071457;0.0
0.0003000497817993164;0.0003000497817993164;0.054743170738220215;0.0;0.052153706550598145;0.052153706550598145;0.1419641524553299;0.0
0.0003000497817993164;0.0003000497817993164;0.3313131630420685;0.0;0.05251496657729149;0.05251496657729149;0.07710900902748108;0.0
0.0003000497817993164;0.0003000497817993164;0.6261297464370728;0.0;0.052671656012535095;0.052671656012535095;0.12325917184352875;0.0
0.0004000663757324219;0.0004000663757324219;0.08932612836360931;0.0;0.05785464495420456;0.05785464495420456;0.2732560336589813;0.0
0.0004000663757324219;0.0004000663757324219;0.34911829233169556;0.0;0.05813726782798767;0.05813726782798767;0.0732506737112999;0.0
0.0004000663757324219;0.0004000663757324219;0.7256784439086914;0.0;0.05969567224383354;0.05969567224383354;0.1195359006524086;0.0
0.0004000663757324219;0.0004000663757324219;0.031061746180057526;0.0;0.06289107352495193;0.06289107352495193;0.29103097319602966;0.0
0.0004000663757324219;0.0004000663757324219;0.9940023422241211;0.0;0.06660985946655273;0.06660985946655273;0.13747785985469818;0.0
0.0004000663757324219;0.0004000663757324219;0.527042031288147;0.0;0.07095738500356674;0.07095738500356674;0.22703997790813446;0.0
0.0005000829696655273;0.0005000829696655273;0.14858996868133545;0.0;0.07149402052164078;0.07149402052164078;0.19063125550746918;0.0
0.0005000829696655273;0.0005000829696655273;0.6329804062843323;0.0;0.07287483662366867;0.07287483662366867;0.1403008997440338;0.0
0.0005000829696655273;0.0005000829696655273;0.2111237645149231;0.0;0.07336661219596863;0.07336661219596863;0.13833768665790558;0.0
0.0005000829696655273;0.0005000829696655273;0.04897958040237427;0.0;0.07618298381567001;0.07618298381567001;0.18422695994377136;0.0
0.0005000829696655273;0.0005000829696655273;0.9400979280471802;0.0;0.07928425818681717;0.07928425818681717;0.23500750958919525;0.0
0.0005000829696655273;0.0005000829696655273;0.14334189891815186;0.0;0.07982952892780304;0.07982952892780304;0.17842547595500946;0.0
0.0006000995635986328;0.0006000995635986328;0.2090892791748047;0.0;0.08054783940315247;0.08054783940315247;0.15945111215114594;0.0
0.0006000995635986328;0.0006000995635986328;0.597185492515564;0.0;0.0828699916601181;0.0828699916601181;0.2986234426498413;0.0
0.0006000995635986328;0.0006000995635986328;0.11407282948493958;0.0;0.08461650460958481;0.08461650460958481;0.3064720034599304;0.0
0.0006000995635986328;0.0006000995635986328;0.20342671871185303;0.0;0.08685173839330673;0.08685173839330673;0.1603037565946579;0.0
0.0006000995635986328;0.0006000995635986328;0.7088735103607178;0.0;0.08731473237276077;0.08731473237276077;0.15264636278152466;0.0
0.0006000995635986328;0.0006000995635986328;0.24069178104400635;0.0;0.08747909218072891;0.08747909218072891;0.1790241301059723;0.0
0.0006000995635986328;0.0006000995635986328;0.4388078451156616;0.0;0.09369713813066483;0.09369713813066483;0.15108388662338257;0.0
0.0006000995635986328;0.0006000995635986328;0.9041587114334106;0.0;0.09451240301132202;0.09451240301132202;0.14166778326034546;0.0
0.0006000995635986328;0.0006000995635986328;0.16766509413719177;0.0;0.09460227191448212;0.09460227191448212;0.17413578927516937;0.0
0.0006000995635986328;0.0006000995635986328;0.06727880239486694;0.0;0.09585564583539963;0.09585564583539963;0.1688065081834793;0.0
0.0006000995635986328;0.0006000995635986328;0.40538322925567627;0.0;0.09913115948438644;0.09913115948438644;0.23891587555408478;0.0
0.0006000995635986328;0.0006000995635986328;0.9745396375656128;0.0;0.10089445114135742;0.10089445114135742;0.2634779214859009;0.0
0.0007001161575317383;0.0007001161575317383;0.2718074917793274;0.0;0.10350514203310013;0.10350514203310013;0.3186919093132019;0.0
0.0007001161575317383;0.0007001161575317383;0.5455779433250427;0.0;0.10493270307779312;0.10493270307779312;0.15616607666015625;0.0
0.0007001161575317383;0.0007001161575317383;0.4194645583629608;0.0;0.10621103644371033;0.10621103644371033;0.14342372119426727;0.0
0.0007001161575317383;0.0007001161575317383;0.8094982504844666;0.0;0.10722622275352478;0.10722622275352478;0.2410251498222351;0.0
0.0007001161575317383;0.0007001161575317383;0.3394488990306854;0.0;0.10794690996408463;0.10794690996408463;0.30519384145736694;0.0
0.0007001161575317383;0.0007001161575317383;0.3699547350406647;0.0;0.11018618941307068;0.11018618941307068;0.16973499953746796;0.0
0.0007001161575317383;0.0007001161575317383;0.8074763417243958;0.0;0.11271712929010391;0.11271712929010391;0.24140997231006622;0.0
0.0007001161575317383;0.0007001161575317383;0.571671187877655;0.0;0.11625316739082336;0.11625316739082336;0.5810620784759521;0.0
0.0007001161575317383;0.0007001161575317383;0.657080352306366;0.0;0.12022344768047333;0.12022344768047333;0.17471055686473846;0.0
0.0007001161575317383;0.0007001161575317383;0.9086800217628479;0.0;0.12056885659694672;0.12056885659694672;0.2391229122877121;0.0
0.0008001327514648438;0.0008001327514648438;0.19840174913406372;0.0;0.12102799862623215;0.12102799862623215;0.22217579185962677;0.0
0.0008001327514648438;0.0008001327514648438;0.3067728281021118;0.0;0.12430376559495926;0.12430376559495926;0.23439939320087433;0.0
0.0008001327514648438;0.0008001327514648438;0.3061809539794922;0.0;0.12640176713466644;0.12640176713466644;0.20131313800811768;0.0
0.0008001327514648438;0.0008001327514648438;0.1713390350341797;0.0;0.12714017927646637;0.12714017927646637;0.37327322363853455;0.0
0.0008001327514648438;0.0008001327514648438;0.5770305395126343;0.0;0.1273116022348404;0.1273116022348404;0.16524562239646912;0.0
0.0008001327514648438;0.0008001327514648438;0.16609621047973633;0.0;0.1277388632297516;0.1277388632297516;0.21712657809257507;0.0
0.0008001327514648438;0.0008001327514648438;0.5878724455833435;0.0;0.12841270864009857;0.12841270864009857;0.1888117641210556;0.0
0.0009001493453979492;0.0009001493453979492;0.3313910961151123;0.0;0.12879882752895355;0.12879882752895355;0.32337626814842224;0.0
0.0009001493453979492;0.0009001493453979492;0.7278544902801514;0.0;0.12899130582809448;0.12899130582809448;0.47671422362327576;0.0
0.0009001493453979492;0.0009001493453979492;0.41433626413345337;0.0;0.12955430150032043;0.12955430150032043;0.17034418880939484;0.0
0.0009001493453979492;0.0009001493453979492;0.12371817976236343;0.0;0.13117264211177826;0.13117264211177826;0.2687118947505951;0.0
0.0009001493453979492;0.0009001493453979492;0.9557384252548218;0.0;0.13597330451011658;0.13597330451011658;0.3224429488182068;0.0
0.0009001493453979492;0.0009001493453979492;0.15459448099136353;0.0;0.13602161407470703;0.13602161407470703;0.265654593706131;0.0
0.0009001493453979492;0.0009001493453979492;0.6782162189483643;0.0;0.13678646087646484;0.13678646087646484;0.1982167363166809;0.0
0.0009001493453979492;0.0009001493453979492;0.9632308483123779;0.0;0.13779762387275696;0.13779762387275696;0.5075647830963135;0.0
0.0009001493453979492;0.0009001493453979492;0.9903505444526672;0.0;0.13821354508399963;0.13821354508399963;0.2732124626636505;0.0
0.0009001493453979492;0.0009001493453979492;0.7309369444847107;0.0;0.13946828246116638;0.13946828246116638;0.37189480662345886;0.0
0.0009001493453979492;0.0009001493453979492;0.5460582971572876;0.0;0.1416112333536148;0.1416112333536148;0.3118710517883301;0.0
0.0009001493453979492;0.0009001493453979492;0.34052231907844543;0.0;0.14208218455314636;0.14208218455314636;0.14811916649341583;0.0
0.0010001659393310547;0.0010001659393310547;0.9046257138252258;0.0;0.14213497936725616;0.14213497936725616;0.19843053817749023;0.0
0.0010001659393310547;0.0010001659393310547;0.542212963104248;0.0;0.14378264546394348;0.14378264546394348;0.2570694088935852;0.0
0.0010001659393310547;0.0010001659393310547;0.7411165833473206;0.0;0.14458563923835754;0.14458563923835754;0.37389835715293884;0.0
0.0010001659393310547;0.0010001659393310547;0.48158353567123413;0.0;0.1451108306646347;0.1451108306646347;0.33592459559440613;0.0
0.0010001659393310547;0.0010001659393310547;0.4559858441352844;0.0;0.14706026017665863;0.14706026017665863;0.31284546852111816;0.0
0.0010001659393310547;0.0010001659393310547;0.4797223210334778;0.0;0.1496911197900772;0.1496911197900772;0.2981707453727722;0.0
0.0010001659393310547;0.0010001659393310547;0.2273036241531372;0.0;0.1525835245847702;0.1525835245847702;0.2502281367778778;0.0
0.0010001659393310547;0.0010001659393310547;0.9566308259963989;0.0;0.15367141366004944;0.15367141366004944;0.28531405329704285;0.0
0.0010001659393310547;0.0010001659393310547;0.5369195938110352;0.0;0.1552373468875885;0.1552373468875885;0.2731865346431732;0.0
0.0010001659393310547;0.0010001659393310547;0.6096484661102295;0.0;0.15642809867858887;0.15642809867858887;0.22958128154277802;0.0
0.0011001825332641602;0.0011001825332641602;0.7978903651237488;0.0;0.15673065185546875;0.15673065185546875;0.2505861222743988;0.0
0.0011001825332641602;0.0011001825332641602;0.5124813318252563;0.0;0.15688341856002808;0.15688341856002808;0.28853538632392883;0.0
0.0011001825332641602;0.0011001825332641602;0.8356016874313354;0.0;0.15798047184944153;0.15798047184944153;0.3684963881969452;0.0
0.0011001825332641602;0.0011001825332641602;0.338021844625473;0.0;0.16032861173152924;0.16032861173152924;0.33322790265083313;0.0
0.0011001825332641602;0.0011001825332641602;0.17309750616550446;0.0;0.16083797812461853;0.16083797812461853;0.2568090856075287;0.0
0.0011001825332641602;0.0011001825332641602;0.17150963842868805;0.0;0.1615256816148758;0.1615256816148758;0.289579838514328;0.0
0.0011001825332641602;0.0011001825332641602;0.5285624265670776;0.0;0.1617339849472046;0.1617339849472046;0.23635414242744446;0.0
0.0011001825332641602;0.0011001825332641602;0.8804948925971985;0.0;0.16195230185985565;0.16195230185985565;0.2255512923002243;0.0
0.0011001825332641602;0.0011001825332641602;0.9484538435935974;0.0;0.16244298219680786;0.16244298219680786;0.396945595741272;0.0
0.0011001825332641602;0.0011001825332641602;0.6126341819763184;0.0;0.16341829299926758;0.16341829299926758;0.31056031584739685;0.0
0.0011001825332641602;0.0011001825332641602;0.24869561195373535;0.0;0.16421331465244293;0.16421331465244293;0.5522983074188232;0.0
0.0011001825332641602;0.0011001825332641602;0.20532852411270142;0.0;0.16722141206264496;0.16722141206264496;0.27156779170036316;0.0
0.0011001825332641602;0.0011001825332641602;0.3510701656341553;0.0;0.16808126866817474;0.16808126866817474;0.35213515162467957;0.0
0.0011001825332641602;0.0011001825332641602;0.5631934404373169;0.0;0.16956977546215057;0.16956977546215057;0.27275797724723816;0.0
0.0011001825332641602;0.0011001825332641602;0.2261398434638977;0.0;0.17220845818519592;0.17220845818519592;0.31170183420181274;0.0
0.0011001825332641602;0.0011001825332641602;0.4832037687301636;0.0;0.17506487667560577;0.17506487667560577;0.5425328016281128;0.0
0.0011001825332641602;0.0011001825332641602;0.29208484292030334;0.0;0.17592068016529083;0.17592068016529083;0.5348660349845886;0.0
0.0012001991271972656;0.0012001991271972656;0.7100387811660767;0.0;0.17626014351844788;0.17626014351844788;0.3311569094657898;0.0
0.0012001991271972656;0.0012001991271972656;0.3380487561225891;0.0;0.17767973244190216;0.17767973244190216;0.2837538719177246;0.0
0.0012001991271972656;0.0012001991271972656;0.9284877777099609;0.0;0.17802341282367706;0.17802341282367706;0.647576630115509;0.0
0.0012001991271972656;0.0012001991271972656;0.260827898979187;0.0;0.17825140058994293;0.17825140058994293;0.4089970290660858;0.0
0.0012001991271972656;0.0012001991271972656;0.8726043105125427;0.0;0.18084195256233215;0.18084195256233215;0.3896735906600952;0.0
0.0012001991271972656;0.0012001991271972656;0.5944831371307373;0.0;0.18142655491828918;0.18142655491828918;0.2607518434524536;0.0
0.0012001991271972656;0.0012001991271972656;0.9416734576225281;0.0;0.1817253828048706;0.1817253828048706;0.3040387034416199;0.0
0.0012001991271972656;0.0012001991271972656;0.34371858835220337;0.0;0.18191997706890106;0.18191997706890106;0.28573936223983765;0.0
0.0012001991271972656;0.0012001991271972656;0.5432165861129761;0.0;0.18259184062480927;0.18259184062480927;0.31464284658432007;0.0
0.0012001991271972656;0.0012001991271972656;0.6211235523223877;0.0;0.18300169706344604;0.18300169706344604;0.33075299859046936;0.0
0.0012001991271972656;0.0012001991271972656;0.6673370599746704;0.0;0.18304674327373505;0.18304674327373505;0.47093987464904785;0.0
0.0012001991271972656;0.0012001991271972656;0.9813499450683594;0.0;0.1844886690378189;0.1844886690378189;0.4310348629951477;0.0
0.0012001991271972656;0.0012001991271972656;0.7479493021965027;0.0;0.18483078479766846;0.18483078479766846;0.9787942171096802;0.0
0.0012001991271972656;0.0012001991271972656;0.8592782020568848;0.0;0.1855982095003128;0.1855982095003128;0.3274437487125397;0.0
0.001300215721130371;0.001300215721130371;0.8314353227615356;0.0;0.18639270961284637;0.18639270961284637;1.3465818166732788;0.0
0.001300215721130371;0.001300215721130371;0.604591965675354;0.0;0.1884521245956421;0.1884521245956421;0.295267790555954;0.0
0.001300215721130371;0.001300215721130371;0.9168360829353333;0.0;0.18986235558986664;0.18986235558986664;0.2933250367641449;0.0
0.001300215721130371;0.001300215721130371;0.643976628780365;0.0;0.19280116260051727;0.19280116260051727;0.2909640073776245;0.0
0.001300215721130371;0.001300215721130371;0.30210405588150024;0.0;0.1954771876335144;0.1954771876335144;0.4406306743621826;0.0
0.001300215721130371;0.001300215721130371;0.938926100730896;0.0;0.1968454271554947;0.1968454271554947;0.40362152457237244;0.0
0.001300215721130371;0.001300215721130371;0.6881656646728516;0.0;0.19738228619098663;0.19738228619098663;0.7656993269920349;0.0
0.001300215721130371;0.001300215721130371;0.6465097069740295;0.0;0.19917970895767212;0.19917970895767212;0.3449111580848694;0.0
0.001300215721130371;0.001300215721130371;0.812698245048523;0.0;0.19935189187526703;0.19935189187526703;0.6708583235740662;0.0
0.001300215721130371;0.001300215721130371;0.3449375033378601;0.0;0.2018141895532608;0.2018141895532608;0.6212387084960938;0.0
0.0014000236988067627;0.0014000236988067627;0.8861149549484253;0.0;0.20238946378231049;0.20238946378231049;0.3380245864391327;0.0
0.0014002323150634766;0.0014002323150634766;0.5803219676017761;0.0;0.2033405303955078;0.2033405303955078;1.1949976682662964;0.0
0.0014002323150634766;0.0014002323150634766;0.5501456260681152;0.0;0.20502638816833496;0.20502638816833496;0.3102129399776459;0.0
0.0014002323150634766;0.0014002323150634766;0.3818034529685974;0.0;0.20666277408599854;0.20666277408599854;0.5505590438842773;0.0
0.0014002323150634766;0.0014002323150634766;0.7532845735549927;0.0;0.20681969821453094;0.20681969821453094;0.5268557667732239;0.0
0.0014002323150634766;0.0014002323150634766;0.7318894863128662;0.0;0.20733338594436646;0.20733338594436646;0.52656090259552;0.0
0.0014002323150634766;0.0014002323150634766;0.7380019426345825;0.0;0.20811264216899872;0.20811264216899872;0.4895295798778534;0.0
0.0014002323150634766;0.0014002323150634766;0.9161927700042725;0.0;0.20867010951042175;0.20867010951042175;0.31201162934303284;0.0
0.0014002323150634766;0.0014002323150634766;0.8962481617927551;0.0;0.2098442167043686;0.27526330947875977;0.2098442167043686;0.0
0.0015000253915786743;0.0015000253915786743;0.984208881855011;0.0;0.21187710762023926;0.21187710762023926;0.5012587308883667;0.0
0.0015000253915786743;0.0015000253915786743;0.276472270488739;0.0;0.2122560441493988;0.2122560441493988;0.4352862238883972;0.0
0.001500248908996582;0.001500248908996582;0.9687345027923584;0.0;0.21266882121562958;0.21266882121562958;0.2935684025287628;0.0
0.001500248908996582;0.001500248908996582;0.92425936460495;0.0;0.21413278579711914;0.21413278579711914;0.4031795561313629;0.0
0.001500248908996582;0.001500248908996582;0.9058823585510254;0.0;0.2141975462436676;0.2141975462436676;0.32467395067214966;0.0
0.001500248908996582;0.001500248908996582;0.9800629019737244;0.0;0.21448196470737457;0.21448196470737457;0.40758171677589417;0.0
0.001500248908996582;0.001500248908996582;0.6348618268966675;0.0;0.21469572186470032;0.21469572186470032;1.0984019041061401;0.0
0.001500248908996582;0.001500248908996582;0.40832072496414185;0.0;0.2159155160188675;0.2159155160188675;0.6255776286125183;0.0
0.001500248908996582;0.001500248908996582;0.379133015871048;0.0;0.21698881685733795;0.21698881685733795;0.36923539638519287;0.0
0.001500248908996582;0.001500248908996582;0.24531510472297668;0.0;0.2183399796485901;0.2183399796485901;0.3828560411930084;0.0
0.001500248908996582;0.001500248908996582;0.6602075695991516;0.0;0.2184569090604782;0.2184569090604782;0.39462897181510925;0.0
0.0015915483236312866;0.0015915483236312866;0.9836097359657288;0.0;0.21865850687026978;0.21865850687026978;0.92836993932724;0.0
0.001595824956893921;0.001595824956893921;0.8963392972946167;0.0;0.21945568919181824;0.21945568919181824;0.32722270488739014;0.0
0.0015997886657714844;0.0015997886657714844;0.3501529097557068;0.0;0.21991033852100372;0.21991033852100372;0.5831517577171326;0.0
0.0015997886657714844;0.0015997886657714844;0.8163326382637024;0.0;0.22149460017681122;0.22149460017681122;0.3092246949672699;0.0
0.0015997886657714844;0.0015997886657714844;0.4081401228904724;0.0;0.22192837297916412;0.5461966395378113;0.22192837297916412;0.0
0.0015997886657714844;0.0015997886657714844;0.38769233226776123;0.0;0.22272148728370667;0.22272148728370667;1.0034691095352173;0.0
0.001600027084350586;0.001600027084350586;0.4501945674419403;0.0;0.2236122041940689;0.2236122041940689;0.3888604938983917;0.0
0.001600027084350586;0.001600027084350586;0.6135579943656921;0.0;0.22465746104717255;0.22465746104717255;0.5404210090637207;0.0
0.001600027084350586;0.001600027084350586;0.8520020842552185;0.0;0.22578783333301544;0.22578783333301544;0.4129656255245209;0.0
0.0016002058982849121;0.0016002058982849121;0.30894458293914795;0.0;0.22868862748146057;0.22868862748146057;0.3486104905605316;0.0
0.0016002655029296875;0.0016002655029296875;0.5664814114570618;0.0;0.2293773889541626;0.2293773889541626;0.5783505439758301;0.0
0.0016002655029296875;0.0016002655029296875;0.7853786945343018;0.0;0.2308778464794159;0.2308778464794159;0.47942084074020386;0.0
0.0016002655029296875;0.0016002655029296875;0.5340774655342102;0.0;0.2329186201095581;0.2329186201095581;0.5380581021308899;0.0
0.0016002655029296875;0.0016002655029296875;0.39146965742111206;0.0;0.23393739759922028;0.23393739759922028;0.5299394130706787;0.0
0.0016002655029296875;0.0016002655029296875;0.3437853455543518;0.0;0.2341194599866867;0.2341194599866867;0.8050563931465149;0.0
0.0016002655029296875;0.0016002655029296875;0.23675748705863953;0.0;0.23434321582317352;0.23434321582317352;0.633307695388794;0.0
0.0016002655029296875;0.0016002655029296875;0.38371849060058594;0.0;0.23515942692756653;0.23515942692756653;0.5281088352203369;0.0
0.0016002655029296875;0.0016002655029296875;0.4095633625984192;0.0;0.23627740144729614;0.23627740144729614;0.37516501545906067;0.0
0.0016002655029296875;0.0016002655029296875;0.7813807129859924;0.0;0.23676159977912903;0.23676159977912903;0.2655627131462097;0.0
0.0016002655029296875;0.0016002655029296875;0.8141370415687561;0.0;0.24021127820014954;0.24021127820014954;0.4595945179462433;0.0
0.0016002655029296875;0.0016002655029296875;0.7629750967025757;0.0;0.2407589852809906;0.2407589852809906;0.5932164788246155;0.0
0.0016828477382659912;0.0016828477382659912;0.7859570980072021;0.0;0.24240146577358246;0.24240146577358246;0.4131276309490204;0.0
0.0016933828592300415;0.0016933828592300415;0.6407063007354736;0.0;0.24268651008605957;0.24268651008605957;0.387508362531662;0.0
0.0016957521438598633;0.0016957521438598633;0.8958877921104431;0.0;0.2456400990486145;0.2456400990486145;0.42417657375335693;0.0
0.0016973316669464111;0.0016973316669464111;0.26995980739593506;0.0;0.24622008204460144;0.24622008204460144;0.6865704655647278;0.0
0.0016995072364807129;0.0016995072364807129;0.8204587697982788;0.0;0.24731044471263885;0.24731044471263885;0.4713921546936035;0.0
0.0016997754573822021;0.0016997754573822021;0.7505598068237305;0.0;0.25522780418395996;0.25522780418395996;0.3680594265460968;0.0
0.0016997754573822021;0.0016997754573822021;0.9999758005142212;0.0;0.2557803690433502;0.29005521535873413;0.2557803690433502;0.0
0.0016997754573822021;0.0016997754573822021;0.36806827783584595;0.0;0.2568356692790985;0.2568356692790985;0.4171868860721588;0.0
0.0016997754573822021;0.0016997754573822021;0.8277598023414612;0.0;0.25778910517692566;0.25778910517692566;0.6501793265342712;0.0
0.0016997754573822021;0.0016997754573822021;0.9244005680084229;0.0;0.2579507529735565;0.2579507529735565;0.36976563930511475;0.0
0.0017000287771224976;0.0017000287771224976;0.5943365097045898;0.0;0.25861576199531555;0.25861576199531555;0.6495523452758789;0.0
0.0017000287771224976;0.0017000287771224976;0.6303730010986328;0.0;0.2605409026145935;0.2605409026145935;0.5701079964637756;0.0
0.001700282096862793;0.001700282096862793;0.393917977809906;0.0;0.2615828216075897;0.2615828216075897;0.6121566295623779;0.0
0.0017741918563842773;0.0017741918563842773;0.8798416256904602;0.0;0.26252591609954834;0.26252591609954834;0.4111078083515167;0.0
0.001783907413482666;0.001783907413482666;0.712790310382843;0.0;0.2627146244049072;0.2627146244049072;0.5373676419258118;0.0
0.0017865300178527832;0.0017865300178527832;0.9686123132705688;0.0;0.26294639706611633;0.48127660155296326;0.26294639706611633;0.0
0.0017868578433990479;0.0017868578433990479;0.8553219437599182;0.0;0.2662605047225952;0.2662605047225952;0.6603283286094666;0.0
0.001794375479221344;0.001794375479221344;0.4146459400653839;0.0;0.26639798283576965;0.26639798283576965;0.5148730874061584;0.0
0.00179976224899292;0.00179976224899292;0.6091994643211365;0.0;0.2672920823097229;0.2672920823097229;0.4144613444805145;0.0
0.0018002986907958984;0.0018002986907958984;0.6013079285621643;0.0;0.26765894889831543;0.26765894889831543;0.39128175377845764;0.0
0.0018734335899353027;0.0018734335899353027;0.6880239248275757;0.0;0.26774099469184875;0.26774099469184875;0.8156534433364868;0.0
0.001877427101135254;0.001877427101135254;0.14040061831474304;0.0;0.2683309018611908;0.31370964646339417;0.2683309018611908;0.0
0.0018849968910217285;0.0018849968910217285;0.6727885603904724;0.0;0.2710838317871094;0.4127185046672821;0.2710838317871094;0.0
0.001885533332824707;0.001885533332824707;0.9912540316581726;0.0;0.2718680202960968;0.2718680202960968;0.39701521396636963;0.0
0.0018937215209007263;0.0018937215209007263;0.46330830454826355;0.0;0.2759920656681061;0.2759920656681061;0.5084577798843384;0.0
0.0018999967724084854;0.0018999967724084854;0.4927447736263275;0.0;0.27678462862968445;0.27678462862968445;0.5789976119995117;0.0
0.0019618868827819824;0.0019618868827819824;0.870692789554596;0.0;0.27696868777275085;0.27696868777275085;0.5432001352310181;0.0
0.0019637346267700195;0.0019637346267700195;0.706169605255127;0.0;0.27700939774513245;0.27700939774513245;0.6465746760368347;0.0
0.0019646920263767242;0.0019646920263767242;0.6344245672225952;0.0;0.2796822786331177;0.2796822786331177;0.4637972414493561;0.0
0.00196683406829834;0.00196683406829834;0.6586998701095581;0.0;0.28025102615356445;0.28025102615356445;0.5301101803779602;0.0
0.0019771456718444824;0.0019771456718444824;0.42549270391464233;0.0;0.2815011441707611;0.2815011441707611;0.5705381035804749;0.0
0.0019792914390563965;0.0019792914390563965;0.5051577091217041;0.0;0.28229328989982605;0.28229328989982605;0.5825847387313843;0.0
0.00198156014084816;0.00198156014084816;0.5704478025436401;0.0;0.2825030982494354;0.2825030982494354;0.33582571148872375;0.0
0.00198235921561718;0.00198235921561718;0.4554918110370636;0.0;0.2849714159965515;0.2849714159965515;0.47252243757247925;0.0
0.001985013484954834;0.001985013484954834;0.5333212614059448;0.0;0.28717708587646484;0.30418890714645386;0.28717708587646484;0.0
0.0019898265600204468;0.0019898265600204468;0.2815510928630829;0.0;0.2886609137058258;0.2886609137058258;0.7622450590133667;0.0
0.00199010968208313;0.00199010968208313;0.49431437253952026;0.0;0.2920213043689728;0.2920213043689728;0.5877668261528015;0.0
0.0019909143447875977;0.0019909143447875977;0.7206603288650513;0.0;0.29326093196868896;0.29326093196868896;0.4895673096179962;0.0
0.0019909143447875977;0.0019909143447875977;0.9202600121498108;0.0;0.29591304063796997;0.29591304063796997;0.7207106351852417;0.0
0.0019918233156204224;0.0019918233156204224;0.27105021476745605;0.0;0.29628899693489075;0.29628899693489075;0.43285149335861206;0.0
0.0019943080842494965;0.0019943080842494965;0.4406704902648926;0.0;0.29715636372566223;0.29715636372566223;0.6344396471977234;0.0
0.0019946694374084473;0.0019946694374084473;0.3436998426914215;0.0;0.29727882146835327;0.29727882146835327;0.615029513835907;0.0
0.0020000338554382324;0.0020000338554382324;0.9345409274101257;0.0;0.2982504367828369;0.2982504367828369;0.8112719058990479;0.0
0.0020554065704345703;0.0020554065704345703;0.6844879388809204;0.0;0.29830577969551086;0.29830577969551086;0.5261287689208984;0.0
0.0020598769187927246;0.0020598769187927246;0.4832827150821686;0.0;0.2985536754131317;0.2985536754131317;1.1042571067810059;0.0
0.002072244882583618;0.002072244882583618;0.7540777325630188;0.0;0.29983580112457275;0.29983580112457275;0.8437588810920715;0.0
0.0020745396614074707;0.0020745396614074707;0.6412250995635986;0.0;0.29984840750694275;0.29984840750694275;0.5270568132400513;0.0
0.0020769834518432617;0.0020769834518432617;0.6649252772331238;0.0;0.2998628616333008;0.2998628616333008;0.6760352253913879;0.0
0.0020821690559387207;0.0020821690559387207;0.21352136135101318;0.0;0.3024720847606659;0.3024720847606659;0.5218827724456787;0.0
0.00208398699760437;0.00208398699760437;0.7938132286071777;0.0;0.3051569163799286;0.3051569163799286;0.5732051134109497;0.0
0.0020887255668640137;0.0020887255668640137;0.7049719095230103;0.0;0.3056965172290802;0.3056965172290802;0.7877907156944275;0.0
0.0020992085337638855;0.0020992085337638855;0.8711643815040588;0.0;0.3066844344139099;0.3066844344139099;0.70337975025177;0.0
0.0021482110023498535;0.0021482110023498535;0.5717054009437561;0.0;0.31150659918785095;0.3448639512062073;0.31150659918785095;0.0
0.002161383628845215;0.002161383628845215;0.878573477268219;0.0;0.31152409315109253;0.31152409315109253;0.7523714303970337;0.0
0.0021619200706481934;0.0021619200706481934;0.9673483371734619;0.0;0.31400877237319946;0.31400877237319946;0.525741696357727;0.0
0.002168625593185425;0.002168625593185425;0.8153974413871765;0.0;0.31477129459381104;0.31477129459381104;0.43339887261390686;0.0
0.002171844244003296;0.002171844244003296;0.8174468278884888;0.0;0.3156234622001648;0.3156234622001648;0.6998668909072876;0.0
0.002174943685531616;0.002174943685531616;0.7269978523254395;0.0;0.3166627585887909;0.3166627585887909;0.6549952030181885;0.0
0.002175062894821167;0.002175062894821167;0.9603767991065979;0.0;0.3178086578845978;0.3178086578845978;0.4497881829738617;0.0
0.00218828022480011;0.00218828022480011;0.5958999395370483;0.0;0.318745493888855;0.318745493888855;0.85166996717453;0.0
0.0021980106830596924;0.0021980106830596924;0.6830699443817139;0.0;0.3222612738609314;0.3222612738609314;0.9858413934707642;0.0
0.002242147922515869;0.002242147922515869;0.5582459568977356;0.0;0.3225494623184204;0.3225494623184204;0.6841979622840881;0.0
0.002246387302875519;0.002246387302875519;0.7808815240859985;0.0;0.3231483995914459;0.3231483995914459;0.8897209167480469;0.0
0.002252519130706787;0.002252519130706787;0.7166134715080261;0.0;0.32551631331443787;0.32551631331443787;0.4092192053794861;0.0
0.0022560954093933105;0.0022560954093933105;0.9470506310462952;0.0;0.3262663781642914;0.3922303318977356;0.3262663781642914;0.0
0.0022683143615722656;0.0022683143615722656;0.3249489665031433;0.0;0.32632747292518616;0.32632747292518616;0.7536922693252563;0.0
0.0022727251052856445;0.0022727251052856445;0.881530225276947;0.0;0.32648131251335144;0.32648131251335144;0.7365704774856567;0.0
0.0022959113121032715;0.0022959113121032715;0.7550932765007019;0.0;0.3300445079803467;0.3300445079803467;0.8015767335891724;0.0
0.002320617437362671;0.002320617437362671;0.5774285793304443;0.0;0.33012503385543823;0.33012503385543823;0.4302881062030792;0.0
0.0023216158151626587;0.0023216158151626587;0.9832574129104614;0.0;0.3323635458946228;0.3323635458946228;0.5063972473144531;0.0
0.002335965633392334;0.002335965633392334;0.7729128003120422;0.0;0.33268052339553833;0.33268052339553833;0.8735795617103577;0.0
0.002339303493499756;0.002339303493499756;0.8432862758636475;0.0;0.33486199378967285;0.33486199378967285;0.6811121106147766;0.0
0.0023404955863952637;0.0023404955863952637;0.9804084897041321;0.0;0.33609068393707275;0.33609068393707275;0.9444321393966675;0.0
0.0023561716079711914;0.0023561716079711914;0.6152233481407166;0.0;0.33810627460479736;0.33810627460479736;0.7757399678230286;0.0
0.00235709547996521;0.00235709547996521;0.4426663815975189;0.0;0.3415445387363434;0.3415445387363434;0.5950682163238525;0.0
0.002357177436351776;0.002357177436351776;0.5187065601348877;0.0;0.3424707055091858;0.3424707055091858;0.34380966424942017;0.0
0.002386242151260376;0.002386242151260376;0.9931548237800598;0.0;0.3434523344039917;0.4400939643383026;0.3434523344039917;0.0
0.0024036169052124023;0.0024036169052124023;0.8173295855522156;0.0;0.3441953957080841;0.3441953957080841;1.1300541162490845;0.0
0.0024144351482391357;0.0024144351482391357;0.9931203126907349;0.0;0.34422823786735535;0.34422823786735535;0.7316524982452393;0.0
0.002418011426925659;0.002418011426925659;0.8205103278160095;0.0;0.3447544276714325;0.3447544276714325;0.6754555106163025;0.0
0.0024181604385375977;0.0024181604385375977;0.9705707430839539;0.0;0.3452819883823395;0.3452819883823395;0.5763528943061829;0.0
0.002420961856842041;0.002420961856842041;0.7657668590545654;0.0;0.3455447554588318;0.3455447554588318;0.46996110677719116;0.0
0.0024231374263763428;0.0024231374263763428;0.7353255748748779;0.0;0.35041171312332153;0.35041171312332153;1.0062041282653809;0.0
0.00242769718170166;0.00242769718170166;0.7256433963775635;0.0;0.35053274035453796;0.35053274035453796;0.9055991768836975;0.0
0.0024318769574165344;0.0024318769574165344;0.725328803062439;0.0;0.35162660479545593;0.35162660479545593;0.8279112577438354;0.0
0.0024349093437194824;0.0024349093437194824;0.7355999946594238;0.0;0.35274234414100647;0.35274234414100647;0.5805069804191589;0.0
0.0024355649948120117;0.0024355649948120117;0.9539657235145569;0.0;0.35344743728637695;0.35344743728637695;0.8893433213233948;0.0
0.0024411045014858246;0.0024411045014858246;0.9920709729194641;0.0;0.35463932156562805;0.35463932156562805;1.1392165422439575;0.0
0.0024515092372894287;0.0024515092372894287;0.4970557391643524;0.0;0.3573768734931946;0.3573768734931946;1.1643095016479492;0.0
0.002451851963996887;0.002451851963996887;0.9758808612823486;0.0;0.35877832770347595;0.35877832770347595;1.095656394958496;0.0
0.002492666244506836;0.002492666244506836;0.897986888885498;0.0;0.36071887612342834;0.36071887612342834;0.5502327084541321;0.0
0.002512127161026001;0.002512127161026001;0.5965911746025085;0.0;0.36114656925201416;0.36114656925201416;0.46190348267555237;0.0
0.0025189220905303955;0.0025189220905303955;0.47223758697509766;0.0;0.3613051176071167;0.3613051176071167;0.595729649066925;0.0
0.0025202929973602295;0.0025202929973602295;0.9777567386627197;0.0;0.36134225130081177;0.36134225130081177;0.7804102301597595;0.0
0.002522289752960205;0.002522289752960205;0.6997005939483643;0.0;0.36188843846321106;0.36188843846321106;0.5491603016853333;0.0
0.0025306344032287598;0.0025306344032287598;0.8580582141876221;0.0;0.36726877093315125;0.36726877093315125;0.738036036491394;0.0
0.002534531056880951;0.002534531056880951;0.9239922165870667;0.0;0.37097036838531494;0.37097036838531494;0.7102295756340027;0.0
0.0025388598442077637;0.0025388598442077637;0.768065869808197;0.0;0.37182649970054626;0.37182649970054626;1.176680326461792;0.0
0.0025407075881958008;0.0025407075881958008;0.30455538630485535;0.0;0.37452250719070435;0.37452250719070435;0.638404905796051;0.0
0.0025612711906433105;0.0025612711906433105;0.9998403787612915;0.0;0.37629055976867676;0.37629055976867676;0.8892853856086731;0.0
0.002562224864959717;0.002562224864959717;0.9585675001144409;0.0;0.37715184688568115;0.6896876096725464;0.37715184688568115;0.0
0.0025693774223327637;0.0025693774223327637;0.6567317247390747;0.0;0.37723278999328613;0.37723278999328613;0.7702620029449463;0.0
0.002575010061264038;0.002575010061264038;0.8545782566070557;0.0;0.37917661666870117;0.5096927881240845;0.37917661666870117;0.0
0.00257834792137146;0.00257834792137146;0.6305392980575562;0.0;0.38040691614151;0.38040691614151;0.6983112096786499;0.0
0.002597510814666748;0.002597510814666748;0.505061149597168;0.0;0.3817099928855896;0.3817099928855896;0.7791512608528137;0.0
0.0026039108633995056;0.0026039108633995056;0.9708011150360107;0.0;0.3826267719268799;0.3826267719268799;0.5256113409996033;0.0
0.002605639398097992;0.002605639398097992;0.9357966780662537;0.0;0.383318156003952;0.383318156003952;0.5850359201431274;0.0
0.0026140809059143066;0.0026140809059143066;0.7077299356460571;0.0;0.38629665970802307;0.38629665970802307;0.7682768702507019;0.0
0.002617955207824707;0.002617955207824707;0.9400445818901062;0.0;0.38695159554481506;0.38695159554481506;0.7222656011581421;0.0
0.0026233792304992676;0.0026233792304992676;0.48733800649642944;0.0;0.38759368658065796;0.38759368658065796;0.8531908392906189;0.0
0.002632439136505127;0.002632439136505127;0.784390926361084;0.0;0.3877178728580475;0.3877178728580475;0.6706168055534363;0.0
0.002638086676597595;0.002638086676597595;0.3799402713775635;0.0;0.38779497146606445;0.38779497146606445;1.0144656896591187;0.0
0.00265619158744812;0.00265619158744812;0.847043514251709;0.0;0.3888382017612457;0.43392249941825867;0.3888382017612457;0.0
0.002693191170692444;0.002693191170692444;0.44005218148231506;0.0;0.389398455619812;0.389398455619812;0.645926296710968;0.0
0.002698659896850586;0.002698659896850586;0.6695876717567444;0.0;0.3902077078819275;0.3902077078819275;0.8102949857711792;0.0
0.002719596028327942;0.002719596028327942;0.7162978053092957;0.0;0.39123377203941345;2.3288726806640625;0.39123377203941345;0.0
0.002736002206802368;0.002736002206802368;0.793095588684082;0.0;0.3963356614112854;0.5727394819259644;0.3963356614112854;0.0
0.002762705087661743;0.002762705087661743;0.7626665234565735;0.0;0.40283700823783875;0.40283700823783875;0.8383626341819763;0.0
0.0027729272842407227;0.0027729272842407227;0.733008861541748;0.0;0.4056921601295471;0.4056921601295471;0.8177682757377625;0.0
0.0027804970741271973;0.0027804970741271973;0.8729922771453857;0.0;0.40724220871925354;0.5517087578773499;0.40724220871925354;0.0
0.0028129220008850098;0.0028129220008850098;0.6053529977798462;0.0;0.4088262915611267;0.4088262915611267;0.41034209728240967;0.0
0.002843797206878662;0.002843797206878662;0.809991717338562;0.0;0.41078805923461914;0.41078805923461914;0.576520562171936;0.0
0.002866700291633606;0.002866700291633606;0.7495390176773071;0.0;0.41175389289855957;0.41175389289855957;0.8705262541770935;0.0
0.0028769373893737793;0.0028769373893737793;0.9739384055137634;0.0;0.4118706285953522;0.4118706285953522;0.7605991959571838;0.0
0.0029027462005615234;0.0029027462005615234;0.8691176176071167;0.0;0.41394853591918945;0.41394853591918945;1.2677773237228394;0.0
0.0029320046305656433;0.0029320046305656433;0.7895485162734985;0.0;0.41482657194137573;0.5681697726249695;0.41482657194137573;0.0
0.0029339194297790527;0.0029339194297790527;0.5289279222488403;0.0;0.41640469431877136;0.41640469431877136;0.7155781388282776;0.0
0.002946525812149048;0.002946525812149048;0.7649453282356262;0.0;0.4167122542858124;0.474071204662323;0.4167122542858124;0.0
0.002949059009552002;0.002949059009552002;0.8810387849807739;0.0;0.42103806138038635;0.4561016261577606;0.42103806138038635;0.0
0.002949267625808716;0.002949267625808716;0.8345179557800293;0.0;0.4213181138038635;0.5570268630981445;0.4213181138038635;0.0
0.0029507726430892944;0.0029507726430892944;0.5643394589424133;0.0;0.42248138785362244;0.42248138785362244;0.6598312854766846;0.0
0.0029543042182922363;0.0029543042182922363;0.8811567425727844;0.0;0.4229370653629303;0.4229370653629303;0.44117119908332825;0.0
0.0029616355895996094;0.0029616355895996094;0.9419256448745728;0.0;0.42373892664909363;0.4711221158504486;0.42373892664909363;0.0
0.002961665391921997;0.002961665391921997;0.9351012110710144;0.0;0.42585158348083496;0.42585158348083496;0.8392528295516968;0.0
0.0029631853103637695;0.0029631853103637695;0.7659684419631958;0.0;0.42700427770614624;0.42700427770614624;0.9648066163063049;0.0
0.00296860933303833;0.00296860933303833;0.8405137062072754;0.0;0.42710742354393005;0.42710742354393005;0.5921698212623596;0.0
0.0029875710606575012;0.0029875710606575012;0.6567082405090332;0.0;0.42732948064804077;0.42732948064804077;0.4649132192134857;0.0
0.002993151545524597;0.002993151545524597;0.7286478877067566;0.0;0.42811980843544006;0.42811980843544006;0.716005265712738;0.0
0.002993255853652954;0.002993255853652954;0.7327011227607727;0.0;0.42853137850761414;0.42853137850761414;0.9731311202049255;0.0
0.0029950737953186035;0.0029950737953186035;0.8452815413475037;0.0;0.4300136864185333;0.4300136864185333;0.6928764581680298;0.0
0.0030051469802856445;0.0030051469802856445;0.8976786136627197;0.0;0.4300823509693146;0.4300823509693146;0.8097055554389954;0.0
0.0030185505747795105;0.0030185505747795105;0.963097095489502;0.0;0.4301203191280365;0.6738185286521912;0.4301203191280365;0.0
0.003030538558959961;0.003030538558959961;0.8835340738296509;0.0;0.43229955434799194;0.43229955434799194;0.4937599003314972;0.0
0.0030395090579986572;0.0030395090579986572;0.9715182185173035;0.0;0.43286195397377014;0.43286195397377014;0.9096688032150269;0.0
0.0030680298805236816;0.0030680298805236816;0.873175859451294;0.0;0.43751174211502075;0.43751174211502075;0.8785503506660461;0.0
0.00308951735496521;0.00308951735496521;0.5899887681007385;0.0;0.4386908710002899;0.4386908710002899;0.6268280744552612;0.0
0.0031136274337768555;0.0031136274337768555;0.7052586674690247;0.0;0.4407104253768921;0.6511780619621277;0.4407104253768921;0.0
0.003122657537460327;0.003122657537460327;0.8187756538391113;0.0;0.4419328272342682;0.5106915235519409;0.4419328272342682;0.0
0.003125518560409546;0.003125518560409546;0.5179107785224915;0.0;0.4419902563095093;0.4828929603099823;0.4419902563095093;0.0
0.003131091594696045;0.003131091594696045;0.8490514755249023;0.0;0.44283097982406616;0.44283097982406616;0.9363124370574951;0.0
0.0031329989433288574;0.0031329989433288574;0.7078320384025574;0.0;0.4474436640739441;0.5294424295425415;0.4474436640739441;0.0
0.0031480789184570312;0.0031480789184570312;0.9533253312110901;0.0;0.44852933287620544;0.44852933287620544;0.9220355749130249;0.0
0.0031494200229644775;0.0031494200229644775;0.7970141768455505;0.0;0.45167261362075806;0.45167261362075806;0.8147647380828857;0.0
0.0031748414039611816;0.0031748414039611816;0.8718680739402771;0.0;0.45227062702178955;0.45227062702178955;0.9082577228546143;0.0
0.003176867961883545;0.003176867961883545;0.928780734539032;0.0;0.4565906822681427;0.4565906822681427;0.7744066119194031;0.0
0.003180265426635742;0.003180265426635742;0.6032044887542725;0.0;0.45720306038856506;0.45720306038856506;0.4631214737892151;0.0
0.0031868815422058105;0.0031868815422058105;0.7956825494766235;0.0;0.4576469361782074;0.4576469361782074;1.0318422317504883;0.0
0.0032137036323547363;0.0032137036323547363;0.4829840064048767;0.0;0.45952144265174866;0.45952144265174866;0.979993462562561;0.0
0.003213822841644287;0.003213822841644287;0.6466081142425537;0.0;0.45969611406326294;0.4631594717502594;0.45969611406326294;0.0
0.0032167434692382812;0.0032167434692382812;0.7104380130767822;0.0;0.4598660171031952;0.6739141345024109;0.4598660171031952;0.0
0.0032178163528442383;0.0032178163528442383;0.8035805821418762;0.0;0.4600161612033844;0.4735944867134094;0.4600161612033844;0.0
0.003218546509742737;0.003218546509742737;0.6537643671035767;0.0;0.46071839332580566;0.46071839332580566;1.0248873233795166;0.0
0.003237016499042511;0.003237016499042511;0.9579048752784729;0.0;0.46076083183288574;0.46076083183288574;0.9102764129638672;0.0
0.0032383352518081665;0.0032383352518081665;0.9430160522460938;0.0;0.4636267125606537;0.6810070276260376;0.4636267125606537;0.0
0.0032413452863693237;0.0032413452863693237;0.8771458268165588;0.0;0.4670599102973938;0.4670599102973938;0.7765512466430664;0.0
0.0032539963722229004;0.0032539963722229004;0.6259042620658875;0.0;0.46750763058662415;0.6127471327781677;0.46750763058662415;0.0
0.0032547712326049805;0.0032547712326049805;0.7983996868133545;0.0;0.4693388342857361;0.5669609904289246;0.4693388342857361;0.0
0.00328749418258667;0.00328749418258667;0.4545954465866089;0.0;0.46941062808036804;0.46941062808036804;0.8069037795066833;0.0
0.0032910406589508057;0.0032910406589508057;0.9031355381011963;0.0;0.4702557921409607;0.5703274011611938;0.4702557921409607;0.0
0.0032973885536193848;0.0032973885536193848;0.9410985112190247;0.0;0.47139665484428406;0.47139665484428406;0.6558704972267151;0.0
0.00330989807844162;0.00330989807844162;0.8314101099967957;0.0;0.4723184108734131;0.5184755325317383;0.4723184108734131;0.0
0.00332680344581604;0.00332680344581604;0.9991008639335632;0.0;0.4752058684825897;0.4752058684825897;0.5058807134628296;0.0
0.003337264060974121;0.003337264060974121;0.8525581359863281;0.0;0.47646215558052063;1.1049654483795166;0.47646215558052063;0.0
0.00337103009223938;0.00337103009223938;0.3481581509113312;0.0;0.47716209292411804;0.5655698776245117;0.47716209292411804;0.0
0.0033783167600631714;0.0033783167600631714;0.6780682802200317;0.0;0.47743213176727295;0.47743213176727295;0.7955199480056763;0.0
0.003397524356842041;0.003397524356842041;0.9987481236457825;0.0;0.47857895493507385;0.5839346647262573;0.47857895493507385;0.0
0.0034035444259643555;0.0034035444259643555;0.993144154548645;0.0;0.47976770997047424;0.47976770997047424;0.9800722599029541;0.0
0.003414750099182129;0.003414750099182129;0.9706705212593079;0.0;0.4821660816669464;0.4821660816669464;1.1068302392959595;0.0
0.0034163296222686768;0.0034163296222686768;0.9821540117263794;0.0;0.48271188139915466;0.5006449222564697;0.48271188139915466;0.0
0.003428041934967041;0.003428041934967041;0.8102996349334717;0.0;0.4830165207386017;0.4830165207386017;0.8382376432418823;0.0
0.0034604668617248535;0.0034604668617248535;0.8790285587310791;0.0;0.4855659306049347;0.4855659306049347;0.8914355039596558;0.0
0.00347745418548584;0.00347745418548584;0.8381485342979431;0.0;0.48561611771583557;0.48561611771583557;0.9198896884918213;0.0
0.0034996867179870605;0.0034996867179870605;0.6797612905502319;0.0;0.4867488741874695;0.4867488741874695;0.497860312461853;0.0
0.003503143787384033;0.003503143787384033;0.7525964379310608;0.0;0.4876469075679779;0.6115689277648926;0.4876469075679779;0.0
0.0035126805305480957;0.0035126805305480957;0.992786169052124;0.0;0.49565815925598145;0.7321438789367676;0.49565815925598145;0.0
0.003518521785736084;0.003518521785736084;0.956032931804657;0.0;0.4965621531009674;0.7818141579627991;0.4965621531009674;0.0
0.0035239197313785553;0.0035239197313785553;0.9877139329910278;0.0;0.4967961311340332;0.4967961311340332;0.8032616972923279;0.0
0.0035245418548583984;0.0035245418548583984;0.8617074489593506;0.0;0.49722447991371155;0.7338161468505859;0.49722447991371155;0.0
0.003549903631210327;0.003549903631210327;0.7690000534057617;0.0;0.49815115332603455;0.6878753900527954;0.49815115332603455;0.0
0.0035503506660461426;0.0035503506660461426;0.49424654245376587;0.0;0.4991806149482727;0.4991806149482727;0.8191317915916443;0.0
0.0035589933395385742;0.0035589933395385742;0.8023797273635864;0.0;0.5016604065895081;0.5016604065895081;1.4254802465438843;0.0
0.0035613328218460083;0.0035613328218460083;0.703803300857544;0.0;0.5023114681243896;0.5023114681243896;1.0895620584487915;0.0
0.0035704374313354492;0.0035704374313354492;0.879820704460144;0.0;0.5025628805160522;0.5025628805160522;0.6662817001342773;0.0
0.0035708248615264893;0.0035708248615264893;0.5765690803527832;0.0;0.5066425204277039;0.5066425204277039;0.9159054160118103;0.0
0.003584694117307663;0.003584694117307663;0.861015260219574;0.0;0.507290780544281;0.507290780544281;0.8150728940963745;0.0
0.0036042332649230957;0.0036042332649230957;0.7351335883140564;0.0;0.5083012580871582;0.5572452545166016;0.5083012580871582;0.0
0.003620654344558716;0.003620654344558716;0.9641857147216797;0.0;0.5099335312843323;0.5099335312843323;0.7611052393913269;0.0
0.003653973340988159;0.003653973340988159;0.9000329971313477;0.0;0.5099873542785645;0.5099873542785645;0.8371896147727966;0.0
0.0036625266075134277;0.0036625266075134277;0.5575593113899231;0.0;0.5102180242538452;0.5102180242538452;0.8063812851905823;0.0
0.003667473793029785;0.003667473793029785;0.6437752842903137;0.0;0.5109626650810242;0.5690674781799316;0.5109626650810242;0.0
0.0036692023277282715;0.0036692023277282715;0.8035293817520142;0.0;0.5117096304893494;0.5117096304893494;1.0259350538253784;0.0
0.0036740899085998535;0.0036740899085998535;0.9211214184761047;0.0;0.5118888020515442;0.5118888020515442;0.9545512795448303;0.0
0.003674805164337158;0.003674805164337158;0.8022893071174622;0.0;0.5176923871040344;0.5176923871040344;0.7221746444702148;0.0
0.0036826729774475098;0.0036826729774475098;0.7902581691741943;0.0;0.5188343524932861;0.7557344436645508;0.5188343524932861;0.0
0.0036832094192504883;0.0036832094192504883;0.9800257682800293;0.0;0.5202392339706421;0.5202392339706421;0.9852333664894104;0.0
0.003689676523208618;0.003689676523208618;0.9542747735977173;0.0;0.5205110311508179;0.7306927442550659;0.5205110311508179;0.0
0.0037293732166290283;0.0037293732166290283;0.6823239326477051;0.0;0.5213148593902588;0.8217562437057495;0.5213148593902588;0.0
0.003764525055885315;0.003764525055885315;0.9157581329345703;0.0;0.521856427192688;0.521856427192688;0.6414921283721924;0.0
0.0037796497344970703;0.0037796497344970703;0.8221054673194885;0.0;0.5221368074417114;0.7974644303321838;0.5221368074417114;0.0
0.0038061141967773438;0.0038061141967773438;0.9668099284172058;0.0;0.5225092172622681;0.5494051575660706;0.5225092172622681;0.0
0.0038112103939056396;0.0038112103939056396;0.4729727506637573;0.0;0.5226176381111145;0.5226176381111145;0.9570285081863403;0.0
0.0038129091262817383;0.0038129091262817383;0.7588063478469849;0.0;0.5231993794441223;0.7741876840591431;0.5231993794441223;0.0
0.003815680742263794;0.003815680742263794;0.7673341631889343;0.0;0.5232880115509033;0.5232880115509033;0.7173663973808289;0.0
0.0038262605667114258;0.0038262605667114258;0.9270361065864563;0.0;0.5262414813041687;0.5810323357582092;0.5262414813041687;0.0
0.0038303732872009277;0.0038303732872009277;0.6702967286109924;0.0;0.529028058052063;0.7458610534667969;0.529028058052063;0.0
0.0038521885871887207;0.0038521885871887207;0.9921291470527649;0.0;0.5306518077850342;0.5306518077850342;0.7028017640113831;0.0
0.0038566291332244873;0.0038566291332244873;0.8782764077186584;0.0;0.532011091709137;0.7463374733924866;0.532011091709137;0.0
0.0038730502128601074;0.0038730502128601074;0.8645626306533813;0.0;0.5335045456886292;0.5335045456886292;0.9506058692932129;0.0
0.0038761496543884277;0.0038761496543884277;0.41632503271102905;0.0;0.5352062582969666;0.5352062582969666;0.8902690410614014;0.0
0.003885805606842041;0.003885805606842041;0.9936554431915283;0.0;0.53616863489151;0.53616863489151;0.9255278706550598;0.0
0.003925373312085867;0.003925373312085867;0.763380765914917;0.0;0.5416642427444458;0.5416642427444458;0.9221104383468628;0.0
0.003933250904083252;0.003933250904083252;0.8023331761360168;0.0;0.5422454476356506;0.7629612684249878;0.5422454476356506;0.0
0.003937423229217529;0.003937423229217529;0.6812605857849121;0.0;0.543083906173706;1.0648871660232544;0.543083906173706;0.0
0.003966867923736572;0.003966867923736572;0.509651780128479;0.0;0.544104278087616;0.544104278087616;0.7084137797355652;0.0
0.003967940807342529;0.003967940807342529;0.9877952933311462;0.0;0.5461015701293945;0.5461015701293945;0.688418984413147;0.0
0.0039854347705841064;0.0039854347705841064;0.9988274574279785;0.0;0.5491272211074829;0.702907383441925;0.5491272211074829;0.0
0.003988683223724365;0.003988683223724365;0.8758068680763245;0.0;0.5497404932975769;0.5497404932975769;1.220877766609192;0.0
0.004005730152130127;0.004005730152130127;0.9178676605224609;0.0;0.5503901243209839;0.5503901243209839;0.7633588314056396;0.0
0.004021167755126953;0.004021167755126953;0.4926829934120178;0.0;0.5506569743156433;1.081852912902832;0.5506569743156433;0.0
0.004021823406219482;0.004021823406219482;0.8947902321815491;0.0;0.5509859323501587;1.318962574005127;0.5509859323501587;0.0
0.0040274858474731445;0.0040274858474731445;0.893527626991272;0.0;0.5527764558792114;0.8630476593971252;0.5527764558792114;0.0
0.004033505916595459;0.004033505916595459;0.5925160646438599;0.0;0.5532978177070618;0.5532978177070618;0.7646685242652893;0.0
0.004069238901138306;0.004069238901138306;0.9623889923095703;0.0;0.5543932318687439;0.5543932318687439;0.662956714630127;0.0
0.00408896803855896;0.00408896803855896;0.9952878355979919;0.0;0.554989755153656;0.554989755153656;1.0219310522079468;0.0
0.00411011278629303;0.00411011278629303;0.9051614999771118;0.0;0.5562692284584045;0.5562692284584045;0.6626048684120178;0.0
0.004134804010391235;0.004134804010391235;0.6942192316055298;0.0;0.5581929683685303;0.666588306427002;0.5581929683685303;0.0
0.004193305969238281;0.004193305969238281;0.5994570255279541;0.0;0.5598515868186951;0.7119532227516174;0.5598515868186951;0.0
0.004198640584945679;0.004198640584945679;0.9156175851821899;0.0;0.5604103207588196;0.6520701050758362;0.5604103207588196;0.0
0.004199221730232239;0.004199221730232239;0.9649878144264221;0.0;0.5608495473861694;0.5608495473861694;1.022929072380066;0.0
0.0042337775230407715;0.0042337775230407715;0.9697514772415161;0.0;0.5625987648963928;0.818516194820404;0.5625987648963928;0.0
0.004237264394760132;0.004237264394760132;0.9411748647689819;0.0;0.563665509223938;0.8304539918899536;0.563665509223938;0.0
0.004309415817260742;0.004309415817260742;0.9913355708122253;0.0;0.5646840929985046;0.5764957070350647;0.5646840929985046;0.0
0.004309713840484619;0.004309713840484619;0.7314242720603943;0.0;0.5659974217414856;0.6449887752532959;0.5659974217414856;0.0
0.004332125186920166;0.004332125186920166;0.8833662271499634;0.0;0.5663658380508423;0.6831915974617004;0.5663658380508423;0.0
0.0043450891971588135;0.0043450891971588135;0.3382517993450165;0.0;0.5664486885070801;0.9629212617874146;0.5664486885070801;0.0
0.00435250997543335;0.00435250997543335;0.42362385988235474;0.0;0.5694971084594727;0.5694971084594727;0.8559061288833618;0.0
0.004360787570476532;0.004360787570476532;0.9886016249656677;0.0;0.5710811614990234;0.5710811614990234;1.2250397205352783;0.0
0.004361271858215332;0.004361271858215332;0.4863359332084656;0.0;0.5713646411895752;0.5713646411895752;0.5889462828636169;0.0
0.004373013973236084;0.004373013973236084;0.9685669541358948;0.0;0.5745324492454529;0.5745324492454529;0.8060867786407471;0.0
0.004377603530883789;0.004377603530883789;0.9399010539054871;0.0;0.575681209564209;0.575681209564209;1.115809679031372;0.0
0.004394233226776123;0.004394233226776123;0.5347883105278015;0.0;0.5772779583930969;0.9896396398544312;0.5772779583930969;0.0
0.004407972097396851;0.004407972097396851;0.8781508207321167;0.0;0.5785894989967346;1.1157697439193726;0.5785894989967346;0.0
0.004419863224029541;0.004419863224029541;0.9132638573646545;0.0;0.5787403583526611;0.5787403583526611;0.8728548288345337;0.0
0.00442051887512207;0.00442051887512207;0.9663187265396118;0.0;0.5794222950935364;0.7335596680641174;0.5794222950935364;0.0
0.004431108012795448;0.004431108012795448;0.9929735064506531;0.0;0.5807725787162781;0.8218556642532349;0.5807725787162781;0.0
0.004444122314453125;0.004444122314453125;0.774613618850708;0.0;0.5822501182556152;0.5822501182556152;0.9535282254219055;0.0
0.004457294940948486;0.004457294940948486;0.8687731623649597;0.0;0.5857579708099365;0.8683565258979797;0.5857579708099365;0.0
0.004470646381378174;0.004470646381378174;0.9273257255554199;0.0;0.5866216421127319;0.9467363357543945;0.5866216421127319;0.0
0.004473954439163208;0.004473954439163208;0.9989440441131592;0.0;0.5875003933906555;0.5875003933906555;1.618408441543579;0.0
0.004474326968193054;0.004474326968193054;0.9028828144073486;0.0;0.5921435952186584;0.6871329545974731;0.5921435952186584;0.0
0.00449015200138092;0.00449015200138092;0.876244306564331;0.0;0.5929118990898132;0.5929118990898132;0.6288670301437378;0.0
0.004503004252910614;0.004503004252910614;0.9938654899597168;0.0;0.5943556427955627;0.5943556427955627;1.0718445777893066;0.0
0.004518747329711914;0.004518747329711914;0.8959707617759705;0.0;0.5952100157737732;0.7485039830207825;0.5952100157737732;0.0
0.004566788673400879;0.004566788673400879;0.8776360750198364;0.0;0.5960420966148376;0.905482292175293;0.5960420966148376;0.0
0.004574090242385864;0.004574090242385864;0.9650514721870422;0.0;0.5967922210693359;0.5967922210693359;0.985217273235321;0.0
0.004583477973937988;0.004583477973937988;0.7515645027160645;0.0;0.5972850322723389;0.5972850322723389;1.057090401649475;0.0
0.004583686590194702;0.004583686590194702;0.9358829855918884;0.0;0.5993102192878723;0.8167482018470764;0.5993102192878723;0.0
0.0045838505029678345;0.0045838505029678345;0.9779154062271118;0.0;0.6003831624984741;1.109592318534851;0.6003831624984741;0.0
0.00459057092666626;0.00459057092666626;0.7370346784591675;0.0;0.6005280613899231;0.6005280613899231;1.070989966392517;0.0
0.004591941833496094;0.004591941833496094;0.6018458008766174;0.0;0.6009193062782288;0.6009193062782288;0.9805005788803101;0.0
0.004594683647155762;0.004594683647155762;0.8990319967269897;0.0;0.601268470287323;0.601268470287323;1.2631497383117676;0.0
0.004604309797286987;0.004604309797286987;0.7636224031448364;0.0;0.6024842262268066;0.9789935350418091;0.6024842262268066;0.0
0.004677116870880127;0.004677116870880127;0.9627105593681335;0.0;0.6052753925323486;0.6052753925323486;0.8784278631210327;0.0
0.004690706729888916;0.004690706729888916;0.8754101395606995;0.0;0.606364369392395;0.6967258453369141;0.606364369392395;0.0
0.004691258072853088;0.004691258072853088;0.48811593651771545;0.0;0.6070297956466675;0.9263136386871338;0.6070297956466675;0.0
0.0047273337841033936;0.0047273337841033936;0.735235333442688;0.0;0.6098673343658447;0.7915538549423218;0.6098673343658447;0.0
0.004735231399536133;0.004735231399536133;0.7753361463546753;0.0;0.6113413572311401;0.9973213076591492;0.6113413572311401;0.0
0.004736840724945068;0.004736840724945068;0.9988647103309631;0.0;0.6114440560340881;0.8632131218910217;0.6114440560340881;0.0
0.0047553181648254395;0.0047553181648254395;0.8881894946098328;0.0;0.612324059009552;0.6768893599510193;0.612324059009552;0.0
0.004778802394866943;0.004778802394866943;0.9093167185783386;0.0;0.6152694225311279;0.6339138746261597;0.6152694225311279;0.0
0.004784762859344482;0.004784762859344482;0.8235825300216675;0.0;0.6162583827972412;0.6162583827972412;1.0703136920928955;0.0
0.004788435995578766;0.004788435995578766;0.7597341537475586;0.0;0.6208128929138184;0.6208128929138184;1.4873851537704468;0.0
0.004817187786102295;0.004817187786102295;0.9762412309646606;0.0;0.6208516955375671;1.4211384057998657;0.6208516955375671;0.0
0.004860520362854004;0.004860520362854004;0.8101036548614502;0.0;0.6209835410118103;1.1265369653701782;0.6209835410118103;0.0
0.004873454570770264;0.004873454570770264;0.8221194744110107;0.0;0.6234885454177856;0.9239943623542786;0.6234885454177856;0.0
0.004893124103546143;0.004893124103546143;0.7637207508087158;0.0;0.6235754489898682;1.0582449436187744;0.6235754489898682;0.0
0.004931360483169556;0.004931360483169556;0.5866982936859131;0.0;0.6245527863502502;0.791631817817688;0.6245527863502502;0.0
0.004936255514621735;0.004936255514621735;0.9727259278297424;0.0;0.6264198422431946;0.685422420501709;0.6264198422431946;0.0
0.004959464073181152;0.004959464073181152;0.9932349324226379;0.0;0.6265695095062256;0.6265695095062256;0.6437389254570007;0.0
0.004993855953216553;0.004993855953216553;0.768078625202179;0.0;0.6271366477012634;0.6271366477012634;0.7298644185066223;0.0
0.0050077736377716064;0.0050077736377716064;0.9631766080856323;0.0;0.628727912902832;0.9918144345283508;0.628727912902832;0.0
0.005014508962631226;0.005014508962631226;0.5887923240661621;0.0;0.6291865110397339;0.6291865110397339;0.9484910368919373;0.0
0.00504852831363678;0.00504852831363678;0.70535808801651;0.0;0.6309397220611572;0.6309397220611572;0.912706196308136;0.0
0.0050694942474365234;0.0050694942474365234;0.9621120095252991;0.0;0.63108229637146;1.1520217657089233;0.63108229637146;0.0
0.005107760429382324;0.005107760429382324;0.892015278339386;0.0;0.6316756010055542;1.1804404258728027;0.6316756010055542;0.0
0.005114823579788208;0.005114823579788208;0.8505141139030457;0.0;0.6325364112854004;0.6325364112854004;0.8129995465278625;0.0
0.005114942789077759;0.005114942789077759;0.5298083424568176;0.0;0.6326327323913574;0.7890828847885132;0.6326327323913574;0.0
0.005118042230606079;0.005118042230606079;0.9970456957817078;0.0;0.6327745318412781;0.901593804359436;0.6327745318412781;0.0
0.005150288343429565;0.005150288343429565;0.8262171745300293;0.0;0.6334155201911926;1.1969140768051147;0.6334155201911926;0.0
0.005167245864868164;0.005167245864868164;0.38504040241241455;0.0;0.6336300373077393;0.808958888053894;0.6336300373077393;0.0
0.005174050107598305;0.005174050107598305;0.9931875467300415;0.0;0.6351204514503479;0.7476966381072998;0.6351204514503479;0.0
0.005184948444366455;0.005184948444366455;0.9445797801017761;0.0;0.636442244052887;0.636442244052887;0.8880120515823364;0.0
0.0052027106285095215;0.0052027106285095215;0.9442274570465088;0.0;0.6368849873542786;0.6368849873542786;0.8661006093025208;0.0
0.005210250616073608;0.005210250616073608;0.7701193690299988;0.0;0.6377213001251221;1.2355364561080933;0.6377213001251221;0.0
0.005216777324676514;0.005216777324676514;0.9258394241333008;0.0;0.6381610035896301;0.9144762754440308;0.6381610035896301;0.0
0.005220532417297363;0.005220532417297363;0.9916350841522217;0.0;0.6398634314537048;0.7814714312553406;0.6398634314537048;0.0
0.00522322952747345;0.00522322952747345;0.8362465500831604;0.0;0.6401643753051758;0.9233002066612244;0.6401643753051758;0.0
0.005224436521530151;0.005224436521530151;0.6756367683410645;0.0;0.6417332887649536;0.6417332887649536;1.5033342838287354;0.0
0.00524275004863739;0.00524275004863739;0.7483194470405579;0.0;0.645158588886261;1.4556199312210083;0.645158588886261;0.0
0.0052448660135269165;0.0052448660135269165;0.7906264066696167;0.0;0.6453531980514526;0.6453531980514526;1.232813835144043;0.0
0.005246400833129883;0.005246400833129883;0.7694056630134583;0.0;0.6483793258666992;1.0004411935806274;0.6483793258666992;0.0
0.005280435085296631;0.005280435085296631;0.8320498466491699;0.0;0.649624228477478;1.4427810907363892;0.649624228477478;0.0
0.005286797881126404;0.005286797881126404;0.9149842262268066;0.0;0.6514403820037842;0.7349318861961365;0.6514403820037842;0.0
0.005287259817123413;0.005287259817123413;0.8722541332244873;0.0;0.6542704105377197;0.8405556678771973;0.6542704105377197;0.0
0.005310704931616783;0.005310704931616783;0.8354554772377014;0.0;0.654447615146637;1.4466239213943481;0.654447615146637;0.0
0.00532124936580658;0.00532124936580658;0.9520325064659119;0.0;0.6563021540641785;0.9270546436309814;0.6563021540641785;0.0
0.00532841682434082;0.00532841682434082;0.6496080756187439;0.0;0.657210648059845;1.095918893814087;0.657210648059845;0.0
0.005334824323654175;0.005334824323654175;0.9028416275978088;0.0;0.6573644280433655;0.8176546096801758;0.6573644280433655;0.0
0.005404233932495117;0.005404233932495117;0.8427823185920715;0.0;0.6583478450775146;0.7115252017974854;0.6583478450775146;0.0
0.005414426326751709;0.005414426326751709;0.9955658912658691;0.0;0.659701943397522;0.659701943397522;1.0690826177597046;0.0
0.005415081977844238;0.005415081977844238;0.9556830525398254;0.0;0.6651635766029358;1.0428880453109741;0.6651635766029358;0.0
0.005416750907897949;0.005416750907897949;0.7560553550720215;0.0;0.6655603647232056;1.22517728805542;0.6655603647232056;0.0
0.005424022674560547;0.005424022674560547;0.9469296932220459;0.0;0.6656804084777832;1.2027686834335327;0.6656804084777832;0.0
0.005428910255432129;0.005428910255432129;0.9809603095054626;0.0;0.6670846939086914;0.6670846939086914;0.8538503050804138;0.0
0.0054593682289123535;0.0054593682289123535;0.8078218698501587;0.0;0.6691461205482483;0.8875229954719543;0.6691461205482483;0.0
0.005464911460876465;0.005464911460876465;0.9690309762954712;0.0;0.6710808873176575;0.6843880414962769;0.6710808873176575;0.0
0.0054718852043151855;0.0054718852043151855;0.7982653379440308;0.0;0.6713432669639587;0.7265601754188538;0.6713432669639587;0.0
0.00550156831741333;0.00550156831741333;0.874862790107727;0.0;0.6730018854141235;0.6730018854141235;1.2315216064453125;0.0
0.005519002676010132;0.005519002676010132;0.8814895153045654;0.0;0.6737741231918335;0.6737741231918335;1.1358264684677124;0.0
0.005539536476135254;0.005539536476135254;0.584858238697052;0.0;0.6749947667121887;1.3231353759765625;0.6749947667121887;0.0
0.005556464195251465;0.005556464195251465;0.7032962441444397;0.0;0.6766891479492188;1.6413387060165405;0.6766891479492188;0.0
0.005588948726654053;0.005588948726654053;0.9542765617370605;0.0;0.6817095875740051;0.6817095875740051;1.1374231576919556;0.0
0.005589604377746582;0.005589604377746582;0.9046449065208435;0.0;0.6820739507675171;0.7721502780914307;0.6820739507675171;0.0
0.005590587854385376;0.005590587854385376;0.6788422465324402;0.0;0.6832744479179382;1.2979967594146729;0.6832744479179382;0.0
0.0055959224700927734;0.0055959224700927734;0.7295866012573242;0.0;0.6845420002937317;0.8991087079048157;0.6845420002937317;0.0
0.005598187446594238;0.005598187446594238;0.9368577003479004;0.0;0.6848176717758179;0.9345222115516663;0.6848176717758179;0.0
0.005619704723358154;0.005619704723358154;0.9588038921356201;0.0;0.6861583590507507;0.8599172830581665;0.6861583590507507;0.0
0.005632162094116211;0.005632162094116211;0.8230388164520264;0.0;0.686489999294281;0.686489999294281;1.0253530740737915;0.0
0.005653440952301025;0.005653440952301025;0.9912211894989014;0.0;0.6891376972198486;0.6891376972198486;1.4039393663406372;0.0
0.005656003952026367;0.005656003952026367;0.9642070531845093;0.0;0.6909246444702148;0.6909246444702148;0.7827513217926025;0.0
0.005657970905303955;0.005657970905303955;0.9830233454704285;0.0;0.6915855407714844;1.0142754316329956;0.6915855407714844;0.0
0.005689740180969238;0.005689740180969238;0.7958115339279175;0.0;0.6924150586128235;0.6924150586128235;1.245303988456726;0.0
0.005699038505554199;0.005699038505554199;0.8965638875961304;0.0;0.6933565139770508;1.169958472251892;0.6933565139770508;0.0
0.005714625120162964;0.005714625120162964;0.9814587831497192;0.0;0.697799801826477;1.2801642417907715;0.697799801826477;0.0
0.005720734596252441;0.005720734596252441;0.5436338186264038;0.0;0.6984735727310181;0.6984735727310181;1.1322110891342163;0.0
0.005732417106628418;0.005732417106628418;0.9424430131912231;0.0;0.6986345648765564;0.7991723418235779;0.6986345648765564;0.0
0.00573885440826416;0.00573885440826416;0.9622049331665039;0.0;0.70174241065979;1.5264885425567627;0.70174241065979;0.0
0.005753934383392334;0.005753934383392334;0.6381610631942749;0.0;0.7023974061012268;0.98835688829422;0.7023974061012268;0.0
0.005756258964538574;0.005756258964538574;0.9895814061164856;0.0;0.7033737897872925;0.7033737897872925;0.9739429950714111;0.0
0.005799952894449234;0.005799952894449234;0.775810956954956;0.0;0.7046486139297485;0.9659320712089539;0.7046486139297485;0.0
0.005807936191558838;0.005807936191558838;0.7646160125732422;0.0;0.7051917314529419;0.7051917314529419;1.2465711832046509;0.0
0.005823299288749695;0.005823299288749695;0.8347787857055664;0.0;0.706693708896637;0.8527857065200806;0.706693708896637;0.0
0.005825847387313843;0.005825847387313843;0.9670352935791016;0.0;0.7085697650909424;0.7085697650909424;0.9987807273864746;0.0
0.005826354026794434;0.005826354026794434;0.5191461443901062;0.0;0.7088196873664856;0.9553908109664917;0.7088196873664856;0.0
0.005852911621332169;0.005852911621332169;0.8608877062797546;0.0;0.7091540694236755;1.0450619459152222;0.7091540694236755;0.0
0.005860686302185059;0.005860686302185059;0.9702266454696655;0.0;0.7095739841461182;1.0365676879882812;0.7095739841461182;0.0
0.005871832370758057;0.005871832370758057;0.9829785823822021;0.0;0.7096469402313232;0.886236310005188;0.7096469402313232;0.0
0.005896270275115967;0.005896270275115967;0.7017436027526855;0.0;0.712489902973175;0.948209822177887;0.712489902973175;0.0
0.005898833274841309;0.005898833274841309;0.9723145961761475;0.0;0.713923990726471;0.858575701713562;0.713923990726471;0.0
0.0059272050857543945;0.0059272050857543945;0.8961565494537354;0.0;0.7152436375617981;0.8136798143386841;0.7152436375617981;0.0
0.005976088345050812;0.005976088345050812;0.9348655343055725;0.0;0.715774655342102;1.0492675304412842;0.715774655342102;0.0
0.005977004766464233;0.005977004766464233;0.792504608631134;0.0;0.71859210729599;1.030410647392273;0.71859210729599;0.0
0.005978375673294067;0.005978375673294067;0.9871689677238464;0.0;0.7200819849967957;1.7524700164794922;0.7200819849967957;0.0
0.006035029888153076;0.006035029888153076;0.7358898520469666;0.0;0.7201189398765564;0.7201189398765564;0.8145284056663513;0.0
0.006038844585418701;0.006038844585418701;0.9256716966629028;0.0;0.724460780620575;1.2484902143478394;0.724460780620575;0.0
0.006042361259460449;0.006042361259460449;0.9068393707275391;0.0;0.724981427192688;0.724981427192688;1.2665612697601318;0.0
0.006056368350982666;0.006056368350982666;0.914844274520874;0.0;0.7268746495246887;1.2601802349090576;0.7268746495246887;0.0
0.006105601787567139;0.006105601787567139;0.820264995098114;0.0;0.7294474840164185;0.8207025527954102;0.7294474840164185;0.0
0.006107598543167114;0.006107598543167114;0.981011688709259;0.0;0.731007993221283;1.74290931224823;0.731007993221283;0.0
0.006129562854766846;0.006129562854766846;0.8612186908721924;0.0;0.7310680150985718;0.7310680150985718;0.7320256233215332;0.0
0.0061444491147994995;0.0061444491147994995;0.934682309627533;0.0;0.7327001094818115;0.8344755172729492;0.7327001094818115;0.0
0.006167948246002197;0.006167948246002197;0.7422329187393188;0.0;0.7328700423240662;1.1581553220748901;0.7328700423240662;0.0
0.006207287311553955;0.006207287311553955;0.8931282162666321;0.0;0.7334122657775879;0.9099642634391785;0.7334122657775879;0.0
0.006229758262634277;0.006229758262634277;0.9972185492515564;0.0;0.7346715331077576;1.1566882133483887;0.7346715331077576;0.0
0.006234213709831238;0.006234213709831238;0.9299923181533813;0.0;0.7350771427154541;0.9584189653396606;0.7350771427154541;0.0
0.006237447261810303;0.006237447261810303;0.8088808059692383;0.0;0.7353494763374329;1.1298398971557617;0.7353494763374329;0.0
0.006244540214538574;0.006244540214538574;0.9967150092124939;0.0;0.7377965450286865;0.8666541576385498;0.7377965450286865;0.0
0.006308794021606445;0.006308794021606445;0.8051283359527588;0.0;0.7383826971054077;0.7383826971054077;1.0799853801727295;0.0
0.006322979927062988;0.006322979927062988;0.8701651692390442;0.0;0.7397071719169617;1.180983543395996;0.7397071719169617;0.0
0.006334036588668823;0.006334036588668823;0.8238380551338196;0.0;0.740352988243103;1.2244653701782227;0.740352988243103;0.0
0.006334781646728516;0.006334781646728516;0.8641599416732788;0.0;0.7436009645462036;1.361432671546936;0.7436009645462036;0.0
0.006339967250823975;0.006339967250823975;0.9898572564125061;0.0;0.7441919445991516;1.0419542789459229;0.7441919445991516;0.0
0.006364256143569946;0.006364256143569946;0.6384797692298889;0.0;0.7444690465927124;0.7444690465927124;0.976591169834137;0.0
0.0063655078411102295;0.0063655078411102295;0.8712669610977173;0.0;0.7446098923683167;0.7446098923683167;0.8122281432151794;0.0
0.006417661905288696;0.006417661905288696;0.6430232524871826;0.0;0.7461037635803223;1.5302999019622803;0.7461037635803223;0.0
0.00642848014831543;0.00642848014831543;0.8461739420890808;0.0;0.748724102973938;1.0012058019638062;0.748724102973938;0.0
0.00645890086889267;0.00645890086889267;0.7151328921318054;0.0;0.7504599094390869;1.6391860246658325;0.7504599094390869;0.0
0.006462693214416504;0.006462693214416504;0.9957067966461182;0.0;0.7522227168083191;0.7522227168083191;1.2466001510620117;0.0
0.006476700305938721;0.006476700305938721;0.9927088022232056;0.0;0.7536494135856628;1.0331600904464722;0.7536494135856628;0.0
0.006528258323669434;0.006528258323669434;0.800722599029541;0.0;0.7550628185272217;1.1089186668395996;0.7550628185272217;0.0
0.006541252136230469;0.006541252136230469;0.9847114086151123;0.0;0.7553579807281494;1.019345760345459;0.7553579807281494;0.0
0.006551370024681091;0.006551370024681091;0.8036194443702698;0.0;0.7554423213005066;0.945020318031311;0.7554423213005066;0.0
0.006606042385101318;0.006606042385101318;0.8097102046012878;0.0;0.7555020451545715;0.8557683825492859;0.7555020451545715;0.0
0.006634116172790527;0.006634116172790527;0.9851088523864746;0.0;0.7567436695098877;1.286015272140503;0.7567436695098877;0.0
0.006658732891082764;0.006658732891082764;0.7663934230804443;0.0;0.7570053339004517;0.8534590601921082;0.7570053339004517;0.0
0.0066831111907958984;0.0066831111907958984;0.9203532934188843;0.0;0.7582324147224426;1.2223907709121704;0.7582324147224426;0.0
0.006694259122014046;0.006694259122014046;0.9445138573646545;0.0;0.7595771551132202;0.8314847946166992;0.7595771551132202;0.0
0.0066981241106987;0.0066981241106987;0.962171196937561;0.0;0.7607911825180054;0.9237099885940552;0.7607911825180054;0.0
0.006721198558807373;0.006721198558807373;0.7497370839118958;0.0;0.7610355019569397;1.3764163255691528;0.7610355019569397;0.0
0.006734073162078857;0.006734073162078857;0.9110112190246582;0.0;0.7642052173614502;0.8801519870758057;0.7642052173614502;0.0
0.0067435503005981445;0.0067435503005981445;0.943970263004303;0.0;0.7666115760803223;0.890765368938446;0.7666115760803223;0.0
0.006746363826096058;0.006746363826096058;0.8182172179222107;0.0;0.7675870656967163;2.0815818309783936;0.7675870656967163;0.0
0.006766796112060547;0.006766796112060547;0.9636364579200745;0.0;0.7679977416992188;0.7679977416992188;0.868054211139679;0.0
0.006772637367248535;0.006772637367248535;0.6277748346328735;0.0;0.7693179249763489;0.980160653591156;0.7693179249763489;0.0
0.006792306900024414;0.006792306900024414;0.9599169492721558;0.0;0.7697078585624695;1.2595959901809692;0.7697078585624695;0.0
0.0067999958992004395;0.0067999958992004395;0.5780055522918701;0.0;0.772099494934082;1.5164281129837036;0.772099494934082;0.0
0.006814628839492798;0.006814628839492798;0.7968838214874268;0.0;0.7750709056854248;1.702210545539856;0.7750709056854248;0.0
0.00689785135909915;0.00689785135909915;0.9201711416244507;0.0;0.7753530144691467;1.2339659929275513;0.7753530144691467;0.0
0.006900474429130554;0.006900474429130554;0.9995985627174377;0.0;0.7795698046684265;0.9476808905601501;0.7795698046684265;0.0
0.0069176554679870605;0.0069176554679870605;0.9114165902137756;0.0;0.7799904942512512;2.259065866470337;0.7799904942512512;0.0
0.006926879286766052;0.006926879286766052;0.9896896481513977;0.0;0.7801875472068787;1.3082174062728882;0.7801875472068787;0.0
0.006933420896530151;0.006933420896530151;0.9610657691955566;0.0;0.7802703976631165;0.7802703976631165;1.0591202974319458;0.0
0.0069408416748046875;0.0069408416748046875;0.8862131237983704;0.0;0.7804441452026367;1.3915579319000244;0.7804441452026367;0.0
0.007034182548522949;0.007034182548522949;0.9966964721679688;0.0;0.7824066281318665;1.1884227991104126;0.7824066281318665;0.0
0.00703546404838562;0.00703546404838562;0.930059552192688;0.0;0.7851123809814453;0.9182970523834229;0.7851123809814453;0.0
0.007084310054779053;0.007084310054779053;0.8666445016860962;0.0;0.7858403325080872;0.7993627190589905;0.7858403325080872;0.0
0.007101774215698242;0.007101774215698242;0.934949517250061;0.0;0.7942700386047363;0.7942700386047363;1.043028712272644;0.0
0.007134079933166504;0.007134079933166504;0.8907137513160706;0.0;0.7945294976234436;1.5675524473190308;0.7945294976234436;0.0
0.007141679525375366;0.007141679525375366;0.8848500847816467;0.0;0.7949459552764893;0.8437488079071045;0.7949459552764893;0.0
0.007193326950073242;0.007193326950073242;0.9541550874710083;0.0;0.7962686419487;0.8612265586853027;0.7962686419487;0.0
0.007208526134490967;0.007208526134490967;0.9992697238922119;0.0;0.7985332012176514;1.348297119140625;0.7985332012176514;0.0
0.007268697023391724;0.007268697023391724;0.8212880492210388;0.0;0.7994800806045532;1.1903562545776367;0.7994800806045532;0.0
0.007287383079528809;0.007287383079528809;0.9353387355804443;0.0;0.8050991892814636;0.8663341403007507;0.8050991892814636;0.0
0.007332205772399902;0.007332205772399902;0.9754957556724548;0.0;0.8063984513282776;0.8063984513282776;0.9284688234329224;0.0
0.0073590874671936035;0.0073590874671936035;0.9611411094665527;0.0;0.8077479600906372;1.2128032445907593;0.8077479600906372;0.0
0.007366042584180832;0.007366042584180832;0.9442040920257568;0.0;0.8086439371109009;1.266369104385376;0.8086439371109009;0.0
0.007370948791503906;0.007370948791503906;0.8140085935592651;0.0;0.8089163899421692;2.6203110218048096;0.8089163899421692;0.0
0.00737309455871582;0.00737309455871582;0.7831370234489441;0.0;0.8099842071533203;0.8099842071533203;1.3172850608825684;0.0
0.00738564133644104;0.00738564133644104;0.988459050655365;0.0;0.8101024627685547;0.9544591903686523;0.8101024627685547;0.0
0.007426083087921143;0.007426083087921143;0.5913486480712891;0.0;0.8118581175804138;0.9743840098381042;0.8118581175804138;0.0
0.007436990737915039;0.007436990737915039;0.9048100709915161;0.0;0.8145328164100647;1.6778439283370972;0.8145328164100647;0.0
0.007444426417350769;0.007444426417350769;0.9944674968719482;0.0;0.81477290391922;0.9065567851066589;0.81477290391922;0.0
0.007454738020896912;0.007454738020896912;0.9973792433738708;0.0;0.8200238347053528;1.0168023109436035;0.8200238347053528;0.0
0.007484216243028641;0.007484216243028641;0.9822566509246826;0.0;0.8206809759140015;3.529536247253418;0.8206809759140015;0.0
0.007524043321609497;0.007524043321609497;0.9247844219207764;0.0;0.8212626576423645;0.8212626576423645;1.0874240398406982;0.0
0.007526963949203491;0.007526963949203491;0.9790056943893433;0.0;0.822661817073822;0.822661817073822;1.2872647047042847;0.0
0.00758284330368042;0.00758284330368042;0.86372971534729;0.0;0.8245564699172974;1.1461001634597778;0.8245564699172974;0.0
0.007631182670593262;0.007631182670593262;0.8948177695274353;0.0;0.8263062238693237;0.9418559670448303;0.8263062238693237;0.0
0.007636815309524536;0.007636815309524536;0.9446417689323425;0.0;0.8274027109146118;1.285361409187317;0.8274027109146118;0.0
0.007655918598175049;0.007655918598175049;0.9905534982681274;0.0;0.8288373947143555;0.8288373947143555;1.2959465980529785;0.0
0.007672101259231567;0.007672101259231567;0.9816792011260986;0.0;0.8300650715827942;2.5067319869995117;0.8300650715827942;0.0
0.007679462432861328;0.007679462432861328;0.7958818078041077;0.0;0.8323941230773926;0.8323941230773926;1.3473913669586182;0.0
0.00769275426864624;0.00769275426864624;0.9846816062927246;0.0;0.8327288627624512;0.8327288627624512;1.4723044633865356;0.0
0.007695138454437256;0.007695138454437256;0.8625410199165344;0.0;0.8349766135215759;1.7096788883209229;0.8349766135215759;0.0
0.0077318549156188965;0.0077318549156188965;0.9458320736885071;0.0;0.8378523588180542;0.8378523588180542;0.9389834403991699;0.0
0.007741674780845642;0.007741674780845642;0.9996135234832764;0.0;0.838138997554779;1.072928547859192;0.838138997554779;0.0
0.007770895957946777;0.007770895957946777;0.9877605438232422;0.0;0.8382110595703125;1.2463405132293701;0.8382110595703125;0.0
0.00780031643807888;0.00780031643807888;0.9990859627723694;0.0;0.8387129306793213;1.271908164024353;0.8387129306793213;0.0
0.007839590311050415;0.007839590311050415;0.907361626625061;0.0;0.8402101993560791;1.353991985321045;0.8402101993560791;0.0
0.007853329181671143;0.007853329181671143;0.8368921279907227;0.0;0.8407424092292786;1.2298554182052612;0.8407424092292786;0.0
0.007881782948970795;0.007881782948970795;0.8483755588531494;0.0;0.8410468697547913;1.2484303712844849;0.8410468697547913;0.0
0.007964551448822021;0.007964551448822021;0.923429012298584;0.0;0.8412832021713257;1.1916782855987549;0.8412832021713257;0.0
0.007966160774230957;0.007966160774230957;0.9233896732330322;0.0;0.8438037633895874;1.4735898971557617;0.8438037633895874;0.0
0.008027702569961548;0.008027702569961548;0.9730144739151001;0.0;0.8488557934761047;0.8488557934761047;1.1537081003189087;0.0
0.00803530216217041;0.00803530216217041;0.8359129428863525;0.0;0.8489134311676025;1.1998231410980225;0.8489134311676025;0.0
0.008077576756477356;0.008077576756477356;0.8681181073188782;0.0;0.8502097725868225;1.7775870561599731;0.8502097725868225;0.0
0.008103430271148682;0.008103430271148682;0.7166939973831177;0.0;0.8513161540031433;0.8513161540031433;1.278981328010559;0.0
0.008134424686431885;0.008134424686431885;0.5857799053192139;0.0;0.8517072796821594;0.8517072796821594;1.211837887763977;0.0
0.008139654994010925;0.008139654994010925;0.8324796557426453;0.0;0.8549814224243164;1.2099547386169434;0.8549814224243164;0.0
0.008154377341270447;0.008154377341270447;0.9986648559570312;0.0;0.8556718826293945;1.2590333223342896;0.8556718826293945;0.0
0.008168201893568039;0.008168201893568039;0.8956946134567261;0.0;0.8634800910949707;0.8634800910949707;0.9911925792694092;0.0
0.008180007338523865;0.008180007338523865;0.9356563687324524;0.0;0.8636841177940369;1.7796907424926758;0.8636841177940369;0.0
0.008200526237487793;0.008200526237487793;0.9003665447235107;0.0;0.8645155429840088;0.8645155429840088;0.9615749716758728;0.0
0.008227571845054626;0.008227571845054626;0.9865836501121521;0.0;0.8654147982597351;1.3338648080825806;0.8654147982597351;0.0
0.008246824145317078;0.008246824145317078;0.9815566539764404;0.0;0.8672488331794739;1.2036261558532715;0.8672488331794739;0.0
0.008265495300292969;0.008265495300292969;0.7364381551742554;0.0;0.867446780204773;1.4210195541381836;0.867446780204773;0.0
0.00839117169380188;0.00839117169380188;0.9867200255393982;0.0;0.8736014366149902;1.2288156747817993;0.8736014366149902;0.0
0.008404016494750977;0.008404016494750977;0.9946549534797668;0.0;0.876605212688446;1.254022240638733;0.876605212688446;0.0
0.008464932441711426;0.008464932441711426;0.9968988299369812;0.0;0.8844068050384521;1.3278084993362427;0.8844068050384521;0.0
0.0084666907787323;0.0084666907787323;0.9594317674636841;0.0;0.8871190547943115;1.2094475030899048;0.8871190547943115;0.0
0.008483707904815674;0.008483707904815674;0.9242447018623352;0.0;0.8876975774765015;2.4637913703918457;0.8876975774765015;0.0
0.008508235216140747;0.008508235216140747;0.9466432929039001;0.0;0.8952089548110962;1.0716626644134521;0.8952089548110962;0.0
0.008532226085662842;0.008532226085662842;0.8739016056060791;0.0;0.8957224488258362;1.0860130786895752;0.8957224488258362;0.0
0.00853806734085083;0.00853806734085083;0.9642750024795532;0.0;0.8966057896614075;1.8485900163650513;0.8966057896614075;0.0
0.008547782897949219;0.008547782897949219;0.9945901036262512;0.0;0.8980516195297241;1.3450831174850464;0.8980516195297241;0.0
0.008551716804504395;0.008551716804504395;0.9362820386886597;0.0;0.8986832499504089;1.4104686975479126;0.8986832499504089;0.0
0.008559048175811768;0.008559048175811768;0.8216443061828613;0.0;0.9012536406517029;1.3653829097747803;0.9012536406517029;0.0
0.008577138185501099;0.008577138185501099;0.9636844396591187;0.0;0.9014180898666382;0.9014180898666382;1.0801644325256348;0.0
0.008593112230300903;0.008593112230300903;0.8972476720809937;0.0;0.9015249609947205;1.86273193359375;0.9015249609947205;0.0
0.008616387844085693;0.008616387844085693;0.9017409682273865;0.0;0.9069341421127319;2.0227718353271484;0.9069341421127319;0.0
0.008618414402008057;0.008618414402008057;0.8287002444267273;0.0;0.9072948694229126;1.558933973312378;0.9072948694229126;0.0
0.008624672889709473;0.008624672889709473;0.8422750234603882;0.0;0.9086209535598755;1.027511715888977;0.9086209535598755;0.0
0.00865337997674942;0.00865337997674942;0.8189690709114075;0.0;0.9100996255874634;1.1806132793426514;0.9100996255874634;0.0
0.008674293756484985;0.008674293756484985;0.9955169558525085;0.0;0.91078120470047;1.2229973077774048;0.91078120470047;0.0
0.008723944425582886;0.008723944425582886;0.8764674663543701;0.0;0.911528468132019;1.0711238384246826;0.911528468132019;0.0
0.0087975412607193;0.0087975412607193;0.8998338580131531;0.0;0.9116766452789307;0.9116766452789307;1.0544100999832153;0.0
0.008845418691635132;0.008845418691635132;0.9627487659454346;0.0;0.9167460203170776;1.091632604598999;0.9167460203170776;0.0
0.008967101573944092;0.008967101573944092;0.9958804249763489;0.0;0.9178944826126099;1.0737556219100952;0.9178944826126099;0.0
0.009018123149871826;0.009018123149871826;0.8750059604644775;0.0;0.9187375903129578;2.6928234100341797;0.9187375903129578;0.0
0.009050726890563965;0.009050726890563965;0.9909632802009583;0.0;0.9203490018844604;1.3054033517837524;0.9203490018844604;0.0
0.009124696254730225;0.009124696254730225;0.8200229406356812;0.0;0.9239104986190796;0.9239104986190796;1.3833746910095215;0.0
0.00912696123123169;0.00912696123123169;0.9720879793167114;0.0;0.9246692061424255;1.8877874612808228;0.9246692061424255;0.0
0.009156137704849243;0.009156137704849243;0.9605472087860107;0.0;0.926368236541748;1.025844693183899;0.926368236541748;0.0
0.009162262082099915;0.009162262082099915;0.9420233964920044;0.0;0.9346795678138733;0.9346795678138733;0.9399588704109192;0.0
0.009169578552246094;0.009169578552246094;0.8643772602081299;0.0;0.9390051960945129;0.9390051960945129;1.0396169424057007;0.0
0.009172588586807251;0.009172588586807251;0.9162691831588745;0.0;0.9420504570007324;1.1560282707214355;0.9420504570007324;0.0
0.009184539318084717;0.009184539318084717;0.8875426650047302;0.0;0.9455991387367249;1.9853452444076538;0.9455991387367249;0.0
0.009194016456604004;0.009194016456604004;0.9604644775390625;0.0;0.9461081027984619;1.2003105878829956;0.9461081027984619;0.0
0.009197264909744263;0.009197264909744263;0.9495366811752319;0.0;0.9506030082702637;1.8304450511932373;0.9506030082702637;0.0
0.00927501916885376;0.00927501916885376;0.9901058077812195;0.0;0.9515412449836731;1.7407535314559937;0.9515412449836731;0.0
0.009321630001068115;0.009321630001068115;0.7449719905853271;0.0;0.953290581703186;0.953290581703186;1.0073208808898926;0.0
0.009360864758491516;0.009360864758491516;0.9135531783103943;0.0;0.9540058970451355;1.1795753240585327;0.9540058970451355;0.0
0.009367197751998901;0.009367197751998901;0.8820684552192688;0.0;0.9545304775238037;1.520781397819519;0.9545304775238037;0.0
0.009422004222869873;0.009422004222869873;0.9225956201553345;0.0;0.9546186327934265;2.059702157974243;0.9546186327934265;0.0
0.009469211101531982;0.009469211101531982;0.9588199853897095;0.0;0.9552335739135742;1.5960803031921387;0.9552335739135742;0.0
0.009496897459030151;0.009496897459030151;0.9778066873550415;0.0;0.9571532011032104;1.3513423204421997;0.9571532011032104;0.0
0.009633302688598633;0.009633302688598633;0.9917349219322205;0.0;0.9577468037605286;2.106050491333008;0.9577468037605286;0.0
0.009646505117416382;0.009646505117416382;0.9545709490776062;0.0;0.9596478939056396;1.2421859502792358;0.9596478939056396;0.0
0.009666815400123596;0.009666815400123596;0.9841586351394653;0.0;0.9602367877960205;1.5427354574203491;0.9602367877960205;0.0
0.009681344032287598;0.009681344032287598;0.9371669888496399;0.0;0.9606372714042664;1.807958722114563;0.9606372714042664;0.0
0.00968313217163086;0.00968313217163086;0.9857047200202942;0.0;0.9607000946998596;0.9607000946998596;1.0191324949264526;0.0
0.009691953659057617;0.009691953659057617;0.9532709121704102;0.0;0.9630011320114136;0.9630011320114136;1.1590840816497803;0.0
0.009692847728729248;0.009692847728729248;0.9633485674858093;0.0;0.9649074673652649;1.327242374420166;0.9649074673652649;0.0
0.009699776768684387;0.009699776768684387;0.717278778553009;0.0;0.9649124145507812;1.5723823308944702;0.9649124145507812;0.0
0.009720265865325928;0.009720265865325928;0.8523317575454712;0.0;0.9671183228492737;1.593153953552246;0.9671183228492737;0.0
0.009808838367462158;0.009808838367462158;0.8635985255241394;0.0;0.9688477516174316;1.0017600059509277;0.9688477516174316;0.0
0.00987166166305542;0.00987166166305542;0.9933194518089294;0.0;0.9692453145980835;1.568189024925232;0.9692453145980835;0.0
0.009957939386367798;0.009957939386367798;0.7389597296714783;0.0;0.9710158109664917;2.9048843383789062;0.9710158109664917;0.0
0.010105133056640625;0.010105133056640625;0.8879520893096924;0.0;0.9712899327278137;0.9712899327278137;1.0301228761672974;0.0
0.010151728987693787;0.010151728987693787;0.8164993524551392;0.0;0.9732130765914917;1.8530057668685913;0.9732130765914917;0.0
0.01015375554561615;0.01015375554561615;0.981685996055603;0.0;0.9754179120063782;0.9754179120063782;1.0414153337478638;0.0
0.010170096531510353;0.010170096531510353;0.996034562587738;0.0;0.9765447378158569;1.7886770963668823;0.9765447378158569;0.0
0.010178327560424805;0.010178327560424805;0.988360583782196;0.0;0.9800436496734619;1.2920242547988892;0.9800436496734619;0.0
0.010229110717773438;0.010229110717773438;0.7706325650215149;0.0;0.9808971285820007;1.2984591722488403;0.9808971285820007;0.0
0.010235846042633057;0.010235846042633057;0.8602656722068787;0.0;0.9833410978317261;1.3137966394424438;0.9833410978317261;0.0
0.010236591100692749;0.010236591100692749;0.9637426733970642;0.0;0.9876673221588135;1.696520209312439;0.9876673221588135;0.0
0.010252401232719421;0.010252401232719421;0.8071607351303101;0.0;0.995220422744751;1.4120874404907227;0.995220422744751;0.0
0.010281354188919067;0.010281354188919067;0.4379836618900299;0.0;0.9962599873542786;1.2574877738952637;0.9962599873542786;0.0
0.010360389947891235;0.010360389947891235;0.7990207076072693;0.0;1.0039575099945068;1.998159646987915;1.0039575099945068;0.0
0.010377168655395508;0.010377168655395508;0.9560996294021606;0.0;1.0045174360275269;1.2222765684127808;1.0045174360275269;0.0
0.01042705774307251;0.01042705774307251;0.9511080980300903;0.0;1.0050384998321533;1.0050384998321533;1.2960647344589233;0.0
0.010442495346069336;0.010442495346069336;0.9644027948379517;0.0;1.011204481124878;2.1738691329956055;1.011204481124878;0.0
0.010479986667633057;0.010479986667633057;0.9043223261833191;0.0;1.015390157699585;1.3894277811050415;1.015390157699585;0.0
0.01048511266708374;0.01048511266708374;0.9567470550537109;0.0;1.0175420045852661;1.9229334592819214;1.0175420045852661;0.0
0.010510608553886414;0.010510608553886414;0.9302734136581421;0.0;1.0175868272781372;1.6591994762420654;1.0175868272781372;0.0
0.010561645030975342;0.010561645030975342;0.5252106189727783;0.0;1.0201464891433716;1.0201464891433716;1.2167835235595703;0.0
0.010579943656921387;0.010579943656921387;0.8932757377624512;0.0;1.0210050344467163;1.5914937257766724;1.0210050344467163;0.0
0.010621309280395508;0.010621309280395508;0.9999943375587463;0.0;1.022497296333313;1.3625695705413818;1.022497296333313;0.0
0.0106620192527771;0.0106620192527771;0.8764636516571045;0.0;1.0275626182556152;3.258399248123169;1.0275626182556152;0.0
0.010729849338531494;0.010729849338531494;0.757422685623169;0.0;1.0327107906341553;1.3815704584121704;1.0327107906341553;0.0
0.010730881243944168;0.010730881243944168;0.8276997804641724;0.0;1.035444974899292;1.2721580266952515;1.035444974899292;0.0
0.010793983936309814;0.010793983936309814;0.9710584878921509;0.0;1.039681077003479;1.039681077003479;1.0515257120132446;0.0
0.010828644037246704;0.010828644037246704;0.9177996516227722;0.0;1.042454481124878;2.5715789794921875;1.042454481124878;0.0
0.010838925838470459;0.010838925838470459;0.8904083371162415;0.0;1.0513248443603516;2.4012033939361572;1.0513248443603516;0.0
0.010925859212875366;0.010925859212875366;0.98907470703125;0.0;1.0522297620773315;1.1050758361816406;1.0522297620773315;0.0
0.010955005884170532;0.010955005884170532;0.929025411605835;0.0;1.0548772811889648;2.5016887187957764;1.0548772811889648;0.0
0.010991930961608887;0.010991930961608887;0.8397896885871887;0.0;1.057807445526123;1.2209692001342773;1.057807445526123;0.0
0.011009931564331055;0.011009931564331055;0.993364691734314;0.0;1.065273642539978;1.381961464881897;1.065273642539978;0.0
0.01109623908996582;0.01109623908996582;0.9875440001487732;0.0;1.0734318494796753;1.4074116945266724;1.0734318494796753;0.0
0.011113107204437256;0.011113107204437256;0.7703040838241577;0.0;1.0766617059707642;1.0766617059707642;1.3067238330841064;0.0
0.011170119047164917;0.011170119047164917;0.7706788182258606;0.0;1.0782783031463623;1.5677992105484009;1.0782783031463623;0.0
0.011178046464920044;0.011178046464920044;0.9947436451911926;0.0;1.0790706872940063;1.9350686073303223;1.0790706872940063;0.0
0.011179625988006592;0.011179625988006592;0.8417316675186157;0.0;1.082685947418213;1.372496247291565;1.082685947418213;0.0
0.011221826076507568;0.011221826076507568;0.9589555263519287;0.0;1.0833463668823242;1.8894752264022827;1.0833463668823242;0.0
0.011283591389656067;0.011283591389656067;0.9806920289993286;0.0;1.086441159248352;2.2880022525787354;1.086441159248352;0.0
0.011350616812705994;0.011350616812705994;0.9693200588226318;0.0;1.0874528884887695;1.2282865047454834;1.0874528884887695;0.0
0.011442959308624268;0.011442959308624268;0.9493818283081055;0.0;1.0893054008483887;3.556318759918213;1.0893054008483887;0.0
0.011500231921672821;0.011500231921672821;0.8708531856536865;0.0;1.0914225578308105;1.7875207662582397;1.0914225578308105;0.0
0.011517703533172607;0.011517703533172607;0.8647032976150513;0.0;1.0983011722564697;1.4215630292892456;1.0983011722564697;0.0
0.01152104139328003;0.01152104139328003;0.9353847503662109;0.0;1.098468542098999;1.9574639797210693;1.098468542098999;0.0
0.011537671089172363;0.011537671089172363;0.9323001503944397;0.0;1.1007301807403564;1.60444176197052;1.1007301807403564;0.0
0.011644959449768066;0.011644959449768066;0.8948021531105042;0.0;1.1054400205612183;1.5471928119659424;1.1054400205612183;0.0
0.011687755584716797;0.011687755584716797;0.9664879441261292;0.0;1.1063467264175415;1.5915703773498535;1.1063467264175415;0.0
0.01171848177909851;0.01171848177909851;0.9953493475914001;0.0;1.10940682888031;1.319303274154663;1.10940682888031;0.0
0.011753618717193604;0.011753618717193604;0.9879565834999084;0.0;1.1163747310638428;1.230324149131775;1.1163747310638428;0.0
0.0118330717086792;0.0118330717086792;0.9867317080497742;0.0;1.11722731590271;1.4208983182907104;1.11722731590271;0.0
0.011982053518295288;0.011982053518295288;0.9447730183601379;0.0;1.1196284294128418;1.3106478452682495;1.1196284294128418;0.0
0.012291058897972107;0.012291058897972107;0.9956347942352295;0.0;1.1230111122131348;1.2502446174621582;1.1230111122131348;0.0
0.01231151819229126;0.01231151819229126;0.8458819389343262;0.0;1.1260294914245605;2.252267837524414;1.1260294914245605;0.0
0.012386798858642578;0.012386798858642578;0.9013530611991882;0.0;1.1265579462051392;1.6061315536499023;1.1265579462051392;0.0
0.012447986751794815;0.012447986751794815;0.9476431608200073;0.0;1.1276922225952148;2.0360124111175537;1.1276922225952148;0.0
0.012452781200408936;0.012452781200408936;0.9887282848358154;0.0;1.1286762952804565;1.3358794450759888;1.1286762952804565;0.0
0.012500941753387451;0.012500941753387451;0.9907903671264648;0.0;1.1296769380569458;1.1296769380569458;1.6813496351242065;0.0
0.012542277574539185;0.012542277574539185;0.9113828539848328;0.0;1.134436845779419;1.602371096611023;1.134436845779419;0.0
0.012587159872055054;0.012587159872055054;0.978054404258728;0.0;1.1397883892059326;2.494572162628174;1.1397883892059326;0.0
0.012676417827606201;0.012676417827606201;0.8879008293151855;0.0;1.1427503824234009;1.9711430072784424;1.1427503824234009;0.0
0.012709289789199829;0.012709289789199829;0.9595343470573425;0.0;1.1428840160369873;2.4592444896698;1.1428840160369873;0.0
0.012812070548534393;0.012812070548534393;0.7650474309921265;0.0;1.1439560651779175;1.188387393951416;1.1439560651779175;0.0
0.012898862361907959;0.012898862361907959;0.9851735830307007;0.0;1.1448323726654053;1.1448323726654053;1.2003655433654785;0.0
0.012920379638671875;0.012920379638671875;0.9872088432312012;0.0;1.1470587253570557;1.6900124549865723;1.1470587253570557;0.0
0.013056159019470215;0.013056159019470215;0.9895644783973694;0.0;1.1630373001098633;3.046525478363037;1.1630373001098633;0.0
0.0131244957447052;0.0131244957447052;0.992087721824646;0.0;1.1747195720672607;2.2421875;1.1747195720672607;0.0
0.013194084167480469;0.013194084167480469;0.9772409200668335;0.0;1.1770350933074951;1.7932407855987549;1.1770350933074951;0.0
0.013245463371276855;0.013245463371276855;0.9465457797050476;0.0;1.1786102056503296;3.3851284980773926;1.1786102056503296;0.0
0.013455629348754883;0.013455629348754883;0.9729491472244263;0.0;1.1815142631530762;1.6550129652023315;1.1815142631530762;0.0
0.013493537902832031;0.013493537902832031;0.9952777624130249;0.0;1.1855114698410034;1.3809975385665894;1.1855114698410034;0.0
0.013526976108551025;0.013526976108551025;0.9322267770767212;0.0;1.1914554834365845;2.11438250541687;1.1914554834365845;0.0
0.013536117970943451;0.013536117970943451;0.9539777636528015;0.0;1.192559003829956;1.32907235622406;1.192559003829956;0.0
0.013593390583992004;0.013593390583992004;0.9750717878341675;0.0;1.1931685209274292;2.468196392059326;1.1931685209274292;0.0
0.013617753982543945;0.013617753982543945;0.9964094161987305;0.0;1.2060697078704834;1.2060697078704834;1.4632303714752197;0.0
0.013815969228744507;0.013815969228744507;0.9921783804893494;0.0;1.2299224138259888;2.790029287338257;1.2299224138259888;0.0
0.013880789279937744;0.013880789279937744;0.9779249429702759;0.0;1.231595516204834;1.231595516204834;1.3557020425796509;0.0
0.013925299048423767;0.013925299048423767;0.9319822788238525;0.0;1.2340346574783325;3.3737664222717285;1.2340346574783325;0.0
0.013971447944641113;0.013971447944641113;0.9845064282417297;0.0;1.2355207204818726;2.694981098175049;1.2355207204818726;0.0
0.013996154069900513;0.013996154069900513;0.9018879532814026;0.0;1.240255355834961;2.4199087619781494;1.240255355834961;0.0
0.01401519775390625;0.01401519775390625;0.9950787425041199;0.0;1.253154993057251;1.253154993057251;1.5457379817962646;0.0
0.014062106609344482;0.014062106609344482;0.9881928563117981;0.0;1.2551850080490112;2.0560758113861084;1.2551850080490112;0.0
0.014087438583374023;0.014087438583374023;0.9274157285690308;0.0;1.2663288116455078;2.07975697517395;1.2663288116455078;0.0
0.014106065034866333;0.014106065034866333;0.9987033605575562;0.0;1.26921546459198;2.1378238201141357;1.26921546459198;0.0
0.014193058013916016;0.014193058013916016;0.9983312487602234;0.0;1.269822359085083;2.385749340057373;1.269822359085083;0.0
0.014208197593688965;0.014208197593688965;0.98343825340271;0.0;1.2707396745681763;2.523146152496338;1.2707396745681763;0.0
0.014432162046432495;0.014432162046432495;0.9945028424263;0.0;1.2774537801742554;4.016716480255127;1.2774537801742554;0.0
0.01450820080935955;0.01450820080935955;0.9983621835708618;0.0;1.280772089958191;2.4084584712982178;1.280772089958191;0.0
0.014512479305267334;0.014512479305267334;0.8547950983047485;0.0;1.2873104810714722;2.539914131164551;1.2873104810714722;0.0
0.014529839158058167;0.014529839158058167;0.9930860996246338;0.0;1.2881293296813965;1.4108824729919434;1.2881293296813965;0.0
0.014600872993469238;0.014600872993469238;0.9876883625984192;0.0;1.2882808446884155;2.9150211811065674;1.2882808446884155;0.0
0.014673829078674316;0.014673829078674316;0.9736899137496948;0.0;1.2934051752090454;2.8261618614196777;1.2934051752090454;0.0
0.014675334095954895;0.014675334095954895;0.9621103405952454;0.0;1.295485496520996;2.265408515930176;1.295485496520996;0.0
0.014737606048583984;0.014737606048583984;0.995136022567749;0.0;1.3050522804260254;2.965820074081421;1.3050522804260254;0.0
0.014839261770248413;0.014839261770248413;0.9825977683067322;0.0;1.3062937259674072;1.4583675861358643;1.3062937259674072;0.0
0.014906466007232666;0.014906466007232666;0.7205995321273804;0.0;1.3093503713607788;2.527386426925659;1.3093503713607788;0.0
0.015167087316513062;0.015167087316513062;0.9956054091453552;0.0;1.3096606731414795;1.9463776350021362;1.3096606731414795;0.0
0.015226945281028748;0.015226945281028748;0.9528380036354065;0.0;1.3232418298721313;2.062485933303833;1.3232418298721313;0.0
0.015352815389633179;0.015352815389633179;0.9252163171768188;0.0;1.3394973278045654;1.5349057912826538;1.3394973278045654;0.0
0.015555918216705322;0.015555918216705322;0.9424678087234497;0.0;1.3511923551559448;1.4151314496994019;1.3511923551559448;0.0
0.01568615436553955;0.01568615436553955;0.8445664644241333;0.0;1.3531414270401;3.0471603870391846;1.3531414270401;0.0
0.015782713890075684;0.015782713890075684;0.9903773069381714;0.0;1.3555899858474731;2.4772653579711914;1.3555899858474731;0.0
0.01581934094429016;0.01581934094429016;0.9706888794898987;0.0;1.356515884399414;2.24845552444458;1.356515884399414;0.0
0.016001760959625244;0.016001760959625244;0.758976936340332;0.0;1.3605693578720093;2.373180389404297;1.3605693578720093;0.0
0.016181647777557373;0.016181647777557373;0.8176590800285339;0.0;1.36848783493042;4.726059436798096;1.36848783493042;0.0
0.016698598861694336;0.016698598861694336;0.961998701095581;0.0;1.3891236782073975;2.1666667461395264;1.3891236782073975;0.0
0.016736239194869995;0.016736239194869995;0.9903144240379333;0.0;1.3928983211517334;2.2829105854034424;1.3928983211517334;0.0
0.016756489872932434;0.016756489872932434;0.7691439390182495;0.0;1.3946928977966309;1.6172904968261719;1.3946928977966309;0.0
0.01692110300064087;0.01692110300064087;0.9951532483100891;0.0;1.4133788347244263;2.3350789546966553;1.4133788347244263;0.0
0.016948163509368896;0.016948163509368896;0.9746680855751038;0.0;1.4211817979812622;2.410050868988037;1.4211817979812622;0.0
0.01706075668334961;0.01706075668334961;0.898163378238678;0.0;1.423203945159912;2.3598105907440186;1.423203945159912;0.0
0.017076313495635986;0.017076313495635986;0.9926245808601379;0.0;1.4261010885238647;2.620784282684326;1.4261010885238647;0.0
0.01738375425338745;0.01738375425338745;0.9927258491516113;0.0;1.430037498474121;2.894559621810913;1.430037498474121;0.0
0.01743399351835251;0.01743399351835251;0.9999279975891113;0.0;1.4355725049972534;3.199521541595459;1.4355725049972534;0.0
0.01756685972213745;0.01756685972213745;0.8806073069572449;0.0;1.4514482021331787;2.244063377380371;1.4514482021331787;0.0
0.01771003007888794;0.01771003007888794;0.6738193035125732;0.0;1.4536060094833374;3.258028030395508;1.4536060094833374;0.0
0.01780855655670166;0.01780855655670166;0.9924496412277222;0.0;1.473561406135559;3.6034717559814453;1.473561406135559;0.0
0.01793581247329712;0.01793581247329712;0.8236685395240784;0.0;1.4769099950790405;1.8119785785675049;1.4769099950790405;0.0
0.01820087432861328;0.01820087432861328;0.99273681640625;0.0;1.4875320196151733;1.6066997051239014;1.4875320196151733;0.0
0.018227219581604004;0.018227219581604004;0.9904426336288452;0.0;1.507899522781372;2.5862646102905273;1.507899522781372;0.0
0.018271982669830322;0.018271982669830322;0.9143519401550293;0.0;1.5135875940322876;1.5165271759033203;1.5135875940322876;0.0
0.018291205167770386;0.018291205167770386;0.9532925486564636;0.0;1.5137016773223877;2.6423075199127197;1.5137016773223877;0.0
0.01845031976699829;0.01845031976699829;0.8901528716087341;0.0;1.5139195919036865;2.1091761589050293;1.5139195919036865;0.0
0.018490269780158997;0.018490269780158997;0.9439721703529358;0.0;1.5251641273498535;2.9307053089141846;1.5251641273498535;0.0
0.018577516078948975;0.018577516078948975;0.9714032411575317;0.0;1.5729259252548218;1.7594937086105347;1.5729259252548218;0.0
0.018774569034576416;0.018774569034576416;0.9286594986915588;0.0;1.585941195487976;1.585941195487976;2.13093638420105;0.0
0.019074589014053345;0.019074589014053345;0.9193631410598755;0.0;1.609718918800354;2.1384341716766357;1.609718918800354;0.0
0.01944395899772644;0.01944395899772644;0.9504671692848206;0.0;1.6115739345550537;2.3678760528564453;1.6115739345550537;0.0
0.019599750638008118;0.019599750638008118;0.9803115725517273;0.0;1.616936445236206;2.0044057369232178;1.616936445236206;0.0
0.019733265042304993;0.019733265042304993;0.9750149250030518;0.0;1.6252535581588745;2.7466933727264404;1.6252535581588745;0.0
0.019863873720169067;0.019863873720169067;0.975882887840271;0.0;1.6698564291000366;1.6698564291000366;1.6955039501190186;0.0
0.020363926887512207;0.020363926887512207;0.8747105002403259;0.0;1.6797550916671753;2.4564738273620605;1.6797550916671753;0.0
0.020411819219589233;0.020411819219589233;0.9789838194847107;0.0;1.7144914865493774;3.6821134090423584;1.7144914865493774;0.0
0.020560413599014282;0.020560413599014282;0.9936000108718872;0.0;1.720589280128479;3.965994119644165;1.720589280128479;0.0
0.02099260687828064;0.02099260687828064;0.9564871788024902;0.0;1.736204743385315;2.325974464416504;1.736204743385315;0.0
0.021241486072540283;0.021241486072540283;0.9980393052101135;0.0;1.7374264001846313;2.4326767921447754;1.7374264001846313;0.0
0.02125314623117447;0.02125314623117447;0.9989102482795715;0.0;1.7639039754867554;2.5186314582824707;1.7639039754867554;0.0
0.021376626566052437;0.021376626566052437;0.998961865901947;0.0;1.7730159759521484;2.6736624240875244;1.7730159759521484;0.0
0.02161240577697754;0.02161240577697754;0.7466480731964111;0.0;1.7973688840866089;1.9622665643692017;1.7973688840866089;0.0
0.021863147616386414;0.021863147616386414;0.9977389574050903;0.0;1.8107938766479492;2.6619527339935303;1.8107938766479492;0.0
0.02203086018562317;0.02203086018562317;0.9953473210334778;0.0;1.828257441520691;3.21581768989563;1.828257441520691;0.0
0.022249281406402588;0.022249281406402588;0.9945807456970215;0.0;1.8295313119888306;3.2540860176086426;1.8295313119888306;0.0
0.02234940230846405;0.02234940230846405;0.9999669790267944;0.0;1.8332561254501343;2.9336416721343994;1.8332561254501343;0.0
0.02244412899017334;0.02244412899017334;0.9770200848579407;0.0;1.857123851776123;2.2986531257629395;1.857123851776123;0.0
0.022693902254104614;0.022693902254104614;0.945702075958252;0.0;1.8646527528762817;4.7548747062683105;1.8646527528762817;0.0
0.022942036390304565;0.022942036390304565;0.9795693755149841;0.0;1.8769797086715698;3.0486578941345215;1.8769797086715698;0.0
0.023213207721710205;0.023213207721710205;0.9953086972236633;0.0;1.885254979133606;4.257373809814453;1.885254979133606;0.0
0.023263782262802124;0.023263782262802124;0.9719119668006897;0.0;1.88694167137146;3.8102245330810547;1.88694167137146;0.0
0.023615919053554535;0.023615919053554535;0.947673499584198;0.0;1.910282015800476;4.812407493591309;1.910282015800476;0.0
0.02375274896621704;0.02375274896621704;0.936678409576416;0.0;1.9166702032089233;3.8553121089935303;1.9166702032089233;0.0
0.023833319544792175;0.023833319544792175;0.8972899317741394;0.0;1.9609218835830688;3.3136672973632812;1.9609218835830688;0.0
0.024231255054473877;0.024231255054473877;0.9635035991668701;0.0;1.977449893951416;2.477402925491333;1.977449893951416;0.0
0.02449280023574829;0.02449280023574829;0.9785093069076538;0.0;1.9875763654708862;4.035843372344971;1.9875763654708862;0.0
0.024784743785858154;0.024784743785858154;0.9483768939971924;0.0;2.0133981704711914;3.80562424659729;2.0133981704711914;0.0
0.02504459023475647;0.02504459023475647;0.9615569710731506;0.0;2.0196774005889893;2.1655168533325195;2.0196774005889893;0.0
0.025080233812332153;0.025080233812332153;0.9974616765975952;0.0;2.0482912063598633;3.183972120285034;2.0482912063598633;0.0
0.02510988712310791;0.02510988712310791;0.9801592230796814;0.0;2.0586788654327393;3.7278895378112793;2.0586788654327393;0.0
0.025386810302734375;0.025386810302734375;0.9954580068588257;0.0;2.09950852394104;2.09950852394104;2.2676632404327393;0.0
0.025645077228546143;0.025645077228546143;0.9923792481422424;0.0;2.105189085006714;2.443131923675537;2.105189085006714;0.0
0.02570188045501709;0.02570188045501709;0.9954885840415955;0.0;2.1389479637145996;3.5295982360839844;2.1389479637145996;0.0
0.026683449745178223;0.026683449745178223;0.9818792343139648;0.0;2.1740355491638184;5.175323009490967;2.1740355491638184;0.0
0.02692800760269165;0.02692800760269165;0.8753641247749329;0.0;2.19935941696167;4.661743640899658;2.19935941696167;0.0
0.027222275733947754;0.027222275733947754;0.986656129360199;0.0;2.2034671306610107;4.5839152336120605;2.2034671306610107;0.0
0.02737349271774292;0.02737349271774292;0.8468867540359497;0.0;2.2107667922973633;2.928440570831299;2.2107667922973633;0.0
0.027959704399108887;0.027959704399108887;0.985461413860321;0.0;2.2438242435455322;4.191159725189209;2.2438242435455322;0.0
0.02821791172027588;0.02821791172027588;0.991958737373352;0.0;2.252645254135132;4.494783401489258;2.252645254135132;0.0
0.02908235788345337;0.02908235788345337;0.9674525856971741;0.0;2.3615052700042725;3.9701173305511475;2.3615052700042725;0.0
0.029348820447921753;0.029348820447921753;0.9882874488830566;0.0;2.371870517730713;3.7366855144500732;2.371870517730713;0.0
0.029789388179779053;0.029789388179779053;0.9849618077278137;0.0;2.4086978435516357;4.076679229736328;2.4086978435516357;0.0
0.03056640923023224;0.03056640923023224;0.99738609790802;0.0;2.433534860610962;4.149472236633301;2.433534860610962;0.0
0.03089052438735962;0.03089052438735962;0.9873675107955933;0.0;2.4516828060150146;3.234384536743164;2.4516828060150146;0.0
0.03101596236228943;0.03101596236228943;0.9407205581665039;0.0;2.48944091796875;4.091218948364258;2.48944091796875;0.0
0.03163832426071167;0.03163832426071167;0.9161844253540039;0.0;2.5126326084136963;3.784364700317383;2.5126326084136963;0.0
0.03240764141082764;0.03240764141082764;0.9894108772277832;0.0;2.5322113037109375;3.00299334526062;2.5322113037109375;0.0
0.032868385314941406;0.032868385314941406;0.9947660565376282;0.0;2.5950095653533936;3.723851442337036;2.5950095653533936;0.0
0.032937705516815186;0.032937705516815186;0.9773375988006592;0.0;2.6330349445343018;4.74243688583374;2.6330349445343018;0.0
0.03341102600097656;0.03341102600097656;0.9410691261291504;0.0;2.6615989208221436;4.631540298461914;2.6615989208221436;0.0
0.034356385469436646;0.034356385469436646;0.9289824962615967;0.0;2.7277700901031494;4.7418928146362305;2.7277700901031494;0.0
0.03537766635417938;0.03537766635417938;0.9899799823760986;0.0;2.7996702194213867;3.1554226875305176;2.7996702194213867;0.0
0.03885847330093384;0.03885847330093384;0.9724557399749756;0.0;3.008898973464966;4.560354709625244;3.008898973464966;0.0
0.039925724267959595;0.039925724267959595;0.9843589663505554;0.0;3.0450174808502197;3.480084180831909;3.0450174808502197;0.0
0.04024040699005127;0.04024040699005127;0.996228814125061;0.0;3.39487886428833;4.215057373046875;3.39487886428833;0.0
0.040294796228408813;0.040294796228408813;0.9424712657928467;0.0;3.4430437088012695;4.996622085571289;3.4430437088012695;0.0
0.052724212408065796;0.052724212408065796;0.9755924344062805;0.0;4.070703983306885;4.996360778808594;4.070703983306885;0.0
0.052763283252716064;0.052763283252716064;0.993268609046936;0.0;4.227475166320801;4.474701881408691;4.227475166320801;0.0
0.059387922286987305;0.059387922286987305;0.9780561327934265;0.0;5.791009426116943;4.318381309509277;5.791009426116943;0.0
0.06256705522537231;0.06256705522537231;0.9978071451187134;0.0;13.263319969177246;4.49054479598999;13.263319969177246;0.0
