inf-norm-min-adv-dist;inf-norm-PGD-dist;inf-norm-sec-att-dist;inf-norm-Clever-0.0-samples;2-norm-min-adv-dist;2-norm-PGD-dist;2-norm-sec-att-dist;2-norm-Clever-0.0-samples
0.0;0.0;0.0;0.0;0.0;0.0;0.0;0.0
0.0;0.0;0.0;0.0;0.0;0.0;0.0;0.0
0.0;0.0;0.0;0.0;0.0;0.0;0.0;0.0
0.0;0.0;0.0;0.0;0.0;0.0;0.0;0.0
0.0;0.0;0.0;0.0;0.0;0.0;0.0;0.0
0.0;0.0;0.0;0.0;0.0;0.0;0.0;0.0
0.0;0.0;0.0;0.0;0.0;0.0;0.0;0.0
0.0;0.0;0.0;0.0;0.0;0.0;0.0;0.0
0.0;0.0;0.0;0.0;0.0;0.0;0.0;0.0
0.0;0.0;0.0;0.0;0.0;0.0;0.0;0.0
0.0;0.0;0.0;0.0;0.0;0.0;0.0;0.0
0.0;0.0;0.0;0.0;0.0;0.0;0.0;0.0
0.0005000084638595581;0.0005000084638595581;0.0011576376855373383;0.0;0.0053340536542236805;0.010000002570450306;0.0053340536542236805;0.0
0.0010000020265579224;0.0010000020265579224;0.010752588510513306;0.0;0.01109178364276886;0.01722840778529644;0.01109178364276886;0.0
0.001000046730041504;0.001000046730041504;0.006489947438240051;0.0;0.019785962998867035;0.023653104901313782;0.019785962998867035;0.0
0.0015000700950622559;0.0015000700950622559;0.03281503915786743;0.0;0.0234641432762146;0.03023647889494896;0.0234641432762146;0.0
0.0020000040531158447;0.0020000040531158447;0.015279248356819153;0.0;0.024893760681152344;0.04185132682323456;0.024893760681152344;0.0
0.0020000040531158447;0.0020000040531158447;0.014768574386835098;0.0;0.035736773163080215;0.048879265785217285;0.035736773163080215;0.0
0.002000093460083008;0.002000093460083008;0.08315151929855347;0.0;0.03851970657706261;0.03851970657706261;0.1131596788764;0.0
0.002500005066394806;0.002500005066394806;0.020410001277923584;0.0;0.03855116292834282;0.03855116292834282;0.05038970708847046;0.0
0.002500005066394806;0.002500005066394806;0.020562060177326202;0.0;0.042373158037662506;0.0553252249956131;0.042373158037662506;0.0
0.002500005066394806;0.002500005066394806;0.027190886437892914;0.0;0.0444197840988636;0.0444197840988636;0.10620751231908798;0.0
0.002500005066394806;0.002500005066394806;0.014594316482543945;0.0;0.0446338914334774;0.0446338914334774;0.1359429657459259;0.0
0.002500005066394806;0.002500005066394806;0.022864632308483124;0.0;0.04564494267106056;0.04564494267106056;0.14933374524116516;0.0
0.002500005066394806;0.002500005066394806;0.022496912628412247;0.0;0.04584851861000061;0.04584851861000061;0.060106728225946426;0.0
0.0025001168251037598;0.0025001168251037598;0.06505429744720459;0.0;0.046026989817619324;0.05967950075864792;0.046026989817619324;0.0
0.003000006079673767;0.003000006079673767;0.03338475525379181;0.0;0.04797622933983803;0.06536321341991425;0.04797622933983803;0.0
0.003000006079673767;0.003000006079673767;0.01897808536887169;0.0;0.04967992752790451;0.07461266219615936;0.04967992752790451;0.0
0.003000006079673767;0.003000006079673767;0.017354682087898254;0.0;0.05039287358522415;0.05039287358522415;0.10401497036218643;0.0
0.0030001401901245117;0.0030001401901245117;0.042655766010284424;0.0;0.050765261054039;0.07818032056093216;0.050765261054039;0.0
0.0030001401901245117;0.0030001401901245117;0.022057324647903442;0.0;0.0521584190428257;0.0521584190428257;0.21006996929645538;0.0
0.0035000070929527283;0.0035000070929527283;0.037010058760643005;0.0;0.05243841931223869;0.07809257507324219;0.05243841931223869;0.0
0.003999948501586914;0.003999948501586914;0.045577406883239746;0.0;0.05268218740820885;0.05268218740820885;0.0848689079284668;0.0
0.003999948501586914;0.003999948501586914;0.022469282150268555;0.0;0.05335908755660057;0.09031312167644501;0.05335908755660057;0.0
0.0040000081062316895;0.0040000081062316895;0.05401618778705597;0.0;0.054675016552209854;0.07348745316267014;0.054675016552209854;0.0
0.004499942064285278;0.004499942064285278;0.03991144895553589;0.0;0.05626183748245239;0.056646306067705154;0.05626183748245239;0.0
0.004500009119510651;0.004500009119510651;0.034640178084373474;0.0;0.05639474093914032;0.05639474093914032;42.214141845703125;0.0
0.004500009119510651;0.004500009119510651;0.019073784351348877;0.0;0.05657612904906273;0.12251999974250793;0.05657612904906273;0.0
0.004500210285186768;0.004500210285186768;0.06453362852334976;0.0;0.05678556486964226;0.06123782694339752;0.05678556486964226;0.0
0.004999935626983643;0.004999935626983643;0.06865164637565613;0.0;0.05943739786744118;0.08506709337234497;0.05943739786744118;0.0
0.004999935626983643;0.004999935626983643;0.054328978061676025;0.0;0.0637955293059349;0.17042233049869537;0.0637955293059349;0.0
0.005000010132789612;0.005000010132789612;0.03998306021094322;0.0;0.06382699310779572;0.10941686481237411;0.06382699310779572;0.0
0.0050002336502075195;0.0050002336502075195;0.12482862919569016;0.0;0.06634104996919632;0.06634104996919632;0.07761482894420624;0.0
0.0050002336502075195;0.0050002336502075195;0.061847686767578125;0.0;0.06640440970659256;0.06640440970659256;0.25285768508911133;0.0
0.0050002336502075195;0.0050002336502075195;0.01736341416835785;0.0;0.06716003268957138;0.06716003268957138;0.20419849455356598;0.0
0.005398750305175781;0.005398750305175781;0.019664905965328217;0.0;0.06723406165838242;0.1012352854013443;0.06723406165838242;0.0
0.005481094121932983;0.005481094121932983;0.048058390617370605;0.0;0.06768497824668884;0.1782490760087967;0.06768497824668884;0.0
0.005499929189682007;0.005499929189682007;0.06685414910316467;0.0;0.06780208647251129;0.08917605876922607;0.06780208647251129;0.0
0.005500011146068573;0.005500011146068573;0.026673227548599243;0.0;0.06873617321252823;0.08047975599765778;0.06873617321252823;0.0
0.005500011146068573;0.005500011146068573;0.1455203890800476;0.0;0.06906105577945709;0.06906105577945709;0.17919042706489563;0.0
0.005500011146068573;0.005500011146068573;0.021133095026016235;0.0;0.06971251964569092;0.08245670795440674;0.06971251964569092;0.0
0.005888760089874268;0.005888760089874268;0.03887107968330383;0.0;0.0736113116145134;0.14466817677021027;0.0736113116145134;0.0
0.005896516144275665;0.005896516144275665;0.05466887354850769;0.0;0.07619496434926987;0.08523355424404144;0.07619496434926987;0.0
0.005951970815658569;0.005951970815658569;0.05359826982021332;0.0;0.07620996981859207;0.2725610136985779;0.07620996981859207;0.0
0.005978941917419434;0.005978941917419434;0.04192095994949341;0.0;0.07732784748077393;0.10182032734155655;0.07732784748077393;0.0
0.005980178713798523;0.005980178713798523;0.022752471268177032;0.0;0.07802239060401917;0.09095533937215805;0.07802239060401917;0.0
0.005999922752380371;0.005999922752380371;0.021982192993164062;0.0;0.07983548939228058;0.07983548939228058;1.3337831497192383;0.0
0.006000012159347534;0.006000012159347534;0.018606215715408325;0.0;0.08101537078619003;0.09427998960018158;0.08101537078619003;0.0
0.006400376558303833;0.006400376558303833;0.02382028102874756;0.0;0.08133726567029953;0.0943448469042778;0.08133726567029953;0.0
0.006407201290130615;0.006407201290130615;0.08718125522136688;0.0;0.08183150738477707;0.09931079298257828;0.08183150738477707;0.0
0.006451711058616638;0.006451711058616638;0.031150490045547485;0.0;0.08198375999927521;0.163469597697258;0.08198375999927521;0.0
0.0064935386180877686;0.0064935386180877686;0.05742467939853668;0.0;0.08401470631361008;0.3228362500667572;0.08401470631361008;0.0
0.006787493824958801;0.006787493824958801;0.09162043035030365;0.0;0.08441169559955597;0.10507730394601822;0.08441169559955597;0.0
0.006794169545173645;0.006794169545173645;0.03304705023765564;0.0;0.08511851727962494;0.14178438484668732;0.08511851727962494;0.0
0.0069121867418289185;0.0069121867418289185;0.04770320653915405;0.0;0.08559532463550568;0.10087515413761139;0.08559532463550568;0.0
0.007298827171325684;0.007298827171325684;0.030552834272384644;0.0;0.08813822269439697;0.1062643751502037;0.08813822269439697;0.0
0.007353924214839935;0.007353924214839935;0.04023364186286926;0.0;0.09348573535680771;0.15240903198719025;0.09348573535680771;0.0
0.007373213768005371;0.007373213768005371;0.04229877144098282;0.0;0.09393288195133209;0.1354917734861374;0.09393288195133209;0.0
0.0073872581124305725;0.0073872581124305725;0.03365952521562576;0.0;0.09552483260631561;0.14567558467388153;0.09552483260631561;0.0
0.007663406431674957;0.007663406431674957;0.02991354465484619;0.0;0.09637143462896347;0.24126793444156647;0.09637143462896347;0.0
0.007767021656036377;0.007767021656036377;0.04006028175354004;0.0;0.0968819260597229;0.19325312972068787;0.0968819260597229;0.0
0.00784696638584137;0.00784696638584137;0.04565431922674179;0.0;0.09714064747095108;0.23437748849391937;0.09714064747095108;0.0
0.007898598909378052;0.007898598909378052;0.06455734372138977;0.0;0.09834664314985275;0.16852021217346191;0.09834664314985275;0.0
0.00789932906627655;0.00789932906627655;0.042373791337013245;0.0;0.09967956691980362;0.10169345885515213;0.09967956691980362;0.0
0.007999695837497711;0.007999695837497711;0.08156455308198929;0.0;0.1007736474275589;0.19848960638046265;0.1007736474275589;0.0
0.008248493075370789;0.008248493075370789;0.04765161871910095;0.0;0.100835420191288;0.1166873425245285;0.100835420191288;0.0
0.008270412683486938;0.008270412683486938;0.026319801807403564;0.0;0.10118753463029861;0.11674962192773819;0.10118753463029861;0.0
0.008291326463222504;0.008291326463222504;0.027509070932865143;0.0;0.10180573165416718;0.7230798006057739;0.10180573165416718;0.0
0.008303895592689514;0.008303895592689514;0.04067566990852356;0.0;0.10238588601350784;0.25767627358436584;0.10238588601350784;0.0
0.00831158459186554;0.00831158459186554;0.05702340602874756;0.0;0.10243489593267441;0.26754194498062134;0.10243489593267441;0.0
0.00831836462020874;0.00831836462020874;0.022303402423858643;0.0;0.10260002315044403;0.24442605674266815;0.10260002315044403;0.0
0.008322540670633316;0.008322540670633316;0.0422820970416069;0.0;0.10303732752799988;0.16627207398414612;0.10303732752799988;0.0
0.008412063121795654;0.008412063121795654;0.3268720805644989;0.0;0.10349457710981369;0.2801712453365326;0.10349457710981369;0.0
0.00841742753982544;0.00841742753982544;0.18020856380462646;0.0;0.10612985491752625;0.17474474012851715;0.10612985491752625;0.0
0.008429735898971558;0.008429735898971558;0.05497413128614426;0.0;0.1080043688416481;0.2858158349990845;0.1080043688416481;0.0
0.008438661694526672;0.008438661694526672;0.16280001401901245;0.0;0.1084810420870781;0.15108144283294678;0.1084810420870781;0.0
0.008439183235168457;0.008439183235168457;0.04871600121259689;0.0;0.10989352315664291;0.1638103425502777;0.10989352315664291;0.0
0.008469045162200928;0.008469045162200928;0.028655655682086945;0.0;0.10996466875076294;0.12030576914548874;0.10996466875076294;0.0
0.008666306734085083;0.008666306734085083;0.11643336713314056;0.0;0.11049672961235046;0.20573489367961884;0.11049672961235046;0.0
0.008737623691558838;0.008737623691558838;0.17924928665161133;0.0;0.11101469397544861;0.14338631927967072;0.11101469397544861;0.0
0.008769512176513672;0.008769512176513672;0.038391679525375366;0.0;0.11154589056968689;0.24913860857486725;0.11154589056968689;0.0
0.008922085165977478;0.008922085165977478;0.05740255117416382;0.0;0.11207082867622375;0.19491465389728546;0.11207082867622375;0.0
0.009020969271659851;0.009020969271659851;0.04150978475809097;0.0;0.1130310595035553;0.19665101170539856;0.1130310595035553;0.0
0.009202539920806885;0.009202539920806885;0.14910253882408142;0.0;0.11464749276638031;0.11464749276638031;0.11521945148706436;0.0
0.009419098496437073;0.009419098496437073;0.09152065217494965;0.0;0.11492672562599182;0.3241097033023834;0.11492672562599182;0.0
0.009453505277633667;0.009453505277633667;0.06894318759441376;0.0;0.11573582142591476;0.16182026267051697;0.11573582142591476;0.0
0.00948541983962059;0.00948541983962059;0.030739616602659225;0.0;0.11638929694890976;0.8902744650840759;0.11638929694890976;0.0
0.009494781494140625;0.009494781494140625;0.03504394739866257;0.0;0.11734245717525482;0.13712750375270844;0.11734245717525482;0.0
0.00950738787651062;0.00950738787651062;0.08108256757259369;0.0;0.11745275557041168;0.28112995624542236;0.11745275557041168;0.0
0.009521901607513428;0.009521901607513428;0.049051642417907715;0.0;0.11760251969099045;0.19613102078437805;0.11760251969099045;0.0
0.009567022323608398;0.009567022323608398;0.07629561424255371;0.0;0.119041308760643;0.16627445816993713;0.119041308760643;0.0
0.009626060724258423;0.009626060724258423;0.023138046264648438;0.0;0.11930513381958008;0.204538494348526;0.11930513381958008;0.0
0.009691178798675537;0.009691178798675537;0.021780014038085938;0.0;0.12051167339086533;0.14970572292804718;0.12051167339086533;0.0
0.009763726964592934;0.009763726964592934;0.05301760137081146;0.0;0.12066052854061127;0.19140782952308655;0.12066052854061127;0.0
0.00978417694568634;0.00978417694568634;0.17157362401485443;0.0;0.12077969312667847;0.12077969312667847;0.20453418791294098;0.0
0.009852588176727295;0.009852588176727295;0.038745276629924774;0.0;0.1210889220237732;0.19958384335041046;0.1210889220237732;0.0
0.009924620389938354;0.009924620389938354;0.04552145302295685;0.0;0.12189232558012009;0.18490082025527954;0.12189232558012009;0.0
0.009962469339370728;0.009962469339370728;0.3430085778236389;0.0;0.12306904047727585;0.3056798279285431;0.12306904047727585;0.0
0.00996815413236618;0.00996815413236618;0.04411248117685318;0.0;0.12337308377027512;0.18823623657226562;0.12337308377027512;0.0
0.009999625384807587;0.009999625384807587;0.18278908729553223;0.0;0.12356652319431305;0.3040279746055603;0.12356652319431305;0.0
0.010058321058750153;0.010058321058750153;0.057916052639484406;0.0;0.12364335358142853;0.1577998399734497;0.12364335358142853;0.0
0.010191373527050018;0.010191373527050018;0.04730978608131409;0.0;0.12435857206583023;0.16439823806285858;0.12435857206583023;0.0
0.010349392890930176;0.010349392890930176;0.05060628801584244;0.0;0.12478657811880112;0.16637161374092102;0.12478657811880112;0.0
0.01038534939289093;0.01038534939289093;0.040027886629104614;0.0;0.12634509801864624;0.14044858515262604;0.12634509801864624;0.0
0.010560885071754456;0.010560885071754456;0.053953178226947784;0.0;0.1265568733215332;0.26176828145980835;0.1265568733215332;0.0
0.01059633493423462;0.01059633493423462;0.04226881265640259;0.0;0.12878620624542236;0.22202405333518982;0.12878620624542236;0.0
0.010732144117355347;0.010732144117355347;0.07096928358078003;0.0;0.12886884808540344;0.20588353276252747;0.12886884808540344;0.0
0.010747909545898438;0.010747909545898438;0.05367240309715271;0.0;0.12899544835090637;0.1634192317724228;0.12899544835090637;0.0
0.010778069496154785;0.010778069496154785;0.061458051204681396;0.0;0.12948402762413025;0.12948402762413025;0.7583962678909302;0.0
0.010791562497615814;0.010791562497615814;0.04145589470863342;0.0;0.12975113093852997;0.14383605122566223;0.12975113093852997;0.0
0.010889105498790741;0.010889105498790741;0.03699140250682831;0.0;0.13038837909698486;0.3579009473323822;0.13038837909698486;0.0
0.01094701886177063;0.01094701886177063;0.06089340150356293;0.0;0.1306644082069397;0.23759640753269196;0.1306644082069397;0.0
0.010965481400489807;0.010965481400489807;0.0904664471745491;0.0;0.13206782937049866;0.2953717112541199;0.13206782937049866;0.0
0.010970979928970337;0.010970979928970337;0.04921984672546387;0.0;0.133588045835495;0.15386052429676056;0.133588045835495;0.0
0.010974645614624023;0.010974645614624023;0.06975157558917999;0.0;0.13430705666542053;0.3623035252094269;0.13430705666542053;0.0
0.011091098189353943;0.011091098189353943;0.14086662232875824;0.0;0.13553529977798462;0.1804407835006714;0.13553529977798462;0.0
0.011165857315063477;0.011165857315063477;0.069935142993927;0.0;0.13599301874637604;0.2585337460041046;0.13599301874637604;0.0
0.011331766843795776;0.011331766843795776;0.07836243510246277;0.0;0.13600917160511017;0.18093721568584442;0.13600917160511017;0.0
0.01134498417377472;0.01134498417377472;0.06968621909618378;0.0;0.13611924648284912;0.2204449325799942;0.13611924648284912;0.0
0.011363878846168518;0.011363878846168518;0.02427154779434204;0.0;0.13679766654968262;0.2383999079465866;0.13679766654968262;0.0
0.011429831385612488;0.011429831385612488;0.059201523661613464;0.0;0.13689552247524261;0.16095773875713348;0.13689552247524261;0.0
0.0115593820810318;0.0115593820810318;0.04734143614768982;0.0;0.13786041736602783;0.17915312945842743;0.13786041736602783;0.0
0.011593401432037354;0.011593401432037354;0.07116343080997467;0.0;0.1380012184381485;0.3663431704044342;0.1380012184381485;0.0
0.011674702167510986;0.011674702167510986;0.05319136381149292;0.0;0.13807927072048187;0.2119675725698471;0.13807927072048187;0.0
0.011719167232513428;0.011719167232513428;0.05204060673713684;0.0;0.13942654430866241;0.497212290763855;0.13942654430866241;0.0
0.011778220534324646;0.011778220534324646;0.05702364444732666;0.0;0.13983334600925446;0.2721215486526489;0.13983334600925446;0.0
0.011792987585067749;0.011792987585067749;0.07529657334089279;0.0;0.14129184186458588;0.2388179451227188;0.14129184186458588;0.0
0.011810824275016785;0.011810824275016785;0.03436055779457092;0.0;0.14186576008796692;0.18950487673282623;0.14186576008796692;0.0
0.011904150247573853;0.011904150247573853;0.06544411927461624;0.0;0.14198312163352966;0.4036632776260376;0.14198312163352966;0.0
0.011951997876167297;0.011951997876167297;0.03752696141600609;0.0;0.14288800954818726;0.30978167057037354;0.14288800954818726;0.0
0.01201602816581726;0.01201602816581726;0.1402759552001953;0.0;0.14341498911380768;0.20512498915195465;0.14341498911380768;0.0
0.012044146656990051;0.012044146656990051;0.12247536331415176;0.0;0.1445365846157074;0.14669924974441528;0.1445365846157074;0.0
0.01206669956445694;0.01206669956445694;0.03492225334048271;0.0;0.14461643993854523;1.088478446006775;0.14461643993854523;0.0
0.012143604457378387;0.012143604457378387;0.045800432562828064;0.0;0.14512255787849426;0.14512255787849426;0.9501792192459106;0.0
0.012407183647155762;0.012407183647155762;0.1141350269317627;0.0;0.14590239524841309;0.18663690984249115;0.14590239524841309;0.0
0.012434184551239014;0.012434184551239014;0.2095065414905548;0.0;0.14610937237739563;0.41421782970428467;0.14610937237739563;0.0
0.012442663311958313;0.012442663311958313;0.08875513076782227;0.0;0.1474725604057312;0.27202826738357544;0.1474725604057312;0.0
0.012487851083278656;0.012487851083278656;0.057968348264694214;0.0;0.14900028705596924;0.19565322995185852;0.14900028705596924;0.0
0.01250302791595459;0.01250302791595459;0.07411149144172668;0.0;0.14916890859603882;0.3571610748767853;0.14916890859603882;0.0
0.01257777214050293;0.01257777214050293;0.20806604623794556;0.0;0.1492840200662613;0.1492840200662613;0.8225204944610596;0.0
0.012583866715431213;0.012583866715431213;0.052206575870513916;0.0;0.14958317577838898;0.41736719012260437;0.14958317577838898;0.0
0.012636303901672363;0.012636303901672363;0.10328328609466553;0.0;0.15107886493206024;0.22092312574386597;0.15107886493206024;0.0
0.012640371918678284;0.012640371918678284;0.061892807483673096;0.0;0.1518053263425827;0.2990342676639557;0.1518053263425827;0.0
0.012651875615119934;0.012651875615119934;0.045915305614471436;0.0;0.15194040536880493;0.2783167362213135;0.15194040536880493;0.0
0.01266806572675705;0.01266806572675705;0.03624427318572998;0.0;0.1522749662399292;0.3457469344139099;0.1522749662399292;0.0
0.01268962025642395;0.01268962025642395;0.053170863538980484;0.0;0.15256641805171967;0.4863567054271698;0.15256641805171967;0.0
0.01272699236869812;0.01272699236869812;0.10442095994949341;0.0;0.15258212387561798;0.18707913160324097;0.15258212387561798;0.0
0.012739673256874084;0.012739673256874084;0.048301734030246735;0.0;0.1530352532863617;0.35523661971092224;0.1530352532863617;0.0
0.012761589139699936;0.012761589139699936;0.07628145813941956;0.0;0.1540398746728897;0.30026766657829285;0.1540398746728897;0.0
0.012786641716957092;0.012786641716957092;0.09889329969882965;0.0;0.15463067591190338;0.24632598459720612;0.15463067591190338;0.0
0.0128212571144104;0.0128212571144104;0.11123907566070557;0.0;0.1547401249408722;0.28460001945495605;0.1547401249408722;0.0
0.012956321239471436;0.012956321239471436;0.04800906032323837;0.0;0.15650904178619385;0.20507706701755524;0.15650904178619385;0.0
0.013056375086307526;0.013056375086307526;0.042425576597452164;0.0;0.15796108543872833;0.27846476435661316;0.15796108543872833;0.0
0.013071969151496887;0.013071969151496887;0.05885247886180878;0.0;0.15816211700439453;0.6155818104743958;0.15816211700439453;0.0
0.013126760721206665;0.013126760721206665;0.17728276550769806;0.0;0.15877462923526764;0.3228433132171631;0.15877462923526764;0.0
0.013325244188308716;0.013325244188308716;0.02765236794948578;0.0;0.15901994705200195;0.287223756313324;0.15901994705200195;0.0
0.013550829142332077;0.013550829142332077;0.0506795197725296;0.0;0.15986330807209015;0.8353861570358276;0.15986330807209015;0.0
0.013649821281433105;0.013649821281433105;0.04104933142662048;0.0;0.16129162907600403;0.20023176074028015;0.16129162907600403;0.0
0.013694792985916138;0.013694792985916138;0.16040942072868347;0.0;0.16292166709899902;0.21522307395935059;0.16292166709899902;0.0
0.01378205418586731;0.01378205418586731;0.1164170503616333;0.0;0.16346429288387299;0.5365543961524963;0.16346429288387299;0.0
0.01378922164440155;0.01378922164440155;0.03622262179851532;0.0;0.16356901824474335;0.2594881057739258;0.16356901824474335;0.0
0.01380951702594757;0.01380951702594757;0.025105953216552734;0.0;0.16578185558319092;0.3659105896949768;0.16578185558319092;0.0
0.013859689235687256;0.013859689235687256;0.0904586911201477;0.0;0.16677021980285645;1.015738606452942;0.16677021980285645;0.0
0.013999752700328827;0.013999752700328827;0.08940684795379639;0.0;0.16681665182113647;0.1796567440032959;0.16681665182113647;0.0
0.01403355598449707;0.01403355598449707;0.1007051169872284;0.0;0.16807229816913605;0.37835025787353516;0.16807229816913605;0.0
0.014042861759662628;0.014042861759662628;0.12679201364517212;0.0;0.168148934841156;0.17035460472106934;0.168148934841156;0.0
0.01404900848865509;0.01404900848865509;0.04250912368297577;0.0;0.16877201199531555;0.16877201199531555;0.3304915130138397;0.0
0.014050779864192009;0.014050779864192009;0.03698134422302246;0.0;0.16923758387565613;0.36320507526397705;0.16923758387565613;0.0
0.014065880328416824;0.014065880328416824;0.03388948366045952;0.0;0.17049232125282288;0.2325817346572876;0.17049232125282288;0.0
0.014172106981277466;0.014172106981277466;0.038319334387779236;0.0;0.17113064229488373;0.22393377125263214;0.17113064229488373;0.0
0.01425829529762268;0.01425829529762268;0.165241539478302;0.0;0.17237047851085663;0.4244089424610138;0.17237047851085663;0.0
0.01430046558380127;0.01430046558380127;0.06425221264362335;0.0;0.1728530377149582;0.3646262586116791;0.1728530377149582;0.0
0.014323718845844269;0.014323718845844269;0.1309417188167572;0.0;0.17335666716098785;0.31257346272468567;0.17335666716098785;0.0
0.01442999392747879;0.01442999392747879;0.04513287544250488;0.0;0.17336274683475494;0.34686073660850525;0.17336274683475494;0.0
0.014449246227741241;0.014449246227741241;0.04520157352089882;0.0;0.17420130968093872;0.3490307331085205;0.17420130968093872;0.0
0.014467202126979828;0.014467202126979828;0.08657922595739365;0.0;0.17463073134422302;0.18651480972766876;0.17463073134422302;0.0
0.014472544193267822;0.014472544193267822;0.10160209983587265;0.0;0.17506809532642365;0.17506809532642365;0.22218288481235504;0.0
0.014474421739578247;0.014474421739578247;0.08580370992422104;0.0;0.175228089094162;0.18570473790168762;0.175228089094162;0.0
0.014609038829803467;0.014609038829803467;0.07881239056587219;0.0;0.17613694071769714;0.8175948858261108;0.17613694071769714;0.0
0.014610044658184052;0.014610044658184052;0.052470386028289795;0.0;0.1774480789899826;0.26543930172920227;0.1774480789899826;0.0
0.014630407094955444;0.014630407094955444;0.08201410621404648;0.0;0.17746789753437042;0.42544835805892944;0.17746789753437042;0.0
0.014632433652877808;0.014632433652877808;0.07788170874118805;0.0;0.18055377900600433;0.31254974007606506;0.18055377900600433;0.0
0.014727525413036346;0.014727525413036346;0.10975652933120728;0.0;0.18067562580108643;0.23314359784126282;0.18067562580108643;0.0
0.015091091394424438;0.015091091394424438;0.03437267243862152;0.0;0.18067893385887146;0.23920370638370514;0.18067893385887146;0.0
0.015098944306373596;0.015098944306373596;0.2454221546649933;0.0;0.1807607263326645;0.29598402976989746;0.1807607263326645;0.0
0.015130780637264252;0.015130780637264252;0.05395832657814026;0.0;0.18083617091178894;0.3409072458744049;0.18083617091178894;0.0
0.015142016112804413;0.015142016112804413;0.06644165515899658;0.0;0.1821388304233551;0.5754373073577881;0.1821388304233551;0.0
0.0153464674949646;0.0153464674949646;0.1810905933380127;0.0;0.1827097088098526;0.37751635909080505;0.1827097088098526;0.0
0.01536250114440918;0.01536250114440918;0.04734523594379425;0.0;0.18496990203857422;0.3111913502216339;0.18496990203857422;0.0
0.015386044979095459;0.015386044979095459;0.22182385623455048;0.0;0.1855596899986267;0.4572078287601471;0.1855596899986267;0.0
0.015474066138267517;0.015474066138267517;0.12127348780632019;0.0;0.1856449544429779;0.24170127511024475;0.1856449544429779;0.0
0.01554057002067566;0.01554057002067566;0.07329626381397247;0.0;0.18609702587127686;0.2305396944284439;0.18609702587127686;0.0
0.015648186206817627;0.015648186206817627;0.03965340554714203;0.0;0.1864238679409027;0.26842352747917175;0.1864238679409027;0.0
0.01565195620059967;0.01565195620059967;0.09162719547748566;0.0;0.18692846596240997;0.4974493980407715;0.18692846596240997;0.0
0.015676647424697876;0.015676647424697876;0.04520419239997864;0.0;0.1873590052127838;0.4209795594215393;0.1873590052127838;0.0
0.015821248292922974;0.015821248292922974;0.11098439991474152;0.0;0.18833209574222565;0.3993942439556122;0.18833209574222565;0.0
0.01583436131477356;0.01583436131477356;0.13851064443588257;0.0;0.18849121034145355;0.18849121034145355;0.35768991708755493;0.0
0.015857763588428497;0.015857763588428497;0.04702490568161011;0.0;0.1888948380947113;0.7515539526939392;0.1888948380947113;0.0
0.015897467732429504;0.015897467732429504;0.05219234898686409;0.0;0.18902409076690674;0.5101487636566162;0.18902409076690674;0.0
0.015899956226348877;0.015899956226348877;0.09588585048913956;0.0;0.1890851855278015;0.3630605638027191;0.1890851855278015;0.0
0.01593952625989914;0.01593952625989914;0.040143147110939026;0.0;0.18921883404254913;0.3895857036113739;0.18921883404254913;0.0
0.01595267653465271;0.01595267653465271;0.1697309911251068;0.0;0.19232839345932007;0.4928132891654968;0.19232839345932007;0.0
0.016015976667404175;0.016015976667404175;0.07878348976373672;0.0;0.19246070086956024;0.2474803626537323;0.19246070086956024;0.0
0.01606374979019165;0.01606374979019165;0.1518985778093338;0.0;0.19305188953876495;0.2666381001472473;0.19305188953876495;0.0
0.016079038381576538;0.016079038381576538;0.08482564985752106;0.0;0.19309881329536438;0.45501744747161865;0.19309881329536438;0.0
0.016106419265270233;0.016106419265270233;0.06855058670043945;0.0;0.1934644877910614;0.268665611743927;0.1934644877910614;0.0
0.01613280177116394;0.01613280177116394;0.44036996364593506;0.0;0.19388966262340546;0.282723069190979;0.19388966262340546;0.0
0.016154900193214417;0.016154900193214417;0.06917976588010788;0.0;0.19429701566696167;0.5132097005844116;0.19429701566696167;0.0
0.016163527965545654;0.016163527965545654;0.04931819438934326;0.0;0.1946023851633072;0.9374618530273438;0.1946023851633072;0.0
0.016252733767032623;0.016252733767032623;0.05626639723777771;0.0;0.19480200111865997;0.3519085943698883;0.19480200111865997;0.0
0.016271844506263733;0.016271844506263733;0.14685139060020447;0.0;0.1955304890871048;0.36206814646720886;0.1955304890871048;0.0
0.016322121024131775;0.016322121024131775;0.2961292266845703;0.0;0.19555522501468658;0.22603678703308105;0.19555522501468658;0.0
0.016376525163650513;0.016376525163650513;0.16135261952877045;0.0;0.1959782838821411;0.36995306611061096;0.1959782838821411;0.0
0.01638244092464447;0.01638244092464447;0.07191874086856842;0.0;0.19701647758483887;0.4495328962802887;0.19701647758483887;0.0
0.01640285551548004;0.01640285551548004;0.10196828842163086;0.0;0.19724032282829285;0.38887131214141846;0.19724032282829285;0.0
0.016447238624095917;0.016447238624095917;0.035414233803749084;0.0;0.19857650995254517;0.5082395672798157;0.19857650995254517;0.0
0.01646442338824272;0.01646442338824272;0.0738355815410614;0.0;0.19863884150981903;0.19863884150981903;0.2286931574344635;0.0
0.016494043171405792;0.016494043171405792;0.06102099269628525;0.0;0.1991257220506668;0.3405472934246063;0.1991257220506668;0.0
0.01652488112449646;0.01652488112449646;0.08531226217746735;0.0;0.20053386688232422;0.5867224335670471;0.20053386688232422;0.0
0.016534090042114258;0.016534090042114258;0.09117535501718521;0.0;0.20093753933906555;0.2715556025505066;0.20093753933906555;0.0
0.016674160957336426;0.016674160957336426;0.04090241342782974;0.0;0.20129358768463135;0.6235412359237671;0.20129358768463135;0.0
0.01673153042793274;0.01673153042793274;0.10331974178552628;0.0;0.20220506191253662;0.21695175766944885;0.20220506191253662;0.0
0.016746997833251953;0.016746997833251953;0.05339100956916809;0.0;0.2034452259540558;0.2034452259540558;0.28028351068496704;0.0
0.016861021518707275;0.016861021518707275;0.05105052515864372;0.0;0.20563647150993347;0.2806103527545929;0.20563647150993347;0.0
0.016902491450309753;0.016902491450309753;0.09421995282173157;0.0;0.20638717710971832;0.5681442618370056;0.20638717710971832;0.0
0.016914568841457367;0.016914568841457367;0.059124745428562164;0.0;0.20753414928913116;0.7282795310020447;0.20753414928913116;0.0
0.016945868730545044;0.016945868730545044;0.09646876156330109;0.0;0.20768532156944275;0.46703362464904785;0.20768532156944275;0.0
0.017037391662597656;0.017037391662597656;0.07527461647987366;0.0;0.20826180279254913;0.21707026660442352;0.20826180279254913;0.0
0.017067424952983856;0.017067424952983856;0.1333303153514862;0.0;0.20858344435691833;0.4265739321708679;0.20858344435691833;0.0
0.017068833112716675;0.017068833112716675;0.05038487911224365;0.0;0.20960381627082825;0.4520818591117859;0.20960381627082825;0.0
0.017105326056480408;0.017105326056480408;0.10513703525066376;0.0;0.20975980162620544;0.2637273371219635;0.20975980162620544;0.0
0.017238646745681763;0.017238646745681763;0.10800790786743164;0.0;0.21063600480556488;0.511359453201294;0.21063600480556488;0.0
0.017286956310272217;0.017286956310272217;0.17880600690841675;0.0;0.2121928334236145;0.3608456552028656;0.2121928334236145;0.0
0.017349839210510254;0.017349839210510254;0.18975922465324402;0.0;0.2124679684638977;0.6286484003067017;0.2124679684638977;0.0
0.0174141526222229;0.0174141526222229;0.21862629055976868;0.0;0.21296817064285278;0.34780657291412354;0.21296817064285278;0.0
0.017433643341064453;0.017433643341064453;0.2152113914489746;0.0;0.2131318598985672;0.4704994559288025;0.2131318598985672;0.0
0.017500698566436768;0.017500698566436768;0.044899821281433105;0.0;0.21378885209560394;0.42072686553001404;0.21378885209560394;0.0
0.017547570168972015;0.017547570168972015;0.0905771479010582;0.0;0.2145010530948639;0.29827645421028137;0.2145010530948639;0.0
0.017590336501598358;0.017590336501598358;0.05232107639312744;0.0;0.21541209518909454;0.3248235285282135;0.21541209518909454;0.0
0.017616815865039825;0.017616815865039825;0.03939654678106308;0.0;0.21587088704109192;0.3062525987625122;0.21587088704109192;0.0
0.01762343943119049;0.01762343943119049;0.06510362774133682;0.0;0.21625089645385742;0.376422256231308;0.21625089645385742;0.0
0.01767897605895996;0.01767897605895996;0.05545598268508911;0.0;0.2190568596124649;0.29651784896850586;0.2190568596124649;0.0
0.017705172300338745;0.017705172300338745;0.07613218575716019;0.0;0.2204207181930542;0.3104630708694458;0.2204207181930542;0.0
0.017719551920890808;0.017719551920890808;0.14316143095493317;0.0;0.22044241428375244;0.3588731288909912;0.22044241428375244;0.0
0.017725467681884766;0.017725467681884766;0.13904894888401031;0.0;0.22060735523700714;0.22060735523700714;0.2652839124202728;0.0
0.017771750688552856;0.017771750688552856;0.10933497548103333;0.0;0.2208254635334015;0.36523672938346863;0.2208254635334015;0.0
0.017834022641181946;0.017834022641181946;0.06884869933128357;0.0;0.2211403250694275;1.6908341646194458;0.2211403250694275;0.0
0.01787632703781128;0.01787632703781128;0.12122613191604614;0.0;0.22154703736305237;0.30862194299697876;0.22154703736305237;0.0
0.017925970256328583;0.017925970256328583;0.1220310628414154;0.0;0.22183479368686676;0.3878004848957062;0.22183479368686676;0.0
0.018033459782600403;0.018033459782600403;0.05211558938026428;0.0;0.2225894033908844;0.5717688202857971;0.2225894033908844;0.0
0.01808254048228264;0.01808254048228264;0.08168379962444305;0.0;0.22261087596416473;0.5172687768936157;0.22261087596416473;0.0
0.01809239387512207;0.01809239387512207;0.13064828515052795;0.0;0.2228931337594986;0.23060137033462524;0.2228931337594986;0.0
0.018099650740623474;0.018099650740623474;0.0657375380396843;0.0;0.22358110547065735;1.0120691061019897;0.22358110547065735;0.0
0.018130876123905182;0.018130876123905182;0.09756819903850555;0.0;0.22444689273834229;0.22444689273834229;0.22903847694396973;0.0
0.018179118633270264;0.018179118633270264;0.05071418359875679;0.0;0.22533009946346283;0.6030749082565308;0.22533009946346283;0.0
0.018317483365535736;0.018317483365535736;0.09510614722967148;0.0;0.22585925459861755;0.43873777985572815;0.22585925459861755;0.0
0.018338169902563095;0.018338169902563095;0.062353089451789856;0.0;0.22678430378437042;0.31961512565612793;0.22678430378437042;0.0
0.018384546041488647;0.018384546041488647;0.14009487628936768;0.0;0.2271369844675064;0.4064342677593231;0.2271369844675064;0.0
0.018385037779808044;0.018385037779808044;0.09235680103302002;0.0;0.22933997213840485;0.3442835211753845;0.22933997213840485;0.0
0.018386930227279663;0.018386930227279663;0.13743743300437927;0.0;0.2341558337211609;0.5790649056434631;0.2341558337211609;0.0
0.018414005637168884;0.018414005637168884;0.11488893628120422;0.0;0.23418043553829193;0.27426794171333313;0.23418043553829193;0.0
0.018433786928653717;0.018433786928653717;0.057104989886283875;0.0;0.23647843301296234;0.42581745982170105;0.23647843301296234;0.0
0.018486827611923218;0.018486827611923218;0.2036924809217453;0.0;0.23678897321224213;0.5955507159233093;0.23678897321224213;0.0
0.018493235111236572;0.018493235111236572;0.1932370364665985;0.0;0.23689469695091248;0.3767261207103729;0.23689469695091248;0.0
0.018540114164352417;0.018540114164352417;0.11420170962810516;0.0;0.23760806024074554;0.3301461637020111;0.23760806024074554;0.0
0.018638014793395996;0.018638014793395996;0.11627911776304245;0.0;0.2381315678358078;0.29923900961875916;0.2381315678358078;0.0
0.01864665374159813;0.01864665374159813;0.13159742951393127;0.0;0.23987728357315063;0.3037869334220886;0.23987728357315063;0.0
0.018771827220916748;0.018771827220916748;0.06539347767829895;0.0;0.24106210470199585;0.3541298806667328;0.24106210470199585;0.0
0.018786974251270294;0.018786974251270294;0.14332520961761475;0.0;0.24233706295490265;0.6733168959617615;0.24233706295490265;0.0
0.018860995769500732;0.018860995769500732;0.0887315571308136;0.0;0.2447514832019806;0.2447514832019806;0.26270636916160583;0.0
0.018901336938142776;0.018901336938142776;0.06170531362295151;0.0;0.24572467803955078;0.3115122616291046;0.24572467803955078;0.0
0.018911197781562805;0.018911197781562805;0.04286615550518036;0.0;0.2463647872209549;0.2528725266456604;0.2463647872209549;0.0
0.01896926760673523;0.01896926760673523;0.050316378474235535;0.0;0.2464423030614853;0.3425893187522888;0.2464423030614853;0.0
0.018997862935066223;0.018997862935066223;0.11437913775444031;0.0;0.24685360491275787;0.33516472578048706;0.24685360491275787;0.0
0.01903843879699707;0.01903843879699707;0.13034284114837646;0.0;0.24715544283390045;0.3917290270328522;0.24715544283390045;0.0
0.019396468997001648;0.019396468997001648;0.19163286685943604;0.0;0.24716179072856903;0.5365844368934631;0.24716179072856903;0.0
0.01942908763885498;0.01942908763885498;0.11286367475986481;0.0;0.24940237402915955;0.24940237402915955;1.143937110900879;0.0
0.01946292817592621;0.01946292817592621;0.14113017916679382;0.0;0.2501585781574249;0.5163163542747498;0.2501585781574249;0.0
0.019481360912322998;0.019481360912322998;0.07281629741191864;0.0;0.25016286969184875;0.4104568362236023;0.25016286969184875;0.0
0.019588753581047058;0.019588753581047058;0.08168308436870575;0.0;0.25034216046333313;0.25034216046333313;0.2633077800273895;0.0
0.01959995925426483;0.01959995925426483;0.10910601913928986;0.0;0.25051602721214294;0.3007759749889374;0.25051602721214294;0.0
0.01962466537952423;0.01962466537952423;0.09373404085636139;0.0;0.25124746561050415;0.3230518102645874;0.25124746561050415;0.0
0.0196845680475235;0.0196845680475235;0.1958252489566803;0.0;0.2513248026371002;0.7766875624656677;0.2513248026371002;0.0
0.01976931095123291;0.01976931095123291;0.09101200103759766;0.0;0.2514515519142151;0.37761712074279785;0.2514515519142151;0.0
0.01982322335243225;0.01982322335243225;0.13481777906417847;0.0;0.25164884328842163;0.5332462191581726;0.25164884328842163;0.0
0.019832417368888855;0.019832417368888855;0.06475213170051575;0.0;0.2528423070907593;0.5439333915710449;0.2528423070907593;0.0
0.019873768091201782;0.019873768091201782;0.15448564291000366;0.0;0.2531527876853943;0.9373644590377808;0.2531527876853943;0.0
0.020032614469528198;0.020032614469528198;0.07051399350166321;0.0;0.2549271583557129;0.304485559463501;0.2549271583557129;0.0
0.020059123635292053;0.020059123635292053;0.06597093492746353;0.0;0.25579798221588135;0.4367428421974182;0.25579798221588135;0.0
0.020154684782028198;0.020154684782028198;0.0551929771900177;0.0;0.2566896975040436;0.35338422656059265;0.2566896975040436;0.0
0.020185861736536026;0.020185861736536026;0.05236686021089554;0.0;0.25784823298454285;0.36801865696907043;0.25784823298454285;0.0
0.020199492573738098;0.020199492573738098;0.14075049757957458;0.0;0.25984203815460205;0.46323466300964355;0.25984203815460205;0.0
0.020247362554073334;0.020247362554073334;0.05543406307697296;0.0;0.2607978880405426;0.2607978880405426;0.273474782705307;0.0
0.020298674702644348;0.020298674702644348;0.18796882033348083;0.0;0.26187506318092346;0.549359142780304;0.26187506318092346;0.0
0.020536422729492188;0.020536422729492188;0.03736227750778198;0.0;0.26382359862327576;0.30736324191093445;0.26382359862327576;0.0
0.020571351051330566;0.020571351051330566;0.13311061263084412;0.0;0.2644748389720917;0.4336085319519043;0.2644748389720917;0.0
0.02058267593383789;0.02058267593383789;0.14087587594985962;0.0;0.2650908827781677;0.42488864064216614;0.2650908827781677;0.0
0.02059304714202881;0.02059304714202881;0.13473549485206604;0.0;0.2660844326019287;0.5296400189399719;0.2660844326019287;0.0
0.020644038915634155;0.020644038915634155;0.16394898295402527;0.0;0.2664625644683838;0.37925034761428833;0.2664625644683838;0.0
0.020701467990875244;0.020701467990875244;0.04073309898376465;0.0;0.2666933536529541;0.31932103633880615;0.2666933536529541;0.0
0.0207369327545166;0.0207369327545166;0.07009473443031311;0.0;0.26715248823165894;0.384894460439682;0.26715248823165894;0.0
0.020763278007507324;0.020763278007507324;0.11501674354076385;0.0;0.2685356140136719;0.6616513729095459;0.2685356140136719;0.0
0.020958811044692993;0.020958811044692993;0.27073168754577637;0.0;0.2701459228992462;0.4888767600059509;0.2701459228992462;0.0
0.021094083786010742;0.021094083786010742;0.07150587439537048;0.0;0.2715180218219757;0.3506304919719696;0.2715180218219757;0.0
0.02110321819782257;0.02110321819782257;0.07256195694208145;0.0;0.2722446620464325;0.4997257590293884;0.2722446620464325;0.0
0.02115786075592041;0.02115786075592041;0.0936352014541626;0.0;0.27268415689468384;0.9674869775772095;0.27268415689468384;0.0
0.021159082651138306;0.021159082651138306;0.19430911540985107;0.0;0.2734585702419281;0.467721164226532;0.2734585702419281;0.0
0.02116136997938156;0.02116136997938156;0.2714134454727173;0.0;0.27350756525993347;0.33682867884635925;0.27350756525993347;0.0
0.021212108433246613;0.021212108433246613;0.05608545243740082;0.0;0.27544257044792175;0.37364819645881653;0.27544257044792175;0.0
0.021269097924232483;0.021269097924232483;0.10144271701574326;0.0;0.2758729159832001;0.545928955078125;0.2758729159832001;0.0
0.02140188217163086;0.02140188217163086;0.1717827022075653;0.0;0.2772675156593323;0.44401130080223083;0.2772675156593323;0.0
0.021466970443725586;0.021466970443725586;0.15360914170742035;0.0;0.277557373046875;0.277557373046875;52.024967193603516;0.0
0.021468088030815125;0.021468088030815125;0.05900828540325165;0.0;0.27831923961639404;0.43493741750717163;0.27831923961639404;0.0
0.02147834002971649;0.02147834002971649;0.1418224424123764;0.0;0.2794918119907379;1.1702104806900024;0.2794918119907379;0.0
0.021629691123962402;0.021629691123962402;0.1600959450006485;0.0;0.27964988350868225;0.689115583896637;0.27964988350868225;0.0
0.021855831146240234;0.021855831146240234;0.04750242829322815;0.0;0.27997589111328125;0.27997589111328125;0.2834274470806122;0.0
0.021873950958251953;0.021873950958251953;0.0737929493188858;0.0;0.28079915046691895;0.49161651730537415;0.28079915046691895;0.0
0.021938085556030273;0.021938085556030273;0.14286750555038452;0.0;0.2809652090072632;0.3418447971343994;0.2809652090072632;0.0
0.02198408544063568;0.02198408544063568;0.17402713000774384;0.0;0.2810247242450714;0.37348222732543945;0.2810247242450714;0.0
0.0220135897397995;0.0220135897397995;0.11530403792858124;0.0;0.2815451920032501;0.3975462317466736;0.2815451920032501;0.0
0.02218693494796753;0.02218693494796753;0.2039792537689209;0.0;0.2820489704608917;1.1734133958816528;0.2820489704608917;0.0
0.022303208708763123;0.022303208708763123;0.13522139191627502;0.0;0.28329187631607056;0.5308094024658203;0.28329187631607056;0.0
0.02233704924583435;0.02233704924583435;0.23134973645210266;0.0;0.2834874391555786;0.2834874391555786;0.32305920124053955;0.0
0.022379636764526367;0.022379636764526367;0.17320583760738373;0.0;0.2845415472984314;0.334855318069458;0.2845415472984314;0.0
0.022398188710212708;0.022398188710212708;0.06054806709289551;0.0;0.28643426299095154;0.43672317266464233;0.28643426299095154;0.0
0.022431284189224243;0.022431284189224243;0.19996017217636108;0.0;0.28705036640167236;0.3496127128601074;0.28705036640167236;0.0
0.022468090057373047;0.022468090057373047;0.0663091316819191;0.0;0.28748711943626404;0.49756383895874023;0.28748711943626404;0.0
0.022509783506393433;0.022509783506393433;0.06394347548484802;0.0;0.28783732652664185;0.642240583896637;0.28783732652664185;0.0
0.02257758378982544;0.02257758378982544;0.15150859951972961;0.0;0.2892337739467621;0.6708447933197021;0.2892337739467621;0.0
0.022621050477027893;0.022621050477027893;0.08140253275632858;0.0;0.289427250623703;0.42463183403015137;0.289427250623703;0.0
0.0227280855178833;0.0227280855178833;0.11236869543790817;0.0;0.28972116112709045;0.4134470820426941;0.28972116112709045;0.0
0.02281973510980606;0.02281973510980606;0.09953726828098297;0.0;0.29172706604003906;0.3883049786090851;0.29172706604003906;0.0
0.02284844219684601;0.02284844219684601;0.13611888885498047;0.0;0.291906476020813;0.47534307837486267;0.291906476020813;0.0
0.02291087806224823;0.02291087806224823;0.08005083352327347;0.0;0.29231733083724976;0.5944985151290894;0.29231733083724976;0.0
0.023035719990730286;0.023035719990730286;0.109702929854393;0.0;0.2923310697078705;0.4864789545536041;0.2923310697078705;0.0
0.02309335768222809;0.02309335768222809;0.08093370497226715;0.0;0.29239940643310547;0.49756336212158203;0.29239940643310547;0.0
0.0231427401304245;0.0231427401304245;0.2769160270690918;0.0;0.2933405637741089;0.36164024472236633;0.2933405637741089;0.0
0.023184657096862793;0.023184657096862793;0.05780179053544998;0.0;0.2938343584537506;0.37292301654815674;0.2938343584537506;0.0
0.02325722575187683;0.02325722575187683;0.2453383356332779;0.0;0.29512155055999756;0.645622193813324;0.29512155055999756;0.0
0.023321762681007385;0.023321762681007385;0.06538084149360657;0.0;0.295192152261734;0.41020962595939636;0.295192152261734;0.0
0.023338019847869873;0.023338019847869873;0.07589942216873169;0.0;0.2953106164932251;0.9072849750518799;0.2953106164932251;0.0
0.023340463638305664;0.023340463638305664;0.11752098798751831;0.0;0.2956915497779846;0.4405933618545532;0.2956915497779846;0.0
0.023366659879684448;0.023366659879684448;0.17331627011299133;0.0;0.29610171914100647;0.29610171914100647;0.6152706742286682;0.0
0.02337154746055603;0.02337154746055603;0.07953391969203949;0.0;0.29626891016960144;0.6641034483909607;0.29626891016960144;0.0
0.02339160442352295;0.02339160442352295;0.18328368663787842;0.0;0.2987213730812073;0.766152560710907;0.2987213730812073;0.0
0.02340499311685562;0.02340499311685562;0.05862390995025635;0.0;0.29926976561546326;0.45720142126083374;0.29926976561546326;0.0
0.02341216802597046;0.02341216802597046;0.04402145370841026;0.0;0.29984185099601746;0.3793492913246155;0.29984185099601746;0.0
0.02344624698162079;0.02344624698162079;0.09356480836868286;0.0;0.3015539348125458;0.3621450662612915;0.3015539348125458;0.0
0.023523420095443726;0.023523420095443726;0.09343963116407394;0.0;0.3023260533809662;0.5814552307128906;0.3023260533809662;0.0
0.02368408441543579;0.02368408441543579;0.058711498975753784;0.0;0.30272382497787476;0.30272382497787476;0.33814743161201477;0.0
0.02371525764465332;0.02371525764465332;0.13646987080574036;0.0;0.30330944061279297;0.6126511096954346;0.30330944061279297;0.0
0.023725450038909912;0.023725450038909912;0.04257094860076904;0.0;0.30363303422927856;0.7273627519607544;0.30363303422927856;0.0
0.02376580238342285;0.02376580238342285;0.13049668073654175;0.0;0.30368196964263916;0.6888584494590759;0.30368196964263916;0.0
0.02396869659423828;0.02396869659423828;0.16293329000473022;0.0;0.3042440116405487;0.5050477385520935;0.3042440116405487;0.0
0.02399808168411255;0.02399808168411255;0.1598997861146927;0.0;0.30771636962890625;0.5744672417640686;0.30771636962890625;0.0
0.024064835160970688;0.024064835160970688;0.06589516252279282;0.0;0.30974850058555603;0.5608425140380859;0.30974850058555603;0.0
0.024139851331710815;0.024139851331710815;0.05907490849494934;0.0;0.3113219141960144;0.5865774750709534;0.3113219141960144;0.0
0.024144351482391357;0.024144351482391357;0.10544948279857635;0.0;0.31187984347343445;0.5757480263710022;0.31187984347343445;0.0
0.02419227361679077;0.02419227361679077;0.06396913528442383;0.0;0.3121110796928406;0.4585206210613251;0.3121110796928406;0.0
0.0243455171585083;0.0243455171585083;0.0701909065246582;0.0;0.31256285309791565;0.6346632242202759;0.31256285309791565;0.0
0.024347692728042603;0.024347692728042603;0.05186647176742554;0.0;0.31303077936172485;0.46826863288879395;0.31303077936172485;0.0
0.024444017559289932;0.024444017559289932;0.10826656222343445;0.0;0.31388866901397705;0.31388866901397705;1.3949475288391113;0.0
0.02446773648262024;0.02446773648262024;0.04734522104263306;0.0;0.3150004744529724;0.46065518260002136;0.3150004744529724;0.0
0.024479389190673828;0.024479389190673828;0.3383903503417969;0.0;0.31599098443984985;0.9316460490226746;0.31599098443984985;0.0
0.024482980370521545;0.024482980370521545;0.10503333806991577;0.0;0.3164001405239105;0.4086274206638336;0.3164001405239105;0.0
0.024544313549995422;0.024544313549995422;0.08149568736553192;0.0;0.3176133334636688;0.6118806600570679;0.3176133334636688;0.0
0.02471071481704712;0.02471071481704712;0.1270243525505066;0.0;0.3186018168926239;0.6662454009056091;0.3186018168926239;0.0
0.024726875126361847;0.024726875126361847;0.14434099197387695;0.0;0.31933581829071045;0.4011281430721283;0.31933581829071045;0.0
0.024734772741794586;0.024734772741794586;0.26721975207328796;0.0;0.3193903863430023;0.467779278755188;0.3193903863430023;0.0
0.02474135160446167;0.02474135160446167;0.2020387351512909;0.0;0.32056698203086853;0.32056698203086853;0.450773686170578;0.0
0.02476060390472412;0.02476060390472412;0.29756927490234375;0.0;0.3207791745662689;0.6552034616470337;0.3207791745662689;0.0
0.024894237518310547;0.024894237518310547;0.09060373157262802;0.0;0.32621052861213684;0.32621052861213684;1.1533349752426147;0.0
0.02490583062171936;0.02490583062171936;0.11146195232868195;0.0;0.3266773223876953;0.3873682916164398;0.3266773223876953;0.0
0.024929530918598175;0.024929530918598175;0.1066274642944336;0.0;0.33041056990623474;0.5191402435302734;0.33041056990623474;0.0
0.025087982416152954;0.025087982416152954;0.13557949662208557;0.0;0.33067741990089417;0.811225414276123;0.33067741990089417;0.0
0.02509273588657379;0.02509273588657379;0.15700018405914307;0.0;0.3308666944503784;0.9389954209327698;0.3308666944503784;0.0
0.0251157209277153;0.0251157209277153;0.2821287512779236;0.0;0.33119553327560425;0.48872843384742737;0.33119553327560425;0.0
0.025228381156921387;0.025228381156921387;0.3174315094947815;0.0;0.33178943395614624;0.580295205116272;0.33178943395614624;0.0
0.025243818759918213;0.025243818759918213;0.08715105056762695;0.0;0.3337203860282898;0.6221769452095032;0.3337203860282898;0.0
0.025263458490371704;0.025263458490371704;0.1486395001411438;0.0;0.33575695753097534;0.4783771336078644;0.33575695753097534;0.0
0.02527467906475067;0.02527467906475067;0.08156776428222656;0.0;0.3368656635284424;0.8620288372039795;0.3368656635284424;0.0
0.025327637791633606;0.025327637791633606;0.15263044834136963;0.0;0.33737611770629883;0.5565228462219238;0.33737611770629883;0.0
0.02535100281238556;0.02535100281238556;0.2610507905483246;0.0;0.3389882445335388;0.7600802779197693;0.3389882445335388;0.0
0.025381416082382202;0.025381416082382202;0.18728846311569214;0.0;0.3403393030166626;0.38781610131263733;0.3403393030166626;0.0
0.02541273832321167;0.02541273832321167;0.0805450826883316;0.0;0.3414616584777832;0.5004953145980835;0.3414616584777832;0.0
0.025427520275115967;0.025427520275115967;0.20614920556545258;0.0;0.3429486155509949;0.9646562337875366;0.3429486155509949;0.0
0.025444217026233673;0.025444217026233673;0.05052461847662926;0.0;0.34519532322883606;0.3880516588687897;0.34519532322883606;0.0
0.025459736585617065;0.025459736585617065;0.1911880075931549;0.0;0.34685057401657104;0.4736463725566864;0.34685057401657104;0.0
0.025466635823249817;0.025466635823249817;0.1153339147567749;0.0;0.3470875322818756;0.49736589193344116;0.3470875322818756;0.0
0.02550414204597473;0.02550414204597473;0.08728748559951782;0.0;0.3471444249153137;0.6156993508338928;0.3471444249153137;0.0
0.02554669976234436;0.02554669976234436;0.1329367458820343;0.0;0.34761884808540344;0.47355660796165466;0.34761884808540344;0.0
0.02556508779525757;0.02556508779525757;0.07414111495018005;0.0;0.34879374504089355;0.34879374504089355;0.43522408604621887;0.0
0.02557089924812317;0.02557089924812317;0.2288246750831604;0.0;0.3497660756111145;0.3497660756111145;0.401827335357666;0.0
0.025643110275268555;0.025643110275268555;0.19085870683193207;0.0;0.3521976172924042;0.7772933840751648;0.3521976172924042;0.0
0.025693386793136597;0.025693386793136597;0.15151073038578033;0.0;0.35387319326400757;0.7595977783203125;0.35387319326400757;0.0
0.02577844262123108;0.02577844262123108;0.10940411686897278;0.0;0.355970174074173;0.7452489137649536;0.355970174074173;0.0
0.025914445519447327;0.025914445519447327;0.07681881636381149;0.0;0.3563847839832306;0.5342116355895996;0.3563847839832306;0.0
0.025938451290130615;0.025938451290130615;0.30497679114341736;0.0;0.3568325340747833;0.6757224202156067;0.3568325340747833;0.0
0.026234954595565796;0.026234954595565796;0.1717258095741272;0.0;0.3572175204753876;0.8413938283920288;0.3572175204753876;0.0
0.026249021291732788;0.026249021291732788;0.15768934786319733;0.0;0.3583652079105377;0.7176182866096497;0.3583652079105377;0.0
0.026305317878723145;0.026305317878723145;0.13270720839500427;0.0;0.3584192991256714;0.7461859583854675;0.3584192991256714;0.0
0.026383109390735626;0.026383109390735626;0.13028046488761902;0.0;0.3599373996257782;0.4150030016899109;0.3599373996257782;0.0
0.026421725749969482;0.026421725749969482;0.06608420610427856;0.0;0.3605775833129883;0.8252027034759521;0.3605775833129883;0.0
0.026444360613822937;0.026444360613822937;0.07823678851127625;0.0;0.3616747558116913;0.6865140199661255;0.3616747558116913;0.0
0.02648147940635681;0.02648147940635681;0.14685511589050293;0.0;0.3620423674583435;0.5059109926223755;0.3620423674583435;0.0
0.026497580111026764;0.026497580111026764;0.07826739549636841;0.0;0.3627939224243164;0.3627939224243164;0.4003358483314514;0.0
0.026514559984207153;0.026514559984207153;0.4460456371307373;0.0;0.36482012271881104;1.1706315279006958;0.36482012271881104;0.0
0.026519447565078735;0.026519447565078735;0.06625933200120926;0.0;0.36509260535240173;0.4904349148273468;0.36509260535240173;0.0
0.026537202298641205;0.026537202298641205;0.06916207075119019;0.0;0.3652212917804718;0.5630519390106201;0.3652212917804718;0.0
0.026692301034927368;0.026692301034927368;0.08872662484645844;0.0;0.3656105399131775;0.5911405086517334;0.3656105399131775;0.0
0.026705995202064514;0.026705995202064514;0.10682332515716553;0.0;0.36574992537498474;0.43329131603240967;0.36574992537498474;0.0
0.02681940793991089;0.02681940793991089;0.16862565279006958;0.0;0.36587420105934143;0.633634626865387;0.36587420105934143;0.0
0.026837602257728577;0.026837602257728577;0.18721513450145721;0.0;0.36682596802711487;0.5210170149803162;0.36682596802711487;0.0
0.026839643716812134;0.026839643716812134;0.1526472270488739;0.0;0.36737221479415894;0.5057245492935181;0.36737221479415894;0.0
0.026919767260551453;0.026919767260551453;0.19270148873329163;0.0;0.3684169352054596;0.6129422187805176;0.3684169352054596;0.0
0.027171671390533447;0.027171671390533447;0.20551742613315582;0.0;0.36877894401550293;0.7295962572097778;0.36877894401550293;0.0
0.027193106710910797;0.027193106710910797;0.12689486145973206;0.0;0.36886656284332275;0.4595837891101837;0.36886656284332275;0.0
0.02726256102323532;0.02726256102323532;0.09835896641016006;0.0;0.37103888392448425;1.1498908996582031;0.37103888392448425;0.0
0.027267828583717346;0.027267828583717346;0.08512522280216217;0.0;0.3752157986164093;0.5039584636688232;0.3752157986164093;0.0
0.027269892394542694;0.027269892394542694;0.09735026955604553;0.0;0.37646469473838806;0.7768675684928894;0.37646469473838806;0.0
0.02727477252483368;0.02727477252483368;0.107962466776371;0.0;0.37667524814605713;0.779207170009613;0.37667524814605713;0.0
0.027313875034451485;0.027313875034451485;0.050951555371284485;0.0;0.37776875495910645;0.5304567217826843;0.37776875495910645;0.0
0.027352437376976013;0.027352437376976013;0.19408367574214935;0.0;0.37881267070770264;0.37881267070770264;0.6590105295181274;0.0
0.02738046646118164;0.02738046646118164;0.11085642874240875;0.0;0.3794424831867218;0.6834388971328735;0.3794424831867218;0.0
0.027538694441318512;0.027538694441318512;0.05299975723028183;0.0;0.38147833943367004;0.6357985138893127;0.38147833943367004;0.0
0.027628347277641296;0.027628347277641296;0.08095818758010864;0.0;0.3817848563194275;0.5220230221748352;0.3817848563194275;0.0
0.027718551456928253;0.027718551456928253;0.08114242553710938;0.0;0.383581280708313;0.5468474626541138;0.383581280708313;0.0
0.027894213795661926;0.027894213795661926;0.21269387006759644;0.0;0.3841518759727478;0.5005638003349304;0.3841518759727478;0.0
0.02806231379508972;0.02806231379508972;0.21748292446136475;0.0;0.38586708903312683;0.6996527910232544;0.38586708903312683;0.0
0.02813536673784256;0.02813536673784256;0.22154782712459564;0.0;0.38613560795783997;0.457554429769516;0.38613560795783997;0.0
0.028135791420936584;0.028135791420936584;0.1264067441225052;0.0;0.3867150843143463;0.3867150843143463;0.531947672367096;0.0
0.0281536728143692;0.0281536728143692;0.09922362864017487;0.0;0.38681334257125854;0.5586703419685364;0.38681334257125854;0.0
0.028167545795440674;0.028167545795440674;0.10652345418930054;0.0;0.391236811876297;0.8941004872322083;0.391236811876297;0.0
0.02817026525735855;0.02817026525735855;0.14398416876792908;0.0;0.39188089966773987;0.6537832021713257;0.39188089966773987;0.0
0.028211236000061035;0.028211236000061035;0.11069166660308838;0.0;0.39220091700553894;0.5105845928192139;0.39220091700553894;0.0
0.02824816107749939;0.02824816107749939;0.12342023849487305;0.0;0.3927219808101654;0.43753424286842346;0.3927219808101654;0.0
0.028286762535572052;0.028286762535572052;0.31198006868362427;0.0;0.39283308386802673;0.39283308386802673;1.0510706901550293;0.0
0.02830851823091507;0.02830851823091507;0.13528349995613098;0.0;0.39487844705581665;0.6958714127540588;0.39487844705581665;0.0
0.02831675112247467;0.02831675112247467;0.10787075757980347;0.0;0.3953174948692322;0.5890706777572632;0.3953174948692322;0.0
0.028377093374729156;0.028377093374729156;0.10249067097902298;0.0;0.3987942039966583;0.5612084865570068;0.3987942039966583;0.0
0.028448551893234253;0.028448551893234253;0.28290003538131714;0.0;0.39965447783470154;0.8434436917304993;0.39965447783470154;0.0
0.02845388650894165;0.02845388650894165;0.36953580379486084;0.0;0.399788498878479;0.399788498878479;40.11580276489258;0.0
0.028574645519256592;0.028574645519256592;0.07465469837188721;0.0;0.40303996205329895;0.7464125156402588;0.40303996205329895;0.0
0.028673898428678513;0.028673898428678513;0.3174786865711212;0.0;0.40307605266571045;0.5405094623565674;0.40307605266571045;0.0
0.028894439339637756;0.028894439339637756;0.12247952818870544;0.0;0.4062585234642029;0.48413828015327454;0.4062585234642029;0.0
0.028989434242248535;0.028989434242248535;0.5087449550628662;0.0;0.4067506492137909;0.6051856875419617;0.4067506492137909;0.0
0.029262781143188477;0.029262781143188477;0.403503954410553;0.0;0.4081350266933441;0.45944616198539734;0.4081350266933441;0.0
0.02939952164888382;0.02939952164888382;0.07888933271169662;0.0;0.4091874361038208;0.5600743889808655;0.4091874361038208;0.0
0.02943284809589386;0.02943284809589386;0.23307722806930542;0.0;0.40964818000793457;0.414652019739151;0.40964818000793457;0.0
0.02950453758239746;0.02950453758239746;0.14228802919387817;0.0;0.4115423262119293;0.659917414188385;0.4115423262119293;0.0
0.029560476541519165;0.029560476541519165;0.11252690851688385;0.0;0.412149041891098;0.6545507907867432;0.412149041891098;0.0
0.02982008457183838;0.02982008457183838;0.24077564477920532;0.0;0.41308847069740295;0.696124792098999;0.41308847069740295;0.0
0.02994409203529358;0.02994409203529358;0.27023422718048096;0.0;0.4140544533729553;0.612469494342804;0.4140544533729553;0.0
0.029958724975585938;0.029958724975585938;0.06866799294948578;0.0;0.41411101818084717;0.594027578830719;0.41411101818084717;0.0
0.02998766303062439;0.02998766303062439;0.19376856088638306;0.0;0.41433635354042053;1.0125006437301636;0.41433635354042053;0.0
0.03003549575805664;0.03003549575805664;0.30375370383262634;0.0;0.41494467854499817;0.6175658702850342;0.41494467854499817;0.0
0.030094221234321594;0.030094221234321594;0.28474998474121094;0.0;0.4163625240325928;0.646205723285675;0.4163625240325928;0.0
0.030139505863189697;0.030139505863189697;0.18740777671337128;0.0;0.41717812418937683;0.5509392619132996;0.41717812418937683;0.0
0.030209779739379883;0.030209779739379883;0.15189515054225922;0.0;0.41745975613594055;0.7693429589271545;0.41745975613594055;0.0
0.03027830272912979;0.03027830272912979;0.09824776649475098;0.0;0.41910454630851746;0.6573876142501831;0.41910454630851746;0.0
0.030278794467449188;0.030278794467449188;0.2522854804992676;0.0;0.41945961117744446;1.749098777770996;0.41945961117744446;0.0
0.030297845602035522;0.030297845602035522;0.04258476197719574;0.0;0.42022615671157837;0.508384108543396;0.42022615671157837;0.0
0.03038427233695984;0.03038427233695984;0.194083571434021;0.0;0.42039158940315247;0.6057354211807251;0.42039158940315247;0.0
0.030410170555114746;0.030410170555114746;0.19950062036514282;0.0;0.42265865206718445;0.42265865206718445;0.9665106534957886;0.0
0.030489422380924225;0.030489422380924225;0.07859151065349579;0.0;0.4234202802181244;0.6791008114814758;0.4234202802181244;0.0
0.030511707067489624;0.030511707067489624;0.16659153997898102;0.0;0.4258635342121124;0.5265123844146729;0.4258635342121124;0.0
0.0305158793926239;0.0305158793926239;0.21156008541584015;0.0;0.4258878827095032;0.44330647587776184;0.4258878827095032;0.0
0.03053043782711029;0.03053043782711029;0.14696457982063293;0.0;0.42623838782310486;0.5990604162216187;0.42623838782310486;0.0
0.030647173523902893;0.030647173523902893;0.08002737164497375;0.0;0.42690563201904297;1.5317957401275635;0.42690563201904297;0.0
0.030696392059326172;0.030696392059326172;0.1788548231124878;0.0;0.426923543214798;0.5168207287788391;0.426923543214798;0.0
0.0307961106300354;0.0307961106300354;0.07033184170722961;0.0;0.42717501521110535;0.9985812306404114;0.42717501521110535;0.0
0.030903354287147522;0.030903354287147522;0.185093954205513;0.0;0.42833030223846436;0.6196865439414978;0.42833030223846436;0.0
0.030929237604141235;0.030929237604141235;0.13682571053504944;0.0;0.429536908864975;0.44104576110839844;0.429536908864975;0.0
0.031139492988586426;0.031139492988586426;0.11758852005004883;0.0;0.4298931062221527;0.5239922404289246;0.4298931062221527;0.0
0.03114902973175049;0.03114902973175049;0.2126220464706421;0.0;0.430412620306015;0.5566761493682861;0.430412620306015;0.0
0.03128966689109802;0.03128966689109802;0.2513073980808258;0.0;0.4309498965740204;0.679373562335968;0.4309498965740204;0.0
0.0313635915517807;0.0313635915517807;0.12498196959495544;0.0;0.43270012736320496;0.4630982577800751;0.43270012736320496;0.0
0.03146882355213165;0.03146882355213165;0.12489526718854904;0.0;0.4333794116973877;0.658896803855896;0.4333794116973877;0.0
0.0314946174621582;0.0314946174621582;0.2073531597852707;0.0;0.4336027503013611;0.6829391121864319;0.4336027503013611;0.0
0.031573086977005005;0.031573086977005005;0.187831848859787;0.0;0.43728941679000854;0.6302104592323303;0.43728941679000854;0.0
0.031598955392837524;0.031598955392837524;0.10850581526756287;0.0;0.43730783462524414;0.8464241623878479;0.43730783462524414;0.0
0.03206530213356018;0.03206530213356018;0.18300071358680725;0.0;0.43786492943763733;0.8509271740913391;0.43786492943763733;0.0
0.03210282325744629;0.03210282325744629;0.14693611860275269;0.0;0.4410315454006195;0.6616613864898682;0.4410315454006195;0.0
0.0321371853351593;0.0321371853351593;0.18872027099132538;0.0;0.4422738552093506;0.4422738552093506;0.6492913961410522;0.0
0.03217945992946625;0.03217945992946625;0.17339512705802917;0.0;0.44711023569107056;0.6928578019142151;0.44711023569107056;0.0
0.032194584608078;0.032194584608078;0.23807355761528015;0.0;0.447277307510376;0.9038285613059998;0.447277307510376;0.0
0.032333821058273315;0.032333821058273315;0.28713786602020264;0.0;0.447615385055542;0.5515335202217102;0.447615385055542;0.0
0.03246469795703888;0.03246469795703888;0.09256155788898468;0.0;0.4479976296424866;0.8352932929992676;0.4479976296424866;0.0
0.03252491354942322;0.03252491354942322;0.1413356065750122;0.0;0.44839757680892944;1.1069552898406982;0.44839757680892944;0.0
0.03255298733711243;0.03255298733711243;0.156352236866951;0.0;0.44854736328125;0.6054702997207642;0.44854736328125;0.0
0.03265148401260376;0.03265148401260376;0.07590624690055847;0.0;0.44866427779197693;0.7950544357299805;0.44866427779197693;0.0
0.03267931938171387;0.03267931938171387;0.41799691319465637;0.0;0.44890373945236206;0.7042810320854187;0.44890373945236206;0.0
0.03272770345211029;0.03272770345211029;0.6206984519958496;0.0;0.4491437077522278;0.5302794575691223;0.4491437077522278;0.0
0.032903507351875305;0.032903507351875305;0.4167855679988861;0.0;0.45247164368629456;0.8132634162902832;0.45247164368629456;0.0
0.03291718661785126;0.03291718661785126;0.39683789014816284;0.0;0.45251914858818054;0.9952909350395203;0.45251914858818054;0.0
0.03293716907501221;0.03293716907501221;0.1783967912197113;0.0;0.4537942707538605;0.47963154315948486;0.4537942707538605;0.0
0.03294271230697632;0.03294271230697632;0.17815008759498596;0.0;0.4549284875392914;0.729969322681427;0.4549284875392914;0.0
0.03295715153217316;0.03295715153217316;0.2531434893608093;0.0;0.45633429288864136;1.2540839910507202;0.45633429288864136;0.0
0.03304019197821617;0.03304019197821617;0.0893881618976593;0.0;0.4592847526073456;0.9437911510467529;0.4592847526073456;0.0
0.033108294010162354;0.033108294010162354;0.0836687684059143;0.0;0.45952001214027405;0.513261616230011;0.45952001214027405;0.0
0.03312693536281586;0.03312693536281586;0.8165496587753296;0.0;0.4599618911743164;0.4599618911743164;0.5251319408416748;0.0
0.033165812492370605;0.033165812492370605;0.15481409430503845;0.0;0.46056851744651794;1.0292772054672241;0.46056851744651794;0.0
0.03319332003593445;0.03319332003593445;0.3859389126300812;0.0;0.4624103009700775;0.5635225176811218;0.4624103009700775;0.0
0.03330513834953308;0.03330513834953308;0.14730362594127655;0.0;0.4630340337753296;0.6494180560112;0.4630340337753296;0.0
0.03331819921731949;0.03331819921731949;0.07410939782857895;0.0;0.4643546938896179;0.8087813854217529;0.4643546938896179;0.0
0.03339320421218872;0.03339320421218872;0.16372400522232056;0.0;0.46583205461502075;0.9482163190841675;0.46583205461502075;0.0
0.03354156017303467;0.03354156017303467;0.2734484076499939;0.0;0.4661816954612732;0.9429416656494141;0.4661816954612732;0.0
0.033692579716444016;0.033692579716444016;0.25035274028778076;0.0;0.4666544198989868;0.4666544198989868;0.47665563225746155;0.0
0.03383447229862213;0.03383447229862213;0.07515126466751099;0.0;0.4668614864349365;0.6656031012535095;0.4668614864349365;0.0
0.03386658430099487;0.03386658430099487;0.08363556861877441;0.0;0.4681636691093445;0.9646590948104858;0.4681636691093445;0.0
0.033906981348991394;0.033906981348991394;0.3457314074039459;0.0;0.4684324860572815;1.0202347040176392;0.4684324860572815;0.0
0.03392013907432556;0.03392013907432556;0.22800874710083008;0.0;0.46939659118652344;1.0447520017623901;0.46939659118652344;0.0
0.034097820520401;0.034097820520401;0.12297047674655914;0.0;0.4694291055202484;0.5610722303390503;0.4694291055202484;0.0
0.03421339392662048;0.03421339392662048;0.16944658756256104;0.0;0.4703081250190735;0.9443526864051819;0.4703081250190735;0.0
0.0342184454202652;0.0342184454202652;0.19425787031650543;0.0;0.47095927596092224;1.1260435581207275;0.47095927596092224;0.0
0.0343635231256485;0.0343635231256485;0.06952716410160065;0.0;0.47324350476264954;1.097960114479065;0.47324350476264954;0.0
0.03439456224441528;0.03439456224441528;0.18040765821933746;0.0;0.4744701087474823;0.6605051755905151;0.4744701087474823;0.0
0.03439903259277344;0.03439903259277344;0.24807454645633698;0.0;0.4758259356021881;0.6940518021583557;0.4758259356021881;0.0
0.03440883755683899;0.03440883755683899;0.3480067849159241;0.0;0.4763702154159546;0.7119821906089783;0.4763702154159546;0.0
0.03444439172744751;0.03444439172744751;0.1499979943037033;0.0;0.4784281253814697;0.5057870745658875;0.4784281253814697;0.0
0.03466030955314636;0.03466030955314636;0.24747726321220398;0.0;0.47889575362205505;0.8574740290641785;0.47889575362205505;0.0
0.03486114740371704;0.03486114740371704;0.24776586890220642;0.0;0.4794577360153198;0.7543977499008179;0.4794577360153198;0.0
0.03496396541595459;0.03496396541595459;0.366667240858078;0.0;0.47981926798820496;0.5940035581588745;0.47981926798820496;0.0
0.03507494926452637;0.03507494926452637;0.26259639859199524;0.0;0.48003843426704407;1.1149343252182007;0.48003843426704407;0.0
0.03516170382499695;0.03516170382499695;0.13424092531204224;0.0;0.48042061924934387;0.8525665998458862;0.48042061924934387;0.0
0.03519552946090698;0.03519552946090698;0.09243816137313843;0.0;0.4816422164440155;0.670176088809967;0.4816422164440155;0.0
0.03519892692565918;0.03519892692565918;0.09805712103843689;0.0;0.48167097568511963;0.5747678279876709;0.48167097568511963;0.0
0.03522193431854248;0.03522193431854248;0.3775542676448822;0.0;0.4825214147567749;0.6929292678833008;0.4825214147567749;0.0
0.035277605056762695;0.035277605056762695;0.12961864471435547;0.0;0.48376378417015076;1.1658844947814941;0.48376378417015076;0.0
0.03539279103279114;0.03539279103279114;0.1699141412973404;0.0;0.4844662845134735;0.5562035441398621;0.4844662845134735;0.0
0.035493940114974976;0.035493940114974976;0.14483383297920227;0.0;0.4887511730194092;0.4887511730194092;0.49978166818618774;0.0
0.035498425364494324;0.035498425364494324;0.16797173023223877;0.0;0.4890771210193634;0.6233711838722229;0.4890771210193634;0.0
0.03558062016963959;0.03950498253107071;0.03558062016963959;0.0;0.4912305772304535;0.7395366430282593;0.4912305772304535;0.0
0.0356280654668808;0.0356280654668808;0.17276161909103394;0.0;0.49155449867248535;0.5519764423370361;0.49155449867248535;0.0
0.03562808036804199;0.03562808036804199;0.19115328788757324;0.0;0.4928099811077118;0.5335254073143005;0.4928099811077118;0.0
0.03569096326828003;0.03569096326828003;0.08103122562170029;0.0;0.49306365847587585;0.7920321226119995;0.49306365847587585;0.0
0.035752683877944946;0.035752683877944946;0.5278570055961609;0.0;0.49412789940834045;1.0956392288208008;0.49412789940834045;0.0
0.03576028347015381;0.03576028347015381;0.29113391041755676;0.0;0.49616333842277527;0.8624584078788757;0.49616333842277527;0.0
0.03577336668968201;0.03577336668968201;0.18858233094215393;0.0;0.49624893069267273;0.7688595652580261;0.49624893069267273;0.0
0.03592762351036072;0.03592762351036072;0.21893727779388428;0.0;0.49738699197769165;0.5941033363342285;0.49738699197769165;0.0
0.03596702218055725;0.03596702218055725;0.3122399151325226;0.0;0.49798667430877686;0.9481870532035828;0.49798667430877686;0.0
0.0359724760055542;0.0359724760055542;0.15260566771030426;0.0;0.49872639775276184;0.7582882046699524;0.49872639775276184;0.0
0.035997867584228516;0.035997867584228516;0.08036918938159943;0.0;0.5008915662765503;1.1497026681900024;0.5008915662765503;0.0
0.036025553941726685;0.036025553941726685;0.23215872049331665;0.0;0.5009462237358093;0.5009886026382446;0.5009462237358093;0.0
0.03606327623128891;0.03606327623128891;0.121834397315979;0.0;0.5062614679336548;0.9251888394355774;0.5062614679336548;0.0
0.03606736660003662;0.03606736660003662;0.12016524374485016;0.0;0.5075584053993225;0.6004945635795593;0.5075584053993225;0.0
0.03608056902885437;0.03608056902885437;0.2602813243865967;0.0;0.5087786316871643;0.8664250373840332;0.5087786316871643;0.0
0.036145687103271484;0.036145687103271484;0.072095587849617;0.0;0.5101834535598755;1.2227381467819214;0.5101834535598755;0.0
0.036187544465065;0.036187544465065;0.13356582820415497;0.0;0.5103028416633606;0.6899418830871582;0.5103028416633606;0.0
0.03621095418930054;0.03621095418930054;0.16285841166973114;0.0;0.5107828378677368;0.7099437117576599;0.5107828378677368;0.0
0.03622406721115112;0.03622406721115112;0.09912797808647156;0.0;0.517875075340271;1.6040934324264526;0.517875075340271;0.0
0.0363941490650177;0.0363941490650177;0.25121182203292847;0.0;0.5192808508872986;0.6413578987121582;0.5192808508872986;0.0
0.03643280267715454;0.03643280267715454;0.22430194914340973;0.0;0.524040937423706;1.1586568355560303;0.524040937423706;0.0
0.03649487346410751;0.03649487346410751;0.16864269971847534;0.0;0.5256231427192688;0.6838219165802002;0.5256231427192688;0.0
0.03654216229915619;0.03654216229915619;0.24124731123447418;0.0;0.5259780287742615;1.1138299703598022;0.5259780287742615;0.0
0.036740995943546295;0.036740995943546295;0.1272737979888916;0.0;0.5270525217056274;0.9007531404495239;0.5270525217056274;0.0
0.036770738661289215;0.036770738661289215;0.07734435051679611;0.0;0.5286633968353271;0.5520018935203552;0.5286633968353271;0.0
0.03699112683534622;0.03699112683534622;0.5158931016921997;0.0;0.531345546245575;1.336448311805725;0.531345546245575;0.0
0.03704032301902771;0.03704032301902771;0.21359050273895264;0.0;0.5322838425636292;0.7528713345527649;0.5322838425636292;0.0
0.037170980125665665;0.037170980125665665;0.2040894627571106;0.0;0.533565104007721;0.6310477256774902;0.533565104007721;0.0
0.03719833493232727;0.03719833493232727;0.10401871800422668;0.0;0.5341528058052063;0.7248371839523315;0.5341528058052063;0.0
0.03732752799987793;0.03732752799987793;0.2748721241950989;0.0;0.5372040867805481;0.8996607661247253;0.5372040867805481;0.0
0.03735274076461792;0.03735274076461792;0.3826402723789215;0.0;0.5373013615608215;0.919390857219696;0.5373013615608215;0.0
0.03739026188850403;0.03739026188850403;0.2994921803474426;0.0;0.5392970442771912;1.0482110977172852;0.5392970442771912;0.0
0.03753344714641571;0.03753344714641571;0.3203866481781006;0.0;0.5393942594528198;0.7191163301467896;0.5393942594528198;0.0
0.037756383419036865;0.037756383419036865;0.23560331761837006;0.0;0.5400368571281433;0.6909877061843872;0.5400368571281433;0.0
0.0378110408782959;0.0378110408782959;0.21770787239074707;0.0;0.5403569340705872;0.664124608039856;0.5403569340705872;0.0
0.03781136870384216;0.03781136870384216;0.16928362846374512;0.0;0.5437081456184387;0.7903240919113159;0.5437081456184387;0.0
0.03804121911525726;0.03804121911525726;0.3729037642478943;0.0;0.5442583560943604;1.1596542596817017;0.5442583560943604;0.0
0.03841087222099304;0.03841087222099304;0.22391138970851898;0.0;0.5451213121414185;0.6813764572143555;0.5451213121414185;0.0
0.038539767265319824;0.038539767265319824;0.24253879487514496;0.0;0.5455803871154785;1.0708880424499512;0.5455803871154785;0.0
0.03854167461395264;0.03854167461395264;0.15821439027786255;0.0;0.5471254587173462;0.5471254587173462;0.562152087688446;0.0
0.03871382772922516;0.03871382772922516;0.10365743935108185;0.0;0.549521803855896;0.8149707317352295;0.549521803855896;0.0
0.038829147815704346;0.038829147815704346;0.13500753045082092;0.0;0.5496739149093628;1.0903024673461914;0.5496739149093628;0.0
0.038951124995946884;0.038951124995946884;0.25745201110839844;0.0;0.5529049634933472;1.4057894945144653;0.5529049634933472;0.0
0.0390201210975647;0.0390201210975647;0.35214316844940186;0.0;0.5531874299049377;1.504402756690979;0.5531874299049377;0.0
0.03909820318222046;0.03909820318222046;0.145409494638443;0.0;0.5548263788223267;1.2640862464904785;0.5548263788223267;0.0
0.03940865397453308;0.03940865397453308;0.1347084641456604;0.0;0.55703204870224;0.7754685282707214;0.55703204870224;0.0
0.03946004807949066;0.03946004807949066;0.4267829656600952;0.0;0.5576890707015991;1.2594242095947266;0.5576890707015991;0.0
0.039473503828048706;0.039473503828048706;0.3426574468612671;0.0;0.5631853342056274;0.9305118918418884;0.5631853342056274;0.0
0.0394972562789917;0.0394972562789917;0.09335388988256454;0.0;0.5649266242980957;0.5746950507164001;0.5649266242980957;0.0
0.03959093987941742;0.03959093987941742;0.48892584443092346;0.0;0.5664007663726807;0.9427939653396606;0.5664007663726807;0.0
0.03971943259239197;0.03971943259239197;0.29542863368988037;0.0;0.5674529075622559;1.268375039100647;0.5674529075622559;0.0
0.03986656665802002;0.03986656665802002;0.10923310369253159;0.0;0.5688267350196838;0.6645205020904541;0.5688267350196838;0.0
0.039877355098724365;0.039877355098724365;0.20167352259159088;0.0;0.5701270699501038;1.386703610420227;0.5701270699501038;0.0
0.03994935750961304;0.03994935750961304;0.29013827443122864;0.0;0.5717446804046631;1.3256381750106812;0.5717446804046631;0.0
0.040161773562431335;0.040161773562431335;0.06262898445129395;0.0;0.5728397369384766;1.0988572835922241;0.5728397369384766;0.0
0.040204934775829315;0.040204934775829315;0.06445185840129852;0.0;0.573279082775116;0.9934684038162231;0.573279082775116;0.0
0.04022032022476196;0.04826510325074196;0.04022032022476196;0.0;0.575410783290863;0.7709817886352539;0.575410783290863;0.0
0.04024845361709595;0.04024845361709595;0.3557881712913513;0.0;0.5772468447685242;1.4542768001556396;0.5772468447685242;0.0
0.04025697708129883;0.04025697708129883;0.7038034200668335;0.0;0.5807565450668335;0.8155263662338257;0.5807565450668335;0.0
0.04046875983476639;0.04046875983476639;0.18309129774570465;0.0;0.5823044776916504;0.6898988485336304;0.5823044776916504;0.0
0.04051855206489563;0.04051855206489563;0.41217583417892456;0.0;0.5831502676010132;1.1928937435150146;0.5831502676010132;0.0
0.040620192885398865;0.040620192885398865;0.13769733905792236;0.0;0.5833694934844971;1.157923698425293;0.5833694934844971;0.0
0.040694452822208405;0.040694452822208405;0.18087832629680634;0.0;0.5843335390090942;1.0267211198806763;0.5843335390090942;0.0
0.04075540602207184;0.04075540602207184;0.2207181751728058;0.0;0.5845749974250793;1.0969945192337036;0.5845749974250793;0.0
0.04106692224740982;0.04106692224740982;0.230740487575531;0.0;0.5860873460769653;0.8304479122161865;0.5860873460769653;0.0
0.041271552443504333;0.041271552443504333;0.16608667373657227;0.0;0.5868057608604431;0.7456656694412231;0.5868057608604431;0.0
0.04144786298274994;0.04144786298274994;0.13704466819763184;0.0;0.5889104008674622;0.6308107972145081;0.5889104008674622;0.0
0.04150348901748657;0.04150348901748657;0.18612855672836304;0.0;0.5900852084159851;0.8067543506622314;0.5900852084159851;0.0
0.04160791635513306;0.04160791635513306;0.35816824436187744;0.0;0.5913708209991455;0.8246678113937378;0.5913708209991455;0.0
0.0417521595954895;0.0417521595954895;0.17423738539218903;0.0;0.5957033634185791;1.1218281984329224;0.5957033634185791;0.0
0.0417560338973999;0.0417560338973999;0.29021576046943665;0.0;0.5998443961143494;0.5998443961143494;0.6816103458404541;0.0
0.04186190664768219;0.04186190664768219;0.07298891991376877;0.0;0.6007589101791382;0.9637349843978882;0.6007589101791382;0.0
0.04192692041397095;0.04192692041397095;0.2403770536184311;0.0;0.6023227572441101;1.1756283044815063;0.6023227572441101;0.0
0.04207272082567215;0.04207272082567215;0.09627116471529007;0.0;0.6027682423591614;0.8279339075088501;0.6027682423591614;0.0
0.042170971632003784;0.042170971632003784;0.11941941827535629;0.0;0.6028879880905151;0.958264946937561;0.6028879880905151;0.0
0.042418211698532104;0.042418211698532104;0.22635120153427124;0.0;0.6033622622489929;0.7959740161895752;0.6033622622489929;0.0
0.042570531368255615;0.042570531368255615;0.2635180354118347;0.0;0.6058757305145264;0.8819177746772766;0.6058757305145264;0.0
0.043136924505233765;0.043136924505233765;0.3944817781448364;0.0;0.6081850528717041;1.2927109003067017;0.6081850528717041;0.0
0.04344886541366577;0.04344886541366577;0.16373908519744873;0.0;0.6083580255508423;0.8021519780158997;0.6083580255508423;0.0
0.043540358543395996;0.043540358543395996;0.23961332440376282;0.0;0.6106435060501099;1.3294832706451416;0.6106435060501099;0.0
0.043554067611694336;0.043554067611694336;0.23018988966941833;0.0;0.613186776638031;1.0918340682983398;0.613186776638031;0.0
0.04360091686248779;0.04360091686248779;0.069466233253479;0.0;0.6133291125297546;0.8039838671684265;0.6133291125297546;0.0
0.04367205500602722;0.04367205500602722;0.058501362800598145;0.0;0.613628625869751;1.0853627920150757;0.613628625869751;0.0
0.043772876262664795;0.043772876262664795;0.34374773502349854;0.0;0.6166645884513855;0.7299613356590271;0.6166645884513855;0.0
0.04385755956172943;0.04385755956172943;0.3486171066761017;0.0;0.6183652877807617;0.7893450260162354;0.6183652877807617;0.0
0.04433397948741913;0.04433397948741913;0.10811372101306915;0.0;0.6187601685523987;0.9495367407798767;0.6187601685523987;0.0
0.04436403512954712;0.04436403512954712;0.23606976866722107;0.0;0.6213564872741699;1.1859959363937378;0.6213564872741699;0.0
0.044394224882125854;0.044394224882125854;0.3796918988227844;0.0;0.6237697601318359;0.6237697601318359;0.8974045515060425;0.0
0.044439345598220825;0.044439345598220825;0.12450559437274933;0.0;0.6239393353462219;1.222549557685852;0.6239393353462219;0.0
0.044512152671813965;0.044512152671813965;0.22697919607162476;0.0;0.6246556043624878;0.7740544080734253;0.6246556043624878;0.0
0.04452724754810333;0.04452724754810333;0.23327893018722534;0.0;0.6249250173568726;2.0213587284088135;0.6249250173568726;0.0
0.04458862543106079;0.04458862543106079;0.11273598670959473;0.0;0.6252681016921997;1.482042908668518;0.6252681016921997;0.0
0.04460114240646362;0.04460114240646362;0.39586731791496277;0.0;0.626825749874115;1.1737217903137207;0.626825749874115;0.0
0.04460921883583069;0.04460921883583069;0.19235366582870483;0.0;0.6316272616386414;1.2076939344406128;0.6316272616386414;0.0
0.04463553428649902;0.04463553428649902;0.2058314085006714;0.0;0.6320338249206543;0.7597742676734924;0.6320338249206543;0.0
0.04471072554588318;0.04471072554588318;0.37988001108169556;0.0;0.6335192322731018;1.7660728693008423;0.6335192322731018;0.0
0.04473850131034851;0.04473850131034851;0.20102301239967346;0.0;0.6344910860061646;0.7843722701072693;0.6344910860061646;0.0
0.04483497142791748;0.04483497142791748;0.19320052862167358;0.0;0.63639235496521;2.215108871459961;0.63639235496521;0.0
0.04483785480260849;0.04483785480260849;0.28879886865615845;0.0;0.6367667317390442;0.8723499774932861;0.6367667317390442;0.0
0.044845521450042725;0.044845521450042725;0.09862174838781357;0.0;0.6369351744651794;1.1519408226013184;0.6369351744651794;0.0
0.04523998498916626;0.04523998498916626;0.2386936992406845;0.0;0.6369519829750061;0.9093983173370361;0.6369519829750061;0.0
0.045265376567840576;0.045265376567840576;0.4105491638183594;0.0;0.6377821564674377;0.6692595481872559;0.6377821564674377;0.0
0.045317307114601135;0.045317307114601135;0.28211814165115356;0.0;0.6382458209991455;0.6382458209991455;0.813955545425415;0.0
0.04533156752586365;0.04533156752586365;0.3373751938343048;0.0;0.6383318901062012;0.6779415011405945;0.6383318901062012;0.0
0.04534587264060974;0.04534587264060974;0.2650967836380005;0.0;0.6413723826408386;0.8802180886268616;0.6413723826408386;0.0
0.045401930809020996;0.045401930809020996;0.11969974637031555;0.0;0.6442383527755737;0.9837865829467773;0.6442383527755737;0.0
0.045407846570014954;0.045407846570014954;0.13896790146827698;0.0;0.6496076583862305;0.6496076583862305;0.6536357402801514;0.0
0.04566425085067749;0.04566425085067749;0.16423553228378296;0.0;0.6507994532585144;1.5435512065887451;0.6507994532585144;0.0
0.04590868949890137;0.04590868949890137;0.2807939052581787;0.0;0.6573277711868286;0.6573277711868286;0.6852816939353943;0.0
0.0460050106048584;0.0460050106048584;0.2861630320549011;0.0;0.6577703952789307;1.0525091886520386;0.6577703952789307;0.0
0.046056270599365234;0.046056270599365234;0.10719802975654602;0.0;0.6593090295791626;1.4023897647857666;0.6593090295791626;0.0
0.04619400203227997;0.04619400203227997;0.2464722990989685;0.0;0.6594009399414062;0.964303195476532;0.6594009399414062;0.0
0.04629047214984894;0.04629047214984894;0.2595657706260681;0.0;0.6611706614494324;1.224975824356079;0.6611706614494324;0.0
0.04647320508956909;0.04647320508956909;0.2845989763736725;0.0;0.6690050959587097;1.1460258960723877;0.6690050959587097;0.0
0.04656863212585449;0.04656863212585449;0.10867065191268921;0.0;0.6741170883178711;1.063389539718628;0.6741170883178711;0.0
0.0465930700302124;0.0465930700302124;0.29749882221221924;0.0;0.6768351197242737;1.2994189262390137;0.6768351197242737;0.0
0.04660254716873169;0.04660254716873169;0.4540732502937317;0.0;0.679043710231781;1.386220932006836;0.679043710231781;0.0
0.046667635440826416;0.046667635440826416;0.28629356622695923;0.0;0.6813217401504517;1.566007137298584;0.6813217401504517;0.0
0.04671455919742584;0.04671455919742584;0.18225467205047607;0.0;0.6822060346603394;0.8571686744689941;0.6822060346603394;0.0
0.04697608947753906;0.04697608947753906;0.2650427222251892;0.0;0.6884306073188782;0.785650908946991;0.6884306073188782;0.0
0.046988099813461304;0.046988099813461304;0.11798200011253357;0.0;0.689391016960144;1.6219381093978882;0.689391016960144;0.0
0.04704222083091736;0.04704222083091736;0.34041091799736023;0.0;0.6902421712875366;1.1826940774917603;0.6902421712875366;0.0
0.047054141759872437;0.047054141759872437;0.23054653406143188;0.0;0.692413866519928;0.8709002137184143;0.692413866519928;0.0
0.04741723835468292;0.04741723835468292;0.2080671787261963;0.0;0.6931241750717163;0.8336790800094604;0.6931241750717163;0.0
0.04751218855381012;0.04751218855381012;0.20876440405845642;0.0;0.6988967657089233;0.9374311566352844;0.6988967657089233;0.0
0.0475786030292511;0.0475786030292511;0.44498616456985474;0.0;0.7000998854637146;0.7000998854637146;1.1482535600662231;0.0
0.04768072068691254;0.04768072068691254;0.3531738519668579;0.0;0.7011350393295288;1.7962894439697266;0.7011350393295288;0.0
0.04814424365758896;0.04814424365758896;0.12527957558631897;0.0;0.7029616832733154;0.7029616832733154;0.8086295127868652;0.0
0.04831254482269287;0.04831254482269287;0.24759137630462646;0.0;0.7065218091011047;1.3558539152145386;0.7065218091011047;0.0
0.048331260681152344;0.048331260681152344;0.16383835673332214;0.0;0.7079066038131714;0.9239024519920349;0.7079066038131714;0.0
0.048422932624816895;0.048422932624816895;0.452645480632782;0.0;0.7166957259178162;0.8681608438491821;0.7166957259178162;0.0
0.04844300448894501;0.04844300448894501;0.18018117547035217;0.0;0.7183933854103088;0.8668915629386902;0.7183933854103088;0.0
0.04847443103790283;0.04847443103790283;0.695852518081665;0.0;0.7184711694717407;0.7184711694717407;1.1055470705032349;0.0
0.04876035451889038;0.04876035451889038;0.09060023725032806;0.0;0.7226061224937439;1.3002511262893677;0.7226061224937439;0.0
0.04885096848011017;0.04885096848011017;0.27120834589004517;0.0;0.7264549136161804;1.0922478437423706;0.7264549136161804;0.0
0.048919327557086945;0.048919327557086945;0.290412962436676;0.0;0.7266547083854675;1.116170048713684;0.7266547083854675;0.0
0.04914875328540802;0.04914875328540802;0.27267423272132874;0.0;0.7312538623809814;0.7596316933631897;0.7312538623809814;0.0
0.04925075173377991;0.04925075173377991;0.23232074081897736;0.0;0.7363837957382202;0.8221912384033203;0.7363837957382202;0.0
0.0493016242980957;0.0493016242980957;0.37961095571517944;0.0;0.7397664189338684;1.2803586721420288;0.7397664189338684;0.0
0.04930514097213745;0.04930514097213745;0.3100244402885437;0.0;0.7402269244194031;0.7801167368888855;0.7402269244194031;0.0
0.04957324266433716;0.04957324266433716;0.2641451954841614;0.0;0.7419677972793579;0.7419677972793579;2.6011815071105957;0.0
0.049818992614746094;0.049818992614746094;0.29770809412002563;0.0;0.7463009357452393;1.3304505348205566;0.7463009357452393;0.0
0.04984462261199951;0.04984462261199951;0.24051392078399658;0.0;0.7468694448471069;1.957783579826355;0.7468694448471069;0.0
0.04986172914505005;0.04986172914505005;0.5042797327041626;0.0;0.7490756511688232;0.9072408676147461;0.7490756511688232;0.0
0.04986447095870972;0.04986447095870972;0.2585446834564209;0.0;0.7519810199737549;1.102230429649353;0.7519810199737549;0.0
0.04990098625421524;0.04990098625421524;0.2922196686267853;0.0;0.7538633942604065;1.0295994281768799;0.7538633942604065;0.0
0.05022174119949341;0.05022174119949341;0.20252394676208496;0.0;0.7539581060409546;1.1776827573776245;0.7539581060409546;0.0
0.050245314836502075;0.050245314836502075;0.3917592763900757;0.0;0.7541489005088806;1.2901586294174194;0.7541489005088806;0.0
0.050257742404937744;0.050257742404937744;0.24105750024318695;0.0;0.7559808492660522;1.67615807056427;0.7559808492660522;0.0
0.050291597843170166;0.050291597843170166;0.45650166273117065;0.0;0.758592963218689;1.2236218452453613;0.758592963218689;0.0
0.05031472444534302;0.05031472444534302;0.206382155418396;0.0;0.7600008845329285;1.8992360830307007;0.7600008845329285;0.0
0.050444185733795166;0.050444185733795166;0.4761102497577667;0.0;0.7608857750892639;1.8357689380645752;0.7608857750892639;0.0
0.050540030002593994;0.050540030002593994;0.3375459313392639;0.0;0.7629442811012268;0.966736912727356;0.7629442811012268;0.0
0.050615131855010986;0.050615131855010986;0.20363402366638184;0.0;0.7665301561355591;1.0209732055664062;0.7665301561355591;0.0
0.050642699003219604;0.050642699003219604;0.37632742524147034;0.0;0.7695956230163574;0.7695956230163574;1.6442073583602905;0.0
0.050813376903533936;0.050813376903533936;0.12345702946186066;0.0;0.770468533039093;2.3045692443847656;0.770468533039093;0.0
0.05081748962402344;0.05081748962402344;0.4116787314414978;0.0;0.7761074304580688;1.244518518447876;0.7761074304580688;0.0
0.05087503790855408;0.05087503790855408;0.2008623480796814;0.0;0.7766920924186707;0.8960748910903931;0.7766920924186707;0.0
0.050964564085006714;0.050964564085006714;0.1551312506198883;0.0;0.7774699330329895;1.025844693183899;0.7774699330329895;0.0
0.051165997982025146;0.051165997982025146;0.41472190618515015;0.0;0.7805041074752808;1.0794386863708496;0.7805041074752808;0.0
0.05119359493255615;0.05119359493255615;0.2679290771484375;0.0;0.7805862426757812;1.6963838338851929;0.7805862426757812;0.0
0.051297545433044434;0.051297545433044434;0.5585134029388428;0.0;0.7907489538192749;1.0749958753585815;0.7907489538192749;0.0
0.05142875015735626;0.05142875015735626;0.2006038874387741;0.0;0.7928652167320251;0.7928652167320251;2.875013589859009;0.0
0.05155205726623535;0.05155205726623535;0.33258089423179626;0.0;0.7956761121749878;1.2010427713394165;0.7956761121749878;0.0
0.051558494567871094;0.051558494567871094;0.3260396718978882;0.0;0.7958827614784241;1.5478026866912842;0.7958827614784241;0.0
0.05176430940628052;0.05176430940628052;0.4362335503101349;0.0;0.798200786113739;0.9140704274177551;0.798200786113739;0.0
0.051779329776763916;0.051779329776763916;0.24464023113250732;0.0;0.7990197539329529;1.0283164978027344;0.7990197539329529;0.0
0.05178137868642807;0.05178137868642807;0.182805597782135;0.0;0.7996153235435486;1.2000257968902588;0.7996153235435486;0.0
0.05182009935379028;0.05182009935379028;0.42819488048553467;0.0;0.8007432818412781;1.4248247146606445;0.8007432818412781;0.0
0.05182453989982605;0.05182453989982605;0.3338831067085266;0.0;0.802669107913971;0.9761386513710022;0.802669107913971;0.0
0.05204269289970398;0.05204269289970398;0.12334073334932327;0.0;0.8049578070640564;1.0204596519470215;0.8049578070640564;0.0
0.05239735543727875;0.05239735543727875;0.30644530057907104;0.0;0.806019127368927;0.8429602384567261;0.806019127368927;0.0
0.05239933729171753;0.05239933729171753;0.33958905935287476;0.0;0.8072200417518616;0.8072200417518616;37.52286148071289;0.0
0.05246034264564514;0.05246034264564514;0.14707008004188538;0.0;0.8076969385147095;1.0212310552597046;0.8076969385147095;0.0
0.05263426899909973;0.05263426899909973;0.1245785802602768;0.0;0.8132383823394775;0.8132383823394775;1.169116497039795;0.0
0.05265325307846069;0.05265325307846069;0.30209434032440186;0.0;0.823614776134491;1.3932667970657349;0.823614776134491;0.0
0.05267488956451416;0.05267488956451416;0.16001734137535095;0.0;0.8257432579994202;1.1317138671875;0.8257432579994202;0.0
0.05286756157875061;0.05286756157875061;0.1838916838169098;0.0;0.8262719511985779;2.3500192165374756;0.8262719511985779;0.0
0.0529332309961319;0.0529332309961319;0.27921682596206665;0.0;0.826529324054718;1.9229247570037842;0.826529324054718;0.0
0.05316340923309326;0.05316340923309326;0.17085832357406616;0.0;0.8324808478355408;1.1419743299484253;0.8324808478355408;0.0
0.05319434404373169;0.05319434404373169;0.15602123737335205;0.0;0.8325979709625244;1.4890997409820557;0.8325979709625244;0.0
0.05320596694946289;0.05320596694946289;0.12934766709804535;0.0;0.8378609418869019;1.3199695348739624;0.8378609418869019;0.0
0.05329219996929169;0.05329219996929169;0.38522234559059143;0.0;0.8385213017463684;1.4637339115142822;0.8385213017463684;0.0
0.05356563627719879;0.05356563627719879;0.2946639657020569;0.0;0.8404114246368408;1.2972123622894287;0.8404114246368408;0.0
0.05365985631942749;0.05365985631942749;0.22450780868530273;0.0;0.842149019241333;1.2967621088027954;0.842149019241333;0.0
0.053876861929893494;0.053876861929893494;0.25449687242507935;0.0;0.8488112688064575;0.8488112688064575;0.9059567451477051;0.0
0.05408194661140442;0.05408194661140442;0.426444947719574;0.0;0.8491194248199463;1.0558863878250122;0.8491194248199463;0.0
0.05416646599769592;0.05416646599769592;0.1381651759147644;0.0;0.8497160077095032;0.8656350374221802;0.8497160077095032;0.0
0.054204218089580536;0.054204218089580536;0.15260934829711914;0.0;0.8509525656700134;0.8509525656700134;0.896128237247467;0.0
0.05421069264411926;0.05421069264411926;0.30329883098602295;0.0;0.8527564406394958;1.1991307735443115;0.8527564406394958;0.0
0.054265208542346954;0.054265208542346954;0.20701706409454346;0.0;0.8551848530769348;1.0230926275253296;0.8551848530769348;0.0
0.05444398522377014;0.05444398522377014;0.37577319145202637;0.0;0.8574796915054321;0.8683627843856812;0.8574796915054321;0.0
0.054518476128578186;0.054518476128578186;0.13762839138507843;0.0;0.8617148995399475;1.1289348602294922;0.8617148995399475;0.0
0.05481554567813873;0.05481554567813873;0.2747870683670044;0.0;0.863320529460907;1.7928181886672974;0.863320529460907;0.0
0.054970383644104004;0.054970383644104004;0.2696910798549652;0.0;0.8718713521957397;2.079108476638794;0.8718713521957397;0.0
0.055066704750061035;0.055066704750061035;0.5907155275344849;0.0;0.8730138540267944;0.9127721786499023;0.8730138540267944;0.0
0.055894315242767334;0.055894315242767334;0.3416450619697571;0.0;0.8735947012901306;1.0416983366012573;0.8735947012901306;0.0
0.0561799556016922;0.0561799556016922;0.16485850512981415;0.0;0.8772063255310059;1.7067118883132935;0.8772063255310059;0.0
0.05624207854270935;0.05624207854270935;0.30220454931259155;0.0;0.8807213306427002;0.8807213306427002;1.0173232555389404;0.0
0.0563218891620636;0.0563218891620636;0.21285854279994965;0.0;0.8808859586715698;1.597177267074585;0.8808859586715698;0.0
0.05639037489891052;0.05639037489891052;0.6000955104827881;0.0;0.8824828267097473;1.7849944829940796;0.8824828267097473;0.0
0.056491345167160034;0.056491345167160034;0.3009794354438782;0.0;0.8826218247413635;1.0685416460037231;0.8826218247413635;0.0
0.056555360555648804;0.056555360555648804;0.13863825798034668;0.0;0.8845184445381165;1.0253361463546753;0.8845184445381165;0.0
0.05664747953414917;0.05664747953414917;0.4794791340827942;0.0;0.8849564790725708;1.2139935493469238;0.8849564790725708;0.0
0.0567953884601593;0.0567953884601593;0.3120450973510742;0.0;0.8851563930511475;1.305699348449707;0.8851563930511475;0.0
0.056995540857315063;0.056995540857315063;0.15892855823040009;0.0;0.8851659893989563;0.8851659893989563;3.769688844680786;0.0
0.05708557367324829;0.05708557367324829;0.23039692640304565;0.0;0.9023422002792358;1.3259998559951782;0.9023422002792358;0.0
0.05739052593708038;0.05739052593708038;0.2631186544895172;0.0;0.9027818441390991;1.331878423690796;0.9027818441390991;0.0
0.05742694437503815;0.05742694437503815;0.17100690305233002;0.0;0.9050422310829163;1.0187515020370483;0.9050422310829163;0.0
0.05778157711029053;0.05778157711029053;0.318556547164917;0.0;0.9053216576576233;1.0830305814743042;0.9053216576576233;0.0
0.05792728066444397;0.05792728066444397;0.322374165058136;0.0;0.9087111949920654;1.4204715490341187;0.9087111949920654;0.0
0.05804145336151123;0.05804145336151123;0.19133725762367249;0.0;0.9099762439727783;1.0380595922470093;0.9099762439727783;0.0
0.058136045932769775;0.058136045932769775;0.3672682046890259;0.0;0.9158573746681213;1.3869922161102295;0.9158573746681213;0.0
0.05818307399749756;0.05818307399749756;0.25382545590400696;0.0;0.9231792688369751;1.4593819379806519;0.9231792688369751;0.0
0.05831362307071686;0.05831362307071686;0.29843011498451233;0.0;0.9246442914009094;1.5614091157913208;0.9246442914009094;0.0
0.058327749371528625;0.058327749371528625;0.20737966895103455;0.0;0.9252350330352783;0.9252350330352783;0.9274182319641113;0.0
0.058565378189086914;0.058565378189086914;0.25412583351135254;0.0;0.9459283351898193;0.9459283351898193;1.8381481170654297;0.0
0.05869901180267334;0.05869901180267334;0.47256433963775635;0.0;0.9490969777107239;1.3205735683441162;0.9490969777107239;0.0
0.05874815583229065;0.05874815583229065;0.49546974897384644;0.0;0.9499000310897827;1.4932160377502441;0.9499000310897827;0.0
0.05885183811187744;0.05885183811187744;0.16150355339050293;0.0;0.9527365565299988;1.6853482723236084;0.9527365565299988;0.0
0.05899760127067566;0.05899760127067566;0.256328284740448;0.0;0.9537602663040161;0.9537602663040161;1.425572156906128;0.0
0.05908903479576111;0.05908903479576111;0.29247036576271057;0.0;0.9578784704208374;0.9578784704208374;1.3755751848220825;0.0
0.059212565422058105;0.059212565422058105;0.35755234956741333;0.0;0.9592908620834351;1.3485745191574097;0.9592908620834351;0.0
0.05922453850507736;0.05922453850507736;0.23939651250839233;0.0;0.9623891115188599;1.5299792289733887;0.9623891115188599;0.0
0.0593189001083374;0.0593189001083374;0.2447875738143921;0.0;0.9670734405517578;0.9670734405517578;1.7625279426574707;0.0
0.05955059826374054;0.05955059826374054;0.26556551456451416;0.0;0.9681366086006165;1.1673721075057983;0.9681366086006165;0.0
0.05964788794517517;0.05964788794517517;0.20923644304275513;0.0;0.9751038551330566;1.4606629610061646;0.9751038551330566;0.0
0.059913814067840576;0.059913814067840576;0.21578338742256165;0.0;0.9859808087348938;0.9859808087348938;1.6787371635437012;0.0
0.059955477714538574;0.059955477714538574;0.2734895944595337;0.0;0.9869353771209717;0.9869353771209717;3.7597649097442627;0.0
0.059973061084747314;0.059973061084747314;0.25550055503845215;0.0;0.9892569780349731;1.5855497121810913;0.9892569780349731;0.0
0.06007260084152222;0.06007260084152222;0.32208651304244995;0.0;0.9898951053619385;0.9898951053619385;1.6001579761505127;0.0
0.060176312923431396;0.060176312923431396;0.47133275866508484;0.0;0.995248019695282;1.7365710735321045;0.995248019695282;0.0
0.060206666588783264;0.060206666588783264;0.171239972114563;0.0;0.9999980330467224;1.27924644947052;0.9999980330467224;0.0
0.06025667488574982;0.06025667488574982;0.44458436965942383;0.0;1.000251293182373;1.5965803861618042;1.000251293182373;0.0
0.0605105459690094;0.0605105459690094;0.5256849527359009;0.0;1.0012094974517822;1.4048151969909668;1.0012094974517822;0.0
0.06061252951622009;0.06061252951622009;0.33028119802474976;0.0;1.0037336349487305;1.7178771495819092;1.0037336349487305;0.0
0.06070065498352051;0.06070065498352051;0.3334018588066101;0.0;1.0087754726409912;1.5213063955307007;1.0087754726409912;0.0
0.061352550983428955;0.061352550983428955;0.26407596468925476;0.0;1.0112078189849854;1.5360963344573975;1.0112078189849854;0.0
0.06136683374643326;0.06136683374643326;0.2841557264328003;0.0;1.0130717754364014;1.0242305994033813;1.0130717754364014;0.0
0.06148475408554077;0.06148475408554077;0.2604728937149048;0.0;1.0159660577774048;1.7308725118637085;1.0159660577774048;0.0
0.061532363295555115;0.061532363295555115;0.15892580151557922;0.0;1.0202313661575317;1.0202313661575317;43.841800689697266;0.0
0.061545372009277344;0.061545372009277344;0.40612125396728516;0.0;1.0211135149002075;1.241558313369751;1.0211135149002075;0.0
0.061570584774017334;0.061570584774017334;0.37158870697021484;0.0;1.0398478507995605;1.368018388748169;1.0398478507995605;0.0
0.06170785427093506;0.06170785427093506;0.32468974590301514;0.0;1.0411261320114136;1.8339108228683472;1.0411261320114136;0.0
0.06199294328689575;0.06199294328689575;0.4225398600101471;0.0;1.0485553741455078;1.2815510034561157;1.0485553741455078;0.0
0.06210753321647644;0.06210753321647644;0.27658170461654663;0.0;1.05078125;2.868927001953125;1.05078125;0.0
0.06211480498313904;0.06211480498313904;0.2623317241668701;0.0;1.0552047491073608;2.2682456970214844;1.0552047491073608;0.0
0.06220358610153198;0.06220358610153198;0.3208753168582916;0.0;1.056337833404541;1.3792994022369385;1.056337833404541;0.0
0.062300801277160645;0.062300801277160645;0.2950877547264099;0.0;1.0567532777786255;1.885572075843811;1.0567532777786255;0.0
0.0625384971499443;0.0625384971499443;0.45318302512168884;0.0;1.0581427812576294;1.2351723909378052;1.0581427812576294;0.0
0.06282788515090942;0.06282788515090942;0.2697756886482239;0.0;1.0588282346725464;1.367403268814087;1.0588282346725464;0.0
0.06285679340362549;0.06285679340362549;0.30488163232803345;0.0;1.0633569955825806;1.0633569955825806;1.3817439079284668;0.0
0.0628647431731224;0.0628647431731224;0.21171227097511292;0.0;1.0661674737930298;1.6309469938278198;1.0661674737930298;0.0
0.06288063526153564;0.06288063526153564;0.4297814667224884;0.0;1.0671894550323486;2.303821563720703;1.0671894550323486;0.0
0.06289714574813843;0.06289714574813843;0.3332591652870178;0.0;1.0674022436141968;1.2773388624191284;1.0674022436141968;0.0
0.06331390142440796;0.06331390142440796;0.45240336656570435;0.0;1.069935917854309;2.1511433124542236;1.069935917854309;0.0
0.06400096416473389;0.06400096416473389;0.46035152673721313;0.0;1.0743361711502075;1.4947429895401;1.0743361711502075;0.0
0.06424251198768616;0.06424251198768616;0.44850409030914307;0.0;1.0807089805603027;1.6418116092681885;1.0807089805603027;0.0
0.06436911225318909;0.06436911225318909;0.43765559792518616;0.0;1.0812546014785767;1.377730369567871;1.0812546014785767;0.0
0.06480753421783447;0.06480753421783447;0.3294367790222168;0.0;1.0815287828445435;1.8543857336044312;1.0815287828445435;0.0
0.06498990952968597;0.06498990952968597;0.17658157646656036;0.0;1.0828334093093872;1.0828334093093872;1.6278740167617798;0.0
0.0650436282157898;0.0650436282157898;0.19525279104709625;0.0;1.0893621444702148;1.0893621444702148;1.552566409111023;0.0
0.06513851881027222;0.06513851881027222;0.21785497665405273;0.0;1.0893651247024536;2.5705761909484863;1.0893651247024536;0.0
0.0651496946811676;0.0651496946811676;0.15988153219223022;0.0;1.0895187854766846;2.0690083503723145;1.0895187854766846;0.0
0.06541407108306885;0.06541407108306885;0.1868383288383484;0.0;1.0956918001174927;1.1693328619003296;1.0956918001174927;0.0
0.06559807062149048;0.06559807062149048;0.2222154438495636;0.0;1.1006720066070557;1.3121883869171143;1.1006720066070557;0.0
0.06572747230529785;0.06572747230529785;0.32986578345298767;0.0;1.108152985572815;1.893441915512085;1.108152985572815;0.0
0.0659046471118927;0.0659046471118927;0.2799355983734131;0.0;1.1084190607070923;2.4521868228912354;1.1084190607070923;0.0
0.06607294082641602;0.06607294082641602;0.13664764165878296;0.0;1.111050009727478;1.514912724494934;1.111050009727478;0.0
0.06621500849723816;0.06621500849723816;0.2560218572616577;0.0;1.1137152910232544;1.427747368812561;1.1137152910232544;0.0
0.06667250394821167;0.06667250394821167;0.09450753033161163;0.0;1.1138648986816406;1.1138648986816406;1.2547889947891235;0.0
0.0667651891708374;0.0667651891708374;0.4716206192970276;0.0;1.1147546768188477;1.1147546768188477;1.7275465726852417;0.0
0.06679561734199524;0.06679561734199524;0.10377904772758484;0.0;1.116447925567627;2.0462372303009033;1.116447925567627;0.0
0.06681174039840698;0.06681174039840698;0.44797247648239136;0.0;1.120652437210083;2.508047103881836;1.120652437210083;0.0
0.06699001789093018;0.06699001789093018;0.3945487141609192;0.0;1.1218602657318115;1.5056124925613403;1.1218602657318115;0.0
0.06728288531303406;0.06728288531303406;0.3464066982269287;0.0;1.1220641136169434;1.298309087753296;1.1220641136169434;0.0
0.06733272224664688;0.06733272224664688;0.10103309154510498;0.0;1.1244665384292603;1.3491427898406982;1.1244665384292603;0.0
0.0673913061618805;0.0673913061618805;0.21353942155838013;0.0;1.125569462776184;1.5313365459442139;1.125569462776184;0.0
0.0675254762172699;0.0675254762172699;0.2657270133495331;0.0;1.126291036605835;1.7077326774597168;1.126291036605835;0.0
0.0678328275680542;0.0678328275680542;0.12835443019866943;0.0;1.1353645324707031;1.7665958404541016;1.1353645324707031;0.0
0.0683879554271698;0.0683879554271698;0.17933329939842224;0.0;1.1383780241012573;1.3148562908172607;1.1383780241012573;0.0
0.06919777393341064;0.06919777393341064;0.3464243412017822;0.0;1.1401923894882202;1.8188040256500244;1.1401923894882202;0.0
0.06924276053905487;0.06924276053905487;0.23653146624565125;0.0;1.1527212858200073;1.1704357862472534;1.1527212858200073;0.0
0.06952881813049316;0.06952881813049316;0.26205742359161377;0.0;1.1537879705429077;1.550241231918335;1.1537879705429077;0.0
0.06954574584960938;0.06954574584960938;0.3042719066143036;0.0;1.1564819812774658;1.4557909965515137;1.1564819812774658;0.0
0.06975018978118896;0.06975018978118896;0.44997018575668335;0.0;1.157907485961914;2.085632801055908;1.157907485961914;0.0
0.06975924968719482;0.06975924968719482;0.5315985083580017;0.0;1.172065258026123;1.9849752187728882;1.172065258026123;0.0
0.06997236609458923;0.06997236609458923;0.48189353942871094;0.0;1.1758615970611572;1.1758615970611572;48.70606994628906;0.0
0.07029891014099121;0.07029891014099121;0.1995631456375122;0.0;1.1763509511947632;3.153013229370117;1.1763509511947632;0.0
0.07044360041618347;0.07044360041618347;0.23165100812911987;0.0;1.1807355880737305;2.2425897121429443;1.1807355880737305;0.0
0.07063722610473633;0.07063722610473633;0.2757297158241272;0.0;1.1811542510986328;2.0066680908203125;1.1811542510986328;0.0
0.07065826654434204;0.07065826654434204;0.14838290214538574;0.0;1.1842122077941895;1.2219525575637817;1.1842122077941895;0.0
0.07067766785621643;0.07067766785621643;0.3403560519218445;0.0;1.1898431777954102;1.645351767539978;1.1898431777954102;0.0
0.07073503732681274;0.07073503732681274;0.5014065504074097;0.0;1.196352243423462;1.99030601978302;1.196352243423462;0.0
0.07122790813446045;0.07122790813446045;0.3256973326206207;0.0;1.203750729560852;1.203750729560852;1.2141005992889404;0.0
0.07136505842208862;0.07136505842208862;0.36072245240211487;0.0;1.2069883346557617;1.3854612112045288;1.2069883346557617;0.0
0.07153469324111938;0.07153469324111938;0.3654092252254486;0.0;1.2120745182037354;1.6538949012756348;1.2120745182037354;0.0
0.07197526097297668;0.07197526097297668;0.48325520753860474;0.0;1.214664340019226;2.0112552642822266;1.214664340019226;0.0
0.07204015552997589;0.07204015552997589;0.49981170892715454;0.0;1.2165676355361938;1.406058430671692;1.2165676355361938;0.0
0.07219576835632324;0.07219576835632324;0.5166246891021729;0.0;1.2295994758605957;1.7562694549560547;1.2295994758605957;0.0
0.07260873913764954;0.07260873913764954;0.3787771463394165;0.0;1.23658287525177;2.844815731048584;1.23658287525177;0.0
0.07279932498931885;0.07279932498931885;0.26494547724723816;0.0;1.236689805984497;1.6497619152069092;1.236689805984497;0.0
0.07292263209819794;0.07292263209819794;0.335133820772171;0.0;1.23745858669281;2.2139225006103516;1.23745858669281;0.0
0.07372012734413147;0.07372012734413147;0.3508598804473877;0.0;1.2408548593521118;2.775696039199829;1.2408548593521118;0.0
0.07379359006881714;0.07379359006881714;0.2538246512413025;0.0;1.2461249828338623;1.3955390453338623;1.2461249828338623;0.0
0.07387977838516235;0.07387977838516235;0.27206140756607056;0.0;1.251853585243225;1.748487949371338;1.251853585243225;0.0
0.07391473650932312;0.07391473650932312;0.5045890808105469;0.0;1.2542142868041992;2.174955368041992;1.2542142868041992;0.0
0.07392244040966034;0.07392244040966034;0.4518588185310364;0.0;1.2634572982788086;1.597313404083252;1.2634572982788086;0.0
0.07417041063308716;0.07417041063308716;0.41027382016181946;0.0;1.2685554027557373;1.5378894805908203;1.2685554027557373;0.0
0.07458913326263428;0.07458913326263428;0.29470813274383545;0.0;1.2774629592895508;1.6334627866744995;1.2774629592895508;0.0
0.07466116547584534;0.07466116547584534;0.4376761317253113;0.0;1.280163049697876;1.280163049697876;1.4992774724960327;0.0
0.07485908269882202;0.07485908269882202;0.6581689119338989;0.0;1.2815276384353638;1.6756479740142822;1.2815276384353638;0.0
0.07500237226486206;0.07500237226486206;0.4752281904220581;0.0;1.2955577373504639;1.4970403909683228;1.2955577373504639;0.0
0.0754011869430542;0.0754011869430542;0.1944645643234253;0.0;1.304123878479004;2.3259334564208984;1.304123878479004;0.0
0.07619279623031616;0.07619279623031616;0.5445464253425598;0.0;1.3099684715270996;1.4991912841796875;1.3099684715270996;0.0
0.07642000913619995;0.07642000913619995;0.3474786877632141;0.0;1.3100814819335938;2.6456546783447266;1.3100814819335938;0.0
0.07652738690376282;0.07652738690376282;0.48470360040664673;0.0;1.311503291130066;1.311503291130066;1.3582823276519775;0.0
0.07658374309539795;0.07658374309539795;0.23699522018432617;0.0;1.3130615949630737;2.121812343597412;1.3130615949630737;0.0
0.07666243612766266;0.07666243612766266;0.30496418476104736;0.0;1.316678762435913;1.678426742553711;1.316678762435913;0.0
0.0767587423324585;0.0767587423324585;0.191070556640625;0.0;1.3227046728134155;1.7063323259353638;1.3227046728134155;0.0
0.07679957151412964;0.07679957151412964;0.35801029205322266;0.0;1.3236688375473022;2.1752870082855225;1.3236688375473022;0.0
0.07700023055076599;0.07700023055076599;0.7232785224914551;0.0;1.3247379064559937;1.3247379064559937;2.8162107467651367;0.0
0.07708418369293213;0.07708418369293213;0.7279123067855835;0.0;1.329319715499878;1.5123213529586792;1.329319715499878;0.0
0.07732966542243958;0.07732966542243958;0.3569987416267395;0.0;1.3425757884979248;1.5735687017440796;1.3425757884979248;0.0
0.07737112045288086;0.07737112045288086;0.10823526978492737;0.0;1.3551732301712036;2.0830163955688477;1.3551732301712036;0.0
0.07809610664844513;0.07809610664844513;0.48596084117889404;0.0;1.355837106704712;1.74269437789917;1.355837106704712;0.0
0.07854163646697998;0.07854163646697998;0.4305083751678467;0.0;1.3560595512390137;1.3560595512390137;2.258479356765747;0.0
0.07896590232849121;0.07896590232849121;0.6191911697387695;0.0;1.3601634502410889;1.758533239364624;1.3601634502410889;0.0
0.07915520668029785;0.07915520668029785;0.26334279775619507;0.0;1.3616715669631958;1.3616715669631958;4.238349437713623;0.0
0.07931742072105408;0.07931742072105408;0.27567291259765625;0.0;1.3688818216323853;1.3688818216323853;3.5472822189331055;0.0
0.07941615581512451;0.07941615581512451;0.29788872599601746;0.0;1.3723962306976318;2.520599842071533;1.3723962306976318;0.0
0.07966655492782593;0.07966655492782593;0.3399856984615326;0.0;1.3797500133514404;2.0434951782226562;1.3797500133514404;0.0
0.07978904247283936;0.07978904247283936;0.6835142374038696;0.0;1.3822718858718872;1.9586310386657715;1.3822718858718872;0.0
0.08025775849819183;0.08025775849819183;0.2004110962152481;0.0;1.3836613893508911;2.375882387161255;1.3836613893508911;0.0
0.08038073778152466;0.08038073778152466;0.25135838985443115;0.0;1.392447590827942;4.4279351234436035;1.392447590827942;0.0
0.08078091591596603;0.08078091591596603;0.44472551345825195;0.0;1.3945996761322021;1.3945996761322021;1.5228114128112793;0.0
0.08085900545120239;0.08085900545120239;0.4182549715042114;0.0;1.3989496231079102;2.050809860229492;1.3989496231079102;0.0
0.08104046434164047;0.08104046434164047;0.3943673372268677;0.0;1.4072141647338867;1.4072141647338867;2.2666637897491455;0.0
0.08133238554000854;0.08133238554000854;0.382093608379364;0.0;1.4179788827896118;1.7104965448379517;1.4179788827896118;0.0
0.0818137526512146;0.0818137526512146;0.27247199416160583;0.0;1.423033595085144;1.6711530685424805;1.423033595085144;0.0
0.08202174305915833;0.08202174305915833;0.560323178768158;0.0;1.434866189956665;2.7048044204711914;1.434866189956665;0.0
0.08202211558818817;0.08202211558818817;0.2792211174964905;0.0;1.4351285696029663;2.210899591445923;1.4351285696029663;0.0
0.0824122428894043;0.0824122428894043;0.289051353931427;0.0;1.4381881952285767;1.4381881952285767;1.4953927993774414;0.0
0.08241301774978638;0.08241301774978638;0.3771743178367615;0.0;1.4524437189102173;1.4524437189102173;1.8887122869491577;0.0
0.08241593837738037;0.08241593837738037;0.33955812454223633;0.0;1.4588453769683838;1.4588453769683838;1.9242223501205444;0.0
0.08312447369098663;0.08312447369098663;0.35068485140800476;0.0;1.4652748107910156;1.9653555154800415;1.4652748107910156;0.0
0.08326639235019684;0.08326639235019684;0.18127816915512085;0.0;1.4674352407455444;1.4674352407455444;1.588189959526062;0.0
0.08331525325775146;0.08331525325775146;0.21240296959877014;0.0;1.4687038660049438;1.4687038660049438;2.027467966079712;0.0
0.08361557126045227;0.08361557126045227;0.5293285846710205;0.0;1.4822970628738403;1.7864443063735962;1.4822970628738403;0.0
0.08426570892333984;0.08426570892333984;0.23451030254364014;0.0;1.4892884492874146;1.8194804191589355;1.4892884492874146;0.0
0.08438694477081299;0.08438694477081299;0.32294708490371704;0.0;1.4962574243545532;1.698279857635498;1.4962574243545532;0.0
0.08489421010017395;0.08489421010017395;0.24973326921463013;0.0;1.4998286962509155;1.4998286962509155;1.6478338241577148;0.0
0.08547249436378479;0.08547249436378479;0.44367846846580505;0.0;1.504420280456543;1.9527679681777954;1.504420280456543;0.0
0.08555418252944946;0.08555418252944946;0.611579418182373;0.0;1.508726716041565;1.508726716041565;2.058189868927002;0.0
0.08569596707820892;0.08569596707820892;0.6208407878875732;0.0;1.5124515295028687;1.5124515295028687;2.6434290409088135;0.0
0.08590835332870483;0.08590835332870483;0.36314648389816284;0.0;1.5142170190811157;1.5142170190811157;2.2003488540649414;0.0
0.08611305803060532;0.08611305803060532;0.2250182032585144;0.0;1.517032265663147;1.5832287073135376;1.517032265663147;0.0
0.08629220724105835;0.08629220724105835;0.3244808316230774;0.0;1.51922607421875;1.5471405982971191;1.51922607421875;0.0
0.08636189997196198;0.08636189997196198;0.150290846824646;0.0;1.5223172903060913;1.803507685661316;1.5223172903060913;0.0
0.08638505637645721;0.08638505637645721;0.39233067631721497;0.0;1.5455976724624634;1.5455976724624634;1.9975301027297974;0.0
0.08658751100301743;0.08658751100301743;0.3364645838737488;0.0;1.547835111618042;2.2189769744873047;1.547835111618042;0.0
0.08689427375793457;0.08689427375793457;0.49108338356018066;0.0;1.5742623805999756;1.5742623805999756;2.4658238887786865;0.0
0.08695296943187714;0.08695296943187714;0.42409467697143555;0.0;1.5761163234710693;1.946561574935913;1.5761163234710693;0.0
0.08706657588481903;0.08706657588481903;0.8037835359573364;0.0;1.5894951820373535;4.285644054412842;1.5894951820373535;0.0
0.0873260498046875;0.0873260498046875;0.29867544770240784;0.0;1.5921128988265991;2.084380865097046;1.5921128988265991;0.0
0.087636798620224;0.087636798620224;0.35863369703292847;0.0;1.5984967947006226;1.5984967947006226;2.204195976257324;0.0
0.0877065658569336;0.0877065658569336;0.5566489100456238;0.0;1.6032681465148926;3.119511127471924;1.6032681465148926;0.0
0.08792945742607117;0.08792945742607117;0.343544602394104;0.0;1.6132817268371582;3.3177878856658936;1.6132817268371582;0.0
0.08793320506811142;0.08793320506811142;0.39230066537857056;0.0;1.6203992366790771;1.6203992366790771;1.901764988899231;0.0
0.08801847696304321;0.08801847696304321;0.1617053747177124;0.0;1.627341389656067;2.2052760124206543;1.627341389656067;0.0
0.08835282921791077;0.08835282921791077;0.37864089012145996;0.0;1.628898024559021;3.9119760990142822;1.628898024559021;0.0
0.08969883620738983;0.08969883620738983;0.4654163122177124;0.0;1.6330199241638184;1.6330199241638184;2.0959889888763428;0.0
0.09019261598587036;0.09019261598587036;0.3332366347312927;0.0;1.635737657546997;1.7636343240737915;1.635737657546997;0.0
0.0903710126876831;0.0903710126876831;0.2496834397315979;0.0;1.636060357093811;1.636060357093811;45.40851974487305;0.0
0.09056192636489868;0.09056192636489868;0.526085615158081;0.0;1.6544934511184692;1.6805373430252075;1.6544934511184692;0.0
0.09074217081069946;0.09074217081069946;0.518229603767395;0.0;1.67633855342865;1.67633855342865;2.427384376525879;0.0
0.09224697947502136;0.09224697947502136;0.33773916959762573;0.0;1.6911349296569824;1.6911349296569824;2.040229082107544;0.0
0.09360098838806152;0.09360098838806152;0.4783874750137329;0.0;1.701163649559021;2.399418592453003;1.701163649559021;0.0
0.09370047599077225;0.09370047599077225;0.3899388611316681;0.0;1.7143498659133911;1.7143498659133911;1.9525843858718872;0.0
0.09388270974159241;0.09388270974159241;0.6279581785202026;0.0;1.7227822542190552;1.9230903387069702;1.7227822542190552;0.0
0.09417387843132019;0.09417387843132019;0.31280988454818726;0.0;1.7271488904953003;1.9400842189788818;1.7271488904953003;0.0
0.09456364810466766;0.09456364810466766;0.5392895340919495;0.0;1.7290939092636108;1.9014369249343872;1.7290939092636108;0.0
0.09474420547485352;0.09474420547485352;0.3107669949531555;0.0;1.7322555780410767;1.7322555780410767;45.69306945800781;0.0
0.09484898298978806;0.09484898298978806;0.3996050953865051;0.0;1.7798758745193481;1.7798758745193481;1.9889538288116455;0.0
0.09552755951881409;0.09552755951881409;0.5010643005371094;0.0;1.781061053276062;1.781061053276062;4.507198810577393;0.0
0.09594425559043884;0.09594425559043884;0.36441606283187866;0.0;1.7970197200775146;3.6773407459259033;1.7970197200775146;0.0
0.09595809876918793;0.09595809876918793;0.48537009954452515;0.0;1.801499605178833;1.801499605178833;1.9223881959915161;0.0
0.09663283824920654;0.09663283824920654;0.4578075408935547;0.0;1.8028578758239746;1.8028578758239746;2.1863110065460205;0.0
0.0970478355884552;0.0970478355884552;0.48158130049705505;0.0;1.8164658546447754;1.8164658546447754;2.4242565631866455;0.0
0.09741711616516113;0.09741711616516113;0.4472578763961792;0.0;1.817440152168274;2.0111076831817627;1.817440152168274;0.0
0.09885525703430176;0.09885525703430176;0.3668099045753479;0.0;1.8199269771575928;2.601186990737915;1.8199269771575928;0.0
0.09924197196960449;0.09924197196960449;0.5451775789260864;0.0;1.8290053606033325;2.088301420211792;1.8290053606033325;0.0
0.09954065084457397;0.09954065084457397;0.4607163369655609;0.0;1.8320611715316772;2.9114749431610107;1.8320611715316772;0.0
0.10031002759933472;0.10031002759933472;0.4376167356967926;0.0;1.835677146911621;1.835677146911621;2.693732738494873;0.0
0.10123521089553833;0.10123521089553833;0.4939156174659729;0.0;1.8581106662750244;2.525766134262085;1.8581106662750244;0.0
0.10198032855987549;0.10198032855987549;0.3102896809577942;0.0;1.868779182434082;3.1209557056427;1.868779182434082;0.0
0.10233837366104126;0.10233837366104126;0.23379971086978912;0.0;1.8813809156417847;1.8813809156417847;40.3516960144043;0.0
0.10336160659790039;0.10336160659790039;0.5980013012886047;0.0;1.8822592496871948;4.0154242515563965;1.8822592496871948;0.0
0.10352075099945068;0.10352075099945068;0.49198412895202637;0.0;1.8838871717453003;2.3687896728515625;1.8838871717453003;0.0
0.10384488105773926;0.10384488105773926;0.4668225347995758;0.0;1.8881499767303467;1.9881492853164673;1.8881499767303467;0.0
0.10397449135780334;0.10397449135780334;0.19337016344070435;0.0;1.8908237218856812;1.8908237218856812;2.375256061553955;0.0
0.10398000478744507;0.10398000478744507;0.49116194248199463;0.0;1.9081114530563354;2.4142887592315674;1.9081114530563354;0.0
0.10431790351867676;0.10431790351867676;0.4068343937397003;0.0;1.911048173904419;2.064621925354004;1.911048173904419;0.0
0.10472717136144638;0.10472717136144638;0.2078518569469452;0.0;1.9114705324172974;2.9550669193267822;1.9114705324172974;0.0
0.1055356115102768;0.1055356115102768;0.38863861560821533;0.0;1.95209801197052;1.95209801197052;3.100776195526123;0.0
0.1065833568572998;0.1065833568572998;0.6027114391326904;0.0;1.96896231174469;2.0329172611236572;1.96896231174469;0.0
0.10732772946357727;0.10732772946357727;0.39330023527145386;0.0;2.010770320892334;2.010770320892334;2.120509624481201;0.0
0.10813400149345398;0.10813400149345398;0.29960668087005615;0.0;2.022902727127075;3.200204610824585;2.022902727127075;0.0
0.10843899846076965;0.10843899846076965;0.549161434173584;0.0;2.032562732696533;2.3513970375061035;2.032562732696533;0.0
0.10858342051506042;0.10858342051506042;0.562474250793457;0.0;2.05678391456604;3.0986030101776123;2.05678391456604;0.0
0.10917988419532776;0.10917988419532776;0.31813329458236694;0.0;2.0619075298309326;2.5535833835601807;2.0619075298309326;0.0
0.11135250329971313;0.11135250329971313;0.283707857131958;0.0;2.083577871322632;2.083577871322632;3.4352545738220215;0.0
0.11202189326286316;0.11202189326286316;0.39176827669143677;0.0;2.0887999534606934;2.0887999534606934;29.659561157226562;0.0
0.11434119939804077;0.11434119939804077;0.44228067994117737;0.0;2.1004385948181152;2.4128804206848145;2.1004385948181152;0.0
0.11460506916046143;0.11460506916046143;0.7300785183906555;0.0;2.1164257526397705;2.1164257526397705;2.664552927017212;0.0
0.11465427279472351;0.11465427279472351;0.7267902493476868;0.0;2.1657843589782715;2.1657843589782715;2.5535101890563965;0.0
0.11637777090072632;0.11637777090072632;0.8205848932266235;0.0;2.214597702026367;2.214597702026367;31.88983726501465;0.0
0.11789172887802124;0.11789172887802124;0.35414937138557434;0.0;2.2229087352752686;2.2857627868652344;2.2229087352752686;0.0
0.11827942728996277;0.11827942728996277;0.6094351410865784;0.0;2.229710340499878;3.3028292655944824;2.229710340499878;0.0
0.11886328458786011;0.11886328458786011;0.6638157367706299;0.0;2.242180824279785;2.242180824279785;2.2976737022399902;0.0
0.11920291185379028;0.11920291185379028;0.3762509226799011;0.0;2.2700912952423096;2.2700912952423096;2.2709262371063232;0.0
0.11941134929656982;0.11941134929656982;0.45403388142585754;0.0;2.311211347579956;2.311211347579956;3.547884941101074;0.0
0.12020321190357208;0.12020321190357208;0.6294790506362915;0.0;2.322723627090454;2.322723627090454;2.662170171737671;0.0
0.12161824107170105;0.12161824107170105;0.5971265435218811;0.0;2.329486131668091;2.430868625640869;2.329486131668091;0.0
0.12228944897651672;0.12228944897651672;0.5547840595245361;0.0;2.3301689624786377;2.3301689624786377;2.437631368637085;0.0
0.12260249257087708;0.12260249257087708;0.5400922894477844;0.0;2.339855670928955;2.339855670928955;3.104581832885742;0.0
0.1239008903503418;0.1239008903503418;0.7173698544502258;0.0;2.353161573410034;2.353161573410034;3.1255650520324707;0.0
0.1262470781803131;0.1262470781803131;0.50123131275177;0.0;2.3637022972106934;3.9263815879821777;2.3637022972106934;0.0
0.126467764377594;0.126467764377594;0.34609007835388184;0.0;2.437811851501465;2.437811851501465;3.515231132507324;0.0
0.12800905108451843;0.12800905108451843;0.5154528617858887;0.0;2.465667486190796;2.465667486190796;45.4583854675293;0.0
0.12837332487106323;0.12837332487106323;0.5371180772781372;0.0;2.4667396545410156;2.4667396545410156;2.5925309658050537;0.0
0.12901848554611206;0.12901848554611206;0.6550500392913818;0.0;2.4725961685180664;2.4725961685180664;2.653810977935791;0.0
0.13293606042861938;0.13293606042861938;0.4132084250450134;0.0;2.5097665786743164;2.5097665786743164;2.89992356300354;0.0
0.13413827121257782;0.13413827121257782;0.45070892572402954;0.0;2.5304088592529297;2.725388288497925;2.5304088592529297;0.0
0.13531585037708282;0.13531585037708282;0.4003719091415405;0.0;2.540254592895508;2.540254592895508;3.4102087020874023;0.0
0.13959914445877075;0.13959914445877075;0.3550848364830017;0.0;2.5447025299072266;3.9347071647644043;2.5447025299072266;0.0
0.1414860188961029;0.1414860188961029;0.6506277322769165;0.0;2.6302642822265625;3.9247002601623535;2.6302642822265625;0.0
0.1422215700149536;0.1422215700149536;0.5380477905273438;0.0;2.646026611328125;3.7675399780273438;2.646026611328125;0.0
0.14252667129039764;0.14252667129039764;0.25926992297172546;0.0;2.6616251468658447;2.7434725761413574;2.6616251468658447;0.0
0.14273808896541595;0.14273808896541595;0.3288768529891968;0.0;2.772038221359253;2.772038221359253;44.88481140136719;0.0
0.14314523339271545;0.14314523339271545;0.624774694442749;0.0;2.8040897846221924;3.3930306434631348;2.8040897846221924;0.0
0.14378124475479126;0.14378124475479126;0.49507802724838257;0.0;2.811537027359009;2.811537027359009;2.8430657386779785;0.0
0.14402121305465698;0.14402121305465698;0.7223517894744873;0.0;2.8388290405273438;3.2216789722442627;2.8388290405273438;0.0
0.14466692507266998;0.14466692507266998;0.573266863822937;0.0;2.8686628341674805;3.2259035110473633;2.8686628341674805;0.0
0.14494013786315918;0.14494013786315918;0.46128231287002563;0.0;2.8759047985076904;2.8759047985076904;43.512428283691406;0.0
0.14597025513648987;0.14597025513648987;0.4031224250793457;0.0;3.0313806533813477;3.9826929569244385;3.0313806533813477;0.0
0.14602118730545044;0.14602118730545044;0.29796576499938965;0.0;3.107419967651367;3.374009847640991;3.107419967651367;0.0
0.1484193205833435;0.1484193205833435;0.2996925115585327;0.0;3.217562675476074;3.217562675476074;28.440139770507812;0.0
0.1490660309791565;0.1490660309791565;0.6891552209854126;0.0;3.323627233505249;3.323627233505249;4.648512840270996;0.0
0.14954429864883423;0.14954429864883423;0.7560712099075317;0.0;3.349257230758667;4.076343536376953;3.349257230758667;0.0
0.1522730588912964;0.1522730588912964;0.29646962881088257;0.0;3.4175758361816406;3.8608555793762207;3.4175758361816406;0.0
0.15383481979370117;0.15383481979370117;0.3278893828392029;0.0;3.4326014518737793;4.972982883453369;3.4326014518737793;0.0
0.1585754156112671;0.1585754156112671;0.5326068997383118;0.0;3.4989776611328125;3.745816469192505;3.4989776611328125;0.0
0.1604747474193573;0.1604747474193573;0.5247752666473389;0.0;3.541562080383301;3.541562080383301;32.65724182128906;0.0
0.1626880168914795;0.1626880168914795;0.7346951961517334;0.0;3.6175076961517334;3.6175076961517334;30.195873260498047;0.0
0.16602098941802979;0.16602098941802979;0.40677112340927124;0.0;3.733187198638916;3.733187198638916;33.310184478759766;0.0
0.17513978481292725;0.17513978481292725;0.30046749114990234;0.0;3.8782083988189697;3.8782083988189697;26.76362419128418;0.0
0.1841259002685547;0.1841259002685547;0.4483931064605713;0.0;42.779991149902344;4.726208209991455;42.779991149902344;0.0
