inf-norm-min-adv-dist;inf-norm-PGD-dist;inf-norm-sec-att-dist;inf-norm-Clever-0.0-samples;2-norm-min-adv-dist;2-norm-PGD-dist;2-norm-sec-att-dist;2-norm-Clever-0.0-samples
0.0;0.0;0.0;0.0;0.0;0.0;0.0;0.0
0.0005000010132789612;0.0005000010132789612;0.004448071122169495;0.0;0.007899430580437183;0.009999996982514858;0.007899430580437183;0.0
0.001000046730041504;0.001000046730041504;0.00985419750213623;0.0;0.016094500198960304;0.023874593898653984;0.016094500198960304;0.0
0.001000046730041504;0.001000046730041504;0.02398398518562317;0.0;0.017279425635933876;0.017279425635933876;0.020211027935147285;0.0
0.0015000030398368835;0.0015000030398368835;0.01571587473154068;0.0;0.024474840611219406;0.024474840611219406;0.02565079741179943;0.0
0.0015000700950622559;0.0015000700950622559;0.03568530082702637;0.0;0.024903029203414917;0.029580488801002502;0.024903029203414917;0.0
0.0015000700950622559;0.0015000700950622559;0.03005775809288025;0.0;0.026096917688846588;0.03735848888754845;0.026096917688846588;0.0
0.001999974250793457;0.001999974250793457;0.011093705892562866;0.0;0.027173906564712524;0.03671329468488693;0.027173906564712524;0.0
0.0020000040531158447;0.0020000040531158447;0.020709700882434845;0.0;0.02996762841939926;0.035296544432640076;0.02996762841939926;0.0
0.0020000040531158447;0.0020000040531158447;0.016614370048046112;0.0;0.03155484050512314;0.03155484050512314;0.054147496819496155;0.0
0.0020000040531158447;0.0020000040531158447;0.02814861387014389;0.0;0.03178169205784798;0.04059911146759987;0.03178169205784798;0.0
0.0020000040531158447;0.0020000040531158447;0.016115792095661163;0.0;0.0348944216966629;0.057940252125263214;0.0348944216966629;0.0
0.002000093460083008;0.002000093460083008;0.036792054772377014;0.0;0.034983668476343155;0.05501961708068848;0.034983668476343155;0.0
0.002000093460083008;0.002000093460083008;0.028871707618236542;0.0;0.03499551862478256;0.12309711426496506;0.03499551862478256;0.0
0.002500005066394806;0.002500005066394806;0.02658984065055847;0.0;0.036852478981018066;0.04837583750486374;0.036852478981018066;0.0
0.002500005066394806;0.002500005066394806;0.029499273747205734;0.0;0.037666525691747665;0.052250996232032776;0.037666525691747665;0.0
0.002500005066394806;0.002500005066394806;0.02865677699446678;0.0;0.03768457844853401;0.0973508283495903;0.03768457844853401;0.0
0.002500005066394806;0.002500005066394806;0.023931007832288742;0.0;0.037987325340509415;0.06528901308774948;0.037987325340509415;0.0
0.002500005066394806;0.002500005066394806;0.02864401414990425;0.0;0.03851839900016785;0.03851839900016785;0.05337757617235184;0.0
0.0025001168251037598;0.0025001168251037598;0.02189643681049347;0.0;0.03896300494670868;0.06274725496768951;0.03896300494670868;0.0
0.0025001168251037598;0.0025001168251037598;0.05325961112976074;0.0;0.04014487937092781;0.10338073968887329;0.04014487937092781;0.0
0.0025001168251037598;0.0025001168251037598;0.01843869686126709;0.0;0.04020041972398758;0.08003340661525726;0.04020041972398758;0.0
0.0029999613761901855;0.0029999613761901855;0.024925589561462402;0.0;0.040304034948349;0.05874406918883324;0.040304034948349;0.0
0.003000006079673767;0.003000006079673767;0.016632094979286194;0.0;0.040591929107904434;0.05985488370060921;0.040591929107904434;0.0
0.003000006079673767;0.003000006079673767;0.05592142418026924;0.0;0.04066351428627968;0.06970366835594177;0.04066351428627968;0.0
0.003000006079673767;0.003000006079673767;0.05600596219301224;0.0;0.040737830102443695;0.05361279472708702;0.040737830102443695;0.0
0.003000006079673767;0.003000006079673767;0.04409811273217201;0.0;0.04091347008943558;0.09815420210361481;0.04091347008943558;0.0
0.0030001401901245117;0.0030001401901245117;0.04728585481643677;0.0;0.041703902184963226;0.0606105662882328;0.041703902184963226;0.0
0.0030001401901245117;0.0030001401901245117;0.083436980843544;0.0;0.042190443724393845;0.05659830570220947;0.042190443724393845;0.0
0.0035000070929527283;0.0035000070929527283;0.029549382627010345;0.0;0.043713416904211044;0.06065839156508446;0.043713416904211044;0.0
0.0035000070929527283;0.0035000070929527283;0.05759768187999725;0.0;0.043904583901166916;0.07811014354228973;0.043904583901166916;0.0
0.0035000070929527283;0.0035000070929527283;0.052073702216148376;0.0;0.04434365779161453;0.09602437168359756;0.04434365779161453;0.0
0.0035000070929527283;0.0035000070929527283;0.015379063785076141;0.0;0.044881802052259445;0.044881802052259445;0.051939718425273895;0.0
0.0035001635551452637;0.0035001635551452637;0.08658355474472046;0.0;0.0452420599758625;0.0632275938987732;0.0452420599758625;0.0
0.0035001635551452637;0.0035001635551452637;0.05125170946121216;0.0;0.04633617028594017;0.07516231387853622;0.04633617028594017;0.0
0.0035001635551452637;0.0035001635551452637;0.038540542125701904;0.0;0.04684607312083244;0.08622018992900848;0.04684607312083244;0.0
0.003999948501586914;0.003999948501586914;0.05064305663108826;0.0;0.04857313632965088;0.04857313632965088;0.09213969111442566;0.0
0.0040000081062316895;0.0040000081062316895;0.07140863686800003;0.0;0.04936790466308594;0.0737161785364151;0.04936790466308594;0.0
0.0040000081062316895;0.0040000081062316895;0.016484830528497696;0.0;0.04946032539010048;0.10134217888116837;0.04946032539010048;0.0
0.0040000081062316895;0.0040000081062316895;0.06868497282266617;0.0;0.050345394760370255;0.06781711429357529;0.050345394760370255;0.0
0.0040000081062316895;0.0040000081062316895;0.06231995299458504;0.0;0.05037563666701317;0.0711163654923439;0.05037563666701317;0.0
0.0040000081062316895;0.0040000081062316895;0.026233769953250885;0.0;0.05043269321322441;0.09306243062019348;0.05043269321322441;0.0
0.0040000081062316895;0.0040000081062316895;0.04370195418596268;0.0;0.05052392929792404;0.08403091132640839;0.05052392929792404;0.0
0.0040000081062316895;0.0040000081062316895;0.048980046063661575;0.0;0.05055748298764229;0.06254885345697403;0.05055748298764229;0.0
0.004496634006500244;0.004496634006500244;0.024347200989723206;0.0;0.051090747117996216;0.11204507201910019;0.051090747117996216;0.0
0.004499942064285278;0.004499942064285278;0.033762767910957336;0.0;0.051449745893478394;0.051449745893478394;0.13048183917999268;0.0
0.004499942064285278;0.004499942064285278;0.11956648528575897;0.0;0.052182137966156006;0.06335761398077011;0.052182137966156006;0.0
0.004499942064285278;0.004499942064285278;0.12073460221290588;0.0;0.05306602641940117;0.13751201331615448;0.05306602641940117;0.0
0.004500009119510651;0.004500009119510651;0.02893930673599243;0.0;0.053264301270246506;0.160660982131958;0.053264301270246506;0.0
0.004500009119510651;0.004500009119510651;0.047797515988349915;0.0;0.05330576375126839;0.08443054556846619;0.05330576375126839;0.0
0.004500009119510651;0.004500009119510651;0.0304085873067379;0.0;0.05341072380542755;0.08745601773262024;0.05341072380542755;0.0
0.004500009119510651;0.004500009119510651;0.01429513469338417;0.0;0.053420551121234894;0.11440451443195343;0.053420551121234894;0.0
0.004500210285186768;0.004500210285186768;0.13598868250846863;0.0;0.054847437888383865;0.07767672836780548;0.054847437888383865;0.0
0.004905082285404205;0.004905082285404205;0.045541755855083466;0.0;0.05494840070605278;0.05494840070605278;0.11630311608314514;0.0
0.004918340593576431;0.004918340593576431;0.04256702959537506;0.0;0.05623214691877365;0.11386091262102127;0.05623214691877365;0.0
0.004958897829055786;0.004958897829055786;0.0564955472946167;0.0;0.0565141998231411;0.07667916268110275;0.0565141998231411;0.0
0.004964053630828857;0.004964053630828857;0.026066437363624573;0.0;0.05657188594341278;0.10275871306657791;0.05657188594341278;0.0
0.004982084035873413;0.004982084035873413;0.03623148798942566;0.0;0.05763820558786392;0.09225118160247803;0.05763820558786392;0.0
0.004995942115783691;0.004995942115783691;0.048138320446014404;0.0;0.057885248214006424;0.12460608780384064;0.057885248214006424;0.0
0.004999935626983643;0.004999935626983643;0.09230011701583862;0.0;0.058881256729364395;0.13314081728458405;0.058881256729364395;0.0
0.004999935626983643;0.004999935626983643;0.04457947239279747;0.0;0.05907507613301277;0.151814267039299;0.05907507613301277;0.0
0.004999935626983643;0.004999935626983643;0.01826101541519165;0.0;0.059199344366788864;0.059199344366788864;0.10752839595079422;0.0
0.004999935626983643;0.004999935626983643;0.018720179796218872;0.0;0.060156598687171936;0.060156598687171936;0.13857075572013855;0.0
0.004999935626983643;0.004999935626983643;0.025130420923233032;0.0;0.060297686606645584;0.060297686606645584;0.1310250163078308;0.0
0.005000010132789612;0.005000010132789612;0.03471347689628601;0.0;0.06061151251196861;0.15498951077461243;0.06061151251196861;0.0
0.005000010132789612;0.005000010132789612;0.11739292740821838;0.0;0.06109008193016052;0.10343999415636063;0.06109008193016052;0.0
0.005000010132789612;0.005000010132789612;0.06051956117153168;0.0;0.06130428984761238;0.1018170490860939;0.06130428984761238;0.0
0.005000010132789612;0.005000010132789612;0.03910747170448303;0.0;0.06184888631105423;0.0777125358581543;0.06184888631105423;0.0
0.005000010132789612;0.005000010132789612;0.04000289738178253;0.0;0.06204236298799515;0.13687151670455933;0.06204236298799515;0.0
0.005000010132789612;0.005000010132789612;0.03555544465780258;0.0;0.06413215398788452;0.42189621925354004;0.06413215398788452;0.0
0.005000010132789612;0.005000010132789612;0.1309996396303177;0.0;0.06454526633024216;0.12008658796548843;0.06454526633024216;0.0
0.005000010132789612;0.005000010132789612;0.048091962933540344;0.0;0.0653383880853653;0.13588029146194458;0.0653383880853653;0.0
0.005000010132789612;0.005000010132789612;0.02746059000492096;0.0;0.06534689664840698;0.06534689664840698;0.07138682901859283;0.0
0.005000010132789612;0.005000010132789612;0.0325034037232399;0.0;0.06538251042366028;0.12429207563400269;0.06538251042366028;0.0
0.005325585603713989;0.005325585603713989;0.08157265186309814;0.0;0.06547369062900543;0.14121359586715698;0.06547369062900543;0.0
0.005378324538469315;0.005378324538469315;0.019374854862689972;0.0;0.06573523581027985;0.06573523581027985;0.11597562581300735;0.0
0.005423560738563538;0.005423560738563538;0.03557529300451279;0.0;0.06606496125459671;0.08534693717956543;0.06606496125459671;0.0
0.005429137498140335;0.005429137498140335;0.04568815976381302;0.0;0.06611858308315277;0.08660297095775604;0.06611858308315277;0.0
0.005462475121021271;0.005462475121021271;0.10110154747962952;0.0;0.0661512017250061;0.09712950140237808;0.0661512017250061;0.0
0.005477815866470337;0.005477815866470337;0.13543441891670227;0.0;0.06619289517402649;0.06619289517402649;0.18311850726604462;0.0
0.0054858773946762085;0.0054858773946762085;0.021655656397342682;0.0;0.066412054002285;0.11415179818868637;0.066412054002285;0.0
0.005487293004989624;0.005487293004989624;0.08116629719734192;0.0;0.06757127493619919;0.06757127493619919;0.1364983171224594;0.0
0.0054914578795433044;0.0054914578795433044;0.07438988983631134;0.0;0.06784430146217346;0.08882617205381393;0.06784430146217346;0.0
0.005491569638252258;0.005491569638252258;0.040443167090415955;0.0;0.06791102886199951;0.21384339034557343;0.06791102886199951;0.0
0.005499929189682007;0.005499929189682007;0.10658144950866699;0.0;0.06796106696128845;0.15372321009635925;0.06796106696128845;0.0
0.005499929189682007;0.005499929189682007;0.03138011693954468;0.0;0.06798283755779266;0.06798283755779266;0.08122137188911438;0.0
0.005499929189682007;0.005499929189682007;0.04671032726764679;0.0;0.0685751885175705;0.31200361251831055;0.0685751885175705;0.0
0.005499929189682007;0.005499929189682007;0.07968857884407043;0.0;0.06860571354627609;0.09257205575704575;0.06860571354627609;0.0
0.005499929189682007;0.005499929189682007;0.035137519240379333;0.0;0.06911402195692062;0.09337770193815231;0.06911402195692062;0.0
0.005499929189682007;0.005499929189682007;0.02901443839073181;0.0;0.07007071375846863;0.10144112259149551;0.07007071375846863;0.0
0.005499929189682007;0.005499929189682007;0.06113511323928833;0.0;0.07064910233020782;0.09003040194511414;0.07064910233020782;0.0
0.005499951541423798;0.005499951541423798;0.023697003722190857;0.0;0.07089372724294662;0.08593100309371948;0.07089372724294662;0.0
0.0055000074207782745;0.0055000074207782745;0.02363894134759903;0.0;0.07210849225521088;0.12878963351249695;0.07210849225521088;0.0
0.005500011146068573;0.005500011146068573;0.04353693872690201;0.0;0.0722251832485199;0.102717325091362;0.0722251832485199;0.0
0.005500011146068573;0.005500011146068573;0.03203073889017105;0.0;0.07223691046237946;0.15794329345226288;0.07223691046237946;0.0
0.005500011146068573;0.005500011146068573;0.06520909070968628;0.0;0.0725153461098671;0.13866280019283295;0.0725153461098671;0.0
0.005807898938655853;0.005807898938655853;0.047720231115818024;0.0;0.0725783109664917;0.2586485743522644;0.0725783109664917;0.0
0.005832448601722717;0.005832448601722717;0.10895352065563202;0.0;0.07270936667919159;0.09983908385038376;0.07270936667919159;0.0
0.0058696940541267395;0.0058696940541267395;0.027711570262908936;0.0;0.0728999450802803;0.09820517152547836;0.0728999450802803;0.0
0.005877792835235596;0.005877792835235596;0.04436677694320679;0.0;0.07295630127191544;0.09801091253757477;0.07295630127191544;0.0
0.0059138089418411255;0.0059138089418411255;0.16617842018604279;0.0;0.07332859933376312;0.15651078522205353;0.07332859933376312;0.0
0.005921639502048492;0.005921639502048492;0.06206340342760086;0.0;0.07357058674097061;0.11788500100374222;0.07357058674097061;0.0
0.005932614207267761;0.005932614207267761;0.09913309663534164;0.0;0.07418987154960632;0.07418987154960632;0.11102515459060669;0.0
0.005944013595581055;0.005944013595581055;0.04565548896789551;0.0;0.07481148838996887;0.33816003799438477;0.07481148838996887;0.0
0.005947295576334;0.005947295576334;0.0429043173789978;0.0;0.0749136358499527;0.09512549638748169;0.0749136358499527;0.0
0.005966156721115112;0.005966156721115112;0.04674714058637619;0.0;0.07515028119087219;0.1303684413433075;0.07515028119087219;0.0
0.005972176790237427;0.005972176790237427;0.04808545112609863;0.0;0.07516393065452576;0.13005919754505157;0.07516393065452576;0.0
0.0059856027364730835;0.0059856027364730835;0.0694790631532669;0.0;0.0751967579126358;0.11107641458511353;0.0751967579126358;0.0
0.0059859007596969604;0.0059859007596969604;0.025411128997802734;0.0;0.076145701110363;0.2644832730293274;0.076145701110363;0.0
0.005999922752380371;0.005999922752380371;0.1583942174911499;0.0;0.07637417316436768;0.07637417316436768;0.07956288009881973;0.0
0.005999922752380371;0.005999922752380371;0.03329048305749893;0.0;0.07760471850633621;0.1981176733970642;0.07760471850633621;0.0
0.005999922752380371;0.005999922752380371;0.08848128467798233;0.0;0.07832363247871399;0.07832363247871399;0.1543196588754654;0.0
0.005999922752380371;0.005999922752380371;0.25779229402542114;0.0;0.07922420650720596;0.08697351813316345;0.07922420650720596;0.0
0.0060002803802490234;0.0060002803802490234;0.10256510972976685;0.0;0.07938971370458603;0.13596117496490479;0.07938971370458603;0.0
0.0060002803802490234;0.0060002803802490234;0.2613133192062378;0.0;0.07960505783557892;0.10964693874120712;0.07960505783557892;0.0
0.006270602345466614;0.006270602345466614;0.02754918485879898;0.0;0.07961847633123398;0.08231852948665619;0.07961847633123398;0.0
0.00631462037563324;0.00631462037563324;0.06844940036535263;0.0;0.079764224588871;0.09655341506004333;0.079764224588871;0.0
0.006316661834716797;0.006316661834716797;0.09046244621276855;0.0;0.07981236279010773;0.12957052886486053;0.07981236279010773;0.0
0.006323195993900299;0.006323195993900299;0.04608401656150818;0.0;0.07997465133666992;0.07997465133666992;0.15509271621704102;0.0
0.006338201463222504;0.006338201463222504;0.05315585434436798;0.0;0.08004605025053024;0.15791821479797363;0.08004605025053024;0.0
0.006347149610519409;0.006347149610519409;0.018368259072303772;0.0;0.08024149388074875;0.16843189299106598;0.08024149388074875;0.0
0.006359398365020752;0.006359398365020752;0.042502373456954956;0.0;0.08063320815563202;0.08063320815563202;0.10238810628652573;0.0
0.006359457969665527;0.006359457969665527;0.05024518072605133;0.0;0.08069270849227905;0.11622735857963562;0.08069270849227905;0.0
0.006387814879417419;0.006387814879417419;0.04440715163946152;0.0;0.08092109858989716;0.08092109858989716;0.09351867437362671;0.0
0.00639420747756958;0.00639420747756958;0.04678157716989517;0.0;0.08144912123680115;0.11524628847837448;0.08144912123680115;0.0
0.006401494145393372;0.006401494145393372;0.07300528883934021;0.0;0.08164507150650024;0.15019643306732178;0.08164507150650024;0.0
0.006407424807548523;0.006407424807548523;0.11705081909894943;0.0;0.0819554552435875;0.2050170749425888;0.0819554552435875;0.0
0.006410602480173111;0.006410602480173111;0.04360916465520859;0.0;0.08287167549133301;0.3514062166213989;0.08287167549133301;0.0
0.006422251462936401;0.006422251462936401;0.05408841371536255;0.0;0.08289269357919693;0.08289269357919693;0.20062901079654694;0.0
0.006444819271564484;0.006444819271564484;0.07992756366729736;0.0;0.08306543529033661;0.13983602821826935;0.08306543529033661;0.0
0.006457477807998657;0.006457477807998657;0.01695990562438965;0.0;0.08352634310722351;0.08352634310722351;0.12548828125;0.0
0.006471455097198486;0.006471455097198486;0.17076519131660461;0.0;0.08428876101970673;0.08428876101970673;0.2078922986984253;0.0
0.006500013172626495;0.006500013172626495;0.025077156722545624;0.0;0.08456654846668243;0.12139642238616943;0.08456654846668243;0.0
0.006648600101470947;0.006648600101470947;0.0323142409324646;0.0;0.08533333241939545;0.10852089524269104;0.08533333241939545;0.0
0.00667080283164978;0.00667080283164978;0.03975774347782135;0.0;0.08567799627780914;0.13826346397399902;0.08567799627780914;0.0
0.0067137740552425385;0.0067137740552425385;0.06378930807113647;0.0;0.08570559322834015;0.11724993586540222;0.08570559322834015;0.0
0.006714832037687302;0.006714832037687302;0.04521224647760391;0.0;0.08711153268814087;0.1034741923213005;0.08711153268814087;0.0
0.006762344390153885;0.006762344390153885;0.08909205347299576;0.0;0.08734580129384995;0.1441229283809662;0.08734580129384995;0.0
0.006774246692657471;0.006774246692657471;0.04264245927333832;0.0;0.08883396536111832;0.09582600742578506;0.08883396536111832;0.0
0.00677846372127533;0.00677846372127533;0.03415849804878235;0.0;0.08898026496171951;0.17155955731868744;0.08898026496171951;0.0
0.006807535886764526;0.006807535886764526;0.10873693227767944;0.0;0.08931607753038406;0.11443471908569336;0.08931607753038406;0.0
0.00681912899017334;0.00681912899017334;0.15158192813396454;0.0;0.08959031850099564;0.11757436394691467;0.08959031850099564;0.0
0.006835125386714935;0.006835125386714935;0.06751647591590881;0.0;0.08987227082252502;0.13392473757266998;0.08987227082252502;0.0
0.006837427616119385;0.006837427616119385;0.07898473739624023;0.0;0.09020281583070755;0.15784280002117157;0.09020281583070755;0.0
0.006933979690074921;0.006933979690074921;0.09945501387119293;0.0;0.09041409194469452;0.09041409194469452;0.09169499576091766;0.0
0.006934672594070435;0.006934672594070435;0.03883403539657593;0.0;0.09107425063848495;0.2099968045949936;0.09107425063848495;0.0
0.006950169801712036;0.006950169801712036;0.09533439576625824;0.0;0.09116502851247787;0.11160264164209366;0.09116502851247787;0.0
0.006950885057449341;0.006950885057449341;0.0533769428730011;0.0;0.09141865372657776;0.11933164298534393;0.09141865372657776;0.0
0.0071093738079071045;0.0071093738079071045;0.1082981526851654;0.0;0.09218452870845795;0.11638843268156052;0.09218452870845795;0.0
0.007112264633178711;0.007112264633178711;0.037976354360580444;0.0;0.09256257116794586;0.15217775106430054;0.09256257116794586;0.0
0.007112972438335419;0.007112972438335419;0.04574774205684662;0.0;0.09281017631292343;0.21974673867225647;0.09281017631292343;0.0
0.007116757333278656;0.007116757333278656;0.050457537174224854;0.0;0.09301172196865082;0.13534869253635406;0.09301172196865082;0.0
0.007120057940483093;0.007120057940483093;0.024036087095737457;0.0;0.093991219997406;0.16862672567367554;0.093991219997406;0.0
0.007141023874282837;0.007141023874282837;0.018601998686790466;0.0;0.09411369264125824;0.12885527312755585;0.09411369264125824;0.0
0.007154390215873718;0.007154390215873718;0.04514085501432419;0.0;0.09459526091814041;0.13292041420936584;0.09459526091814041;0.0
0.007202915847301483;0.007202915847301483;0.06988409906625748;0.0;0.09606856107711792;0.1058724895119667;0.09606856107711792;0.0
0.007205784320831299;0.007205784320831299;0.0480046272277832;0.0;0.09619180113077164;0.19490189850330353;0.09619180113077164;0.0
0.00721392035484314;0.00721392035484314;0.11534678936004639;0.0;0.0962548777461052;0.12711547315120697;0.0962548777461052;0.0
0.0072482675313949585;0.0072482675313949585;0.05550071597099304;0.0;0.09703896194696426;0.16861110925674438;0.09703896194696426;0.0
0.0073001086711883545;0.0073001086711883545;0.09103815257549286;0.0;0.09788411110639572;0.2217520773410797;0.09788411110639572;0.0
0.007305361330509186;0.007305361330509186;0.041666507720947266;0.0;0.09792886674404144;0.1853993684053421;0.09792886674404144;0.0
0.007327616214752197;0.007327616214752197;0.11639973521232605;0.0;0.09818344563245773;0.24858969449996948;0.09818344563245773;0.0
0.007345810532569885;0.007345810532569885;0.06245192140340805;0.0;0.09822440892457962;0.10017642378807068;0.09822440892457962;0.0
0.0073490142822265625;0.0073490142822265625;0.043818399310112;0.0;0.098261758685112;0.14248596131801605;0.098261758685112;0.0
0.0073509663343429565;0.0073509663343429565;0.08454253524541855;0.0;0.09843417257070541;0.18709884583950043;0.09843417257070541;0.0
0.007351189851760864;0.007351189851760864;0.12601496279239655;0.0;0.09890525788068771;0.181462824344635;0.09890525788068771;0.0
0.007366582751274109;0.007366582751274109;0.06304425001144409;0.0;0.0990089699625969;0.14989686012268066;0.0990089699625969;0.0
0.00737413763999939;0.00737413763999939;0.06886156648397446;0.0;0.09926354140043259;0.24199388921260834;0.09926354140043259;0.0
0.007379606366157532;0.007379606366157532;0.07089471817016602;0.0;0.09955938160419464;0.1277761459350586;0.09955938160419464;0.0
0.0073861777782440186;0.0073861777782440186;0.06133025884628296;0.0;0.09966552257537842;0.09966552257537842;0.223102867603302;0.0
0.007394075393676758;0.007394075393676758;0.04047617316246033;0.0;0.0997329130768776;0.0997329130768776;0.10284340381622314;0.0
0.007405303418636322;0.007405303418636322;0.09486378729343414;0.0;0.09976401925086975;0.136524498462677;0.09976401925086975;0.0
0.007437765598297119;0.007437765598297119;0.08413243293762207;0.0;0.1003294289112091;0.10709263384342194;0.1003294289112091;0.0
0.007478199899196625;0.007478199899196625;0.022957414388656616;0.0;0.10034628212451935;0.10034628212451935;0.10436514765024185;0.0
0.007545866072177887;0.007545866072177887;0.04696744680404663;0.0;0.10071735829114914;0.26786744594573975;0.10071735829114914;0.0
0.0075912028551101685;0.0075912028551101685;0.18862850964069366;0.0;0.10071735829114914;0.1510094255208969;0.10071735829114914;0.0
0.007605075836181641;0.007605075836181641;0.037880510091781616;0.0;0.10097938776016235;0.10097938776016235;0.10906960815191269;0.0
0.00763586163520813;0.00763586163520813;0.07222959399223328;0.0;0.10112401843070984;0.10112401843070984;0.11325343698263168;0.0
0.00763605535030365;0.00763605535030365;0.11055530607700348;0.0;0.10126857459545135;0.10598018765449524;0.10126857459545135;0.0
0.007648110389709473;0.007648110389709473;0.10486876964569092;0.0;0.10194938629865646;0.3670279383659363;0.10194938629865646;0.0
0.007655985653400421;0.007655985653400421;0.04405190795660019;0.0;0.10201042145490646;0.1268744319677353;0.10201042145490646;0.0
0.0076628923416137695;0.0076628923416137695;0.1445235013961792;0.0;0.10219011455774307;0.10219011455774307;0.10350707918405533;0.0
0.007683247327804565;0.007683247327804565;0.044647350907325745;0.0;0.10288168489933014;0.2542257308959961;0.10288168489933014;0.0
0.0076972804963588715;0.0076972804963588715;0.08876536041498184;0.0;0.10304947942495346;0.15998010337352753;0.10304947942495346;0.0
0.007716625928878784;0.007716625928878784;0.11147645115852356;0.0;0.10326644033193588;0.1173909455537796;0.10326644033193588;0.0
0.0077168866991996765;0.0077168866991996765;0.05011773109436035;0.0;0.10355202853679657;0.10544062405824661;0.10355202853679657;0.0
0.0077347904443740845;0.0077347904443740845;0.043188244104385376;0.0;0.10413829982280731;0.11462217569351196;0.10413829982280731;0.0
0.0077446699142456055;0.0077446699142456055;0.1404549926519394;0.0;0.10414785891771317;0.14315976202487946;0.10414785891771317;0.0
0.00774817168712616;0.00774817168712616;0.030586645007133484;0.0;0.10418111830949783;0.3542843759059906;0.10418111830949783;0.0
0.007804505527019501;0.007804505527019501;0.03910954296588898;0.0;0.1044476106762886;0.21588678658008575;0.1044476106762886;0.0
0.007834956049919128;0.007834956049919128;0.07002318650484085;0.0;0.10482873022556305;0.15818729996681213;0.10482873022556305;0.0
0.00785461813211441;0.00785461813211441;0.05593138933181763;0.0;0.10491642355918884;0.2226065993309021;0.10491642355918884;0.0
0.007915273308753967;0.007915273308753967;0.11657136678695679;0.0;0.10517444461584091;0.1212851032614708;0.10517444461584091;0.0
0.007927238941192627;0.007927238941192627;0.035436175763607025;0.0;0.10579106211662292;0.14744125306606293;0.10579106211662292;0.0
0.007934868335723877;0.007934868335723877;0.05504757910966873;0.0;0.10592474043369293;0.10592474043369293;0.11469858884811401;0.0
0.007938623428344727;0.007938623428344727;0.046751439571380615;0.0;0.10611807554960251;0.5612213611602783;0.10611807554960251;0.0
0.008042335510253906;0.008042335510253906;0.09117262065410614;0.0;0.1062932014465332;0.15018412470817566;0.1062932014465332;0.0
0.008060470223426819;0.008060470223426819;0.17747575044631958;0.0;0.10631425678730011;0.19215691089630127;0.10631425678730011;0.0
0.008064381778240204;0.008064381778240204;0.08907824754714966;0.0;0.10658000409603119;0.15136681497097015;0.10658000409603119;0.0
0.008129537105560303;0.008129537105560303;0.09554827213287354;0.0;0.1073823943734169;0.2607419192790985;0.1073823943734169;0.0
0.008138209581375122;0.008138209581375122;0.05294836312532425;0.0;0.10745153576135635;0.1825234740972519;0.10745153576135635;0.0
0.008144915103912354;0.008144915103912354;0.06156569719314575;0.0;0.10754117369651794;0.16900315880775452;0.10754117369651794;0.0
0.008147269487380981;0.008147269487380981;0.03722511976957321;0.0;0.1076657697558403;0.14309950172901154;0.1076657697558403;0.0
0.008148230612277985;0.008148230612277985;0.08040854334831238;0.0;0.10787744075059891;0.10787744075059891;0.10838696360588074;0.0
0.008206754922866821;0.008206754922866821;0.08667244017124176;0.0;0.10814786702394485;0.16081541776657104;0.10814786702394485;0.0
0.008226409554481506;0.008226409554481506;0.07062113285064697;0.0;0.10865312814712524;0.19216783344745636;0.10865312814712524;0.0
0.008252084255218506;0.008252084255218506;0.025206468999385834;0.0;0.10951991379261017;0.10951991379261017;0.1122722327709198;0.0
0.00828482210636139;0.00828482210636139;0.12613412737846375;0.0;0.1095382422208786;0.24426685273647308;0.1095382422208786;0.0
0.008286207914352417;0.008286207914352417;0.0884571224451065;0.0;0.10962626338005066;0.14597243070602417;0.10962626338005066;0.0
0.008286580443382263;0.008286580443382263;0.19001993536949158;0.0;0.1098983958363533;0.15197406709194183;0.1098983958363533;0.0
0.008307963609695435;0.008307963609695435;0.05907885730266571;0.0;0.11047706753015518;0.13932682573795319;0.11047706753015518;0.0
0.00830984115600586;0.00830984115600586;0.048066020011901855;0.0;0.11050258576869965;0.13448303937911987;0.11050258576869965;0.0
0.008314117789268494;0.008314117789268494;0.17541712522506714;0.0;0.11081711947917938;0.32797399163246155;0.11081711947917938;0.0
0.008337825536727905;0.008337825536727905;0.06401127576828003;0.0;0.11202047020196915;0.13619738817214966;0.11202047020196915;0.0
0.008364856243133545;0.008364856243133545;0.03611212968826294;0.0;0.11218385398387909;0.19428221881389618;0.11218385398387909;0.0
0.008405759930610657;0.008405759930610657;0.07754215598106384;0.0;0.1122637689113617;0.1638827919960022;0.1122637689113617;0.0
0.008412592113018036;0.008412592113018036;0.04439481347799301;0.0;0.1122651994228363;0.17255251109600067;0.1122651994228363;0.0
0.00843869149684906;0.00843869149684906;0.09358230233192444;0.0;0.11241386830806732;0.11241386830806732;0.15878483653068542;0.0
0.00846986472606659;0.00846986472606659;0.07218701392412186;0.0;0.11246856302022934;0.1451607495546341;0.11246856302022934;0.0
0.008480310440063477;0.008480310440063477;0.0940713882446289;0.0;0.11278888583183289;0.1966543197631836;0.11278888583183289;0.0
0.008628129959106445;0.008628129959106445;0.09766373038291931;0.0;0.1130535677075386;0.14764614403247833;0.1130535677075386;0.0
0.008647441864013672;0.008647441864013672;0.05936509370803833;0.0;0.11333410441875458;0.24855788052082062;0.11333410441875458;0.0
0.00870552659034729;0.00870552659034729;0.10215568542480469;0.0;0.11348524689674377;0.1687764823436737;0.11348524689674377;0.0
0.00870630145072937;0.00870630145072937;0.0756678581237793;0.0;0.11356622725725174;0.19041331112384796;0.11356622725725174;0.0
0.008749246597290039;0.008749246597290039;0.06146436929702759;0.0;0.11358006298542023;0.14626817405223846;0.11358006298542023;0.0
0.008766189217567444;0.008766189217567444;0.16130466759204865;0.0;0.11377298831939697;0.11377298831939697;0.15242886543273926;0.0
0.00879622995853424;0.00879622995853424;0.23642265796661377;0.0;0.11403325200080872;0.1894349902868271;0.11403325200080872;0.0
0.008802413940429688;0.008802413940429688;0.07373565435409546;0.0;0.11405356973409653;0.1507103443145752;0.11405356973409653;0.0
0.008815616369247437;0.008815616369247437;0.0870615541934967;0.0;0.1140897125005722;0.23557759821414948;0.1140897125005722;0.0
0.008816063404083252;0.008816063404083252;0.06910912692546844;0.0;0.11428873240947723;0.14257168769836426;0.11428873240947723;0.0
0.008824676275253296;0.008824676275253296;0.05131884664297104;0.0;0.11436273157596588;0.13472609221935272;0.11436273157596588;0.0
0.008834123611450195;0.008834123611450195;0.08106625080108643;0.0;0.11438053101301193;0.1474694013595581;0.11438053101301193;0.0
0.008844375610351562;0.008844375610351562;0.03521504998207092;0.0;0.11459604650735855;0.1483137458562851;0.11459604650735855;0.0
0.008878916501998901;0.008878916501998901;0.07310497760772705;0.0;0.11467354744672775;0.13867317140102386;0.11467354744672775;0.0
0.008905157446861267;0.008905157446861267;0.05667630583047867;0.0;0.11616400629281998;0.20424197614192963;0.11616400629281998;0.0
0.008924931287765503;0.008924931287765503;0.09280792623758316;0.0;0.11617153882980347;0.20853711664676666;0.11617153882980347;0.0
0.008929885923862457;0.008929885923862457;0.16681325435638428;0.0;0.11632470786571503;0.19748148322105408;0.11632470786571503;0.0
0.008941084146499634;0.008941084146499634;0.0792352557182312;0.0;0.11662852019071579;0.18266291916370392;0.11662852019071579;0.0
0.008943825960159302;0.008943825960159302;0.12189304828643799;0.0;0.11778158694505692;0.15491053462028503;0.11778158694505692;0.0
0.008964002132415771;0.008964002132415771;0.04063671827316284;0.0;0.11785966157913208;0.1422358900308609;0.11785966157913208;0.0
0.00899815559387207;0.00899815559387207;0.0505141019821167;0.0;0.11805638670921326;0.15082676708698273;0.11805638670921326;0.0
0.009004473686218262;0.009004473686218262;0.04149693250656128;0.0;0.11814078688621521;0.16523826122283936;0.11814078688621521;0.0
0.009016335010528564;0.009016335010528564;0.025148332118988037;0.0;0.11829742044210434;0.14690691232681274;0.11829742044210434;0.0
0.009068302810192108;0.009068302810192108;0.0422387421131134;0.0;0.11874495446681976;0.11874495446681976;0.2424420416355133;0.0
0.00909404456615448;0.00909404456615448;0.09029853343963623;0.0;0.11876026540994644;0.15013974905014038;0.11876026540994644;0.0
0.009175211191177368;0.009175211191177368;0.1754530966281891;0.0;0.11908053606748581;0.2474253922700882;0.11908053606748581;0.0
0.009190022945404053;0.009190022945404053;0.14292217791080475;0.0;0.11918569356203079;0.20848897099494934;0.11918569356203079;0.0
0.009194046258926392;0.009194046258926392;0.06461179256439209;0.0;0.1191927045583725;0.2374594360589981;0.1191927045583725;0.0
0.009205237030982971;0.009205237030982971;0.0683080181479454;0.0;0.11929365992546082;0.17022135853767395;0.11929365992546082;0.0
0.009215831756591797;0.009215831756591797;0.024047493934631348;0.0;0.11964517086744308;0.11964517086744308;0.1512347012758255;0.0
0.009229425340890884;0.009229425340890884;0.02489282190799713;0.0;0.11973914504051208;0.17507599294185638;0.11973914504051208;0.0
0.009277254343032837;0.009277254343032837;0.08912219107151031;0.0;0.1201624646782875;0.1977287381887436;0.1201624646782875;0.0
0.009281281381845474;0.009281281381845474;0.0450926274061203;0.0;0.12019240111112595;0.1728629767894745;0.12019240111112595;0.0
0.009295463562011719;0.009295463562011719;0.0954846739768982;0.0;0.1202557384967804;0.13506947457790375;0.1202557384967804;0.0
0.00930243730545044;0.00930243730545044;0.13780099153518677;0.0;0.12051554024219513;0.1967317759990692;0.12051554024219513;0.0
0.009305492043495178;0.009305492043495178;0.12550613284111023;0.0;0.1210126057267189;0.15817318856716156;0.1210126057267189;0.0
0.00936664268374443;0.00936664268374443;0.033498406410217285;0.0;0.12110669165849686;0.2507249116897583;0.12110669165849686;0.0
0.009368136525154114;0.009368136525154114;0.12441162765026093;0.0;0.12154702842235565;0.12920400500297546;0.12154702842235565;0.0
0.009376421570777893;0.009376421570777893;0.18366414308547974;0.0;0.12163156270980835;0.1370670050382614;0.12163156270980835;0.0
0.009379900991916656;0.009379900991916656;0.030715107917785645;0.0;0.12175601720809937;0.15990877151489258;0.12175601720809937;0.0
0.009423911571502686;0.009423911571502686;0.0827057957649231;0.0;0.12190128117799759;0.1873038411140442;0.12190128117799759;0.0
0.009432077407836914;0.009432077407836914;0.08227026462554932;0.0;0.12205289304256439;0.6084488034248352;0.12205289304256439;0.0
0.009443327784538269;0.009443327784538269;0.039519764482975006;0.0;0.12244556844234467;0.1385398805141449;0.12244556844234467;0.0
0.009452730417251587;0.009452730417251587;0.04579605162143707;0.0;0.12255790084600449;0.19464297592639923;0.12255790084600449;0.0
0.00946316123008728;0.00946316123008728;0.05975662171840668;0.0;0.122706338763237;0.3103596568107605;0.122706338763237;0.0
0.009493887424468994;0.009493887424468994;0.1240161657333374;0.0;0.12282544374465942;0.19881173968315125;0.12282544374465942;0.0
0.009499236941337585;0.009499236941337585;0.04087141901254654;0.0;0.12288398295640945;0.1477772295475006;0.12288398295640945;0.0
0.00949956476688385;0.00949956476688385;0.07694441080093384;0.0;0.1229296550154686;0.15620365738868713;0.1229296550154686;0.0
0.00953662395477295;0.00953662395477295;0.0477757602930069;0.0;0.12306524068117142;0.15745842456817627;0.12306524068117142;0.0
0.009542502462863922;0.009542502462863922;0.07879598438739777;0.0;0.1232762485742569;0.25147926807403564;0.1232762485742569;0.0
0.009555220603942871;0.009555220603942871;0.09406262636184692;0.0;0.12340986728668213;0.12340986728668213;0.13620641827583313;0.0
0.009593069553375244;0.009593069553375244;0.14010217785835266;0.0;0.12344569712877274;0.19731946289539337;0.12344569712877274;0.0
0.009623311460018158;0.009623311460018158;0.029795773327350616;0.0;0.12371981143951416;0.17444999516010284;0.12371981143951416;0.0
0.009677588939666748;0.009677588939666748;0.12401387095451355;0.0;0.12382881343364716;0.16693030297756195;0.12382881343364716;0.0
0.009689047932624817;0.009689047932624817;0.041318438947200775;0.0;0.12400487810373306;0.16465331614017487;0.12400487810373306;0.0
0.009754672646522522;0.009754672646522522;0.055538177490234375;0.0;0.12429173290729523;0.17814943194389343;0.12429173290729523;0.0
0.009768187999725342;0.009768187999725342;0.044216156005859375;0.0;0.12446131557226181;0.15189732611179352;0.12446131557226181;0.0
0.009771674871444702;0.009771674871444702;0.0934818685054779;0.0;0.12467996776103973;0.34018123149871826;0.12467996776103973;0.0
0.009796340018510818;0.009796340018510818;0.02917420119047165;0.0;0.124909408390522;0.1403968781232834;0.124909408390522;0.0
0.00987100601196289;0.00987100601196289;0.08892011642456055;0.0;0.12492004036903381;0.29119133949279785;0.12492004036903381;0.0
0.009892821311950684;0.009892821311950684;0.12090401351451874;0.0;0.12506498396396637;0.1506878137588501;0.12506498396396637;0.0
0.009893327951431274;0.009893327951431274;0.1271010786294937;0.0;0.12508006393909454;0.2127804011106491;0.12508006393909454;0.0
0.009970784187316895;0.009970784187316895;0.13809233903884888;0.0;0.12530827522277832;0.28759416937828064;0.12530827522277832;0.0
0.00998014211654663;0.00998014211654663;0.20671135187149048;0.0;0.1255798637866974;0.1255798637866974;0.12987227737903595;0.0
0.00998106598854065;0.00998106598854065;0.06211346387863159;0.0;0.12563683092594147;0.18766824901103973;0.12563683092594147;0.0
0.010021895170211792;0.010021895170211792;0.08406014740467072;0.0;0.1257871389389038;0.46902769804000854;0.1257871389389038;0.0
0.010034799575805664;0.010034799575805664;0.09801004827022552;0.0;0.12601742148399353;0.14443475008010864;0.12601742148399353;0.0
0.010035842657089233;0.010035842657089233;0.06957787275314331;0.0;0.1268380880355835;0.3292451500892639;0.1268380880355835;0.0
0.010056793689727783;0.010056793689727783;0.050716087222099304;0.0;0.12710344791412354;0.175059512257576;0.12710344791412354;0.0
0.010115578770637512;0.010115578770637512;0.052872300148010254;0.0;0.12737475335597992;0.19402773678302765;0.12737475335597992;0.0
0.010131344199180603;0.010131344199180603;0.04218605160713196;0.0;0.12744660675525665;0.18590441346168518;0.12744660675525665;0.0
0.010170437395572662;0.010170437395572662;0.09623314440250397;0.0;0.12753629684448242;0.19634421169757843;0.12753629684448242;0.0
0.010237902402877808;0.010237902402877808;0.11654922366142273;0.0;0.12755648791790009;0.22340746223926544;0.12755648791790009;0.0
0.010246574878692627;0.010246574878692627;0.22492492198944092;0.0;0.12820285558700562;0.2834719121456146;0.12820285558700562;0.0
0.0102652907371521;0.0102652907371521;0.05704312026500702;0.0;0.1285201609134674;0.4684104025363922;0.1285201609134674;0.0
0.010307073593139648;0.010307073593139648;0.061743758618831635;0.0;0.1285858303308487;0.1718839555978775;0.1285858303308487;0.0
0.010309368371963501;0.010309368371963501;0.09013538807630539;0.0;0.12962910532951355;0.16322149336338043;0.12962910532951355;0.0
0.010312318801879883;0.010312318801879883;0.09283425658941269;0.0;0.12992888689041138;0.14131838083267212;0.12992888689041138;0.0
0.010340094566345215;0.010340094566345215;0.08425313234329224;0.0;0.1299363225698471;0.21255478262901306;0.1299363225698471;0.0
0.010343760251998901;0.010343760251998901;0.1733115315437317;0.0;0.12998420000076294;0.15222731232643127;0.12998420000076294;0.0
0.010346002876758575;0.010346002876758575;0.20494015514850616;0.0;0.13027304410934448;0.14432436227798462;0.13027304410934448;0.0
0.010352298617362976;0.010352298617362976;0.19473294913768768;0.0;0.13033530116081238;0.1640518456697464;0.13033530116081238;0.0
0.010369181632995605;0.010369181632995605;0.10466206073760986;0.0;0.13045334815979004;0.5525375604629517;0.13045334815979004;0.0
0.010403692722320557;0.010403692722320557;0.2174718976020813;0.0;0.1309441179037094;0.13705575466156006;0.1309441179037094;0.0
0.010464012622833252;0.010464012622833252;0.20276403427124023;0.0;0.1313631683588028;0.23288331925868988;0.1313631683588028;0.0
0.010496467351913452;0.010496467351913452;0.046273887157440186;0.0;0.13137014210224152;0.19331291317939758;0.13137014210224152;0.0
0.010501235723495483;0.010501235723495483;0.05294957756996155;0.0;0.13185381889343262;0.1554543673992157;0.13185381889343262;0.0
0.010526478290557861;0.010526478290557861;0.23473718762397766;0.0;0.1318594515323639;0.21142548322677612;0.1318594515323639;0.0
0.010532975196838379;0.010532975196838379;0.22614061832427979;0.0;0.13196943700313568;0.2587028741836548;0.13196943700313568;0.0
0.010534167289733887;0.010534167289733887;0.0944363921880722;0.0;0.13220231235027313;0.17819252610206604;0.13220231235027313;0.0
0.010535754263401031;0.010535754263401031;0.14813339710235596;0.0;0.13224247097969055;0.3107459843158722;0.13224247097969055;0.0
0.010540064424276352;0.010540064424276352;0.05595141649246216;0.0;0.13253408670425415;0.17406263947486877;0.13253408670425415;0.0
0.010560855269432068;0.010560855269432068;0.10423527657985687;0.0;0.13266436755657196;0.2762607932090759;0.13266436755657196;0.0
0.010569773614406586;0.010569773614406586;0.043438881635665894;0.0;0.13285796344280243;0.158591166138649;0.13285796344280243;0.0
0.010572895407676697;0.010572895407676697;0.06617115437984467;0.0;0.1329168677330017;0.2106468677520752;0.1329168677330017;0.0
0.010599568486213684;0.010599568486213684;0.09439043700695038;0.0;0.13351887464523315;0.20170964300632477;0.13351887464523315;0.0
0.010607615113258362;0.010607615113258362;0.240199014544487;0.0;0.13361136615276337;0.13361136615276337;0.1417090892791748;0.0
0.010682709515094757;0.010682709515094757;0.20373788475990295;0.0;0.13450127840042114;0.21118423342704773;0.13450127840042114;0.0
0.010687589645385742;0.010687589645385742;0.06557287275791168;0.0;0.1348087042570114;0.20105431973934174;0.1348087042570114;0.0
0.010735534131526947;0.010735534131526947;0.07888862490653992;0.0;0.1349191665649414;0.20157189667224884;0.1349191665649414;0.0
0.010745882987976074;0.010745882987976074;0.09071344137191772;0.0;0.13494253158569336;0.13494253158569336;0.15034452080726624;0.0
0.010753288865089417;0.010753288865089417;0.1619756519794464;0.0;0.13523036241531372;0.1805151253938675;0.13523036241531372;0.0
0.010802298784255981;0.010802298784255981;0.1376820206642151;0.0;0.13527725636959076;0.2512018382549286;0.13527725636959076;0.0
0.010873332619667053;0.010873332619667053;0.07934980094432831;0.0;0.1353348046541214;0.18403315544128418;0.1353348046541214;0.0
0.010924071073532104;0.010924071073532104;0.08124901354312897;0.0;0.1357119083404541;0.14629453420639038;0.1357119083404541;0.0
0.010974287986755371;0.010974287986755371;0.1426050066947937;0.0;0.13667970895767212;0.13784685730934143;0.13667970895767212;0.0
0.010987348854541779;0.010987348854541779;0.03530760109424591;0.0;0.13669902086257935;0.13669902086257935;0.1433132290840149;0.0
0.011045560240745544;0.011045560240745544;0.1443064957857132;0.0;0.13672712445259094;0.16740228235721588;0.13672712445259094;0.0
0.011070385575294495;0.011070385575294495;0.1758151650428772;0.0;0.1368468701839447;0.1873255968093872;0.1368468701839447;0.0
0.011101722717285156;0.011101722717285156;0.08436094224452972;0.0;0.1373918205499649;0.18838399648666382;0.1373918205499649;0.0
0.01110374927520752;0.01110374927520752;0.046923667192459106;0.0;0.1375921666622162;0.17099018394947052;0.1375921666622162;0.0
0.011112973093986511;0.011112973093986511;0.07222342491149902;0.0;0.13768771290779114;0.2098161280155182;0.13768771290779114;0.0
0.011122137308120728;0.011122137308120728;0.08238950371742249;0.0;0.13788634538650513;0.3016057312488556;0.13788634538650513;0.0
0.011127054691314697;0.011127054691314697;0.1247912347316742;0.0;0.13839593529701233;0.19824184477329254;0.13839593529701233;0.0
0.011141471564769745;0.011141471564769745;0.05764911323785782;0.0;0.1384381204843521;0.9368794560432434;0.1384381204843521;0.0
0.01114964485168457;0.01114964485168457;0.06149640679359436;0.0;0.13872943818569183;0.19804774224758148;0.13872943818569183;0.0
0.011211246252059937;0.011211246252059937;0.254366934299469;0.0;0.13900284469127655;0.1579229235649109;0.13900284469127655;0.0
0.011211421340703964;0.011211421340703964;0.12719736993312836;0.0;0.13906505703926086;0.2532889246940613;0.13906505703926086;0.0
0.011287517845630646;0.011287517845630646;0.10630838572978973;0.0;0.13933216035366058;0.2722577154636383;0.13933216035366058;0.0
0.011302687227725983;0.011302687227725983;0.11295569688081741;0.0;0.13975277543067932;0.13975277543067932;0.15388551354408264;0.0
0.011366575956344604;0.011366575956344604;0.16625523567199707;0.0;0.1400216966867447;0.2939090430736542;0.1400216966867447;0.0
0.011392593383789062;0.011392593383789062;0.04084262251853943;0.0;0.1400979459285736;0.26260438561439514;0.1400979459285736;0.0
0.011392876505851746;0.011392876505851746;0.05066889524459839;0.0;0.14023153483867645;0.14023153483867645;0.15786239504814148;0.0
0.011407837271690369;0.011407837271690369;0.1940576434135437;0.0;0.1403137594461441;0.20166631042957306;0.1403137594461441;0.0
0.011408865451812744;0.011408865451812744;0.06325298547744751;0.0;0.14065131545066833;0.16747500002384186;0.14065131545066833;0.0
0.011439785361289978;0.011439785361289978;0.09229498356580734;0.0;0.14114078879356384;0.1875220090150833;0.14114078879356384;0.0
0.011453643441200256;0.011453643441200256;0.08545371890068054;0.0;0.1415823996067047;0.26313602924346924;0.1415823996067047;0.0
0.011496126651763916;0.011496126651763916;0.05232590436935425;0.0;0.14184455573558807;0.17249245941638947;0.14184455573558807;0.0
0.011507533490657806;0.011507533490657806;0.08100564777851105;0.0;0.14275456964969635;0.20136414468288422;0.14275456964969635;0.0
0.011518895626068115;0.011518895626068115;0.0818718671798706;0.0;0.1432536542415619;0.2647968828678131;0.1432536542415619;0.0
0.011561006307601929;0.011561006307601929;0.0866524875164032;0.0;0.14337453246116638;0.16197209060192108;0.14337453246116638;0.0
0.011599898338317871;0.011599898338317871;0.2044740915298462;0.0;0.14340616762638092;0.16924676299095154;0.14340616762638092;0.0
0.011605978012084961;0.011605978012084961;0.1146773248910904;0.0;0.14347098767757416;0.20393840968608856;0.14347098767757416;0.0
0.011620063334703445;0.011620063334703445;0.13757923245429993;0.0;0.14348788559436798;0.3135330080986023;0.14348788559436798;0.0
0.01165015995502472;0.01165015995502472;0.08325803279876709;0.0;0.1434924304485321;0.19972142577171326;0.1434924304485321;0.0
0.011691838502883911;0.011691838502883911;0.03984644263982773;0.0;0.14386586844921112;0.2954387068748474;0.14386586844921112;0.0
0.011692315340042114;0.011692315340042114;0.0938626378774643;0.0;0.1439264416694641;0.2318383753299713;0.1439264416694641;0.0
0.011694878339767456;0.011694878339767456;0.11053508520126343;0.0;0.14397446811199188;0.22820867598056793;0.14397446811199188;0.0
0.011701524257659912;0.011701524257659912;0.09978997707366943;0.0;0.14404402673244476;0.2639085650444031;0.14404402673244476;0.0
0.011726915836334229;0.011726915836334229;0.06466547399759293;0.0;0.1441553831100464;0.260753333568573;0.1441553831100464;0.0
0.011741988360881805;0.011741988360881805;0.039479389786720276;0.0;0.1443474143743515;0.15250667929649353;0.1443474143743515;0.0
0.011785507202148438;0.011785507202148438;0.09377612173557281;0.0;0.14482048153877258;0.22023634612560272;0.14482048153877258;0.0
0.011789470911026001;0.011789470911026001;0.08183366060256958;0.0;0.14583493769168854;0.245539128780365;0.14583493769168854;0.0
0.011792421340942383;0.011792421340942383;0.07843251526355743;0.0;0.1460721790790558;0.20963576436042786;0.1460721790790558;0.0
0.011797159910202026;0.011797159910202026;0.06636443734169006;0.0;0.14624550938606262;0.21736180782318115;0.14624550938606262;0.0
0.011800233274698257;0.011800233274698257;0.04832064360380173;0.0;0.146814227104187;0.17309363186359406;0.146814227104187;0.0
0.011830925941467285;0.011830925941467285;0.06799473613500595;0.0;0.14706270396709442;0.25621968507766724;0.14706270396709442;0.0
0.011842459440231323;0.011842459440231323;0.08110374212265015;0.0;0.14748232066631317;0.30146488547325134;0.14748232066631317;0.0
0.0118555948138237;0.0118555948138237;0.10233055055141449;0.0;0.14778968691825867;0.282395601272583;0.14778968691825867;0.0
0.011866867542266846;0.011866867542266846;0.14292669296264648;0.0;0.14792729914188385;0.32623714208602905;0.14792729914188385;0.0
0.011875882744789124;0.011875882744789124;0.0613868311047554;0.0;0.1480463743209839;0.16333667933940887;0.1480463743209839;0.0
0.01187703013420105;0.01187703013420105;0.19723030924797058;0.0;0.14822962880134583;0.47074827551841736;0.14822962880134583;0.0
0.011900365352630615;0.011900365352630615;0.07811462879180908;0.0;0.14826850593090057;0.19204075634479523;0.14826850593090057;0.0
0.011918410658836365;0.011918410658836365;0.12160846590995789;0.0;0.14848898351192474;0.2949132025241852;0.14848898351192474;0.0
0.011919856071472168;0.011919856071472168;0.1612071394920349;0.0;0.14872275292873383;0.17767758667469025;0.14872275292873383;0.0
0.011973381042480469;0.011973381042480469;0.10984635353088379;0.0;0.1488906592130661;0.35317888855934143;0.1488906592130661;0.0
0.011981979012489319;0.011981979012489319;0.08975180238485336;0.0;0.1491742730140686;0.184977725148201;0.1491742730140686;0.0
0.01206224411725998;0.01206224411725998;0.04623383656144142;0.0;0.15055154263973236;0.15055154263973236;0.20155145227909088;0.0
0.01207229495048523;0.01207229495048523;0.139591246843338;0.0;0.1506236344575882;0.2652229368686676;0.1506236344575882;0.0
0.012108936905860901;0.012108936905860901;0.12994538247585297;0.0;0.15084058046340942;0.21382839977741241;0.15084058046340942;0.0
0.01211366057395935;0.01211366057395935;0.02936045080423355;0.0;0.151065856218338;0.1948753446340561;0.151065856218338;0.0
0.0121697336435318;0.0121697336435318;0.0564771331846714;0.0;0.1512710154056549;0.16914017498493195;0.1512710154056549;0.0
0.012173235416412354;0.012173235416412354;0.1967252790927887;0.0;0.1519433557987213;0.26137638092041016;0.1519433557987213;0.0
0.012198910117149353;0.012198910117149353;0.10805609822273254;0.0;0.15209396183490753;0.2811644971370697;0.15209396183490753;0.0
0.012201741337776184;0.012201741337776184;0.23039400577545166;0.0;0.15217097103595734;0.2681630253791809;0.15217097103595734;0.0
0.01221020519733429;0.01221020519733429;0.22765925526618958;0.0;0.15249685943126678;0.15249685943126678;0.20026853680610657;0.0
0.012212872505187988;0.012212872505187988;0.077094167470932;0.0;0.15261559188365936;0.21772295236587524;0.15261559188365936;0.0
0.012243688106536865;0.012243688106536865;0.13220641016960144;0.0;0.1527317762374878;0.2536384165287018;0.1527317762374878;0.0
0.012254245579242706;0.012254245579242706;0.07795927673578262;0.0;0.1527709662914276;0.21873584389686584;0.1527709662914276;0.0
0.012288197875022888;0.012288197875022888;0.07792484760284424;0.0;0.15289348363876343;0.33525902032852173;0.15289348363876343;0.0
0.012314781546592712;0.012314781546592712;0.26872825622558594;0.0;0.15351971983909607;0.19143259525299072;0.15351971983909607;0.0
0.012364119291305542;0.012364119291305542;0.13012175261974335;0.0;0.15370124578475952;0.2982586920261383;0.15370124578475952;0.0
0.01238831877708435;0.01238831877708435;0.13926848769187927;0.0;0.1538792997598648;0.17529304325580597;0.1538792997598648;0.0
0.012414336204528809;0.012414336204528809;0.06268724799156189;0.0;0.1541595757007599;0.343328595161438;0.1541595757007599;0.0
0.01243521273136139;0.01243521273136139;0.06401845812797546;0.0;0.15548186004161835;0.1895947903394699;0.15548186004161835;0.0
0.012489497661590576;0.012489497661590576;0.16019850969314575;0.0;0.1558665782213211;0.31030210852622986;0.1558665782213211;0.0
0.012490689754486084;0.012490689754486084;0.1956765353679657;0.0;0.15651145577430725;0.18932656943798065;0.15651145577430725;0.0
0.01251005008816719;0.01251005008816719;0.08290733397006989;0.0;0.15721909701824188;0.2854914963245392;0.15721909701824188;0.0
0.012540549039840698;0.012540549039840698;0.04561953991651535;0.0;0.15735381841659546;0.18994039297103882;0.15735381841659546;0.0
0.012624621391296387;0.012624621391296387;0.14285707473754883;0.0;0.15735404193401337;0.20710572600364685;0.15735404193401337;0.0
0.012654758989810944;0.012654758989810944;0.2179199755191803;0.0;0.15795393288135529;0.20989136397838593;0.15795393288135529;0.0
0.01266566663980484;0.01266566663980484;0.12984800338745117;0.0;0.15820477902889252;0.17827913165092468;0.15820477902889252;0.0
0.012669503688812256;0.012669503688812256;0.14835181832313538;0.0;0.15830881893634796;0.31584852933883667;0.15830881893634796;0.0
0.012678101658821106;0.012678101658821106;0.09298102557659149;0.0;0.15839509665966034;0.15839509665966034;0.164228618144989;0.0
0.01269453763961792;0.01269453763961792;0.05903233587741852;0.0;0.15843892097473145;0.24792350828647614;0.15843892097473145;0.0
0.012724339962005615;0.012724339962005615;0.04736572131514549;0.0;0.15866154432296753;0.3819241523742676;0.15866154432296753;0.0
0.012726038694381714;0.012726038694381714;0.07935009896755219;0.0;0.15890181064605713;0.4312281906604767;0.15890181064605713;0.0
0.012739777565002441;0.012739777565002441;0.08910758793354034;0.0;0.1592821180820465;0.25383204221725464;0.1592821180820465;0.0
0.012741044163703918;0.012741044163703918;0.03673706576228142;0.0;0.16004124283790588;0.18879036605358124;0.16004124283790588;0.0
0.01274290680885315;0.01274290680885315;0.08928138017654419;0.0;0.1609174758195877;0.2628583014011383;0.1609174758195877;0.0
0.012755826115608215;0.012755826115608215;0.0365266352891922;0.0;0.16101564466953278;0.5830062627792358;0.16101564466953278;0.0
0.012833058834075928;0.012833058834075928;0.07028733193874359;0.0;0.16103827953338623;0.2951020896434784;0.16103827953338623;0.0
0.012845374643802643;0.012845374643802643;0.1094808280467987;0.0;0.16104912757873535;0.29802459478378296;0.16104912757873535;0.0
0.012871161103248596;0.012871161103248596;0.05379076302051544;0.0;0.16117626428604126;0.2399052530527115;0.16117626428604126;0.0
0.012871891260147095;0.012871891260147095;0.19699843227863312;0.0;0.16119758784770966;0.20516040921211243;0.16119758784770966;0.0
0.012878075242042542;0.012878075242042542;0.08507639914751053;0.0;0.16160328686237335;0.28320226073265076;0.16160328686237335;0.0
0.012912288308143616;0.012912288308143616;0.15782476961612701;0.0;0.16253378987312317;0.21206291019916534;0.16253378987312317;0.0
0.012917816638946533;0.012917816638946533;0.0730389654636383;0.0;0.16278943419456482;0.21282647550106049;0.16278943419456482;0.0
0.0129927396774292;0.0129927396774292;0.10595998167991638;0.0;0.16289347410202026;0.1911216527223587;0.16289347410202026;0.0
0.013028256595134735;0.013028256595134735;0.07614491879940033;0.0;0.16313956677913666;0.20940394699573517;0.16313956677913666;0.0
0.013074561953544617;0.013074561953544617;0.1465516984462738;0.0;0.1633271425962448;0.19650736451148987;0.1633271425962448;0.0
0.013078153133392334;0.013078153133392334;0.09423524141311646;0.0;0.16335761547088623;0.45452186465263367;0.16335761547088623;0.0
0.013116322457790375;0.013116322457790375;0.04578382521867752;0.0;0.16365614533424377;0.27739986777305603;0.16365614533424377;0.0
0.013125896453857422;0.013125896453857422;0.06883089989423752;0.0;0.16397112607955933;0.28967249393463135;0.16397112607955933;0.0
0.013164445757865906;0.013164445757865906;0.10555510222911835;0.0;0.1643088459968567;0.32008761167526245;0.1643088459968567;0.0
0.013170987367630005;0.013170987367630005;0.03951519727706909;0.0;0.16509433090686798;0.2061884105205536;0.16509433090686798;0.0
0.013207674026489258;0.013207674026489258;0.1242559552192688;0.0;0.16540421545505524;0.23586803674697876;0.16540421545505524;0.0
0.013230443000793457;0.013230443000793457;0.0810830295085907;0.0;0.16554056107997894;0.2759435474872589;0.16554056107997894;0.0
0.013232812285423279;0.013232812285423279;0.12491711974143982;0.0;0.16612182557582855;0.26140227913856506;0.16612182557582855;0.0
0.013233497738838196;0.013233497738838196;0.15624386072158813;0.0;0.16620250046253204;0.3797222971916199;0.16620250046253204;0.0
0.013247668743133545;0.013247668743133545;0.15685802698135376;0.0;0.1662936955690384;0.2611871659755707;0.1662936955690384;0.0
0.013304322957992554;0.013304322957992554;0.39097559452056885;0.0;0.16667614877223969;0.16667614877223969;0.19268065690994263;0.0
0.013314396142959595;0.013314396142959595;0.14759176969528198;0.0;0.16678717732429504;0.2517539858818054;0.16678717732429504;0.0
0.01333668828010559;0.01333668828010559;0.13027918338775635;0.0;0.16700023412704468;0.28206151723861694;0.16700023412704468;0.0
0.013355135917663574;0.013355135917663574;0.1056680679321289;0.0;0.1672685444355011;0.25042998790740967;0.1672685444355011;0.0
0.01335914433002472;0.01335914433002472;0.06573894619941711;0.0;0.16766969859600067;0.34372612833976746;0.16766969859600067;0.0
0.013379685580730438;0.013379685580730438;0.16848468780517578;0.0;0.16780388355255127;0.18379302322864532;0.16780388355255127;0.0
0.013382881879806519;0.013382881879806519;0.08408921957015991;0.0;0.1679033637046814;0.17316597700119019;0.1679033637046814;0.0
0.013384044170379639;0.013384044170379639;0.1919311285018921;0.0;0.16838385164737701;0.29928719997406006;0.16838385164737701;0.0
0.013386070728302002;0.013386070728302002;0.19132943451404572;0.0;0.1685808151960373;0.1685808151960373;1.0029038190841675;0.0
0.013393312692642212;0.013393312692642212;0.18441450595855713;0.0;0.1686287224292755;0.23113974928855896;0.1686287224292755;0.0
0.013413161039352417;0.013413161039352417;0.0854773223400116;0.0;0.16889744997024536;0.3428672254085541;0.16889744997024536;0.0
0.013459071516990662;0.013459071516990662;0.10419781506061554;0.0;0.16899000108242035;0.19293113052845;0.16899000108242035;0.0
0.01346510648727417;0.01346510648727417;0.09883172065019608;0.0;0.16899541020393372;0.3997788727283478;0.16899541020393372;0.0
0.013485521078109741;0.013485521078109741;0.07252815365791321;0.0;0.16983141005039215;0.21945630013942719;0.16983141005039215;0.0
0.013495028018951416;0.013495028018951416;0.20993900299072266;0.0;0.17041249573230743;0.17041249573230743;0.178802490234375;0.0
0.013530373573303223;0.013530373573303223;0.2720562219619751;0.0;0.17057731747627258;0.3270498216152191;0.17057731747627258;0.0
0.01353675127029419;0.01353675127029419;0.1340031623840332;0.0;0.17094522714614868;0.18849822878837585;0.17094522714614868;0.0
0.01354186236858368;0.01354186236858368;0.1090695858001709;0.0;0.1711074858903885;0.24080906808376312;0.1711074858903885;0.0
0.013615190982818604;0.013615190982818604;0.1078106015920639;0.0;0.17189128696918488;0.28301915526390076;0.17189128696918488;0.0
0.013616293668746948;0.013616293668746948;0.08504611253738403;0.0;0.17242702841758728;0.19731593132019043;0.17242702841758728;0.0
0.01364147663116455;0.01364147663116455;0.1098858118057251;0.0;0.17313916981220245;0.3267989456653595;0.17313916981220245;0.0
0.013694047927856445;0.013694047927856445;0.21551664173603058;0.0;0.17407606542110443;0.22568602859973907;0.17407606542110443;0.0
0.01379317045211792;0.01379317045211792;0.12980040907859802;0.0;0.1743791252374649;0.22263404726982117;0.1743791252374649;0.0
0.013810008764266968;0.013810008764266968;0.11790098249912262;0.0;0.17451758682727814;0.21789604425430298;0.17451758682727814;0.0
0.013817548751831055;0.013817548751831055;0.1440000832080841;0.0;0.17503812909126282;1.1158860921859741;0.17503812909126282;0.0
0.013842344284057617;0.013842344284057617;0.13389280438423157;0.0;0.17563119530677795;0.23683010041713715;0.17563119530677795;0.0
0.013844072818756104;0.013844072818756104;0.19419173896312714;0.0;0.17563879489898682;0.28661900758743286;0.17563879489898682;0.0
0.013860166072845459;0.013860166072845459;0.17644697427749634;0.0;0.17588701844215393;0.29174214601516724;0.17588701844215393;0.0
0.013920411467552185;0.013920411467552185;0.15326231718063354;0.0;0.1762990802526474;0.32862547039985657;0.1762990802526474;0.0
0.01394575834274292;0.01394575834274292;0.06571424752473831;0.0;0.17690861225128174;0.37385380268096924;0.17690861225128174;0.0
0.0139608234167099;0.0139608234167099;0.08453604578971863;0.0;0.17776422202587128;0.46384695172309875;0.17776422202587128;0.0
0.01397174596786499;0.01397174596786499;0.16220229864120483;0.0;0.17784364521503448;0.2927778363227844;0.17784364521503448;0.0
0.01399308443069458;0.01399308443069458;0.14893180131912231;0.0;0.17784367501735687;0.283765584230423;0.17784367501735687;0.0
0.014272458851337433;0.014272458851337433;0.08284329622983932;0.0;0.17860372364521027;0.2197907269001007;0.17860372364521027;0.0
0.014273636043071747;0.014273636043071747;0.11509925127029419;0.0;0.17881068587303162;0.28133341670036316;0.17881068587303162;0.0
0.014343172311782837;0.014343172311782837;0.15262475609779358;0.0;0.18087422847747803;0.24986617267131805;0.18087422847747803;0.0
0.014388501644134521;0.014388501644134521;0.07477332651615143;0.0;0.18121689558029175;0.37992018461227417;0.18121689558029175;0.0
0.014398112893104553;0.014398112893104553;0.21229912340641022;0.0;0.18133196234703064;0.45488089323043823;0.18133196234703064;0.0
0.0144253671169281;0.0144253671169281;0.16135437786579132;0.0;0.18136614561080933;0.21919003129005432;0.18136614561080933;0.0
0.014431819319725037;0.014431819319725037;0.26924777030944824;0.0;0.18142832815647125;0.5812302827835083;0.18142832815647125;0.0
0.014436691999435425;0.014436691999435425;0.1475316435098648;0.0;0.18191441893577576;0.289950966835022;0.18191441893577576;0.0
0.014437228441238403;0.014437228441238403;0.18166583776474;0.0;0.18217942118644714;0.27003446221351624;0.18217942118644714;0.0
0.01443973183631897;0.01443973183631897;0.17630186676979065;0.0;0.18220221996307373;0.2032269835472107;0.18220221996307373;0.0
0.014462947845458984;0.014462947845458984;0.09394323825836182;0.0;0.18275660276412964;0.18275660276412964;0.23827040195465088;0.0
0.014462977647781372;0.014462977647781372;0.10524775087833405;0.0;0.1831361949443817;0.5497738122940063;0.1831361949443817;0.0
0.01446707546710968;0.01446707546710968;0.13478082418441772;0.0;0.18421876430511475;0.2855057716369629;0.18421876430511475;0.0
0.014514386653900146;0.014514386653900146;0.03059786558151245;0.0;0.18443281948566437;0.3731454312801361;0.18443281948566437;0.0
0.014535903930664062;0.014535903930664062;0.27706438302993774;0.0;0.18507671356201172;0.19125476479530334;0.18507671356201172;0.0
0.014571547508239746;0.014571547508239746;0.09172293543815613;0.0;0.18536338210105896;0.26480457186698914;0.18536338210105896;0.0
0.014597758650779724;0.014597758650779724;0.12462808936834335;0.0;0.18551330268383026;0.2370915710926056;0.18551330268383026;0.0
0.014608979225158691;0.014608979225158691;0.1634129285812378;0.0;0.18584828078746796;0.32377544045448303;0.18584828078746796;0.0
0.014617502689361572;0.014617502689361572;0.3218086361885071;0.0;0.18595977127552032;0.5731700658798218;0.18595977127552032;0.0
0.014645576477050781;0.014645576477050781;0.06916634738445282;0.0;0.1884608417749405;0.30800342559814453;0.1884608417749405;0.0
0.014731794595718384;0.014731794595718384;0.039177462458610535;0.0;0.18851779401302338;0.2723783254623413;0.18851779401302338;0.0
0.014747098088264465;0.014747098088264465;0.130745530128479;0.0;0.1888979971408844;0.1888979971408844;0.20661863684654236;0.0
0.014758825302124023;0.014758825302124023;0.29327234625816345;0.0;0.1890239417552948;0.22435496747493744;0.1890239417552948;0.0
0.01481562852859497;0.01481562852859497;0.1211867704987526;0.0;0.1891346573829651;0.1891346573829651;0.6836439371109009;0.0
0.01481693983078003;0.01481693983078003;0.2708050012588501;0.0;0.18945610523223877;0.3053603172302246;0.18945610523223877;0.0
0.014824256300926208;0.014824256300926208;0.15434548258781433;0.0;0.19034896790981293;0.2900385856628418;0.19034896790981293;0.0
0.014848262071609497;0.014848262071609497;0.13597510755062103;0.0;0.1905442476272583;0.2253892570734024;0.1905442476272583;0.0
0.014921978116035461;0.014921978116035461;0.07101696729660034;0.0;0.19056816399097443;0.2576752305030823;0.19056816399097443;0.0
0.014963693916797638;0.014963693916797638;0.16596129536628723;0.0;0.19145213067531586;0.3409578204154968;0.19145213067531586;0.0
0.0149727463722229;0.0149727463722229;0.06312943994998932;0.0;0.19195766746997833;0.3628413677215576;0.19195766746997833;0.0
0.014976263046264648;0.014976263046264648;0.11737573146820068;0.0;0.19203278422355652;0.5799773335456848;0.19203278422355652;0.0
0.015066027641296387;0.015066027641296387;0.11157441139221191;0.0;0.1921016424894333;0.1921016424894333;0.24029582738876343;0.0
0.015084173530340195;0.015084173530340195;0.06951971352100372;0.0;0.192638099193573;0.2973211705684662;0.192638099193573;0.0
0.015087097883224487;0.015087097883224487;0.09111592173576355;0.0;0.19279435276985168;0.2711285352706909;0.19279435276985168;0.0
0.015118718147277832;0.015118718147277832;0.10387080907821655;0.0;0.19324401021003723;0.5677770376205444;0.19324401021003723;0.0
0.015127837657928467;0.015127837657928467;0.17491936683654785;0.0;0.19391289353370667;0.24184824526309967;0.19391289353370667;0.0
0.015151169151067734;0.015151169151067734;0.06815740466117859;0.0;0.19559898972511292;0.2605275809764862;0.19559898972511292;0.0
0.015232261270284653;0.015232261270284653;0.046879567205905914;0.0;0.19562625885009766;0.22653712332248688;0.19562625885009766;0.0
0.015314824879169464;0.015314824879169464;0.07380972802639008;0.0;0.19586919248104095;0.3086738884449005;0.19586919248104095;0.0
0.015350759029388428;0.015350759029388428;0.14942806959152222;0.0;0.19639933109283447;0.30866289138793945;0.19639933109283447;0.0
0.015377610921859741;0.015377610921859741;0.11481345444917679;0.0;0.19720707833766937;0.3059499263763428;0.19720707833766937;0.0
0.015412800014019012;0.015412800014019012;0.09240198135375977;0.0;0.19765953719615936;0.47260376811027527;0.19765953719615936;0.0
0.015451252460479736;0.015451252460479736;0.18745359778404236;0.0;0.19863317906856537;0.8614632487297058;0.19863317906856537;0.0
0.015469074249267578;0.015469074249267578;0.09456023573875427;0.0;0.19941796362400055;0.2939518392086029;0.19941796362400055;0.0
0.015515327453613281;0.015515327453613281;0.03447035700082779;0.0;0.19967280328273773;0.24531827867031097;0.19967280328273773;0.0
0.015582367777824402;0.015582367777824402;0.11413110047578812;0.0;0.19982551038265228;0.35096919536590576;0.19982551038265228;0.0
0.015584766864776611;0.015584766864776611;0.18407003581523895;0.0;0.2001429796218872;0.3321221172809601;0.2001429796218872;0.0
0.015636444091796875;0.015636444091796875;0.06316700577735901;0.0;0.20017646253108978;0.2773972451686859;0.20017646253108978;0.0
0.01566232740879059;0.01566232740879059;0.16406235098838806;0.0;0.2004460096359253;0.29320579767227173;0.2004460096359253;0.0
0.015775561332702637;0.015775561332702637;0.11658249795436859;0.0;0.20087885856628418;0.41474586725234985;0.20087885856628418;0.0
0.015827208757400513;0.015827208757400513;0.21358251571655273;0.0;0.20106390118598938;0.25723686814308167;0.20106390118598938;0.0
0.015900254249572754;0.015900254249572754;0.07494329661130905;0.0;0.20112794637680054;0.4479631185531616;0.20112794637680054;0.0
0.01595430076122284;0.01595430076122284;0.15611940622329712;0.0;0.20141330361366272;0.45951712131500244;0.20141330361366272;0.0
0.015973448753356934;0.015973448753356934;0.40146753191947937;0.0;0.20179951190948486;0.2528284788131714;0.20179951190948486;0.0
0.01600254699587822;0.01600254699587822;0.04972764849662781;0.0;0.20192411541938782;0.3521956503391266;0.20192411541938782;0.0
0.01600545644760132;0.01600545644760132;0.1447511613368988;0.0;0.2019401490688324;0.33687832951545715;0.2019401490688324;0.0
0.016085922718048096;0.016085922718048096;0.05455857142806053;0.0;0.20201905071735382;0.5505087971687317;0.20201905071735382;0.0
0.016121357679367065;0.016121357679367065;0.10506445169448853;0.0;0.203043133020401;0.3653229773044586;0.203043133020401;0.0
0.016133397817611694;0.016133397817611694;0.07830473780632019;0.0;0.20306631922721863;0.23161186277866364;0.20306631922721863;0.0
0.01614561676979065;0.01614561676979065;0.09118491411209106;0.0;0.20504283905029297;0.32109335064888;0.20504283905029297;0.0
0.01615700125694275;0.01615700125694275;0.15300989151000977;0.0;0.2051634043455124;0.41305699944496155;0.2051634043455124;0.0
0.016189277172088623;0.016189277172088623;0.09016452729701996;0.0;0.20561087131500244;0.20561087131500244;0.2525519132614136;0.0
0.016190826892852783;0.016190826892852783;0.1141241192817688;0.0;0.20696556568145752;0.2934994697570801;0.20696556568145752;0.0
0.016204357147216797;0.016204357147216797;0.16895367205142975;0.0;0.2071867287158966;0.38659971952438354;0.2071867287158966;0.0
0.016271069645881653;0.016271069645881653;0.12938135862350464;0.0;0.2082848697900772;0.4280509948730469;0.2082848697900772;0.0
0.01632237434387207;0.01632237434387207;0.11622592061758041;0.0;0.20861783623695374;0.20861783623695374;0.24654360115528107;0.0
0.016334325075149536;0.016334325075149536;0.0703100860118866;0.0;0.20906974375247955;0.9370092153549194;0.20906974375247955;0.0
0.016350388526916504;0.016350388526916504;0.14625565707683563;0.0;0.20973250269889832;0.3982315957546234;0.20973250269889832;0.0
0.01638936996459961;0.01638936996459961;0.047860562801361084;0.0;0.2099677175283432;0.31238555908203125;0.2099677175283432;0.0
0.016428835690021515;0.016428835690021515;0.20860655605793;0.0;0.2103821188211441;0.36235693097114563;0.2103821188211441;0.0
0.016493573784828186;0.016493573784828186;0.11427842825651169;0.0;0.21080411970615387;0.4105335772037506;0.21080411970615387;0.0
0.0165155827999115;0.0165155827999115;0.16961824893951416;0.0;0.21182884275913239;0.23218409717082977;0.21182884275913239;0.0
0.01655474305152893;0.01655474305152893;0.033985912799835205;0.0;0.21289104223251343;0.26683053374290466;0.21289104223251343;0.0
0.016571149230003357;0.016571149230003357;0.189985454082489;0.0;0.21403168141841888;0.3952109217643738;0.21403168141841888;0.0
0.016582012176513672;0.016582012176513672;0.09794119000434875;0.0;0.2146667093038559;0.4350404441356659;0.2146667093038559;0.0
0.016682729125022888;0.016682729125022888;0.09349296987056732;0.0;0.21517793834209442;0.27154868841171265;0.21517793834209442;0.0
0.016704142093658447;0.016704142093658447;0.12534113228321075;0.0;0.21571768820285797;0.25204092264175415;0.21571768820285797;0.0
0.01678013801574707;0.01678013801574707;0.36373698711395264;0.0;0.21586808562278748;0.3587316572666168;0.21586808562278748;0.0
0.01678404211997986;0.01678404211997986;0.08231949806213379;0.0;0.21710389852523804;0.3843974471092224;0.21710389852523804;0.0
0.016945958137512207;0.016945958137512207;0.17180706560611725;0.0;0.21763253211975098;0.27455753087997437;0.21763253211975098;0.0
0.016953766345977783;0.016953766345977783;0.1637755036354065;0.0;0.21773798763751984;0.27314329147338867;0.21773798763751984;0.0
0.016988471150398254;0.016988471150398254;0.0680738091468811;0.0;0.21823763847351074;0.37301939725875854;0.21823763847351074;0.0
0.017069518566131592;0.017069518566131592;0.1478649377822876;0.0;0.2184288203716278;0.4206119775772095;0.2184288203716278;0.0
0.01707667112350464;0.01707667112350464;0.10502593219280243;0.0;0.21899862587451935;0.3478681445121765;0.21899862587451935;0.0
0.01709222048521042;0.01709222048521042;0.05527269095182419;0.0;0.21909873187541962;0.25018373131752014;0.21909873187541962;0.0
0.017148159444332123;0.017148159444332123;0.24657726287841797;0.0;0.22040075063705444;0.22040075063705444;0.2802216708660126;0.0
0.017168216407299042;0.017168216407299042;0.08071820437908173;0.0;0.22069880366325378;0.2881242036819458;0.22069880366325378;0.0
0.01717466115951538;0.01717466115951538;0.08352625370025635;0.0;0.2210402935743332;0.4059184491634369;0.2210402935743332;0.0
0.01718038320541382;0.01718038320541382;0.11281275004148483;0.0;0.2210625857114792;0.44327157735824585;0.2210625857114792;0.0
0.017196103930473328;0.017196103930473328;0.13678237795829773;0.0;0.2223309874534607;0.44092726707458496;0.2223309874534607;0.0
0.017209947109222412;0.017209947109222412;0.21130168437957764;0.0;0.22255058586597443;0.4194757342338562;0.22255058586597443;0.0
0.017262518405914307;0.017262518405914307;0.13871681690216064;0.0;0.2226676344871521;0.39263617992401123;0.2226676344871521;0.0
0.017300859093666077;0.017300859093666077;0.3373861312866211;0.0;0.22282306849956512;0.40263697504997253;0.22282306849956512;0.0
0.01730942726135254;0.01730942726135254;0.1273777335882187;0.0;0.22284987568855286;0.2525603473186493;0.22284987568855286;0.0
0.01735999435186386;0.01735999435186386;0.0558227002620697;0.0;0.22302429378032684;0.4591088891029358;0.22302429378032684;0.0
0.017403684556484222;0.017403684556484222;0.13610577583312988;0.0;0.2233116626739502;0.34299448132514954;0.2233116626739502;0.0
0.017438918352127075;0.017438918352127075;0.07087384909391403;0.0;0.22433355450630188;0.4658130705356598;0.22433355450630188;0.0
0.017485037446022034;0.017485037446022034;0.07885772734880447;0.0;0.22469116747379303;0.24821306765079498;0.22469116747379303;0.0
0.017506778240203857;0.017506778240203857;0.12521234154701233;0.0;0.22545495629310608;0.43055373430252075;0.22545495629310608;0.0
0.0175468772649765;0.0175468772649765;0.16511476039886475;0.0;0.22604455053806305;0.2549799382686615;0.22604455053806305;0.0
0.017577946186065674;0.017577946186065674;0.10990142822265625;0.0;0.22636684775352478;0.4195600748062134;0.22636684775352478;0.0
0.017596036195755005;0.017596036195755005;0.12474729120731354;0.0;0.2272879034280777;0.32748180627822876;0.2272879034280777;0.0
0.017636388540267944;0.017636388540267944;0.16955336928367615;0.0;0.22737465798854828;0.2594676911830902;0.22737465798854828;0.0
0.017675742506980896;0.017675742506980896;0.13382397592067719;0.0;0.22774788737297058;0.35440412163734436;0.22774788737297058;0.0
0.017690271139144897;0.017690271139144897;0.25391674041748047;0.0;0.22785387933254242;0.2366364598274231;0.22785387933254242;0.0
0.017697155475616455;0.017697155475616455;0.130425363779068;0.0;0.22870174050331116;0.3184894025325775;0.22870174050331116;0.0
0.017722755670547485;0.017722755670547485;0.06711680442094803;0.0;0.23010383546352386;0.439338743686676;0.23010383546352386;0.0
0.017725646495819092;0.017725646495819092;0.08170104026794434;0.0;0.23077264428138733;0.31686830520629883;0.23077264428138733;0.0
0.01773744821548462;0.01773744821548462;0.1342560350894928;0.0;0.23173800110816956;0.299224853515625;0.23173800110816956;0.0
0.01778152585029602;0.01778152585029602;0.03283391147851944;0.0;0.23221024870872498;0.3159830868244171;0.23221024870872498;0.0
0.017800956964492798;0.017800956964492798;0.2129812240600586;0.0;0.23250460624694824;0.28851383924484253;0.23250460624694824;0.0
0.017816878855228424;0.017816878855228424;0.14343689382076263;0.0;0.2325781285762787;0.2708961069583893;0.2325781285762787;0.0
0.017894744873046875;0.017894744873046875;0.13969728350639343;0.0;0.23284074664115906;0.2479153871536255;0.23284074664115906;0.0
0.01790730655193329;0.01790730655193329;0.028270065784454346;0.0;0.23319032788276672;0.42445093393325806;0.23319032788276672;0.0
0.01791571080684662;0.01791571080684662;0.2135135531425476;0.0;0.23332446813583374;0.2460336983203888;0.23332446813583374;0.0
0.01794031262397766;0.01794031262397766;0.11672737449407578;0.0;0.2340959757566452;0.2340959757566452;0.2384931445121765;0.0
0.017979979515075684;0.017979979515075684;0.09261010587215424;0.0;0.235204815864563;0.3169664144515991;0.235204815864563;0.0
0.01800599694252014;0.01800599694252014;0.16523972153663635;0.0;0.23523376882076263;0.3714980185031891;0.23523376882076263;0.0
0.01801002025604248;0.01801002025604248;0.15763679146766663;0.0;0.23558388650417328;0.3667672574520111;0.23558388650417328;0.0
0.018011897802352905;0.018011897802352905;0.19941765069961548;0.0;0.2365344911813736;0.2365344911813736;0.23748354613780975;0.0
0.018036343157291412;0.018036343157291412;0.07426147162914276;0.0;0.23795317113399506;0.3371407091617584;0.23795317113399506;0.0
0.018063262104988098;0.018063262104988098;0.08109335601329803;0.0;0.2384466826915741;0.4012402296066284;0.2384466826915741;0.0
0.018087580800056458;0.018087580800056458;0.04344939440488815;0.0;0.23943684995174408;0.2905062139034271;0.23943684995174408;0.0
0.018091432750225067;0.018091432750225067;0.150870218873024;0.0;0.24013730883598328;1.3379045724868774;0.24013730883598328;0.0
0.018092334270477295;0.018092334270477295;0.14673304557800293;0.0;0.2401956021785736;0.2971774637699127;0.2401956021785736;0.0
0.018139362335205078;0.018139362335205078;0.12362569570541382;0.0;0.2404484897851944;0.4018653333187103;0.2404484897851944;0.0
0.018206723034381866;0.018206723034381866;0.035548627376556396;0.0;0.2404845505952835;0.37542790174484253;0.2404845505952835;0.0
0.018218785524368286;0.018218785524368286;0.18800866603851318;0.0;0.24168258905410767;0.4686833322048187;0.24168258905410767;0.0
0.018267929553985596;0.018267929553985596;0.23608583211898804;0.0;0.24179548025131226;0.4389097988605499;0.24179548025131226;0.0
0.018281877040863037;0.018281877040863037;0.0873531699180603;0.0;0.24206756055355072;0.24716223776340485;0.24206756055355072;0.0
0.01834598183631897;0.01834598183631897;0.11417888104915619;0.0;0.24216118454933167;0.3670024573802948;0.24216118454933167;0.0
0.01834893226623535;0.01834893226623535;0.18199536204338074;0.0;0.24223387241363525;0.43131422996520996;0.24223387241363525;0.0
0.018412739038467407;0.018412739038467407;0.10539590567350388;0.0;0.24239715933799744;0.6187605261802673;0.24239715933799744;0.0
0.018460005521774292;0.018460005521774292;0.25571632385253906;0.0;0.2424485832452774;0.24988318979740143;0.2424485832452774;0.0
0.01851874589920044;0.01851874589920044;0.14400246739387512;0.0;0.24287253618240356;0.3689502775669098;0.24287253618240356;0.0
0.018530957400798798;0.018530957400798798;0.05589208006858826;0.0;0.24410352110862732;0.38629549741744995;0.24410352110862732;0.0
0.01853877305984497;0.01853877305984497;0.09287495911121368;0.0;0.24417118728160858;0.2808800935745239;0.24417118728160858;0.0
0.01858311891555786;0.01858311891555786;0.0661194920539856;0.0;0.2446269989013672;0.3338579833507538;0.2446269989013672;0.0
0.018599733710289;0.018599733710289;0.1488272249698639;0.0;0.24498213827610016;0.5519474744796753;0.24498213827610016;0.0
0.018649309873580933;0.018649309873580933;0.1134488582611084;0.0;0.24511516094207764;0.36137160658836365;0.24511516094207764;0.0
0.018748730421066284;0.018748730421066284;0.34255439043045044;0.0;0.2457941621541977;0.49791207909584045;0.2457941621541977;0.0
0.0187666118144989;0.0187666118144989;0.08699685335159302;0.0;0.2460002452135086;0.6173672080039978;0.2460002452135086;0.0
0.018772542476654053;0.018772542476654053;0.17243075370788574;0.0;0.24632912874221802;0.325504869222641;0.24632912874221802;0.0
0.018850713968276978;0.018850713968276978;0.23838353157043457;0.0;0.24675631523132324;0.3513267934322357;0.24675631523132324;0.0
0.018911778926849365;0.018911778926849365;0.24442976713180542;0.0;0.2472260594367981;0.2472260594367981;0.25368714332580566;0.0
0.018914371728897095;0.018914371728897095;0.07845443487167358;0.0;0.24758587777614594;0.3889070451259613;0.24758587777614594;0.0
0.018954560160636902;0.018954560160636902;0.12760382890701294;0.0;0.24824777245521545;0.30991330742836;0.24824777245521545;0.0
0.019026607275009155;0.019026607275009155;0.10049016773700714;0.0;0.24858200550079346;0.4008749723434448;0.24858200550079346;0.0
0.019070930778980255;0.019070930778980255;0.14391952753067017;0.0;0.24879483878612518;0.4308023154735565;0.24879483878612518;0.0
0.019077852368354797;0.019077852368354797;0.0749625563621521;0.0;0.2490716576576233;0.2582954168319702;0.2490716576576233;0.0
0.01909710466861725;0.01909710466861725;0.11354845762252808;0.0;0.2496040016412735;0.4848874807357788;0.2496040016412735;0.0
0.019126281142234802;0.019126281142234802;0.101364865899086;0.0;0.2498980164527893;0.3687276542186737;0.2498980164527893;0.0
0.019195377826690674;0.019195377826690674;0.09456068277359009;0.0;0.2499619722366333;0.2499619722366333;0.36382627487182617;0.0
0.019219890236854553;0.019219890236854553;0.09812954068183899;0.0;0.24998882412910461;0.30581945180892944;0.24998882412910461;0.0
0.019229650497436523;0.019229650497436523;0.13531044125556946;0.0;0.25022438168525696;0.37817272543907166;0.25022438168525696;0.0
0.019244655966758728;0.019244655966758728;0.24582421779632568;0.0;0.25032103061676025;0.41949912905693054;0.25032103061676025;0.0
0.019274041056632996;0.019274041056632996;0.12416922301054001;0.0;0.2513817846775055;0.3036805987358093;0.2513817846775055;0.0
0.019283533096313477;0.019283533096313477;0.26776647567749023;0.0;0.25173065066337585;0.5045143365859985;0.25173065066337585;0.0
0.019328638911247253;0.019328638911247253;0.09884767234325409;0.0;0.25195062160491943;0.4877476990222931;0.25195062160491943;0.0
0.019459903240203857;0.019459903240203857;0.2254076600074768;0.0;0.2519695460796356;0.5014443397521973;0.2519695460796356;0.0
0.01950010657310486;0.01950010657310486;0.08891403675079346;0.0;0.2523777186870575;0.32859084010124207;0.2523777186870575;0.0
0.019500114023685455;0.019500114023685455;0.11249638348817825;0.0;0.253048300743103;0.47030484676361084;0.253048300743103;0.0
0.019704371690750122;0.019704371690750122;0.16372567415237427;0.0;0.2543588876724243;0.5625942349433899;0.2543588876724243;0.0
0.019721373915672302;0.019721373915672302;0.22999723255634308;0.0;0.2549941837787628;0.2549941837787628;0.5785782337188721;0.0
0.01977701485157013;0.01977701485157013;0.08588948845863342;0.0;0.25519099831581116;0.4832410216331482;0.25519099831581116;0.0
0.019878029823303223;0.019878029823303223;0.06555280089378357;0.0;0.25712013244628906;0.4743407070636749;0.25712013244628906;0.0
0.019892126321792603;0.019892126321792603;0.20554779469966888;0.0;0.2580946385860443;0.32816141843795776;0.2580946385860443;0.0
0.01992013305425644;0.01992013305425644;0.05684860795736313;0.0;0.25977012515068054;0.5040895342826843;0.25977012515068054;0.0
0.01992058753967285;0.01992058753967285;0.17540882527828217;0.0;0.26027730107307434;0.4167606830596924;0.26027730107307434;0.0
0.019930988550186157;0.019930988550186157;0.14798587560653687;0.0;0.26065319776535034;0.3690747320652008;0.26065319776535034;0.0
0.019931942224502563;0.019931942224502563;0.15902560949325562;0.0;0.2614153325557709;0.29298174381256104;0.2614153325557709;0.0
0.019971847534179688;0.019971847534179688;0.10766416788101196;0.0;0.2617526054382324;0.40856096148490906;0.2617526054382324;0.0
0.020106077194213867;0.020106077194213867;0.16626572608947754;0.0;0.26261767745018005;0.5046384930610657;0.26261767745018005;0.0
0.02033752202987671;0.02033752202987671;0.1959049552679062;0.0;0.2632560729980469;0.5674419403076172;0.2632560729980469;0.0
0.020344972610473633;0.020344972610473633;0.14962291717529297;0.0;0.2633305490016937;0.3231324255466461;0.2633305490016937;0.0
0.020351380109786987;0.020351380109786987;0.20179136097431183;0.0;0.2636367678642273;0.47074875235557556;0.2636367678642273;0.0
0.020387038588523865;0.020387038588523865;0.25565439462661743;0.0;0.2638953626155853;0.6966652870178223;0.2638953626155853;0.0
0.02044682204723358;0.02044682204723358;0.08311031758785248;0.0;0.26434144377708435;0.6001293659210205;0.26434144377708435;0.0
0.020453572273254395;0.020453572273254395;0.2642597556114197;0.0;0.2647431790828705;0.35402733087539673;0.2647431790828705;0.0
0.02049669623374939;0.02049669623374939;0.16407495737075806;0.0;0.26482537388801575;0.26482537388801575;0.30569472908973694;0.0
0.020497828722000122;0.020497828722000122;0.11172246932983398;0.0;0.26508116722106934;0.4283694624900818;0.26508116722106934;0.0
0.020553022623062134;0.020553022623062134;0.12963952124118805;0.0;0.265809565782547;0.5426957607269287;0.265809565782547;0.0
0.02063041925430298;0.02063041925430298;0.08618514984846115;0.0;0.2658458948135376;0.49410030245780945;0.2658458948135376;0.0
0.020650416612625122;0.020650416612625122;0.14456236362457275;0.0;0.26618242263793945;0.38560914993286133;0.26618242263793945;0.0
0.020713821053504944;0.020713821053504944;0.1941578984260559;0.0;0.2662816345691681;0.5122411847114563;0.2662816345691681;0.0
0.02072766423225403;0.02072766423225403;0.09115904569625854;0.0;0.26651185750961304;0.3823108375072479;0.26651185750961304;0.0
0.020743101835250854;0.020743101835250854;0.09993106126785278;0.0;0.26914405822753906;0.2977508008480072;0.26914405822753906;0.0
0.020787954330444336;0.020787954330444336;0.21694785356521606;0.0;0.2693184018135071;0.2693184018135071;0.2771148681640625;0.0
0.02086964249610901;0.02086964249610901;0.13732406497001648;0.0;0.26970747113227844;0.4257948696613312;0.26970747113227844;0.0
0.02090984582901001;0.02090984582901001;0.15494899451732635;0.0;0.2705344557762146;0.5832274556159973;0.2705344557762146;0.0
0.020936191082000732;0.020936191082000732;0.13876551389694214;0.0;0.270973265171051;0.270973265171051;0.4151645600795746;0.0
0.02093648910522461;0.02093648910522461;0.11482709646224976;0.0;0.2710579037666321;0.3432416617870331;0.2710579037666321;0.0
0.02095508575439453;0.02095508575439453;0.17152005434036255;0.0;0.27164968848228455;0.46356579661369324;0.27164968848228455;0.0
0.02106703817844391;0.02106703817844391;0.07160082459449768;0.0;0.27239206433296204;0.8391597867012024;0.27239206433296204;0.0
0.021076887845993042;0.021076887845993042;0.07097473740577698;0.0;0.27267420291900635;0.6369240283966064;0.27267420291900635;0.0
0.021192282438278198;0.021192282438278198;0.1517091542482376;0.0;0.27361077070236206;0.5101127624511719;0.27361077070236206;0.0
0.021301060914993286;0.021301060914993286;0.14483726024627686;0.0;0.274502158164978;0.8240995407104492;0.274502158164978;0.0
0.021386027336120605;0.021386027336120605;0.2798159122467041;0.0;0.275516539812088;0.36350440979003906;0.275516539812088;0.0
0.021391749382019043;0.021391749382019043;0.22413378953933716;0.0;0.27589964866638184;0.35042428970336914;0.27589964866638184;0.0
0.021543681621551514;0.021543681621551514;0.06290549039840698;0.0;0.2763389050960541;0.32215404510498047;0.2763389050960541;0.0
0.02156314253807068;0.02156314253807068;0.1999620795249939;0.0;0.2778845429420471;0.3208765983581543;0.2778845429420471;0.0
0.021580636501312256;0.021580636501312256;0.1699376404285431;0.0;0.27855440974235535;0.484732449054718;0.27855440974235535;0.0
0.021624818444252014;0.021624818444252014;0.2654668092727661;0.0;0.27964547276496887;0.3550890386104584;0.27964547276496887;0.0
0.021643519401550293;0.021643519401550293;0.11640381813049316;0.0;0.28000199794769287;0.2913762032985687;0.28000199794769287;0.0
0.02169954776763916;0.02169954776763916;0.2489345371723175;0.0;0.280955970287323;0.34035786986351013;0.280955970287323;0.0
0.021700114011764526;0.021700114011764526;0.12630468606948853;0.0;0.2827744483947754;0.35839518904685974;0.2827744483947754;0.0
0.021725177764892578;0.021725177764892578;0.27191436290740967;0.0;0.2834590673446655;0.30043521523475647;0.2834590673446655;0.0
0.021736174821853638;0.021736174821853638;0.17854847013950348;0.0;0.28363916277885437;0.3853164613246918;0.28363916277885437;0.0
0.021858930587768555;0.021858930587768555;0.059992872178554535;0.0;0.2841688394546509;0.5487204194068909;0.2841688394546509;0.0
0.021863281726837158;0.021863281726837158;0.1768239140510559;0.0;0.28478050231933594;0.8764866590499878;0.28478050231933594;0.0
0.021868139505386353;0.021868139505386353;0.12894898653030396;0.0;0.285869836807251;0.47593891620635986;0.285869836807251;0.0
0.02191147208213806;0.02191147208213806;0.14422786235809326;0.0;0.2872704863548279;0.33284488320350647;0.2872704863548279;0.0
0.021914318203926086;0.021914318203926086;0.08440107107162476;0.0;0.28805384039878845;0.36818167567253113;0.28805384039878845;0.0
0.02193281054496765;0.02193281054496765;0.1254688799381256;0.0;0.28916141390800476;0.7149627804756165;0.28916141390800476;0.0
0.022064805030822754;0.022064805030822754;0.15514320135116577;0.0;0.2902778387069702;0.4150502681732178;0.2902778387069702;0.0
0.022093042731285095;0.022093042731285095;0.10070829093456268;0.0;0.2904876470565796;0.2904876470565796;0.47266247868537903;0.0
0.022129952907562256;0.022129952907562256;0.10973043739795685;0.0;0.29084494709968567;0.29084494709968567;0.3542267978191376;0.0
0.022135481238365173;0.022135481238365173;0.08573923259973526;0.0;0.29131054878234863;0.33247172832489014;0.29131054878234863;0.0
0.02219441533088684;0.02219441533088684;0.2642419934272766;0.0;0.2917715013027191;0.3260922133922577;0.2917715013027191;0.0
0.0222322940826416;0.0222322940826416;0.15458542108535767;0.0;0.29198047518730164;0.4083040952682495;0.29198047518730164;0.0
0.022232472896575928;0.022232472896575928;0.12034381926059723;0.0;0.29355162382125854;0.5469079613685608;0.29355162382125854;0.0
0.02225339412689209;0.02225339412689209;0.23424392938613892;0.0;0.29362794756889343;1.347551941871643;0.29362794756889343;0.0
0.022332698106765747;0.022332698106765747;0.29918646812438965;0.0;0.29397711157798767;0.4031986594200134;0.29397711157798767;0.0
0.0223352313041687;0.0223352313041687;0.22928255796432495;0.0;0.29426535964012146;0.5012003779411316;0.29426535964012146;0.0
0.02243766188621521;0.02243766188621521;0.05651809275150299;0.0;0.2954939007759094;0.5598474144935608;0.2954939007759094;0.0
0.022508054971694946;0.022508054971694946;0.1088176816701889;0.0;0.2958470284938812;0.2958470284938812;0.311488538980484;0.0
0.022640585899353027;0.022640585899353027;0.17845067381858826;0.0;0.2958899438381195;0.2958899438381195;0.47059568762779236;0.0
0.02265346050262451;0.02265346050262451;0.30243557691574097;0.0;0.2962714731693268;0.2962714731693268;0.42698222398757935;0.0
0.022763580083847046;0.022763580083847046;0.030135728418827057;0.0;0.2964790463447571;0.4518236219882965;0.2964790463447571;0.0
0.022843196988105774;0.022843196988105774;0.2815893292427063;0.0;0.29650789499282837;0.36087122559547424;0.29650789499282837;0.0
0.022875159978866577;0.022875159978866577;0.10377233475446701;0.0;0.29732567071914673;0.436831533908844;0.29732567071914673;0.0
0.022884484380483627;0.022884484380483627;0.12748393416404724;0.0;0.2975369989871979;0.4272949695587158;0.2975369989871979;0.0
0.022968590259552002;0.022968590259552002;0.06723734736442566;0.0;0.3017011880874634;0.4986168146133423;0.3017011880874634;0.0
0.023081570863723755;0.023081570863723755;0.17380857467651367;0.0;0.3036849796772003;0.36884620785713196;0.3036849796772003;0.0
0.023162543773651123;0.023162543773651123;0.09887257218360901;0.0;0.3048384189605713;0.9388567805290222;0.3048384189605713;0.0
0.023238301277160645;0.023238301277160645;0.3207515478134155;0.0;0.30502304434776306;0.4072938561439514;0.30502304434776306;0.0
0.023260176181793213;0.023260176181793213;0.10421937704086304;0.0;0.30662307143211365;0.35272228717803955;0.30662307143211365;0.0
0.02331981062889099;0.02331981062889099;0.11012595891952515;0.0;0.30832281708717346;0.6456487774848938;0.30832281708717346;0.0
0.023392140865325928;0.023392140865325928;0.19435015320777893;0.0;0.3085958957672119;0.37505269050598145;0.3085958957672119;0.0
0.02344381809234619;0.02344381809234619;0.24071848392486572;0.0;0.3085983395576477;0.4582495093345642;0.3085983395576477;0.0
0.023492395877838135;0.023492395877838135;0.24595093727111816;0.0;0.3109031021595001;0.4682510495185852;0.3109031021595001;0.0
0.02350233495235443;0.02350233495235443;0.28815218806266785;0.0;0.31171777844429016;0.4675535261631012;0.31171777844429016;0.0
0.023604869842529297;0.023604869842529297;0.05277824401855469;0.0;0.31214916706085205;0.31214916706085205;0.3337254226207733;0.0
0.02363148331642151;0.02363148331642151;0.2682776153087616;0.0;0.3143864572048187;0.3143864572048187;0.8302819728851318;0.0
0.023655474185943604;0.023655474185943604;0.09435831010341644;0.0;0.31576597690582275;0.49586454033851624;0.31576597690582275;0.0
0.023666784167289734;0.023666784167289734;0.2794434726238251;0.0;0.3157814145088196;0.9767454862594604;0.3157814145088196;0.0
0.023831933736801147;0.023831933736801147;0.26555097103118896;0.0;0.3173445463180542;0.3173445463180542;0.8901463150978088;0.0
0.023897111415863037;0.023897111415863037;0.23533672094345093;0.0;0.31879156827926636;0.8155713677406311;0.31879156827926636;0.0
0.023899853229522705;0.023899853229522705;0.14327768981456757;0.0;0.3201722204685211;0.6516055464744568;0.3201722204685211;0.0
0.02403205633163452;0.02403205633163452;0.06761229038238525;0.0;0.32309067249298096;0.5195414423942566;0.32309067249298096;0.0
0.02404637634754181;0.02404637634754181;0.1131981611251831;0.0;0.3236837089061737;0.4917134940624237;0.3236837089061737;0.0
0.024090737104415894;0.024090737104415894;0.1370430290699005;0.0;0.3240787386894226;0.7893339395523071;0.3240787386894226;0.0
0.02417534589767456;0.02417534589767456;0.14928297698497772;0.0;0.3240834176540375;0.48140889406204224;0.3240834176540375;0.0
0.024279505014419556;0.024279505014419556;0.15682581067085266;0.0;0.324596643447876;0.324596643447876;0.41193369030952454;0.0
0.02435767650604248;0.02435767650604248;0.18975675106048584;0.0;0.32473430037498474;0.994081974029541;0.32473430037498474;0.0
0.0244380384683609;0.0244380384683609;0.34446272253990173;0.0;0.3253253698348999;0.42846783995628357;0.3253253698348999;0.0
0.024603605270385742;0.024603605270385742;0.1636960804462433;0.0;0.3255003094673157;0.36411216855049133;0.3255003094673157;0.0
0.024655520915985107;0.024655520915985107;0.15994945168495178;0.0;0.32585233449935913;0.5254355669021606;0.32585233449935913;0.0
0.024676591157913208;0.024676591157913208;0.2682654857635498;0.0;0.3259648084640503;0.6289038062095642;0.3259648084640503;0.0
0.02472245693206787;0.02472245693206787;0.1576867550611496;0.0;0.3267967104911804;0.5806649327278137;0.3267967104911804;0.0
0.024769723415374756;0.024769723415374756;0.07200098037719727;0.0;0.326810747385025;0.3615715503692627;0.326810747385025;0.0
0.024839289486408234;0.024839289486408234;0.07633942365646362;0.0;0.32777029275894165;0.32777029275894165;0.4038488566875458;0.0
0.024864792823791504;0.024864792823791504;0.40140166878700256;0.0;0.3279472291469574;0.44212716817855835;0.3279472291469574;0.0
0.02489703893661499;0.02489703893661499;0.2070554494857788;0.0;0.32827410101890564;0.36303406953811646;0.32827410101890564;0.0
0.02494955062866211;0.02494955062866211;0.19509702920913696;0.0;0.32837483286857605;0.6795127391815186;0.32837483286857605;0.0
0.02510806918144226;0.02510806918144226;0.2291681170463562;0.0;0.32855287194252014;0.4366927742958069;0.32855287194252014;0.0
0.02514687180519104;0.02514687180519104;0.0980343446135521;0.0;0.3286200165748596;0.5218045115470886;0.3286200165748596;0.0
0.025267094373703003;0.025267094373703003;0.1934051364660263;0.0;0.32869625091552734;0.32869625091552734;0.38218486309051514;0.0
0.025333672761917114;0.025333672761917114;0.17552635073661804;0.0;0.32920050621032715;0.6681948900222778;0.32920050621032715;0.0
0.025379836559295654;0.025379836559295654;0.12584960460662842;0.0;0.32924529910087585;0.4048895537853241;0.32924529910087585;0.0
0.02541249990463257;0.02541249990463257;0.17745783925056458;0.0;0.33118370175361633;0.6594527363777161;0.33118370175361633;0.0
0.025437474250793457;0.025437474250793457;0.07653003931045532;0.0;0.3316648006439209;0.3316648006439209;0.4045042395591736;0.0
0.02562662959098816;0.02562662959098816;0.15015965700149536;0.0;0.33221396803855896;1.050632119178772;0.33221396803855896;0.0
0.02566748857498169;0.02566748857498169;0.2755470871925354;0.0;0.33233413100242615;0.33233413100242615;0.5624988079071045;0.0
0.025679603219032288;0.025679603219032288;0.27693772315979004;0.0;0.3373298645019531;0.5719505548477173;0.3373298645019531;0.0
0.02570807933807373;0.02570807933807373;0.29010212421417236;0.0;0.3375152051448822;0.4646838307380676;0.3375152051448822;0.0
0.025712862610816956;0.025712862610816956;0.20282787084579468;0.0;0.3385615348815918;0.40487974882125854;0.3385615348815918;0.0
0.02573201060295105;0.02573201060295105;0.19877858459949493;0.0;0.339297890663147;0.6838274598121643;0.339297890663147;0.0
0.02586275339126587;0.02586275339126587;0.2728832960128784;0.0;0.33933642506599426;0.5882773399353027;0.33933642506599426;0.0
0.026013970375061035;0.026013970375061035;0.2142506241798401;0.0;0.3406762480735779;0.3809165358543396;0.3406762480735779;0.0
0.02615278959274292;0.02615278959274292;0.11685281991958618;0.0;0.3409132659435272;0.5704209208488464;0.3409132659435272;0.0
0.026273727416992188;0.026273727416992188;0.22832103073596954;0.0;0.34141990542411804;0.34764987230300903;0.34141990542411804;0.0
0.026289820671081543;0.026289820671081543;0.2215094268321991;0.0;0.34247347712516785;0.34247347712516785;0.6031610369682312;0.0
0.02629530429840088;0.02629530429840088;0.1550670862197876;0.0;0.3426484167575836;0.3426484167575836;0.3562190532684326;0.0
0.026376456022262573;0.026376456022262573;0.22131983935832977;0.0;0.34290897846221924;0.34647566080093384;0.34290897846221924;0.0
0.026448562741279602;0.026448562741279602;0.22025537490844727;0.0;0.3434639871120453;1.041296362876892;0.3434639871120453;0.0
0.02647295594215393;0.02647295594215393;0.17980535328388214;0.0;0.344939261674881;0.53240567445755;0.344939261674881;0.0
0.026485711336135864;0.026485711336135864;0.31310904026031494;0.0;0.3451131284236908;0.9566952586174011;0.3451131284236908;0.0
0.026607215404510498;0.026607215404510498;0.09126687049865723;0.0;0.34760764241218567;0.5212440490722656;0.34760764241218567;0.0
0.026826858520507812;0.026826858520507812;0.15354573726654053;0.0;0.34914594888687134;0.4843840003013611;0.34914594888687134;0.0
0.026963740587234497;0.026963740587234497;0.20232735574245453;0.0;0.34933826327323914;0.6117690801620483;0.34933826327323914;0.0
0.027011781930923462;0.027011781930923462;0.27281734347343445;0.0;0.35064154863357544;0.5244329571723938;0.35064154863357544;0.0
0.027110964059829712;0.027110964059829712;0.22035956382751465;0.0;0.351544052362442;0.6655944585800171;0.351544052362442;0.0
0.02712215483188629;0.02712215483188629;0.10149276256561279;0.0;0.3519556522369385;0.3999195992946625;0.3519556522369385;0.0
0.027147948741912842;0.027147948741912842;0.36847007274627686;0.0;0.35261791944503784;0.35719242691993713;0.35261791944503784;0.0
0.02718263864517212;0.02718263864517212;0.26864439249038696;0.0;0.3531940281391144;0.48203137516975403;0.3531940281391144;0.0
0.02721230685710907;0.02721230685710907;0.19719135761260986;0.0;0.3532562255859375;0.6556269526481628;0.3532562255859375;0.0
0.0273304283618927;0.0273304283618927;0.28504419326782227;0.0;0.3564932346343994;0.8091220855712891;0.3564932346343994;0.0
0.027331411838531494;0.027331411838531494;0.14902079105377197;0.0;0.35716512799263;0.35716512799263;0.38547003269195557;0.0
0.027499496936798096;0.027499496936798096;0.28969335556030273;0.0;0.3596034049987793;0.799570620059967;0.3596034049987793;0.0
0.02755729854106903;0.02755729854106903;0.29112982749938965;0.0;0.36379051208496094;0.9624819755554199;0.36379051208496094;0.0
0.02757623791694641;0.02757623791694641;0.24752302467823029;0.0;0.36440178751945496;0.8142169117927551;0.36440178751945496;0.0
0.02758723497390747;0.02758723497390747;0.20099477469921112;0.0;0.36593401432037354;0.5499175786972046;0.36593401432037354;0.0
0.027605295181274414;0.027605295181274414;0.21932262182235718;0.0;0.36611858010292053;0.47515958547592163;0.36611858010292053;0.0
0.027624011039733887;0.027624011039733887;0.24850082397460938;0.0;0.36796021461486816;0.6508188843727112;0.36796021461486816;0.0
0.0276641845703125;0.0276641845703125;0.4514845609664917;0.0;0.36824068427085876;0.5063501000404358;0.36824068427085876;0.0
0.027666568756103516;0.027666568756103516;0.30142742395401;0.0;0.3690934181213379;0.6363125443458557;0.3690934181213379;0.0
0.02769404649734497;0.02769404649734497;0.22550010681152344;0.0;0.36925193667411804;0.4738810658454895;0.36925193667411804;0.0
0.02778702974319458;0.02778702974319458;0.28488677740097046;0.0;0.3729184567928314;0.3729184567928314;0.6150408387184143;0.0
0.027896404266357422;0.027896404266357422;0.10847467184066772;0.0;0.37294551730155945;0.6742676496505737;0.37294551730155945;0.0
0.027982383966445923;0.027982383966445923;0.1625111848115921;0.0;0.3740714490413666;0.5671872496604919;0.3740714490413666;0.0
0.028040409088134766;0.028040409088134766;0.12345689535140991;0.0;0.37549734115600586;0.37549734115600586;0.6025761365890503;0.0
0.028055787086486816;0.028055787086486816;0.10969860106706619;0.0;0.3764992952346802;0.3832172155380249;0.3764992952346802;0.0
0.02814626693725586;0.02814626693725586;0.17330105602741241;0.0;0.37869200110435486;0.5584765672683716;0.37869200110435486;0.0
0.0281866192817688;0.0281866192817688;0.12736085057258606;0.0;0.3799513280391693;0.5348312854766846;0.3799513280391693;0.0
0.02832767367362976;0.02832767367362976;0.1335521787405014;0.0;0.380077600479126;0.567549467086792;0.380077600479126;0.0
0.028339654207229614;0.028339654207229614;0.18446439504623413;0.0;0.3804166913032532;0.43360573053359985;0.3804166913032532;0.0
0.028397858142852783;0.028397858142852783;0.10337456315755844;0.0;0.3912840783596039;0.7045086026191711;0.3912840783596039;0.0
0.02846120297908783;0.02846120297908783;0.08850985765457153;0.0;0.3913576006889343;0.4415673315525055;0.3913576006889343;0.0
0.02850346267223358;0.02850346267223358;0.08661200851202011;0.0;0.3936688303947449;0.8341403603553772;0.3936688303947449;0.0
0.028742849826812744;0.028742849826812744;0.07440263777971268;0.0;0.39530259370803833;0.4955461919307709;0.39530259370803833;0.0
0.028756730258464813;0.028756730258464813;0.08877049386501312;0.0;0.39651501178741455;0.39911994338035583;0.39651501178741455;0.0
0.028812631964683533;0.028812631964683533;0.2700650990009308;0.0;0.3981086313724518;0.5774048566818237;0.3981086313724518;0.0
0.028863877058029175;0.028863877058029175;0.13414910435676575;0.0;0.39961710572242737;0.49057674407958984;0.39961710572242737;0.0
0.02890986204147339;0.02890986204147339;0.1814005970954895;0.0;0.403406023979187;0.403406023979187;0.45879679918289185;0.0
0.028989404439926147;0.028989404439926147;0.06948091834783554;0.0;0.40363839268684387;0.6321855187416077;0.40363839268684387;0.0
0.02908909320831299;0.02908909320831299;0.193990558385849;0.0;0.40521490573883057;0.40521490573883057;2.358548402786255;0.0
0.02917712926864624;0.02917712926864624;0.22233402729034424;0.0;0.40765953063964844;0.43778204917907715;0.40765953063964844;0.0
0.029465988278388977;0.029465988278388977;0.17424800992012024;0.0;0.40860313177108765;0.4323532283306122;0.40860313177108765;0.0
0.029534339904785156;0.029534339904785156;0.23247718811035156;0.0;0.40868592262268066;0.40868592262268066;0.5063496232032776;0.0
0.029603004455566406;0.029603004455566406;0.1636222004890442;0.0;0.4093115031719208;0.5773481130599976;0.4093115031719208;0.0
0.02962595224380493;0.02962595224380493;0.23878604173660278;0.0;0.41105127334594727;0.7113606929779053;0.41105127334594727;0.0
0.029816120862960815;0.029816120862960815;0.24428702890872955;0.0;0.41345083713531494;0.5801078081130981;0.41345083713531494;0.0
0.029965221881866455;0.029965221881866455;0.2667522430419922;0.0;0.41491618752479553;0.5204718708992004;0.41491618752479553;0.0
0.030097246170043945;0.030097246170043945;0.17876651883125305;0.0;0.41565150022506714;0.4203331172466278;0.41565150022506714;0.0
0.03027746081352234;0.03027746081352234;0.10993897914886475;0.0;0.4174897074699402;0.8324116468429565;0.4174897074699402;0.0
0.030299365520477295;0.030299365520477295;0.1145799309015274;0.0;0.41832831501960754;0.5584924817085266;0.41832831501960754;0.0
0.030336856842041016;0.030336856842041016;0.1896163821220398;0.0;0.4227989912033081;0.45406168699264526;0.4227989912033081;0.0
0.030382126569747925;0.030382126569747925;0.11860033869743347;0.0;0.42403534054756165;0.42403534054756165;0.5026142597198486;0.0
0.030452251434326172;0.030452251434326172;0.23414963483810425;0.0;0.4249025881290436;0.5533281564712524;0.4249025881290436;0.0
0.030512750148773193;0.030512750148773193;0.0791584849357605;0.0;0.42869412899017334;0.42869412899017334;0.4653608202934265;0.0
0.030687808990478516;0.030687808990478516;0.1492987871170044;0.0;0.43018704652786255;0.4703579545021057;0.43018704652786255;0.0
0.03075413405895233;0.03075413405895233;0.1937510371208191;0.0;0.4312991797924042;0.7452629804611206;0.4312991797924042;0.0
0.030765891075134277;0.030765891075134277;0.13140320777893066;0.0;0.43295344710350037;0.5179593563079834;0.43295344710350037;0.0
0.03079548478126526;0.03079548478126526;0.12951835989952087;0.0;0.4333507716655731;0.6249886751174927;0.4333507716655731;0.0
0.030828237533569336;0.030828237533569336;0.18005278706550598;0.0;0.43405744433403015;0.5548405051231384;0.43405744433403015;0.0
0.030840754508972168;0.030840754508972168;0.33648696541786194;0.0;0.43429189920425415;0.4693087041378021;0.43429189920425415;0.0
0.030873388051986694;0.030873388051986694;0.047430045902729034;0.0;0.43472200632095337;0.5878275632858276;0.43472200632095337;0.0
0.03089471161365509;0.03089471161365509;0.18495851755142212;0.0;0.4417726397514343;0.6063708066940308;0.4417726397514343;0.0
0.030962109565734863;0.030962109565734863;0.11212390661239624;0.0;0.4425160884857178;0.6141024827957153;0.4425160884857178;0.0
0.03100109100341797;0.03100109100341797;0.13511645793914795;0.0;0.44376346468925476;0.7232944369316101;0.44376346468925476;0.0
0.031431108713150024;0.031431108713150024;0.30619028210639954;0.0;0.44668328762054443;0.6314285397529602;0.44668328762054443;0.0
0.03150755167007446;0.03150755167007446;0.1972966194152832;0.0;0.44697582721710205;0.44697582721710205;0.5175349116325378;0.0
0.03152996301651001;0.03152996301651001;0.1416195034980774;0.0;0.44703957438468933;0.44703957438468933;0.524573802947998;0.0
0.031584233045578;0.031584233045578;0.2670983374118805;0.0;0.4480558931827545;0.5058299899101257;0.4480558931827545;0.0
0.03160762041807175;0.03160762041807175;0.1425861269235611;0.0;0.44810622930526733;0.5672658085823059;0.44810622930526733;0.0
0.03178751468658447;0.03178751468658447;0.1030670702457428;0.0;0.4484950304031372;0.9123514294624329;0.4484950304031372;0.0
0.031912997364997864;0.031912997364997864;0.10749688744544983;0.0;0.44902050495147705;0.4926697611808777;0.44902050495147705;0.0
0.03194621205329895;0.03194621205329895;0.15483655035495758;0.0;0.4544438123703003;0.765894889831543;0.4544438123703003;0.0
0.03212583065032959;0.03212583065032959;0.24030566215515137;0.0;0.45461156964302063;0.45461156964302063;1.1780791282653809;0.0
0.03217434883117676;0.03217434883117676;0.36613011360168457;0.0;0.45536008477211;0.4861496090888977;0.45536008477211;0.0
0.03222227096557617;0.03222227096557617;0.368955135345459;0.0;0.4575388729572296;0.6762080788612366;0.4575388729572296;0.0
0.03232350945472717;0.03232350945472717;0.17434512078762054;0.0;0.45934638381004333;0.45934638381004333;0.5946010947227478;0.0
0.03271991014480591;0.03271991014480591;0.22581157088279724;0.0;0.4598320722579956;0.4598320722579956;0.540687084197998;0.0
0.03276646137237549;0.03276646137237549;0.164331316947937;0.0;0.46034371852874756;0.7398840188980103;0.46034371852874756;0.0
0.0330578088760376;0.0330578088760376;0.38312995433807373;0.0;0.46828311681747437;0.6127474308013916;0.46828311681747437;0.0
0.033064745366573334;0.033064745366573334;0.17866471409797668;0.0;0.4708050787448883;0.5570120811462402;0.4708050787448883;0.0
0.03332787752151489;0.03332787752151489;0.07943546772003174;0.0;0.47115084528923035;0.5569942593574524;0.47115084528923035;0.0
0.03333541750907898;0.03333541750907898;0.27126702666282654;0.0;0.4713185131549835;0.8245977759361267;0.4713185131549835;0.0
0.033694058656692505;0.033694058656692505;0.1542435884475708;0.0;0.4750034213066101;0.6695173978805542;0.4750034213066101;0.0
0.03375080227851868;0.03375080227851868;0.376806378364563;0.0;0.47523781657218933;0.47523781657218933;0.5862480401992798;0.0
0.03375530242919922;0.03375530242919922;0.12110584229230881;0.0;0.4823475480079651;0.6145578622817993;0.4823475480079651;0.0
0.033822834491729736;0.033822834491729736;0.20461249351501465;0.0;0.48732540011405945;0.6302163004875183;0.48732540011405945;0.0
0.03395158052444458;0.03395158052444458;0.20582371950149536;0.0;0.4911126494407654;0.8532114028930664;0.4911126494407654;0.0
0.03431315720081329;0.03431315720081329;0.27625343203544617;0.0;0.49135622382164;0.49135622382164;0.5424635410308838;0.0
0.03456830978393555;0.03456830978393555;0.19106604158878326;0.0;0.4930058717727661;0.7794932126998901;0.4930058717727661;0.0
0.03460026532411575;0.03460026532411575;0.20440876483917236;0.0;0.49783632159233093;0.8003371357917786;0.49783632159233093;0.0
0.034721046686172485;0.034721046686172485;0.2694271206855774;0.0;0.5010997653007507;0.6823930740356445;0.5010997653007507;0.0
0.03473383188247681;0.03473383188247681;0.1283891797065735;0.0;0.5033274292945862;0.6112411618232727;0.5033274292945862;0.0
0.03474539518356323;0.03474539518356323;0.1499539017677307;0.0;0.5040931701660156;0.8856953978538513;0.5040931701660156;0.0
0.03485381603240967;0.03485381603240967;0.15742260217666626;0.0;0.5049113035202026;0.6041313409805298;0.5049113035202026;0.0
0.03521284461021423;0.03521284461021423;0.22208330035209656;0.0;0.5056472420692444;0.5112186670303345;0.5056472420692444;0.0
0.03531038761138916;0.03531038761138916;0.21618372201919556;0.0;0.5069291591644287;0.7831324338912964;0.5069291591644287;0.0
0.03534519672393799;0.03534519672393799;0.21400438249111176;0.0;0.5074449181556702;0.5074449181556702;0.9806530475616455;0.0
0.03551226854324341;0.03551226854324341;0.2592117190361023;0.0;0.507657527923584;0.6355137825012207;0.507657527923584;0.0
0.03551381826400757;0.03551381826400757;0.09180822223424911;0.0;0.5095961689949036;0.6988042593002319;0.5095961689949036;0.0
0.035553932189941406;0.035553932189941406;0.29356932640075684;0.0;0.514218270778656;0.514218270778656;0.5522887110710144;0.0
0.03566130995750427;0.03566130995750427;0.12048500776290894;0.0;0.5145537853240967;0.5145537853240967;0.6154981255531311;0.0
0.03568892180919647;0.03568892180919647;0.13665327429771423;0.0;0.5170149803161621;0.7060116529464722;0.5170149803161621;0.0
0.03571367263793945;0.03571367263793945;0.2645111680030823;0.0;0.5178361535072327;0.801305890083313;0.5178361535072327;0.0
0.03594890236854553;0.03594890236854553;0.26593178510665894;0.0;0.5181325674057007;0.6316858530044556;0.5181325674057007;0.0
0.03604668378829956;0.03604668378829956;0.1536320447921753;0.0;0.5187274217605591;0.6926430463790894;0.5187274217605591;0.0
0.03607475757598877;0.03607475757598877;0.15453660488128662;0.0;0.5217228531837463;0.8063172698020935;0.5217228531837463;0.0
0.03612029552459717;0.03612029552459717;0.22119027376174927;0.0;0.5227111577987671;0.7966480851173401;0.5227111577987671;0.0
0.03620487451553345;0.03620487451553345;0.15513822436332703;0.0;0.5266805291175842;1.0740277767181396;0.5266805291175842;0.0
0.036452651023864746;0.036452651023864746;0.31434667110443115;0.0;0.5270000696182251;0.6846437454223633;0.5270000696182251;0.0
0.03651142120361328;0.03651142120361328;0.15087321400642395;0.0;0.5283849239349365;0.5283849239349365;0.5357973575592041;0.0
0.03658643364906311;0.03658643364906311;0.18087559938430786;0.0;0.5340209603309631;0.555525004863739;0.5340209603309631;0.0
0.03658771514892578;0.03658771514892578;0.24033066630363464;0.0;0.5349977612495422;0.5843196511268616;0.5349977612495422;0.0
0.036632806062698364;0.036632806062698364;0.18669337034225464;0.0;0.5363833904266357;0.7504774332046509;0.5363833904266357;0.0
0.037044018507003784;0.037044018507003784;0.18950802087783813;0.0;0.5416456460952759;0.5416456460952759;1.2726378440856934;0.0
0.03712029755115509;0.03712029755115509;0.1815968155860901;0.0;0.5444239974021912;1.0102230310440063;0.5444239974021912;0.0
0.037193477153778076;0.037193477153778076;0.25145232677459717;0.0;0.5466703772544861;0.9254947900772095;0.5466703772544861;0.0
0.03736317157745361;0.03736317157745361;0.2929704189300537;0.0;0.5485161542892456;0.8565749526023865;0.5485161542892456;0.0
0.03741142153739929;0.03741142153739929;0.17702561616897583;0.0;0.5508095622062683;0.5721250772476196;0.5508095622062683;0.0
0.03751778602600098;0.03751778602600098;0.15051811933517456;0.0;0.5510690212249756;1.094787836074829;0.5510690212249756;0.0
0.03768754005432129;0.03768754005432129;0.24467968940734863;0.0;0.5538051724433899;0.7089817523956299;0.5538051724433899;0.0
0.03796869516372681;0.03796869516372681;0.26601874828338623;0.0;0.554356038570404;0.554356038570404;0.6691683530807495;0.0
0.03808271884918213;0.03808271884918213;0.28867244720458984;0.0;0.5632657408714294;0.5818803310394287;0.5632657408714294;0.0
0.03811413049697876;0.03811413049697876;0.3465017080307007;0.0;0.5645256042480469;1.4070751667022705;0.5645256042480469;0.0
0.03818446397781372;0.03818446397781372;0.3774675726890564;0.0;0.5645681023597717;0.5645681023597717;0.599643349647522;0.0
0.03864963352680206;0.03864963352680206;0.36753231287002563;0.0;0.5712563395500183;0.5712563395500183;0.6404994130134583;0.0
0.03865784406661987;0.03865784406661987;0.22340518236160278;0.0;0.5803123712539673;1.0468326807022095;0.5803123712539673;0.0
0.03865811228752136;0.03865811228752136;0.1617315709590912;0.0;0.589309811592102;0.589309811592102;1.1800557374954224;0.0
0.03874391317367554;0.03874391317367554;0.1706913709640503;0.0;0.590643584728241;0.9944850206375122;0.590643584728241;0.0
0.038855552673339844;0.038855552673339844;0.14573350548744202;0.0;0.5931378602981567;1.0643904209136963;0.5931378602981567;0.0
0.038945913314819336;0.038945913314819336;0.10571949183940887;0.0;0.5981615781784058;0.8981174826622009;0.5981615781784058;0.0
0.03896129131317139;0.03896129131317139;0.17729264497756958;0.0;0.599475085735321;0.599475085735321;0.8134570121765137;0.0
0.03897637128829956;0.03897637128829956;0.2454337626695633;0.0;0.6000744104385376;1.0215682983398438;0.6000744104385376;0.0
0.03899739682674408;0.03899739682674408;0.21118700504302979;0.0;0.6001926064491272;0.72018963098526;0.6001926064491272;0.0
0.039012372493743896;0.039012372493743896;0.2858586311340332;0.0;0.6019712090492249;0.6169741749763489;0.6019712090492249;0.0
0.03908035159111023;0.03908035159111023;0.33406776189804077;0.0;0.6020871996879578;0.6690122485160828;0.6020871996879578;0.0
0.03938698768615723;0.03938698768615723;0.17278306186199188;0.0;0.6040218472480774;1.0695720911026;0.6040218472480774;0.0
0.03938716650009155;0.03938716650009155;0.3356967270374298;0.0;0.6046691536903381;0.64907306432724;0.6046691536903381;0.0
0.03941226005554199;0.03941226005554199;0.22858738899230957;0.0;0.6054378151893616;0.7257521748542786;0.6054378151893616;0.0
0.03948318958282471;0.03948318958282471;0.1797519326210022;0.0;0.6069520711898804;1.359736680984497;0.6069520711898804;0.0
0.039557456970214844;0.039557456970214844;0.1599070429801941;0.0;0.6081929206848145;0.6081929206848145;0.7237666249275208;0.0
0.03969189524650574;0.03969189524650574;0.14963670074939728;0.0;0.6085882186889648;0.6085882186889648;0.8877455592155457;0.0
0.03977951407432556;0.03977951407432556;0.45914557576179504;0.0;0.6119398474693298;0.8567377924919128;0.6119398474693298;0.0
0.04000675678253174;0.04000675678253174;0.28804633021354675;0.0;0.6256738901138306;0.9125972390174866;0.6256738901138306;0.0
0.0403188019990921;0.0403188019990921;0.3169793486595154;0.0;0.6300383806228638;0.6300383806228638;1.5719773769378662;0.0
0.040653735399246216;0.040653735399246216;0.13404256105422974;0.0;0.6305421590805054;0.6698957681655884;0.6305421590805054;0.0
0.04126249998807907;0.04126249998807907;0.23861441016197205;0.0;0.6321992874145508;1.7260866165161133;0.6321992874145508;0.0
0.04135572910308838;0.04135572910308838;0.4108097553253174;0.0;0.6335532665252686;1.0283173322677612;0.6335532665252686;0.0
0.04138173162937164;0.04138173162937164;0.22294366359710693;0.0;0.6337658166885376;0.8906031250953674;0.6337658166885376;0.0
0.04140883684158325;0.04140883684158325;0.2998160719871521;0.0;0.641281247138977;0.641281247138977;0.7072198987007141;0.0
0.041426628828048706;0.041426628828048706;0.2054261416196823;0.0;0.6417276859283447;0.9910690188407898;0.6417276859283447;0.0
0.041633158922195435;0.041633158922195435;0.045211635529994965;0.0;0.6489158868789673;0.6994234323501587;0.6489158868789673;0.0
0.04165834188461304;0.04165834188461304;0.18471407890319824;0.0;0.6498924493789673;0.8869572281837463;0.6498924493789673;0.0
0.04191720485687256;0.04191720485687256;0.1429934799671173;0.0;0.6502846479415894;0.9810656309127808;0.6502846479415894;0.0
0.041988760232925415;0.041988760232925415;0.218103289604187;0.0;0.6574621796607971;0.9955206513404846;0.6574621796607971;0.0
0.04212522506713867;0.04212522506713867;0.21161669492721558;0.0;0.660266101360321;0.7468852400779724;0.660266101360321;0.0
0.04216077923774719;0.04216077923774719;0.09325109422206879;0.0;0.6608412861824036;0.8238241076469421;0.6608412861824036;0.0
0.04219505190849304;0.04219505190849304;0.17277953028678894;0.0;0.6625064611434937;0.8936859369277954;0.6625064611434937;0.0
0.0422661155462265;0.0422661155462265;0.32474485039711;0.0;0.6663386225700378;0.7405679821968079;0.6663386225700378;0.0
0.042622536420822144;0.042622536420822144;0.12023964524269104;0.0;0.6743472218513489;0.8600397706031799;0.6743472218513489;0.0
0.042756110429763794;0.042756110429763794;0.19101014733314514;0.0;0.6809021234512329;0.6809021234512329;0.731080174446106;0.0
0.04282766580581665;0.04282766580581665;0.17652201652526855;0.0;0.6817482709884644;1.006983757019043;0.6817482709884644;0.0
0.042919501662254333;0.042919501662254333;0.32338443398475647;0.0;0.6826134324073792;1.1375142335891724;0.6826134324073792;0.0
0.04312583804130554;0.04312583804130554;0.2149398922920227;0.0;0.6828600764274597;0.8073233366012573;0.6828600764274597;0.0
0.043187957257032394;0.043187957257032394;0.17053833603858948;0.0;0.6833941340446472;0.8505417704582214;0.6833941340446472;0.0
0.043244510889053345;0.043244510889053345;0.2710276246070862;0.0;0.6903940439224243;0.7804678082466125;0.6903940439224243;0.0
0.04346242547035217;0.04346242547035217;0.24009543657302856;0.0;0.6910510659217834;0.6910510659217834;1.2170543670654297;0.0
0.04357278347015381;0.04357278347015381;0.30326950550079346;0.0;0.6920161843299866;0.6920161843299866;0.9110971093177795;0.0
0.04377757012844086;0.04377757012844086;0.18790781497955322;0.0;0.6932986378669739;0.7187503576278687;0.6932986378669739;0.0
0.04412764310836792;0.04412764310836792;0.1444801688194275;0.0;0.6948591470718384;0.8587518334388733;0.6948591470718384;0.0
0.04426562786102295;0.04426562786102295;0.1383357048034668;0.0;0.7163779735565186;0.7163779735565186;2.0724081993103027;0.0
0.044679343700408936;0.044679343700408936;0.29909548163414;0.0;0.7225509285926819;1.3701947927474976;0.7225509285926819;0.0
0.04508844017982483;0.04508844017982483;0.10355830192565918;0.0;0.7240003943443298;0.8630365133285522;0.7240003943443298;0.0
0.045144081115722656;0.045144081115722656;0.25734108686447144;0.0;0.7311958074569702;0.8899331092834473;0.7311958074569702;0.0
0.045572370290756226;0.045572370290756226;0.19525209069252014;0.0;0.7390055060386658;0.7390055060386658;0.8055264353752136;0.0
0.04621148109436035;0.04621148109436035;0.28464043140411377;0.0;0.7402865290641785;0.9168040156364441;0.7402865290641785;0.0
0.04629892855882645;0.04629892855882645;0.3983556032180786;0.0;0.7434976100921631;1.6772665977478027;0.7434976100921631;0.0
0.04634465277194977;0.04634465277194977;0.17441731691360474;0.0;0.7438169717788696;0.7438169717788696;1.94547700881958;0.0
0.046526432037353516;0.046526432037353516;0.3801133930683136;0.0;0.7453063726425171;0.7453063726425171;0.7850878834724426;0.0
0.04661273956298828;0.04661273956298828;0.12802532315254211;0.0;0.7462379932403564;0.757379412651062;0.7462379932403564;0.0
0.046664804220199585;0.046664804220199585;0.18938863277435303;0.0;0.7554887533187866;0.7554887533187866;1.1090048551559448;0.0
0.04688471555709839;0.04688471555709839;0.23890697956085205;0.0;0.7560073137283325;1.1236443519592285;0.7560073137283325;0.0
0.04689018428325653;0.04689018428325653;0.22333908081054688;0.0;0.7653741836547852;1.1423875093460083;0.7653741836547852;0.0
0.04722374677658081;0.04722374677658081;0.2819647789001465;0.0;0.7666803002357483;0.7666803002357483;0.8512150645256042;0.0
0.04724717140197754;0.04724717140197754;0.17923778295516968;0.0;0.768423855304718;0.768423855304718;2.608250379562378;0.0
0.0481734573841095;0.0481734573841095;0.4404524862766266;0.0;0.7698288559913635;0.7698288559913635;1.0195673704147339;0.0
0.048405587673187256;0.048405587673187256;0.25660932064056396;0.0;0.7726382613182068;1.393729567527771;0.7726382613182068;0.0
0.04859907180070877;0.04859907180070877;0.32077527046203613;0.0;0.773446261882782;0.773446261882782;1.1890265941619873;0.0
0.048643529415130615;0.048643529415130615;0.15813010931015015;0.0;0.7745100855827332;0.8857737183570862;0.7745100855827332;0.0
0.048842549324035645;0.048842549324035645;0.23751036822795868;0.0;0.7768292427062988;1.4201589822769165;0.7768292427062988;0.0
0.04900270700454712;0.04900270700454712;0.2076694369316101;0.0;0.7821424603462219;0.8716126084327698;0.7821424603462219;0.0
0.04928481578826904;0.04928481578826904;0.17476046085357666;0.0;0.791534423828125;1.1339163780212402;0.791534423828125;0.0
0.04935652017593384;0.04935652017593384;0.15065717697143555;0.0;0.800839900970459;1.0369293689727783;0.800839900970459;0.0
0.049493372440338135;0.049493372440338135;0.2009708285331726;0.0;0.8019741177558899;0.8049082159996033;0.8019741177558899;0.0
0.049560338258743286;0.049560338258743286;0.2906171679496765;0.0;0.8035392165184021;1.360059142112732;0.8035392165184021;0.0
0.0502200722694397;0.0502200722694397;0.2657569646835327;0.0;0.8058730959892273;0.8424363136291504;0.8058730959892273;0.0
0.05046248435974121;0.05046248435974121;0.1753227710723877;0.0;0.8067834973335266;1.1236820220947266;0.8067834973335266;0.0
0.050529032945632935;0.050529032945632935;0.15647512674331665;0.0;0.8070981502532959;1.4761542081832886;0.8070981502532959;0.0
0.050710529088974;0.050710529088974;0.3049730658531189;0.0;0.8180217742919922;1.3300343751907349;0.8180217742919922;0.0
0.051636695861816406;0.051636695861816406;0.10645818710327148;0.0;0.8201252222061157;0.8740770816802979;0.8201252222061157;0.0
0.05217385292053223;0.05217385292053223;0.10490953922271729;0.0;0.8232837319374084;1.0312148332595825;0.8232837319374084;0.0
0.05238300561904907;0.05238300561904907;0.3853236734867096;0.0;0.8253369927406311;1.101122260093689;0.8253369927406311;0.0
0.05280876159667969;0.05280876159667969;0.17063933610916138;0.0;0.8366168737411499;0.8366168737411499;0.915198564529419;0.0
0.05323019623756409;0.05323019623756409;0.24858415126800537;0.0;0.8451989889144897;0.8451989889144897;0.8565066456794739;0.0
0.0539071261882782;0.0539071261882782;0.3886284828186035;0.0;0.8550711870193481;1.5236157178878784;0.8550711870193481;0.0
0.054208576679229736;0.054208576679229736;0.2862780690193176;0.0;0.8551679253578186;0.8918480277061462;0.8551679253578186;0.0
0.054427385330200195;0.054427385330200195;0.23646415770053864;0.0;0.8631740808486938;0.8700683116912842;0.8631740808486938;0.0
0.05471751093864441;0.05471751093864441;0.22518235445022583;0.0;0.8666768074035645;0.9759795665740967;0.8666768074035645;0.0
0.05484670400619507;0.05484670400619507;0.20828063786029816;0.0;0.866797924041748;1.3040618896484375;0.866797924041748;0.0
0.05531930923461914;0.05531930923461914;0.29213547706604004;0.0;0.8725334405899048;0.8725334405899048;0.9223278164863586;0.0
0.05561482906341553;0.05561482906341553;0.2745845317840576;0.0;0.8758143186569214;1.378574252128601;0.8758143186569214;0.0
0.0556451678276062;0.0556451678276062;0.23081737756729126;0.0;0.8768799901008606;1.2348843812942505;0.8768799901008606;0.0
0.0557369589805603;0.0557369589805603;0.3733978867530823;0.0;0.883642315864563;1.3570460081100464;0.883642315864563;0.0
0.055765748023986816;0.055765748023986816;0.1765214204788208;0.0;0.8954665064811707;1.127733588218689;0.8954665064811707;0.0
0.0560910701751709;0.0560910701751709;0.37400543689727783;0.0;0.9010310173034668;0.9010310173034668;0.9585921764373779;0.0
0.05645948648452759;0.05645948648452759;0.2865886688232422;0.0;0.9139288067817688;0.926855742931366;0.9139288067817688;0.0
0.05653035640716553;0.05653035640716553;0.32722681760787964;0.0;0.9196602702140808;0.9975689649581909;0.9196602702140808;0.0
0.056976497173309326;0.056976497173309326;0.2288571000099182;0.0;0.9227256178855896;0.9227256178855896;1.090998649597168;0.0
0.05717108026146889;0.05717108026146889;0.282304972410202;0.0;0.9571102261543274;1.4429265260696411;0.9571102261543274;0.0
0.05795544385910034;0.05795544385910034;0.24354863166809082;0.0;0.9633175134658813;0.9633175134658813;1.0068296194076538;0.0
0.0588344931602478;0.0588344931602478;0.36633992195129395;0.0;0.9678658246994019;0.9678658246994019;1.012752652168274;0.0
0.0599331259727478;0.0599331259727478;0.2534410357475281;0.0;0.9833205342292786;0.9833205342292786;3.239391803741455;0.0
0.06009727716445923;0.06009727716445923;0.2610495090484619;0.0;0.9833498597145081;1.9483603239059448;0.9833498597145081;0.0
0.06141945719718933;0.06141945719718933;0.2579420208930969;0.0;0.9911946654319763;1.1581652164459229;0.9911946654319763;0.0
0.06177765130996704;0.06177765130996704;0.22651821374893188;0.0;0.9973575472831726;1.1601771116256714;0.9973575472831726;0.0
0.06178082525730133;0.06178082525730133;0.2190576046705246;0.0;1.0079264640808105;1.5469526052474976;1.0079264640808105;0.0
0.06218249350786209;0.06218249350786209;0.3490539789199829;0.0;1.0122332572937012;1.5608183145523071;1.0122332572937012;0.0
0.06304973363876343;0.06304973363876343;0.24294638633728027;0.0;1.0136030912399292;1.0136030912399292;1.351723074913025;0.0
0.06312470883131027;0.06312470883131027;0.35185182094573975;0.0;1.0159872770309448;1.5623810291290283;1.0159872770309448;0.0
0.06334468722343445;0.06334468722343445;0.36479073762893677;0.0;1.026458978652954;1.2821999788284302;1.026458978652954;0.0
0.06343293190002441;0.06343293190002441;0.28759145736694336;0.0;1.0629545450210571;1.50784432888031;1.0629545450210571;0.0
0.06450989842414856;0.06450989842414856;0.28775084018707275;0.0;1.073599100112915;1.184503436088562;1.073599100112915;0.0
0.06454531848430634;0.06454531848430634;0.19498801231384277;0.0;1.075846552848816;1.254197359085083;1.075846552848816;0.0
0.06477522850036621;0.06477522850036621;0.1438138484954834;0.0;1.0827724933624268;1.5684970617294312;1.0827724933624268;0.0
0.06813317537307739;0.06813317537307739;0.2487928867340088;0.0;1.0968210697174072;1.0968210697174072;1.112290859222412;0.0
0.06864305585622787;0.06864305585622787;0.26737040281295776;0.0;1.1015303134918213;1.2290675640106201;1.1015303134918213;0.0
0.06904146075248718;0.06904146075248718;0.2715055048465729;0.0;1.1090424060821533;1.40380859375;1.1090424060821533;0.0
0.07021307945251465;0.07021307945251465;0.22328412532806396;0.0;1.1128329038619995;1.7483890056610107;1.1128329038619995;0.0
0.07051694393157959;0.07051694393157959;0.38927751779556274;0.0;1.1499648094177246;1.5179173946380615;1.1499648094177246;0.0
0.0711633563041687;0.0711633563041687;0.2690335512161255;0.0;1.1778943538665771;1.8465168476104736;1.1778943538665771;0.0
0.07241779565811157;0.07241779565811157;0.24555569887161255;0.0;1.185622215270996;1.3681398630142212;1.185622215270996;0.0
0.0744275450706482;0.0744275450706482;0.2930079996585846;0.0;1.2687276601791382;1.498769760131836;1.2687276601791382;0.0
0.07461422681808472;0.07461422681808472;0.31811851263046265;0.0;1.279857873916626;2.0453903675079346;1.279857873916626;0.0
0.07661014795303345;0.07661014795303345;0.3064919114112854;0.0;1.295853614807129;1.316828727722168;1.295853614807129;0.0
0.07775896787643433;0.07775896787643433;0.2235880196094513;0.0;1.3505122661590576;2.055433511734009;1.3505122661590576;0.0
0.0784490704536438;0.0784490704536438;0.2650686502456665;0.0;1.3815217018127441;1.3815217018127441;2.0676701068878174;0.0
0.08006101846694946;0.08006101846694946;0.2763693332672119;0.0;1.3833380937576294;1.9855237007141113;1.3833380937576294;0.0
0.08174571394920349;0.08174571394920349;0.2579329013824463;0.0;1.5215551853179932;1.5215551853179932;2.6053082942962646;0.0
0.08833098411560059;0.08833098411560059;0.26156097650527954;0.0;1.5908221006393433;1.5908221006393433;1.868649959564209;0.0
0.08986532688140869;0.08986532688140869;0.3082922101020813;0.0;2.0815861225128174;2.0815861225128174;2.4623382091522217;0.0
