inf-norm-min-adv-dist;inf-norm-PGD-dist;inf-norm-sec-att-dist;inf-norm-Clever-0.0-samples;2-norm-min-adv-dist;2-norm-PGD-dist;2-norm-sec-att-dist;2-norm-Clever-0.0-samples
0.0;0.0;0.0;0.0;0.0;0.0;0.0;0.0
0.0;0.0;0.0;0.0;0.0;0.0;0.0;0.0
0.0008998513221740723;0.001000046730041504;0.0008998513221740723;0.0;0.015150266699492931;0.01727396249771118;0.015150266699492931;0.0
0.0009640604257583618;0.001000046730041504;0.0009640604257583618;0.0;0.018998267129063606;0.024084975942969322;0.018998267129063606;0.0
0.0010000020265579224;0.0010000020265579224;0.0013265162706375122;0.0;0.01982167921960354;0.023982355371117592;0.01982167921960354;0.0
0.001000046730041504;0.001000046730041504;0.0013335496187210083;0.0;0.02254536561667919;0.02445315569639206;0.02254536561667919;0.0
0.001000046730041504;0.001000046730041504;0.0011280179023742676;0.0;0.022568635642528534;0.02448197267949581;0.022568635642528534;0.0
0.0015000030398368835;0.0015000030398368835;0.0021898001432418823;0.0;0.025575809180736542;0.06056549772620201;0.025575809180736542;0.0
0.0015000700950622559;0.0015000700950622559;0.0020514726638793945;0.0;0.026833580806851387;0.03607022017240524;0.026833580806851387;0.0
0.0018046796321868896;0.002500005066394806;0.0018046796321868896;0.0;0.029101651161909103;0.037432704120874405;0.029101651161909103;0.0
0.001999974250793457;0.001999974250793457;0.0025386810302734375;0.0;0.030961409211158752;0.0419299341738224;0.030961409211158752;0.0
0.0020000040531158447;0.0020000040531158447;0.0034395605325698853;0.0;0.031096573919057846;0.04717925935983658;0.031096573919057846;0.0
0.0020000040531158447;0.0020000040531158447;0.0034979581832885742;0.0;0.03305129334330559;0.043182093650102615;0.03305129334330559;0.0
0.002000093460083008;0.002000093460083008;0.0029265135526657104;0.0;0.03396478295326233;0.07094188034534454;0.03396478295326233;0.0
0.002500005066394806;0.002500005066394806;0.003368329256772995;0.0;0.03469682112336159;0.052575405687093735;0.03469682112336159;0.0
0.0025001168251037598;0.0025001168251037598;0.004097476601600647;0.0;0.03472296521067619;0.0699472725391388;0.03472296521067619;0.0
0.0025001168251037598;0.0025001168251037598;0.004408746957778931;0.0;0.03500053659081459;0.06750141829252243;0.03500053659081459;0.0
0.003000006079673767;0.003000006079673767;0.004714466631412506;0.0;0.03766174241900444;0.03766174241900444;0.04302321374416351;0.0
0.003000006079673767;0.003000006079673767;0.004250030964612961;0.0;0.03842177987098694;0.05439508706331253;0.03842177987098694;0.0
0.0030001401901245117;0.0030001401901245117;0.0044314563274383545;0.0;0.03847469016909599;0.03847469016909599;0.047174420207738876;0.0
0.0035000070929527283;0.0035000070929527283;0.005213215947151184;0.0;0.04031761735677719;0.1215566098690033;0.04031761735677719;0.0
0.0035000070929527283;0.0035000070929527283;0.0043713003396987915;0.0;0.04249746724963188;0.08967864513397217;0.04249746724963188;0.0
0.0035000070929527283;0.0035000070929527283;0.006791040301322937;0.0;0.04316065087914467;0.08339636772871017;0.04316065087914467;0.0
0.0035001635551452637;0.0035001635551452637;0.00501483678817749;0.0;0.04394771158695221;0.04394771158695221;0.060334909707307816;0.0
0.0035001635551452637;0.0035001635551452637;0.00619959831237793;0.0;0.04428253322839737;0.10305821150541306;0.04428253322839737;0.0
0.003999948501586914;0.003999948501586914;0.005770683288574219;0.0;0.04548047110438347;0.04548047110438347;0.0893026739358902;0.0
0.003999948501586914;0.003999948501586914;0.005335569381713867;0.0;0.045962750911712646;0.06220945343375206;0.045962750911712646;0.0
0.0040000081062316895;0.0040000081062316895;0.00672532245516777;0.0;0.04659638553857803;0.09873101115226746;0.04659638553857803;0.0
0.0040000081062316895;0.0040000081062316895;0.009570688009262085;0.0;0.04736988618969917;0.07621939480304718;0.04736988618969917;0.0
0.0040000081062316895;0.0040000081062316895;0.007117971777915955;0.0;0.050650279968976974;0.07830705493688583;0.050650279968976974;0.0
0.0040000081062316895;0.0040000081062316895;0.0072599053382873535;0.0;0.050662484019994736;0.08773621171712875;0.050662484019994736;0.0
0.0040000081062316895;0.0040000081062316895;0.005278926342725754;0.0;0.05140804871916771;0.29567816853523254;0.05140804871916771;0.0
0.004000186920166016;0.004000186920166016;0.006539702415466309;0.0;0.052948977798223495;0.06782554090023041;0.052948977798223495;0.0
0.004000186920166016;0.004000186920166016;0.00616300106048584;0.0;0.053199704736471176;0.08494279533624649;0.053199704736471176;0.0
0.004172943532466888;0.005999922752380371;0.004172943532466888;0.0;0.053248219192028046;0.09129077196121216;0.053248219192028046;0.0
0.0044540464878082275;0.0044540464878082275;0.01559767872095108;0.0;0.05485066398978233;0.07532177120447159;0.05485066398978233;0.0
0.004499942064285278;0.004499942064285278;0.008351683616638184;0.0;0.05587136745452881;0.12437485158443451;0.05587136745452881;0.0
0.004499942064285278;0.004499942064285278;0.008198108524084091;0.0;0.057598598301410675;0.08361189812421799;0.057598598301410675;0.0
0.004499942064285278;0.004499942064285278;0.004899352788925171;0.0;0.05814062058925629;0.15192751586437225;0.05814062058925629;0.0
0.004499942064285278;0.004499942064285278;0.00756072998046875;0.0;0.05843575298786163;0.09061908721923828;0.05843575298786163;0.0
0.004499942064285278;0.004499942064285278;0.005391836166381836;0.0;0.05849170312285423;0.07491417974233627;0.05849170312285423;0.0
0.004499971866607666;0.004499971866607666;0.007449723780155182;0.0;0.058508485555648804;0.1054379865527153;0.058508485555648804;0.0
0.004500009119510651;0.004500009119510651;0.007514886558055878;0.0;0.05903514847159386;0.0941033884882927;0.05903514847159386;0.0
0.004500009119510651;0.004500009119510651;0.0069356560707092285;0.0;0.05918316915631294;0.08192963898181915;0.05918316915631294;0.0
0.004500009119510651;0.004500009119510651;0.008218381553888321;0.0;0.05933736264705658;0.08171328902244568;0.05933736264705658;0.0
0.004500009119510651;0.004500009119510651;0.00862056016921997;0.0;0.05939055606722832;0.13888593018054962;0.05939055606722832;0.0
0.004966504871845245;0.004966504871845245;0.008772820234298706;0.0;0.05948710814118385;0.11394266039133072;0.05948710814118385;0.0
0.004967041313648224;0.0054999906569719315;0.004967041313648224;0.0;0.05949725583195686;0.08477070927619934;0.05949725583195686;0.0
0.004981741309165955;0.004981741309165955;0.010412395000457764;0.0;0.059982746839523315;0.15406465530395508;0.059982746839523315;0.0
0.004999935626983643;0.004999935626983643;0.007373005151748657;0.0;0.06012028083205223;0.08254445344209671;0.06012028083205223;0.0
0.004999935626983643;0.004999935626983643;0.010576501488685608;0.0;0.06040291488170624;0.0820680558681488;0.06040291488170624;0.0
0.004999935626983643;0.004999935626983643;0.006295353174209595;0.0;0.060680657625198364;0.08430859446525574;0.060680657625198364;0.0
0.005000010132789612;0.005000010132789612;0.009242825210094452;0.0;0.06150083243846893;0.06150083243846893;0.07425959408283234;0.0
0.005000010132789612;0.005000010132789612;0.008539393544197083;0.0;0.06262615323066711;0.07291904091835022;0.06262615323066711;0.0
0.005000010132789612;0.005000010132789612;0.006660893559455872;0.0;0.06379092484712601;0.07540135830640793;0.06379092484712601;0.0
0.005416974425315857;0.005416974425315857;0.01140863448381424;0.0;0.06440149247646332;0.0724722146987915;0.06440149247646332;0.0
0.005468577146530151;0.005468577146530151;0.008430905640125275;0.0;0.0657409280538559;0.0657409280538559;0.10149136930704117;0.0
0.005494669079780579;0.005494669079780579;0.00916522741317749;0.0;0.0659647211432457;0.12879130244255066;0.0659647211432457;0.0
0.005495995283126831;0.005495995283126831;0.010847270488739014;0.0;0.06599912792444229;0.06748666614294052;0.06599912792444229;0.0
0.005499929189682007;0.005499929189682007;0.007644318044185638;0.0;0.06625140458345413;0.23900704085826874;0.06625140458345413;0.0
0.005499929189682007;0.005499929189682007;0.008241474628448486;0.0;0.06626638025045395;0.07296862453222275;0.06626638025045395;0.0
0.005499929189682007;0.005499929189682007;0.007847398519515991;0.0;0.06638196110725403;0.17284156382083893;0.06638196110725403;0.0
0.005499944090843201;0.005499944090843201;0.011686377227306366;0.0;0.06639835983514786;0.1133544072508812;0.06639835983514786;0.0
0.005500011146068573;0.005500011146068573;0.013383474200963974;0.0;0.06764175742864609;0.2102840095758438;0.06764175742864609;0.0
0.005500011146068573;0.005500011146068573;0.01023949682712555;0.0;0.06780107319355011;0.10251738876104355;0.06780107319355011;0.0
0.0055002570152282715;0.0055002570152282715;0.008641846477985382;0.0;0.06781581044197083;0.11368884891271591;0.06781581044197083;0.0
0.0055002570152282715;0.0055002570152282715;0.006914377212524414;0.0;0.06861547380685806;0.12358443439006805;0.06861547380685806;0.0
0.005855344235897064;0.006925925612449646;0.005855344235897064;0.0;0.06890753656625748;0.17082102596759796;0.06890753656625748;0.0
0.0058693960309028625;0.0058693960309028625;0.01993940770626068;0.0;0.06946372985839844;0.14081689715385437;0.06946372985839844;0.0
0.0058834366500377655;0.0058834366500377655;0.027431756258010864;0.0;0.06946741044521332;0.08302704244852066;0.06946741044521332;0.0
0.005899511277675629;0.005899511277675629;0.010303650051355362;0.0;0.06967071443796158;0.09237657487392426;0.06967071443796158;0.0
0.005901958793401718;0.005901958793401718;0.01505771279335022;0.0;0.06974349170923233;0.06974349170923233;0.08853873610496521;0.0
0.005907826125621796;0.005907826125621796;0.00905173271894455;0.0;0.06995344907045364;0.17676660418510437;0.06995344907045364;0.0
0.005909249186515808;0.005909249186515808;0.008133705705404282;0.0;0.07062109559774399;0.10717383027076721;0.07062109559774399;0.0
0.005923628807067871;0.005923628807067871;0.0139121413230896;0.0;0.07090163230895996;0.10849835723638535;0.07090163230895996;0.0
0.005934201180934906;0.005934201180934906;0.01326414942741394;0.0;0.07239986956119537;0.15390902757644653;0.07239986956119537;0.0
0.005935579538345337;0.005935579538345337;0.008685633540153503;0.0;0.07246315479278564;0.11528782546520233;0.07246315479278564;0.0
0.005936563014984131;0.005936563014984131;0.008267134428024292;0.0;0.07275641709566116;0.09042461216449738;0.07275641709566116;0.0
0.005945872515439987;0.005945872515439987;0.008914902806282043;0.0;0.07317705452442169;0.07317705452442169;0.2073562890291214;0.0
0.005954906344413757;0.005954906344413757;0.016130998730659485;0.0;0.07380662113428116;0.07380662113428116;0.17928646504878998;0.0
0.005956500768661499;0.005956500768661499;0.011501535773277283;0.0;0.07387766242027283;0.07387766242027283;0.07733476161956787;0.0
0.005961775779724121;0.005961775779724121;0.014685302972793579;0.0;0.07403940707445145;0.12907811999320984;0.07403940707445145;0.0
0.0059634000062942505;0.0059634000062942505;0.010963648557662964;0.0;0.07469314336776733;0.08927258849143982;0.07469314336776733;0.0
0.005999922752380371;0.005999922752380371;0.011720586568117142;0.0;0.0753358006477356;0.09305465966463089;0.0753358006477356;0.0
0.005999922752380371;0.005999922752380371;0.009545385837554932;0.0;0.07561160624027252;0.09143383800983429;0.07561160624027252;0.0
0.005999922752380371;0.005999922752380371;0.011042371392250061;0.0;0.07608767598867416;0.20256933569908142;0.07608767598867416;0.0
0.005999922752380371;0.005999922752380371;0.01039665937423706;0.0;0.07652954012155533;0.13002243638038635;0.07652954012155533;0.0
0.006000012159347534;0.006000012159347534;0.016328316181898117;0.0;0.07770778238773346;0.1803818792104721;0.07770778238773346;0.0
0.006000012159347534;0.006000012159347534;0.010864444077014923;0.0;0.07805216312408447;0.10192087292671204;0.07805216312408447;0.0
0.006281375885009766;0.006281375885009766;0.013605177402496338;0.0;0.0783715695142746;0.0783715695142746;0.1829189509153366;0.0
0.00632886216044426;0.00632886216044426;0.017255835235118866;0.0;0.07892794162034988;0.12546172738075256;0.07892794162034988;0.0
0.006340622901916504;0.006340622901916504;0.007882125675678253;0.0;0.07979919016361237;0.13715089857578278;0.07979919016361237;0.0
0.0063783228397369385;0.0063783228397369385;0.010978072881698608;0.0;0.08062215894460678;0.10821820795536041;0.08062215894460678;0.0
0.006400853395462036;0.006400853395462036;0.01351042091846466;0.0;0.08119688928127289;0.09319645911455154;0.08119688928127289;0.0
0.006441563367843628;0.006441563367843628;0.015025585889816284;0.0;0.08128730207681656;0.12460435926914215;0.08128730207681656;0.0
0.006457984447479248;0.006457984447479248;0.009298056364059448;0.0;0.08146045356988907;0.09423009306192398;0.08146045356988907;0.0
0.006499916315078735;0.006499916315078735;0.008038192987442017;0.0;0.08207601308822632;0.0925123542547226;0.08207601308822632;0.0
0.006523296236991882;0.006930820643901825;0.006523296236991882;0.0;0.08279751986265182;0.34131956100463867;0.08279751986265182;0.0
0.006722211837768555;0.006722211837768555;0.012396886944770813;0.0;0.08355454355478287;0.10489324480295181;0.08355454355478287;0.0
0.006751716136932373;0.006751716136932373;0.013791650533676147;0.0;0.08419375866651535;0.08419375866651535;0.20062288641929626;0.0
0.00677080824971199;0.00677080824971199;0.01701727882027626;0.0;0.08489925414323807;0.08489925414323807;0.11009196937084198;0.0
0.006792575120925903;0.006792575120925903;0.01034015417098999;0.0;0.08599606901407242;0.1776399314403534;0.08599606901407242;0.0
0.0068197548389434814;0.0068197548389434814;0.01515023410320282;0.0;0.0860496535897255;0.08755451440811157;0.0860496535897255;0.0
0.0068245530128479;0.0068245530128479;0.01808430626988411;0.0;0.08615100383758545;0.1952006220817566;0.08615100383758545;0.0
0.0068369060754776;0.0068369060754776;0.010624460875988007;0.0;0.08626300096511841;0.18033367395401;0.08626300096511841;0.0
0.006847888231277466;0.006847888231277466;0.011061444878578186;0.0;0.08629035949707031;0.16755369305610657;0.08629035949707031;0.0
0.006848737597465515;0.006848737597465515;0.011852934956550598;0.0;0.08663766831159592;0.17649272084236145;0.08663766831159592;0.0
0.006865784525871277;0.006865784525871277;0.007390454411506653;0.0;0.08685220032930374;0.1618509143590927;0.08685220032930374;0.0
0.006890900433063507;0.006890900433063507;0.008508678525686264;0.0;0.08687851577997208;0.22004690766334534;0.08687851577997208;0.0
0.006893351674079895;0.006893351674079895;0.010610878467559814;0.0;0.08692797273397446;0.11338925361633301;0.08692797273397446;0.0
0.006941795349121094;0.006941795349121094;0.019745081663131714;0.0;0.08724898099899292;0.1183185949921608;0.08724898099899292;0.0
0.006956875324249268;0.006956875324249268;0.022020503878593445;0.0;0.08734996616840363;0.08734996616840363;0.09961404651403427;0.0
0.006960362195968628;0.006960362195968628;0.007985405623912811;0.0;0.08797440677881241;0.12541112303733826;0.08797440677881241;0.0
0.0069999098777771;0.0069999098777771;0.01187509298324585;0.0;0.0886712446808815;0.24893037974834442;0.0886712446808815;0.0
0.0070000141859054565;0.0070000141859054565;0.011212140321731567;0.0;0.08881526440382004;0.10262396931648254;0.08881526440382004;0.0
0.007029183208942413;0.007029183208942413;0.024664193391799927;0.0;0.08900013566017151;0.17878760397434235;0.08900013566017151;0.0
0.007039017975330353;0.007039017975330353;0.012957334518432617;0.0;0.08948525041341782;0.12159373611211777;0.08948525041341782;0.0
0.007100552320480347;0.007100552320480347;0.019152522087097168;0.0;0.08964421600103378;0.11345520615577698;0.08964421600103378;0.0
0.007135480642318726;0.007135480642318726;0.013623654842376709;0.0;0.0896683931350708;0.27681833505630493;0.0896683931350708;0.0
0.007220275700092316;0.007220275700092316;0.016070999205112457;0.0;0.08999516069889069;0.10468119382858276;0.08999516069889069;0.0
0.0072287917137146;0.0072287917137146;0.01406794786453247;0.0;0.09001096338033676;0.11561661958694458;0.09001096338033676;0.0
0.007230937480926514;0.007230937480926514;0.00887840986251831;0.0;0.09024825692176819;0.2342558652162552;0.09024825692176819;0.0
0.007244795560836792;0.007244795560836792;0.010839283466339111;0.0;0.09040537476539612;0.20624394714832306;0.09040537476539612;0.0
0.00725342333316803;0.00725342333316803;0.01368577778339386;0.0;0.09045647084712982;0.2877649962902069;0.09045647084712982;0.0
0.007254242897033691;0.007254242897033691;0.013872355222702026;0.0;0.09066169708967209;0.1757853776216507;0.09066169708967209;0.0
0.007269620895385742;0.007269620895385742;0.012321308255195618;0.0;0.09110551327466965;0.12238940596580505;0.09110551327466965;0.0
0.007279329001903534;0.007279329001903534;0.011677950620651245;0.0;0.09157788008451462;0.09157788008451462;0.13688519597053528;0.0
0.007290393114089966;0.007290393114089966;0.016605570912361145;0.0;0.09207694977521896;0.1617431491613388;0.09207694977521896;0.0
0.007292956113815308;0.007292956113815308;0.014486253261566162;0.0;0.09211531281471252;0.21524497866630554;0.09211531281471252;0.0
0.007370933890342712;0.007370933890342712;0.017483780160546303;0.0;0.09244910627603531;0.09535259008407593;0.09244910627603531;0.0
0.007459711283445358;0.007459711283445358;0.015346020460128784;0.0;0.09262479841709137;0.2384994924068451;0.09262479841709137;0.0
0.007463961839675903;0.007463961839675903;0.011955022811889648;0.0;0.09278856217861176;0.11367132514715195;0.09278856217861176;0.0
0.0074660200625658035;0.0074660200625658035;0.009391523897647858;0.0;0.09437776356935501;0.09437776356935501;0.09752125293016434;0.0
0.007479429244995117;0.007479429244995117;0.011934995651245117;0.0;0.09462540596723557;0.19570767879486084;0.09462540596723557;0.0
0.007586181163787842;0.007586181163787842;0.023087650537490845;0.0;0.09513320028781891;0.10990770906209946;0.09513320028781891;0.0
0.007604196667671204;0.007604196667671204;0.03637988865375519;0.0;0.09527583420276642;0.18352149426937103;0.09527583420276642;0.0
0.007649615406990051;0.007649615406990051;0.015157654881477356;0.0;0.0953318253159523;0.1513015180826187;0.0953318253159523;0.0
0.007704019546508789;0.007704019546508789;0.01021246612071991;0.0;0.09552115947008133;0.11200988292694092;0.09552115947008133;0.0
0.007721990346908569;0.007721990346908569;0.013639912009239197;0.0;0.095547616481781;0.1499454230070114;0.095547616481781;0.0
0.0077600181102752686;0.0077600181102752686;0.009252190589904785;0.0;0.09556523710489273;0.1088099405169487;0.09556523710489273;0.0
0.007781982421875;0.007781982421875;0.011842608451843262;0.0;0.09561873972415924;0.3039063811302185;0.09561873972415924;0.0
0.007828183472156525;0.007828183472156525;0.014884330332279205;0.0;0.09582070261240005;0.27777552604675293;0.09582070261240005;0.0
0.007858484983444214;0.007858484983444214;0.01748180389404297;0.0;0.09623689949512482;0.28374403715133667;0.09623689949512482;0.0
0.00786222517490387;0.00786222517490387;0.01041710376739502;0.0;0.09646394848823547;0.10788435488939285;0.09646394848823547;0.0
0.007862359285354614;0.007862359285354614;0.018091857433319092;0.0;0.0965021401643753;0.14400555193424225;0.0965021401643753;0.0
0.007862746715545654;0.007862746715545654;0.014364004135131836;0.0;0.09682367742061615;0.12993331253528595;0.09682367742061615;0.0
0.007865943014621735;0.007865943014621735;0.020577700808644295;0.0;0.09698756784200668;0.23904557526111603;0.09698756784200668;0.0
0.007868587970733643;0.007868587970733643;0.035406049340963364;0.0;0.09704414010047913;0.10627267509698868;0.09704414010047913;0.0
0.007883332669734955;0.007883332669734955;0.015548188239336014;0.0;0.09704657644033432;0.25747087597846985;0.09704657644033432;0.0
0.007905945181846619;0.007905945181846619;0.013853877782821655;0.0;0.09750083833932877;0.3267509341239929;0.09750083833932877;0.0
0.007960960268974304;0.007960960268974304;0.014428146183490753;0.0;0.09862852841615677;0.11673763394355774;0.09862852841615677;0.0
0.007966697216033936;0.015275239944458008;0.007966697216033936;0.0;0.09863293170928955;0.23396341502666473;0.09863293170928955;0.0
0.007977984845638275;0.008264273405075073;0.007977984845638275;0.0;0.09875399619340897;0.2664429545402527;0.09875399619340897;0.0
0.008040964603424072;0.008040964603424072;0.01687910035252571;0.0;0.09948526322841644;0.16492104530334473;0.09948526322841644;0.0
0.00808456540107727;0.00808456540107727;0.013063281774520874;0.0;0.09972815960645676;0.12503165006637573;0.09972815960645676;0.0
0.008093774318695068;0.008093774318695068;0.00844351202249527;0.0;0.09985552728176117;0.12820494174957275;0.09985552728176117;0.0
0.008110389113426208;0.008110389113426208;0.017247751355171204;0.0;0.10032475739717484;0.11758977174758911;0.10032475739717484;0.0
0.00812596082687378;0.019659802317619324;0.00812596082687378;0.0;0.10054180026054382;0.14163987338542938;0.10054180026054382;0.0
0.008129030466079712;0.008129030466079712;0.014742523431777954;0.0;0.10099425911903381;0.16362054646015167;0.10099425911903381;0.0
0.008141964673995972;0.008141964673995972;0.01454956829547882;0.0;0.10156147927045822;0.15658611059188843;0.10156147927045822;0.0
0.008149877190589905;0.008149877190589905;0.023623190820217133;0.0;0.10186588019132614;0.18369388580322266;0.10186588019132614;0.0
0.008150532841682434;0.008150532841682434;0.01969374343752861;0.0;0.10215152055025101;0.15358538925647736;0.10215152055025101;0.0
0.00819733738899231;0.00819733738899231;0.02322961390018463;0.0;0.10218527913093567;0.1609223634004593;0.10218527913093567;0.0
0.008204132318496704;0.008204132318496704;0.026251502335071564;0.0;0.10223539173603058;0.14037910103797913;0.10223539173603058;0.0
0.00822092592716217;0.00822092592716217;0.04606077820062637;0.0;0.10240849107503891;0.12746304273605347;0.10240849107503891;0.0
0.008250340819358826;0.008250340819358826;0.014433294534683228;0.0;0.10262175649404526;0.17255465686321259;0.10262175649404526;0.0
0.00825047492980957;0.00825047492980957;0.019212305545806885;0.0;0.10420666635036469;0.1396414190530777;0.10420666635036469;0.0
0.00829094648361206;0.00829094648361206;0.01963561773300171;0.0;0.10422037541866302;0.18182623386383057;0.10422037541866302;0.0
0.00830647349357605;0.00830647349357605;0.012992531061172485;0.0;0.10426201671361923;0.13275398313999176;0.10426201671361923;0.0
0.00839376449584961;0.00839376449584961;0.013310074806213379;0.0;0.10446058213710785;0.13883352279663086;0.10446058213710785;0.0
0.008401647210121155;0.008401647210121155;0.012229792773723602;0.0;0.10462518036365509;0.1361588090658188;0.10462518036365509;0.0
0.008466929197311401;0.008466929197311401;0.017207711935043335;0.0;0.10526181757450104;0.16220159828662872;0.10526181757450104;0.0
0.008481204509735107;0.008481204509735107;0.016346365213394165;0.0;0.10531415045261383;0.17296233773231506;0.10531415045261383;0.0
0.008486367762088776;0.008486367762088776;0.012020036578178406;0.0;0.10535380244255066;0.1840035766363144;0.10535380244255066;0.0
0.008514977991580963;0.008514977991580963;0.028087496757507324;0.0;0.10548190772533417;0.19992879033088684;0.10548190772533417;0.0
0.008531801402568817;0.008531801402568817;0.011328816413879395;0.0;0.10593162477016449;0.184898242354393;0.10593162477016449;0.0
0.008537784218788147;0.008537784218788147;0.049327507615089417;0.0;0.1062566339969635;0.15190410614013672;0.1062566339969635;0.0
0.008574821054935455;0.008574821054935455;0.01849326491355896;0.0;0.10643777251243591;0.10643777251243591;0.2681169807910919;0.0
0.008592754602432251;0.008592754602432251;0.016194745898246765;0.0;0.10649415850639343;0.12880271673202515;0.10649415850639343;0.0
0.008619911968708038;0.008619911968708038;0.025900378823280334;0.0;0.10664999485015869;0.11847274750471115;0.10664999485015869;0.0
0.008626759052276611;0.008626759052276611;0.01190805435180664;0.0;0.10679781436920166;0.1505354344844818;0.10679781436920166;0.0
0.008640021085739136;0.008640021085739136;0.01561594009399414;0.0;0.10702292621135712;0.16421252489089966;0.10702292621135712;0.0
0.008665669709444046;0.008665669709444046;0.010651640594005585;0.0;0.10709752887487411;0.13349062204360962;0.10709752887487411;0.0
0.008732765913009644;0.008732765913009644;0.014190137386322021;0.0;0.10712685436010361;0.2994072437286377;0.10712685436010361;0.0
0.008741281926631927;0.008741281926631927;0.014210745692253113;0.0;0.10787397623062134;0.15648148953914642;0.10787397623062134;0.0
0.008834347128868103;0.008834347128868103;0.01351483166217804;0.0;0.10787482559680939;0.19484642148017883;0.10787482559680939;0.0
0.00883936882019043;0.00883936882019043;0.02217280864715576;0.0;0.10803654789924622;0.24577078223228455;0.10803654789924622;0.0
0.008849624544382095;0.008849624544382095;0.016390874981880188;0.0;0.10831574350595474;0.15421824157238007;0.10831574350595474;0.0
0.008884213864803314;0.008884213864803314;0.017891183495521545;0.0;0.10860282182693481;0.2044643759727478;0.10860282182693481;0.0
0.008901067078113556;0.008901067078113556;0.012448132038116455;0.0;0.10883253067731857;0.1712343692779541;0.10883253067731857;0.0
0.008919849991798401;0.008919849991798401;0.01824641227722168;0.0;0.10899554938077927;0.1734519898891449;0.10899554938077927;0.0
0.008944019675254822;0.008944019675254822;0.013661623001098633;0.0;0.10905937105417252;0.3546520173549652;0.10905937105417252;0.0
0.00894908607006073;0.00894908607006073;0.023839324712753296;0.0;0.10928364843130112;0.1801595538854599;0.10928364843130112;0.0
0.008983667939901352;0.008983667939901352;0.015555694699287415;0.0;0.10946726053953171;0.10946726053953171;0.12935063242912292;0.0
0.009032480418682098;0.009032480418682098;0.015316814184188843;0.0;0.10967462509870529;0.1639433205127716;0.10967462509870529;0.0
0.009053289890289307;0.009053289890289307;0.020600110292434692;0.0;0.11067914962768555;0.18799524009227753;0.11067914962768555;0.0
0.009068429470062256;0.009068429470062256;0.022016465663909912;0.0;0.11077556759119034;0.15145987272262573;0.11077556759119034;0.0
0.00914684683084488;0.00914684683084488;0.019597157835960388;0.0;0.11091719567775726;0.13465794920921326;0.11091719567775726;0.0
0.009183704853057861;0.009183704853057861;0.012624993920326233;0.0;0.11096103489398956;0.14780275523662567;0.11096103489398956;0.0
0.009194433689117432;0.009194433689117432;0.01866792142391205;0.0;0.11111441254615784;0.23210027813911438;0.11111441254615784;0.0
0.009197831153869629;0.009197831153869629;0.027028337121009827;0.0;0.11111480742692947;0.11111480742692947;0.1653783768415451;0.0
0.00920703262090683;0.00920703262090683;0.016228437423706055;0.0;0.11116017401218414;0.2771686315536499;0.11116017401218414;0.0
0.009235680103302002;0.009235680103302002;0.021329015493392944;0.0;0.11283717304468155;0.14115123450756073;0.11283717304468155;0.0
0.009237051010131836;0.009237051010131836;0.01563665270805359;0.0;0.11283834278583527;0.14867635071277618;0.11283834278583527;0.0
0.009248882532119751;0.009248882532119751;0.01990775763988495;0.0;0.11285057663917542;0.30396100878715515;0.11285057663917542;0.0
0.009294547140598297;0.009294547140598297;0.016436360776424408;0.0;0.11306113749742508;0.13740268349647522;0.11306113749742508;0.0
0.009336486458778381;0.009336486458778381;0.024896301329135895;0.0;0.11319715529680252;0.18548209965229034;0.11319715529680252;0.0
0.00936831720173359;0.00936831720173359;0.024624191224575043;0.0;0.11323479562997818;0.29039570689201355;0.11323479562997818;0.0
0.00940673053264618;0.00940673053264618;0.01585853099822998;0.0;0.1134989857673645;0.14251883327960968;0.1134989857673645;0.0
0.009433597326278687;0.009433597326278687;0.014714926481246948;0.0;0.11353698372840881;0.17164014279842377;0.11353698372840881;0.0
0.009484000504016876;0.009484000504016876;0.013528861105442047;0.0;0.11369092017412186;0.13625599443912506;0.11369092017412186;0.0
0.009500384330749512;0.009500384330749512;0.026897937059402466;0.0;0.11389939486980438;0.16910995543003082;0.11389939486980438;0.0
0.00953984260559082;0.00953984260559082;0.021922558546066284;0.0;0.11449703574180603;0.21102340519428253;0.11449703574180603;0.0
0.009598731994628906;0.009598731994628906;0.024622857570648193;0.0;0.11460930109024048;0.17593181133270264;0.11460930109024048;0.0
0.009608328342437744;0.009608328342437744;0.01763060688972473;0.0;0.11474882811307907;0.11474882811307907;0.16863104701042175;0.0
0.00967523455619812;0.00967523455619812;0.010488271713256836;0.0;0.11507236957550049;0.37955477833747864;0.11507236957550049;0.0
0.009690672159194946;0.009690672159194946;0.015105873346328735;0.0;0.11528005450963974;0.15152841806411743;0.11528005450963974;0.0
0.009736694395542145;0.009736694395542145;0.01789054274559021;0.0;0.11529281735420227;0.2734765410423279;0.11529281735420227;0.0
0.00974467396736145;0.00974467396736145;0.02049100399017334;0.0;0.11551868170499802;0.13535797595977783;0.11551868170499802;0.0
0.009792864322662354;0.009792864322662354;0.027161911129951477;0.0;0.1155427023768425;0.2532307505607605;0.1155427023768425;0.0
0.009805381298065186;0.009805381298065186;0.027158454060554504;0.0;0.1158088818192482;0.1158088818192482;0.9636667370796204;0.0
0.009814217686653137;0.009814217686653137;0.016658253967761993;0.0;0.11595390737056732;0.20509281754493713;0.11595390737056732;0.0
0.009835690259933472;0.009835690259933472;0.023464351892471313;0.0;0.11597689241170883;0.21883408725261688;0.11597689241170883;0.0
0.009864144027233124;0.009864144027233124;0.014439966529607773;0.0;0.11601252108812332;0.1789659559726715;0.11601252108812332;0.0
0.009869128465652466;0.009869128465652466;0.016130492091178894;0.0;0.116287000477314;0.19456510245800018;0.116287000477314;0.0
0.00988130271434784;0.00988130271434784;0.02214294672012329;0.0;0.11650566756725311;0.12232153117656708;0.11650566756725311;0.0
0.009888015687465668;0.009888015687465668;0.021081507205963135;0.0;0.11718180775642395;0.1625620424747467;0.11718180775642395;0.0
0.009910054504871368;0.009910054504871368;0.019917279481887817;0.0;0.11765194684267044;0.14202694594860077;0.11765194684267044;0.0
0.009914703667163849;0.009914703667163849;0.02010215073823929;0.0;0.11791491508483887;0.17282824218273163;0.11791491508483887;0.0
0.009920656681060791;0.009920656681060791;0.01686032861471176;0.0;0.11795490235090256;0.19829539954662323;0.11795490235090256;0.0
0.009921923279762268;0.009921923279762268;0.018760308623313904;0.0;0.11799128353595734;0.15573032200336456;0.11799128353595734;0.0
0.009977459907531738;0.009977459907531738;0.018903151154518127;0.0;0.11803393065929413;0.20323410630226135;0.11803393065929413;0.0
0.010015800595283508;0.010015800595283508;0.022295590490102768;0.0;0.11806295812129974;0.13894768059253693;0.11806295812129974;0.0
0.010021664202213287;0.010021664202213287;0.01680842414498329;0.0;0.11828050762414932;0.16884402930736542;0.11828050762414932;0.0
0.010065659880638123;0.010065659880638123;0.026605665683746338;0.0;0.11896646022796631;0.16842995584011078;0.11896646022796631;0.0
0.010160595178604126;0.010160595178604126;0.039675429463386536;0.0;0.11927562206983566;0.2352174073457718;0.11927562206983566;0.0
0.010186560451984406;0.010186560451984406;0.02210947871208191;0.0;0.11944140493869781;0.19054867327213287;0.11944140493869781;0.0
0.010187491774559021;0.010187491774559021;0.023150429129600525;0.0;0.11976635456085205;0.16458219289779663;0.11976635456085205;0.0
0.010232776403427124;0.010232776403427124;0.010775268077850342;0.0;0.11992540210485458;0.33698540925979614;0.11992540210485458;0.0
0.010233670473098755;0.010233670473098755;0.026337087154388428;0.0;0.12015563249588013;0.19117280840873718;0.12015563249588013;0.0
0.010262489318847656;0.010262489318847656;0.021671459078788757;0.0;0.12038395553827286;0.16800719499588013;0.12038395553827286;0.0
0.010307662189006805;0.010307662189006805;0.024226553738117218;0.0;0.12045198678970337;0.13170208036899567;0.12045198678970337;0.0
0.01032167673110962;0.01032167673110962;0.017205804586410522;0.0;0.1205400824546814;0.1205400824546814;0.1251596212387085;0.0
0.010337185114622116;0.010337185114622116;0.051618658006191254;0.0;0.12085968255996704;0.1923653483390808;0.12085968255996704;0.0
0.010405302047729492;0.010405302047729492;0.027365058660507202;0.0;0.12120465934276581;0.36179402470588684;0.12120465934276581;0.0
0.010420083999633789;0.010420083999633789;0.015554666519165039;0.0;0.12265995144844055;0.22658567130565643;0.12265995144844055;0.0
0.010424569249153137;0.010424569249153137;0.013353109359741211;0.0;0.1226806491613388;0.1226806491613388;0.12300585955381393;0.0
0.010460242629051208;0.010460242629051208;0.02006252110004425;0.0;0.12269864976406097;0.19692455232143402;0.12269864976406097;0.0
0.010467082262039185;0.010467082262039185;0.021937623620033264;0.0;0.12346582859754562;0.15765829384326935;0.12346582859754562;0.0
0.01048395037651062;0.01048395037651062;0.020609259605407715;0.0;0.12370193749666214;0.3169197142124176;0.12370193749666214;0.0
0.010489702224731445;0.010489702224731445;0.01805683970451355;0.0;0.12394076585769653;0.12394076585769653;0.13438083231449127;0.0
0.010494619607925415;0.010494619607925415;0.016855180263519287;0.0;0.1243099793791771;0.17434392869472504;0.1243099793791771;0.0
0.010496795177459717;0.010496795177459717;0.01961250603199005;0.0;0.12435363233089447;0.1626954972743988;0.12435363233089447;0.0
0.010531723499298096;0.010531723499298096;0.04060017690062523;0.0;0.12460078299045563;0.321320116519928;0.12460078299045563;0.0
0.010535113513469696;0.010535113513469696;0.017593607306480408;0.0;0.12484651058912277;0.13961932063102722;0.12484651058912277;0.0
0.010545894503593445;0.010545894503593445;0.016419291496276855;0.0;0.12494698911905289;0.1747777909040451;0.12494698911905289;0.0
0.010572344064712524;0.010572344064712524;0.027601242065429688;0.0;0.12534871697425842;0.19437256455421448;0.12534871697425842;0.0
0.01057625561952591;0.022072911262512207;0.01057625561952591;0.0;0.1255245804786682;0.23376715183258057;0.1255245804786682;0.0
0.010588407516479492;0.010588407516479492;0.016767464578151703;0.0;0.1257801502943039;0.1566479355096817;0.1257801502943039;0.0
0.010595440864562988;0.01632539927959442;0.010595440864562988;0.0;0.1262180656194687;0.17698179185390472;0.1262180656194687;0.0
0.010600782930850983;0.010600782930850983;0.02006358653306961;0.0;0.1269141584634781;0.2448204606771469;0.1269141584634781;0.0
0.010609164834022522;0.010609164834022522;0.03683552145957947;0.0;0.1271405816078186;0.18327583372592926;0.1271405816078186;0.0
0.010612837970256805;0.010612837970256805;0.021555893123149872;0.0;0.12728288769721985;0.16806809604167938;0.12728288769721985;0.0
0.010644041001796722;0.010644041001796722;0.019986480474472046;0.0;0.12760241329669952;0.12760241329669952;0.13399507105350494;0.0
0.010645151138305664;0.013314694166183472;0.010645151138305664;0.0;0.1277093142271042;0.1709221601486206;0.1277093142271042;0.0
0.010645672678947449;0.010645672678947449;0.038407616317272186;0.0;0.1279132068157196;0.13613736629486084;0.1279132068157196;0.0
0.010653093457221985;0.010653093457221985;0.020263977348804474;0.0;0.12820476293563843;0.20744632184505463;0.12820476293563843;0.0
0.010684818029403687;0.010684818029403687;0.032541051506996155;0.0;0.12906630337238312;0.19294969737529755;0.12906630337238312;0.0
0.010702066123485565;0.010702066123485565;0.04399856925010681;0.0;0.1291794329881668;0.19962866604328156;0.1291794329881668;0.0
0.01071929931640625;0.01071929931640625;0.020151108503341675;0.0;0.12930959463119507;0.14719784259796143;0.12930959463119507;0.0
0.010720159858465195;0.010720159858465195;0.01637156307697296;0.0;0.12938925623893738;0.1642066240310669;0.12938925623893738;0.0
0.010733649134635925;0.010733649134635925;0.022386014461517334;0.0;0.1296159327030182;0.16599440574645996;0.1296159327030182;0.0
0.010757271200418472;0.010757271200418472;0.013204656541347504;0.0;0.12974077463150024;0.39181414246559143;0.12974077463150024;0.0
0.010766193270683289;0.010766193270683289;0.023848094046115875;0.0;0.12976902723312378;0.2941552400588989;0.12976902723312378;0.0
0.010794177651405334;0.010794177651405334;0.029689975082874298;0.0;0.13050594925880432;0.22653768956661224;0.13050594925880432;0.0
0.010801166296005249;0.010801166296005249;0.018027275800704956;0.0;0.13050729036331177;0.5035074949264526;0.13050729036331177;0.0
0.010818183422088623;0.010818183422088623;0.011402934789657593;0.0;0.1305982917547226;0.13856670260429382;0.1305982917547226;0.0
0.010821104049682617;0.010821104049682617;0.01794278621673584;0.0;0.1306573897600174;0.19462370872497559;0.1306573897600174;0.0
0.010838747024536133;0.010838747024536133;0.014190077781677246;0.0;0.13192766904830933;0.22118446230888367;0.13192766904830933;0.0
0.01084861159324646;0.01084861159324646;0.033933691680431366;0.0;0.13204574584960938;0.39219018816947937;0.13204574584960938;0.0
0.010887712240219116;0.010887712240219116;0.019941657781600952;0.0;0.1322413980960846;0.37646904587745667;0.1322413980960846;0.0
0.010911911725997925;0.010911911725997925;0.019224420189857483;0.0;0.13266675174236298;0.2266688495874405;0.13266675174236298;0.0
0.010933488607406616;0.010933488607406616;0.026744544506072998;0.0;0.13298414647579193;0.14749696850776672;0.13298414647579193;0.0
0.010957390069961548;0.010957390069961548;0.02348807454109192;0.0;0.13307486474514008;0.26179006695747375;0.13307486474514008;0.0
0.010966703295707703;0.010966703295707703;0.015829533338546753;0.0;0.13367994129657745;0.21987994015216827;0.13367994129657745;0.0
0.011018320918083191;0.011018320918083191;0.03163108229637146;0.0;0.13369226455688477;0.21972233057022095;0.13369226455688477;0.0
0.011027723550796509;0.011027723550796509;0.01579836755990982;0.0;0.13383808732032776;0.2609536349773407;0.13383808732032776;0.0
0.011065885424613953;0.011065885424613953;0.014948070049285889;0.0;0.13456641137599945;0.2391832023859024;0.13456641137599945;0.0
0.011069811880588531;0.011069811880588531;0.03871631622314453;0.0;0.1352960467338562;0.1352960467338562;0.29773595929145813;0.0
0.01107516884803772;0.01107516884803772;0.0275941863656044;0.0;0.13547483086585999;0.17441359162330627;0.13547483086585999;0.0
0.01108810305595398;0.01108810305595398;0.01631993055343628;0.0;0.13581238687038422;0.13785706460475922;0.13581238687038422;0.0
0.011103972792625427;0.011103972792625427;0.025976650416851044;0.0;0.1360057294368744;0.17300863564014435;0.1360057294368744;0.0
0.011154718697071075;0.011154718697071075;0.023759782314300537;0.0;0.1363307535648346;0.2629305124282837;0.1363307535648346;0.0
0.011162646114826202;0.011162646114826202;0.02618582546710968;0.0;0.13637769222259521;0.3503825068473816;0.13637769222259521;0.0
0.01116645336151123;0.01116645336151123;0.018618687987327576;0.0;0.13655997812747955;0.3030436933040619;0.13655997812747955;0.0
0.011201009154319763;0.011201009154319763;0.01822204887866974;0.0;0.13668504357337952;0.1969190388917923;0.13668504357337952;0.0
0.011211693286895752;0.011211693286895752;0.048338353633880615;0.0;0.13675643503665924;0.22628039121627808;0.13675643503665924;0.0
0.011296197772026062;0.011296197772026062;0.014998108148574829;0.0;0.13687151670455933;0.2574755847454071;0.13687151670455933;0.0
0.011299967765808105;0.011299967765808105;0.015721827745437622;0.0;0.1372004598379135;0.28993362188339233;0.1372004598379135;0.0
0.011330664157867432;0.011330664157867432;0.015839532017707825;0.0;0.1378164291381836;0.25015872716903687;0.1378164291381836;0.0
0.011331155896186829;0.011331155896186829;0.04101753234863281;0.0;0.13835477828979492;0.1882043033838272;0.13835477828979492;0.0
0.01134192943572998;0.01134192943572998;0.01870279759168625;0.0;0.13863639533519745;0.21867364645004272;0.13863639533519745;0.0
0.011356085538864136;0.011356085538864136;0.030602741986513138;0.0;0.1386372596025467;0.17068085074424744;0.1386372596025467;0.0
0.011376842856407166;0.011376842856407166;0.029728639870882034;0.0;0.1389887034893036;0.23931816220283508;0.1389887034893036;0.0
0.011422738432884216;0.011422738432884216;0.029587510973215103;0.0;0.13917182385921478;0.185112863779068;0.13917182385921478;0.0
0.01145923137664795;0.01145923137664795;0.02439671754837036;0.0;0.13925088942050934;0.3200300633907318;0.13925088942050934;0.0
0.011460989713668823;0.011460989713668823;0.029664382338523865;0.0;0.13926415145397186;0.2992989718914032;0.13926415145397186;0.0
0.011538088321685791;0.011538088321685791;0.011561661958694458;0.0;0.1398659199476242;0.18911375105381012;0.1398659199476242;0.0
0.011564105749130249;0.011564105749130249;0.030694827437400818;0.0;0.14000952243804932;0.18809320032596588;0.14000952243804932;0.0
0.011571325361728668;0.011571325361728668;0.03003479540348053;0.0;0.14010019600391388;0.20210698246955872;0.14010019600391388;0.0
0.01159350574016571;0.01159350574016571;0.02383159101009369;0.0;0.14056642353534698;0.29773202538490295;0.14056642353534698;0.0
0.011609099805355072;0.011609099805355072;0.030696630477905273;0.0;0.14147502183914185;0.1728430837392807;0.14147502183914185;0.0
0.011610299348831177;0.011610299348831177;0.02029365301132202;0.0;0.1416674554347992;0.25231868028640747;0.1416674554347992;0.0
0.011652857065200806;0.011652857065200806;0.01753336191177368;0.0;0.1417372226715088;0.17480908334255219;0.1417372226715088;0.0
0.011705547571182251;0.011705547571182251;0.0238913893699646;0.0;0.14282472431659698;0.1889943778514862;0.14282472431659698;0.0
0.011719796806573868;0.011719796806573868;0.036555349826812744;0.0;0.14288286864757538;0.20153096318244934;0.14288286864757538;0.0
0.01175011694431305;0.01175011694431305;0.027226902544498444;0.0;0.14292897284030914;0.2666993737220764;0.14292897284030914;0.0
0.011751741170883179;0.011751741170883179;0.023498982191085815;0.0;0.14299516379833221;0.2076425850391388;0.14299516379833221;0.0
0.011765599250793457;0.011765599250793457;0.02234598994255066;0.0;0.14332890510559082;0.32044267654418945;0.14332890510559082;0.0
0.011799484491348267;0.011799484491348267;0.021939396858215332;0.0;0.1434163749217987;0.24149736762046814;0.1434163749217987;0.0
0.0118073970079422;0.0118073970079422;0.012589719146490097;0.0;0.14344660937786102;0.3675365447998047;0.14344660937786102;0.0
0.011814460158348083;0.011814460158348083;0.016665786504745483;0.0;0.14394281804561615;0.14394281804561615;0.14411517977714539;0.0
0.011829346418380737;0.011829346418380737;0.02800878882408142;0.0;0.1439925581216812;0.4418441355228424;0.1439925581216812;0.0
0.01189887523651123;0.01189887523651123;0.030155479907989502;0.0;0.14410702884197235;0.2071690857410431;0.14410702884197235;0.0
0.011943452060222626;0.011943452060222626;0.014968261122703552;0.0;0.1443442851305008;0.33051690459251404;0.1443442851305008;0.0
0.011984221637248993;0.011984221637248993;0.02230432629585266;0.0;0.14453426003456116;0.16723844408988953;0.14453426003456116;0.0
0.011987626552581787;0.011987626552581787;0.016687750816345215;0.0;0.14458143711090088;0.16853205859661102;0.14458143711090088;0.0
0.011990934610366821;0.011990934610366821;0.0283585786819458;0.0;0.14543451368808746;0.1914156675338745;0.14543451368808746;0.0
0.012002408504486084;0.012002408504486084;0.028719186782836914;0.0;0.14561045169830322;0.1826862245798111;0.14561045169830322;0.0
0.012111395597457886;0.012111395597457886;0.02595292031764984;0.0;0.14625334739685059;0.2497304379940033;0.14625334739685059;0.0
0.012139081954956055;0.012139081954956055;0.022849947214126587;0.0;0.14656811952590942;0.4324605166912079;0.14656811952590942;0.0
0.012159258127212524;0.012159258127212524;0.013267457485198975;0.0;0.14665377140045166;0.22020339965820312;0.14665377140045166;0.0
0.012188613414764404;0.012188613414764404;0.019080623984336853;0.0;0.14667420089244843;0.2809094488620758;0.14667420089244843;0.0
0.012204214930534363;0.012204214930534363;0.0266914963722229;0.0;0.14767900109291077;0.3190176784992218;0.14767900109291077;0.0
0.012274980545043945;0.012274980545043945;0.021748915314674377;0.0;0.14789120852947235;0.19202367961406708;0.14789120852947235;0.0
0.012300312519073486;0.012300312519073486;0.019897475838661194;0.0;0.14812618494033813;0.4506295919418335;0.14812618494033813;0.0
0.012311756610870361;0.012311756610870361;0.023834705352783203;0.0;0.1482875943183899;0.1482875943183899;0.24170155823230743;0.0
0.012320160865783691;0.012320160865783691;0.023898649960756302;0.0;0.14878973364830017;0.3391552269458771;0.14878973364830017;0.0
0.012321308255195618;0.012321308255195618;0.03730064630508423;0.0;0.14880335330963135;0.40148040652275085;0.14880335330963135;0.0
0.012333646416664124;0.012333646416664124;0.051607415080070496;0.0;0.14950381219387054;0.17061346769332886;0.14950381219387054;0.0
0.012389831244945526;0.012389831244945526;0.03251349925994873;0.0;0.14951632916927338;0.34271734952926636;0.14951632916927338;0.0
0.012397229671478271;0.012397229671478271;0.03627549111843109;0.0;0.14969420433044434;0.1998136043548584;0.14969420433044434;0.0
0.012427158653736115;0.02024748921394348;0.012427158653736115;0.0;0.14996419847011566;0.14996419847011566;0.1827995777130127;0.0
0.012438595294952393;0.012438595294952393;0.027700036764144897;0.0;0.15002523362636566;0.22013020515441895;0.15002523362636566;0.0
0.012446165084838867;0.012446165084838867;0.02032458782196045;0.0;0.15007558465003967;0.5597356557846069;0.15007558465003967;0.0
0.012485384941101074;0.012485384941101074;0.017524659633636475;0.0;0.15039977431297302;0.22317259013652802;0.15039977431297302;0.0
0.012498468160629272;0.012498468160629272;0.043685317039489746;0.0;0.15053701400756836;0.2275376319885254;0.15053701400756836;0.0
0.012501776218414307;0.012501776218414307;0.024671852588653564;0.0;0.15084868669509888;0.36645781993865967;0.15084868669509888;0.0
0.012587383389472961;0.012587383389472961;0.023531034588813782;0.0;0.15097367763519287;0.15097367763519287;0.44895362854003906;0.0
0.012672141194343567;0.012672141194343567;0.026107236742973328;0.0;0.1512070894241333;0.21732527017593384;0.1512070894241333;0.0
0.012792959809303284;0.012792959809303284;0.017607685178518295;0.0;0.15123236179351807;0.2114533931016922;0.15123236179351807;0.0
0.01288747787475586;0.01288747787475586;0.0191488116979599;0.0;0.1514788419008255;0.4865770936012268;0.1514788419008255;0.0
0.012914761900901794;0.012914761900901794;0.02629190683364868;0.0;0.151534304022789;0.22888672351837158;0.151534304022789;0.0
0.012937158346176147;0.012937158346176147;0.027913928031921387;0.0;0.15183866024017334;0.48875412344932556;0.15183866024017334;0.0
0.01297152042388916;0.01297152042388916;0.02834775298833847;0.0;0.15191905200481415;0.3974992036819458;0.15191905200481415;0.0
0.012982547283172607;0.012982547283172607;0.023045331239700317;0.0;0.152153879404068;0.1902494579553604;0.152153879404068;0.0
0.013095170259475708;0.013095170259475708;0.03370541334152222;0.0;0.15215755999088287;0.28156542778015137;0.15215755999088287;0.0
0.013100981712341309;0.013100981712341309;0.02766277641057968;0.0;0.1522669643163681;0.23222042620182037;0.1522669643163681;0.0
0.013119727373123169;0.013119727373123169;0.029949307441711426;0.0;0.15232767164707184;0.23860394954681396;0.15232767164707184;0.0
0.013155356049537659;0.013155356049537659;0.030049443244934082;0.0;0.15233969688415527;0.18721812963485718;0.15233969688415527;0.0
0.013192817568778992;0.013192817568778992;0.0440187081694603;0.0;0.1529318243265152;0.18209709227085114;0.1529318243265152;0.0
0.013202279806137085;0.013202279806137085;0.02529396116733551;0.0;0.15307937562465668;0.559415876865387;0.15307937562465668;0.0
0.013250932097434998;0.013250932097434998;0.016860872507095337;0.0;0.153082013130188;0.153082013130188;0.7230090498924255;0.0
0.0132598876953125;0.0132598876953125;0.027358882129192352;0.0;0.1531568318605423;0.3038639426231384;0.1531568318605423;0.0
0.013421237468719482;0.013421237468719482;0.01993507146835327;0.0;0.15391477942466736;0.19124183058738708;0.15391477942466736;0.0
0.013435110449790955;0.013435110449790955;0.09370267391204834;0.0;0.15406733751296997;0.15406733751296997;0.24222837388515472;0.0
0.013469887897372246;0.013469887897372246;0.03872530907392502;0.0;0.15430580079555511;0.3002694249153137;0.15430580079555511;0.0
0.013476639986038208;0.013476639986038208;0.026451587677001953;0.0;0.15467900037765503;0.20628295838832855;0.15467900037765503;0.0
0.013508141040802002;0.013508141040802002;0.05763542652130127;0.0;0.15497444570064545;0.32860687375068665;0.15497444570064545;0.0
0.013534285128116608;0.013534285128116608;0.03355176001787186;0.0;0.15538756549358368;0.19765973091125488;0.15538756549358368;0.0
0.013548269867897034;0.013548269867897034;0.030441612005233765;0.0;0.15551957488059998;0.20549210906028748;0.15551957488059998;0.0
0.013571292161941528;0.013571292161941528;0.016837656497955322;0.0;0.15635645389556885;0.25494465231895447;0.15635645389556885;0.0
0.01360621303319931;0.01360621303319931;0.036531537771224976;0.0;0.1563662886619568;0.21512047946453094;0.1563662886619568;0.0
0.013638496398925781;0.013638496398925781;0.04550182819366455;0.0;0.15658122301101685;0.30482709407806396;0.15658122301101685;0.0
0.013650938868522644;0.013650938868522644;0.06044381856918335;0.0;0.15674802660942078;0.15674802660942078;0.18678106367588043;0.0
0.013688132166862488;0.013688132166862488;0.03213321417570114;0.0;0.15688690543174744;0.18194566667079926;0.15688690543174744;0.0
0.013700664043426514;0.013700664043426514;0.02818848192691803;0.0;0.15715406835079193;0.22664684057235718;0.15715406835079193;0.0
0.013703078031539917;0.013703078031539917;0.02392330765724182;0.0;0.15744392573833466;0.2195155918598175;0.15744392573833466;0.0
0.013705164194107056;0.013705164194107056;0.07888674736022949;0.0;0.15763162076473236;0.15792596340179443;0.15763162076473236;0.0
0.013781934976577759;0.013781934976577759;0.04961779713630676;0.0;0.1576816886663437;0.28914889693260193;0.1576816886663437;0.0
0.013791151344776154;0.013791151344776154;0.025868386030197144;0.0;0.1580554097890854;0.3365241289138794;0.1580554097890854;0.0
0.01385420560836792;0.01385420560836792;0.042575739324092865;0.0;0.15807068347930908;0.17495781183242798;0.15807068347930908;0.0
0.013876944780349731;0.013876944780349731;0.04205524921417236;0.0;0.1581936478614807;0.24627970159053802;0.1581936478614807;0.0
0.013884097337722778;0.013884097337722778;0.02521747350692749;0.0;0.1583309769630432;0.28206968307495117;0.1583309769630432;0.0
0.013914201408624649;0.013914201408624649;0.024302363395690918;0.0;0.15840363502502441;0.30473071336746216;0.15840363502502441;0.0
0.014020532369613647;0.014020532369613647;0.02645089477300644;0.0;0.15884171426296234;0.41637593507766724;0.15884171426296234;0.0
0.014073669910430908;0.014073669910430908;0.022678256034851074;0.0;0.15903908014297485;0.2648305892944336;0.15903908014297485;0.0
0.014074981212615967;0.014074981212615967;0.049537211656570435;0.0;0.15907005965709686;0.22720377147197723;0.15907005965709686;0.0
0.014085397124290466;0.014085397124290466;0.029738351702690125;0.0;0.15968143939971924;0.24782268702983856;0.15968143939971924;0.0
0.01412421464920044;0.01412421464920044;0.03507880121469498;0.0;0.15972797572612762;0.28231480717658997;0.15972797572612762;0.0
0.014125972986221313;0.014125972986221313;0.034100115299224854;0.0;0.16156403720378876;0.21302707493305206;0.16156403720378876;0.0
0.014137506484985352;0.014137506484985352;0.027921319007873535;0.0;0.16180607676506042;0.28812462091445923;0.16180607676506042;0.0
0.014197982847690582;0.014197982847690582;0.016493648290634155;0.0;0.16210076212882996;0.23734593391418457;0.16210076212882996;0.0
0.014212355017662048;0.014212355017662048;0.03828120976686478;0.0;0.16219991445541382;0.19900839030742645;0.16219991445541382;0.0
0.014219790697097778;0.014219790697097778;0.029713064432144165;0.0;0.16228114068508148;0.2854187488555908;0.16228114068508148;0.0
0.014250636100769043;0.014250636100769043;0.03461018204689026;0.0;0.16253842413425446;0.2449546605348587;0.16253842413425446;0.0
0.014252051711082458;0.014252051711082458;0.015592887997627258;0.0;0.16297434270381927;0.45073816180229187;0.16297434270381927;0.0
0.014282196760177612;0.014282196760177612;0.02801668643951416;0.0;0.16330097615718842;0.25756269693374634;0.16330097615718842;0.0
0.014302074909210205;0.014302074909210205;0.04589308798313141;0.0;0.16449816524982452;0.2528274357318878;0.16449816524982452;0.0
0.014343693852424622;0.014343693852424622;0.020622700452804565;0.0;0.1645253598690033;0.35602110624313354;0.1645253598690033;0.0
0.014354661107063293;0.014354661107063293;0.03161673992872238;0.0;0.16458594799041748;0.277774840593338;0.16458594799041748;0.0
0.014370635151863098;0.014370635151863098;0.0368167906999588;0.0;0.16461123526096344;0.19127261638641357;0.16461123526096344;0.0
0.01440257579088211;0.01440257579088211;0.02437691017985344;0.0;0.1656000167131424;0.20523974299430847;0.1656000167131424;0.0
0.014402620494365692;0.014402620494365692;0.03408578038215637;0.0;0.16584599018096924;0.3542044758796692;0.16584599018096924;0.0
0.014431186020374298;0.014431186020374298;0.04670777916908264;0.0;0.16611969470977783;0.42011284828186035;0.16611969470977783;0.0
0.014467865228652954;0.014467865228652954;0.028206467628479004;0.0;0.1662798672914505;0.36142265796661377;0.1662798672914505;0.0
0.014478623867034912;0.014478623867034912;0.05999046564102173;0.0;0.16633105278015137;0.1809399574995041;0.16633105278015137;0.0
0.014536425471305847;0.014536425471305847;0.04960604012012482;0.0;0.16656996309757233;0.28688758611679077;0.16656996309757233;0.0
0.01453942060470581;0.01453942060470581;0.023686185479164124;0.0;0.16700676083564758;0.2617333233356476;0.16700676083564758;0.0
0.014559462666511536;0.014559462666511536;0.03389498591423035;0.0;0.16772454977035522;0.2445315569639206;0.16772454977035522;0.0
0.014582037925720215;0.014582037925720215;0.02224525809288025;0.0;0.16800902783870697;0.22128941118717194;0.16800902783870697;0.0
0.014636293053627014;0.014636293053627014;0.03690321743488312;0.0;0.16808085143566132;0.29724782705307007;0.16808085143566132;0.0
0.014669135212898254;0.014669135212898254;0.026168227195739746;0.0;0.1685592383146286;0.2269236296415329;0.1685592383146286;0.0
0.014676161110401154;0.014676161110401154;0.027248285710811615;0.0;0.16862958669662476;0.282966673374176;0.16862958669662476;0.0
0.01467791199684143;0.01467791199684143;0.05388730764389038;0.0;0.1687329262495041;0.2869710922241211;0.1687329262495041;0.0
0.014726907014846802;0.014726907014846802;0.02392423152923584;0.0;0.1687697321176529;0.2923525273799896;0.1687697321176529;0.0
0.014735519886016846;0.014735519886016846;0.03773191571235657;0.0;0.1687721163034439;0.1829756200313568;0.1687721163034439;0.0
0.014789372682571411;0.014789372682571411;0.03592239320278168;0.0;0.16884765028953552;0.21375218033790588;0.16884765028953552;0.0
0.014799237251281738;0.014799237251281738;0.030270814895629883;0.0;0.16891255974769592;0.2185153067111969;0.16891255974769592;0.0
0.01480334997177124;0.01480334997177124;0.03467079997062683;0.0;0.16906395554542542;0.20976978540420532;0.16906395554542542;0.0
0.014808744192123413;0.014808744192123413;0.03776884824037552;0.0;0.17031121253967285;0.2430974692106247;0.17031121253967285;0.0
0.014828503131866455;0.014828503131866455;0.04367982596158981;0.0;0.17059360444545746;0.34508615732192993;0.17059360444545746;0.0
0.014922663569450378;0.014922663569450378;0.023193418979644775;0.0;0.17161276936531067;0.36682960391044617;0.17161276936531067;0.0
0.01495814323425293;0.01495814323425293;0.0800168514251709;0.0;0.17185743153095245;0.3237379491329193;0.17185743153095245;0.0
0.014961324632167816;0.014961324632167816;0.023594141006469727;0.0;0.17193450033664703;0.2765534520149231;0.17193450033664703;0.0
0.014976710081100464;0.014976710081100464;0.026806145906448364;0.0;0.17202810943126678;0.3037208616733551;0.17202810943126678;0.0
0.014981821179389954;0.014981821179389954;0.026296347379684448;0.0;0.17266759276390076;0.3656473457813263;0.17266759276390076;0.0
0.015016049146652222;0.015016049146652222;0.03241688013076782;0.0;0.172750324010849;0.34167003631591797;0.172750324010849;0.0
0.015055656433105469;0.015055656433105469;0.026010841131210327;0.0;0.17299240827560425;0.408150851726532;0.17299240827560425;0.0
0.015061721205711365;0.015061721205711365;0.03361215069890022;0.0;0.17356428503990173;0.27356430888175964;0.17356428503990173;0.0
0.015109024941921234;0.015109024941921234;0.02413688600063324;0.0;0.17374934256076813;0.2480556070804596;0.17374934256076813;0.0
0.015119597315788269;0.015119597315788269;0.05591142177581787;0.0;0.17404285073280334;0.26290279626846313;0.17404285073280334;0.0
0.015134453773498535;0.015134453773498535;0.043957144021987915;0.0;0.1741366684436798;0.29009711742401123;0.1741366684436798;0.0
0.01514291763305664;0.01514291763305664;0.0417746901512146;0.0;0.17417272925376892;0.2624545097351074;0.17417272925376892;0.0
0.015157133340835571;0.015157133340835571;0.05268460512161255;0.0;0.17441800236701965;0.3924995958805084;0.17441800236701965;0.0
0.015169858932495117;0.015169858932495117;0.030885517597198486;0.0;0.1745484620332718;0.4339565336704254;0.1745484620332718;0.0
0.01524364948272705;0.01524364948272705;0.0362122505903244;0.0;0.1746208369731903;0.299395889043808;0.1746208369731903;0.0
0.015251398086547852;0.015251398086547852;0.02737121284008026;0.0;0.17585712671279907;0.18855634331703186;0.17585712671279907;0.0
0.015254959464073181;0.015254959464073181;0.051889121532440186;0.0;0.1761196106672287;0.29493314027786255;0.1761196106672287;0.0
0.015257716178894043;0.015257716178894043;0.04330548644065857;0.0;0.1765744537115097;0.25592944025993347;0.1765744537115097;0.0
0.015301436185836792;0.015301436185836792;0.04373931884765625;0.0;0.17659679055213928;0.3263838291168213;0.17659679055213928;0.0
0.015339970588684082;0.015339970588684082;0.022477582097053528;0.0;0.17663058638572693;0.17663058638572693;0.3392657935619354;0.0
0.015348494052886963;0.015348494052886963;0.021654784679412842;0.0;0.17692646384239197;0.31870487332344055;0.17692646384239197;0.0
0.015411853790283203;0.015411853790283203;0.044999659061431885;0.0;0.17756496369838715;0.3096492290496826;0.17756496369838715;0.0
0.015440110117197037;0.015440110117197037;0.040692150592803955;0.0;0.17770278453826904;0.3109875023365021;0.17770278453826904;0.0
0.015485674142837524;0.015485674142837524;0.03827601671218872;0.0;0.1780371516942978;0.22196650505065918;0.1780371516942978;0.0
0.015530169010162354;0.015530169010162354;0.042332589626312256;0.0;0.17869725823402405;0.2017560601234436;0.17869725823402405;0.0
0.015535816550254822;0.015535816550254822;0.024730734527111053;0.0;0.1790328174829483;0.1790328174829483;0.37364181876182556;0.0
0.015539832413196564;0.015539832413196564;0.030069425702095032;0.0;0.17908282577991486;0.5663890242576599;0.17908282577991486;0.0
0.015548698604106903;0.015548698604106903;0.05412256717681885;0.0;0.1791788637638092;0.23381376266479492;0.1791788637638092;0.0
0.015598252415657043;0.015598252415657043;0.024643748998641968;0.0;0.1795208752155304;0.2234882265329361;0.1795208752155304;0.0
0.015618562698364258;0.01658792793750763;0.015618562698364258;0.0;0.18026407063007355;0.2230025976896286;0.18026407063007355;0.0
0.015636466443538666;0.015636466443538666;0.02527279406785965;0.0;0.18028785288333893;0.32384786009788513;0.18028785288333893;0.0
0.01566067337989807;0.01566067337989807;0.032351844012737274;0.0;0.1803857833147049;0.1933407187461853;0.1803857833147049;0.0
0.01568019390106201;0.01568019390106201;0.03260716795921326;0.0;0.1823585480451584;0.2976239323616028;0.1823585480451584;0.0
0.015680529177188873;0.015680529177188873;0.051347412168979645;0.0;0.18244849145412445;0.2802523970603943;0.18244849145412445;0.0
0.01568622887134552;0.01568622887134552;0.044810131192207336;0.0;0.18287351727485657;0.2980428636074066;0.18287351727485657;0.0
0.015695832669734955;0.015695832669734955;0.029176577925682068;0.0;0.18328101933002472;0.23711325228214264;0.18328101933002472;0.0
0.015739277005195618;0.015739277005195618;0.026484400033950806;0.0;0.18346066772937775;0.2904696464538574;0.18346066772937775;0.0
0.015762269496917725;0.015762269496917725;0.04545623064041138;0.0;0.18417668342590332;0.2453477531671524;0.18417668342590332;0.0
0.015783846378326416;0.015783846378326416;0.03966444730758667;0.0;0.18427696824073792;0.3221425712108612;0.18427696824073792;0.0
0.01580643653869629;0.01580643653869629;0.024695925414562225;0.0;0.1845567226409912;0.3547229766845703;0.1845567226409912;0.0
0.01581820845603943;0.01581820845603943;0.04969078674912453;0.0;0.18487811088562012;0.2633240520954132;0.18487811088562012;0.0
0.01582425832748413;0.01582425832748413;0.03853842616081238;0.0;0.18635639548301697;0.20022465288639069;0.18635639548301697;0.0
0.015950679779052734;0.015950679779052734;0.026349499821662903;0.0;0.1868213266134262;0.19687336683273315;0.1868213266134262;0.0
0.015963315963745117;0.015963315963745117;0.02333301305770874;0.0;0.1869477778673172;0.27836450934410095;0.1869477778673172;0.0
0.015971019864082336;0.015971019864082336;0.02916175127029419;0.0;0.18716192245483398;0.5513784289360046;0.18716192245483398;0.0
0.015979185700416565;0.015979185700416565;0.03297238051891327;0.0;0.18731938302516937;0.31926894187927246;0.18731938302516937;0.0
0.015981614589691162;0.015981614589691162;0.01997363567352295;0.0;0.1882801353931427;0.3248218894004822;0.1882801353931427;0.0
0.016005903482437134;0.016005903482437134;0.031633757054805756;0.0;0.1883820742368698;0.4357411563396454;0.1883820742368698;0.0
0.01601618528366089;0.01601618528366089;0.06324237585067749;0.0;0.1884407103061676;0.25967273116111755;0.1884407103061676;0.0
0.016032859683036804;0.016032859683036804;0.04047325253486633;0.0;0.1889761984348297;0.8549448847770691;0.1889761984348297;0.0
0.016054779291152954;0.016054779291152954;0.025938257575035095;0.0;0.18925394117832184;0.3620474636554718;0.18925394117832184;0.0
0.01608365774154663;0.01608365774154663;0.020540446043014526;0.0;0.1896301954984665;0.20803114771842957;0.1896301954984665;0.0
0.016089409589767456;0.016089409589767456;0.03648918867111206;0.0;0.18983067572116852;0.38175633549690247;0.18983067572116852;0.0
0.01611018180847168;0.01611018180847168;0.04190213978290558;0.0;0.18983274698257446;0.36036840081214905;0.18983274698257446;0.0
0.016174346208572388;0.016174346208572388;0.04563527926802635;0.0;0.1899409145116806;0.2809496521949768;0.1899409145116806;0.0
0.016179054975509644;0.016179054975509644;0.026796549558639526;0.0;0.19031599164009094;0.46771910786628723;0.19031599164009094;0.0
0.01621195673942566;0.01621195673942566;0.023104965686798096;0.0;0.19107234477996826;0.5257822275161743;0.19107234477996826;0.0
0.016213946044445038;0.016213946044445038;0.034964755177497864;0.0;0.19130191206932068;0.23349452018737793;0.19130191206932068;0.0
0.016284048557281494;0.016284048557281494;0.032141879200935364;0.0;0.19182699918746948;0.34037232398986816;0.19182699918746948;0.0
0.01630035787820816;0.01630035787820816;0.044242292642593384;0.0;0.19239240884780884;0.2244291603565216;0.19239240884780884;0.0
0.01630827784538269;0.01630827784538269;0.07647699117660522;0.0;0.19241781532764435;0.23543775081634521;0.19241781532764435;0.0
0.016318529844284058;0.016318529844284058;0.042753517627716064;0.0;0.1949794441461563;0.260625958442688;0.1949794441461563;0.0
0.01634189486503601;0.01634189486503601;0.0385688841342926;0.0;0.19515958428382874;0.3952363133430481;0.19515958428382874;0.0
0.016363441944122314;0.016363441944122314;0.04547649621963501;0.0;0.19533851742744446;0.2916870415210724;0.19533851742744446;0.0
0.016364723443984985;0.016364723443984985;0.037163153290748596;0.0;0.1953629106283188;0.3433319628238678;0.1953629106283188;0.0
0.01639270782470703;0.01639270782470703;0.04697027802467346;0.0;0.19603502750396729;0.30438193678855896;0.19603502750396729;0.0
0.016436263918876648;0.016436263918876648;0.03151467442512512;0.0;0.19661292433738708;0.31138238310813904;0.19661292433738708;0.0
0.01644188165664673;0.01644188165664673;0.03345966339111328;0.0;0.19686898589134216;0.36499902606010437;0.19686898589134216;0.0
0.01648956537246704;0.01648956537246704;0.03106110543012619;0.0;0.19701208174228668;0.6071982979774475;0.19701208174228668;0.0
0.016522929072380066;0.016522929072380066;0.04490786790847778;0.0;0.1977224051952362;0.3576621115207672;0.1977224051952362;0.0
0.01656407117843628;0.01656407117843628;0.030893653631210327;0.0;0.19904425740242004;0.2740412950515747;0.19904425740242004;0.0
0.016609512269496918;0.016609512269496918;0.029979705810546875;0.0;0.1991986781358719;0.2995873689651489;0.1991986781358719;0.0
0.01661151647567749;0.01661151647567749;0.04884368181228638;0.0;0.19948449730873108;0.46245768666267395;0.19948449730873108;0.0
0.01663452386856079;0.01663452386856079;0.030756495893001556;0.0;0.20029670000076294;0.3062700629234314;0.20029670000076294;0.0
0.01663947105407715;0.01663947105407715;0.020771607756614685;0.0;0.2004089653491974;0.28125569224357605;0.2004089653491974;0.0
0.016653597354888916;0.016653597354888916;0.045096248388290405;0.0;0.2014208734035492;0.3182918429374695;0.2014208734035492;0.0
0.016659125685691833;0.016659125685691833;0.018405228853225708;0.0;0.20313240587711334;0.20313240587711334;0.21571582555770874;0.0
0.016700223088264465;0.016700223088264465;0.04318325221538544;0.0;0.20401254296302795;0.5473989248275757;0.20401254296302795;0.0
0.016709670424461365;0.016709670424461365;0.04337356239557266;0.0;0.2044430524110794;0.29126742482185364;0.2044430524110794;0.0
0.016733020544052124;0.016733020544052124;0.0272255539894104;0.0;0.20461446046829224;0.3161044418811798;0.20461446046829224;0.0
0.016733497381210327;0.016733497381210327;0.0732080340385437;0.0;0.20468463003635406;0.4417441785335541;0.20468463003635406;0.0
0.016741082072257996;0.016741082072257996;0.06351283192634583;0.0;0.20487560331821442;0.47783175110816956;0.20487560331821442;0.0
0.0167553573846817;0.0167553573846817;0.03734782338142395;0.0;0.20535878837108612;0.2428027093410492;0.20535878837108612;0.0
0.016760028898715973;0.016760028898715973;0.04108991473913193;0.0;0.20609062910079956;0.28526654839515686;0.20609062910079956;0.0
0.016774892807006836;0.016774892807006836;0.02869318425655365;0.0;0.2065904289484024;1.3946850299835205;0.2065904289484024;0.0
0.016803205013275146;0.016803205013275146;0.06499695777893066;0.0;0.2067435085773468;0.32197052240371704;0.2067435085773468;0.0
0.01681196689605713;0.01681196689605713;0.04754425585269928;0.0;0.2081121802330017;0.3115878105163574;0.2081121802330017;0.0
0.01683717966079712;0.01683717966079712;0.058997929096221924;0.0;0.20825408399105072;0.4215294420719147;0.20825408399105072;0.0
0.016838669776916504;0.016838669776916504;0.050319015979766846;0.0;0.20845171809196472;0.5117227435112;0.20845171809196472;0.0
0.016890481114387512;0.016890481114387512;0.017642736434936523;0.0;0.20899033546447754;0.4740730822086334;0.20899033546447754;0.0
0.01691339910030365;0.01691339910030365;0.03279381990432739;0.0;0.2090027928352356;0.2090027928352356;0.28964975476264954;0.0
0.016923997551202774;0.016923997551202774;0.052307918667793274;0.0;0.21137219667434692;0.3245165944099426;0.21137219667434692;0.0
0.016966447234153748;0.016966447234153748;0.034185633063316345;0.0;0.21259421110153198;0.3072623610496521;0.21259421110153198;0.0
0.017043888568878174;0.02197718620300293;0.017043888568878174;0.0;0.21303720772266388;0.47454503178596497;0.21303720772266388;0.0
0.01704902946949005;0.01704902946949005;0.04044821858406067;0.0;0.21331053972244263;0.28481683135032654;0.21331053972244263;0.0
0.017058968544006348;0.017058968544006348;0.04072290658950806;0.0;0.21378077566623688;0.3550785481929779;0.21378077566623688;0.0
0.01709049940109253;0.01709049940109253;0.029146194458007812;0.0;0.2139333039522171;0.2139333039522171;0.21689368784427643;0.0
0.01711195707321167;0.01711195707321167;0.03180889040231705;0.0;0.21503762900829315;0.29322028160095215;0.21503762900829315;0.0
0.017171025276184082;0.017171025276184082;0.026914358139038086;0.0;0.21530911326408386;0.30676397681236267;0.21530911326408386;0.0
0.0172480046749115;0.0172480046749115;0.0370774120092392;0.0;0.21562179923057556;0.3913339674472809;0.21562179923057556;0.0
0.017253220081329346;0.017253220081329346;0.06793659925460815;0.0;0.21563349664211273;0.6082085371017456;0.21563349664211273;0.0
0.01727449893951416;0.01727449893951416;0.05698436498641968;0.0;0.21681061387062073;0.5119598507881165;0.21681061387062073;0.0
0.017299875617027283;0.017299875617027283;0.025524109601974487;0.0;0.217661514878273;0.4149431884288788;0.217661514878273;0.0
0.017300818115472794;0.017300818115472794;0.026769444346427917;0.0;0.21783137321472168;0.2609604299068451;0.21783137321472168;0.0
0.01737116277217865;0.01737116277217865;0.03949487954378128;0.0;0.21839556097984314;0.4882437586784363;0.21839556097984314;0.0
0.01739877462387085;0.01739877462387085;0.034823447465896606;0.0;0.21964584290981293;0.34611159563064575;0.21964584290981293;0.0
0.017430812120437622;0.017430812120437622;0.024245649576187134;0.0;0.21966078877449036;0.21966078877449036;0.23428034782409668;0.0
0.017457883805036545;0.017457883805036545;0.032620251178741455;0.0;0.21969443559646606;0.3225230276584625;0.21969443559646606;0.0
0.017463423311710358;0.017463423311710358;0.029382549226284027;0.0;0.22005976736545563;0.3345630466938019;0.22005976736545563;0.0
0.017464160919189453;0.017464160919189453;0.027138352394104004;0.0;0.22013647854328156;0.4492824673652649;0.22013647854328156;0.0
0.017468169331550598;0.017468169331550598;0.029575109481811523;0.0;0.22018800675868988;0.412448912858963;0.22018800675868988;0.0
0.01748223602771759;0.01748223602771759;0.06070151925086975;0.0;0.22072789072990417;0.4710290729999542;0.22072789072990417;0.0
0.017493396997451782;0.017493396997451782;0.03558439016342163;0.0;0.2217460721731186;0.6808502674102783;0.2217460721731186;0.0
0.01751682162284851;0.01751682162284851;0.0301298126578331;0.0;0.22192901372909546;0.44448772072792053;0.22192901372909546;0.0
0.017546534538269043;0.017546534538269043;0.04578720033168793;0.0;0.22209249436855316;0.5191091299057007;0.22209249436855316;0.0
0.01755732297897339;0.01755732297897339;0.03195251524448395;0.0;0.22214479744434357;0.27327069640159607;0.22214479744434357;0.0
0.017657160758972168;0.017657160758972168;0.03693932294845581;0.0;0.22222597897052765;0.3188018202781677;0.22222597897052765;0.0
0.01767367124557495;0.01767367124557495;0.051385119557380676;0.0;0.22224615514278412;0.38021454215049744;0.22224615514278412;0.0
0.017794713377952576;0.017794713377952576;0.05584181845188141;0.0;0.22254641354084015;0.45594993233680725;0.22254641354084015;0.0
0.017858222126960754;0.017858222126960754;0.053063154220581055;0.0;0.2228180170059204;0.43586280941963196;0.2228180170059204;0.0
0.01786261796951294;0.01786261796951294;0.017880290746688843;0.0;0.22392310202121735;0.6810470223426819;0.22392310202121735;0.0
0.017869025468826294;0.017869025468826294;0.03700464963912964;0.0;0.2240951657295227;0.36413317918777466;0.2240951657295227;0.0
0.01795223355293274;0.01795223355293274;0.04324182868003845;0.0;0.2245628982782364;0.47385722398757935;0.2245628982782364;0.0
0.017966389656066895;0.017966389656066895;0.03783762454986572;0.0;0.22469742596149445;0.29292434453964233;0.22469742596149445;0.0
0.018008440732955933;0.018008440732955933;0.03437596559524536;0.0;0.22543804347515106;0.30704787373542786;0.22543804347515106;0.0
0.018064670264720917;0.018064670264720917;0.022685334086418152;0.0;0.22611118853092194;0.4219205975532532;0.22611118853092194;0.0
0.01808914542198181;0.01808914542198181;0.032389458268880844;0.0;0.22641479969024658;0.30545490980148315;0.22641479969024658;0.0
0.01811232417821884;0.01811232417821884;0.04010668396949768;0.0;0.22685809433460236;0.36469385027885437;0.22685809433460236;0.0
0.01812240481376648;0.01812240481376648;0.037589315325021744;0.0;0.2269538938999176;0.35010987520217896;0.2269538938999176;0.0
0.01812279224395752;0.01812279224395752;0.01842445135116577;0.0;0.2280808836221695;0.4204728901386261;0.2280808836221695;0.0
0.018148042261600494;0.018148042261600494;0.034593552350997925;0.0;0.22831355035305023;0.44518014788627625;0.22831355035305023;0.0
0.018163979053497314;0.018163979053497314;0.03732995688915253;0.0;0.2288159877061844;0.2288159877061844;0.2819100320339203;0.0
0.018206000328063965;0.018206000328063965;0.03537873923778534;0.0;0.22985337674617767;0.3022027909755707;0.22985337674617767;0.0
0.018234431743621826;0.018234431743621826;0.020878687500953674;0.0;0.23032258450984955;0.2560203969478607;0.23032258450984955;0.0
0.018252119421958923;0.018252119421958923;0.031115561723709106;0.0;0.23050740361213684;0.23050740361213684;0.2636190950870514;0.0
0.01828630268573761;0.01828630268573761;0.027606070041656494;0.0;0.2305879443883896;0.44919565320014954;0.2305879443883896;0.0
0.01828688383102417;0.01828688383102417;0.02500167489051819;0.0;0.23078259825706482;0.38919904828071594;0.23078259825706482;0.0
0.018308937549591064;0.018308937549591064;0.040955036878585815;0.0;0.23172174394130707;0.3403063714504242;0.23172174394130707;0.0
0.018318533897399902;0.018318533897399902;0.039288148283958435;0.0;0.23176616430282593;0.23176616430282593;0.2799408435821533;0.0
0.01834985613822937;0.01834985613822937;0.03355032205581665;0.0;0.23309513926506042;0.5488423109054565;0.23309513926506042;0.0
0.018417656421661377;0.018417656421661377;0.030946969985961914;0.0;0.23324808478355408;0.34415683150291443;0.23324808478355408;0.0
0.01841878890991211;0.01841878890991211;0.01851099729537964;0.0;0.2333620935678482;0.4001774489879608;0.2333620935678482;0.0
0.018434330821037292;0.018434330821037292;0.05419626832008362;0.0;0.23372836410999298;0.3750407099723816;0.23372836410999298;0.0
0.01843959093093872;0.01843959093093872;0.03055325150489807;0.0;0.23377962410449982;0.3632734715938568;0.23377962410449982;0.0
0.01844404637813568;0.01844404637813568;0.036514878273010254;0.0;0.23381513357162476;0.5050705075263977;0.23381513357162476;0.0
0.018446996808052063;0.018446996808052063;0.05851858854293823;0.0;0.2339070439338684;0.3730575144290924;0.2339070439338684;0.0
0.018529295921325684;0.018529295921325684;0.03194785118103027;0.0;0.2348143309354782;0.35158613324165344;0.2348143309354782;0.0
0.018589496612548828;0.018589496612548828;0.050044119358062744;0.0;0.23661154508590698;0.375342458486557;0.23661154508590698;0.0
0.01860472559928894;0.01860472559928894;0.03969678282737732;0.0;0.23703406751155853;0.5266039371490479;0.23703406751155853;0.0
0.018630534410476685;0.018630534410476685;0.03955107927322388;0.0;0.23733769357204437;0.2671549618244171;0.23733769357204437;0.0
0.01863481104373932;0.01863481104373932;0.03530028462409973;0.0;0.23739472031593323;0.23739472031593323;0.36046430468559265;0.0
0.018638476729393005;0.018638476729393005;0.030502140522003174;0.0;0.23739659786224365;0.25724178552627563;0.23739659786224365;0.0
0.018646493554115295;0.018646493554115295;0.03857201337814331;0.0;0.238488107919693;0.41477712988853455;0.238488107919693;0.0
0.018647819757461548;0.018647819757461548;0.08172932267189026;0.0;0.23851998150348663;0.8015574216842651;0.23851998150348663;0.0
0.0187796950340271;0.0187796950340271;0.07077586650848389;0.0;0.23857438564300537;0.41597986221313477;0.23857438564300537;0.0
0.018810957670211792;0.018810957670211792;0.06567926704883575;0.0;0.23876403272151947;0.23876403272151947;0.3118133842945099;0.0
0.018843263387680054;0.018843263387680054;0.034134477376937866;0.0;0.23925361037254333;0.5262925624847412;0.23925361037254333;0.0
0.018843889236450195;0.018843889236450195;0.04000410437583923;0.0;0.2397647202014923;0.40455877780914307;0.2397647202014923;0.0
0.018923312425613403;0.018923312425613403;0.043352603912353516;0.0;0.24104264378547668;0.28535640239715576;0.24104264378547668;0.0
0.019012391567230225;0.019012391567230225;0.04610198736190796;0.0;0.24155139923095703;0.43864259123802185;0.24155139923095703;0.0
0.019037514925003052;0.019037514925003052;0.07113581895828247;0.0;0.24216285347938538;0.4907350242137909;0.24216285347938538;0.0
0.019116610288619995;0.019116610288619995;0.0639033317565918;0.0;0.2422596961259842;0.2835807502269745;0.2422596961259842;0.0
0.01916138082742691;0.01916138082742691;0.03237873315811157;0.0;0.24236273765563965;0.43546104431152344;0.24236273765563965;0.0
0.0191713348031044;0.0191713348031044;0.06167769432067871;0.0;0.2425238937139511;0.4355645179748535;0.2425238937139511;0.0
0.019183814525604248;0.019183814525604248;0.030678212642669678;0.0;0.242880716919899;0.37265270948410034;0.242880716919899;0.0
0.01921267807483673;0.01921267807483673;0.05143551528453827;0.0;0.24294236302375793;0.4836183786392212;0.24294236302375793;0.0
0.019229456782341003;0.019229456782341003;0.04401957988739014;0.0;0.24427591264247894;0.6570460200309753;0.24427591264247894;0.0
0.01923123002052307;0.01923123002052307;0.02649596333503723;0.0;0.244320347905159;0.43372049927711487;0.244320347905159;0.0
0.019292891025543213;0.019292891025543213;0.026945292949676514;0.0;0.24476201832294464;0.6260461211204529;0.24476201832294464;0.0
0.019299328327178955;0.019299328327178955;0.03585152328014374;0.0;0.24483953416347504;0.371072918176651;0.24483953416347504;0.0
0.0193517804145813;0.0193517804145813;0.04034784436225891;0.0;0.24599100649356842;0.40642887353897095;0.24599100649356842;0.0
0.019404396414756775;0.019404396414756775;0.052800774574279785;0.0;0.2460811883211136;0.3044460415840149;0.2460811883211136;0.0
0.01942068338394165;0.023727059364318848;0.01942068338394165;0.0;0.24618621170520782;0.4014328122138977;0.24618621170520782;0.0
0.01946142315864563;0.01946142315864563;0.033008843660354614;0.0;0.24625203013420105;0.39032992720603943;0.24625203013420105;0.0
0.0195600688457489;0.0195600688457489;0.028848513960838318;0.0;0.24627821147441864;0.4733273684978485;0.24627821147441864;0.0
0.019586622714996338;0.019586622714996338;0.04056680202484131;0.0;0.2464606612920761;0.26735660433769226;0.2464606612920761;0.0
0.019590191543102264;0.019590191543102264;0.07736086845397949;0.0;0.246579110622406;0.33960333466529846;0.246579110622406;0.0
0.01964929699897766;0.01964929699897766;0.03005737066268921;0.0;0.24677243828773499;0.4622708857059479;0.24677243828773499;0.0
0.019678503274917603;0.020998746156692505;0.019678503274917603;0.0;0.24775128066539764;0.3003372251987457;0.24775128066539764;0.0
0.01974371075630188;0.01974371075630188;0.047145240008831024;0.0;0.24867834150791168;0.40558040142059326;0.24867834150791168;0.0
0.0199698805809021;0.0199698805809021;0.05191326141357422;0.0;0.2506926357746124;0.9796987175941467;0.2506926357746124;0.0
0.020032495260238647;0.020032495260238647;0.049034714698791504;0.0;0.25081685185432434;0.25081685185432434;0.6542987823486328;0.0
0.020080387592315674;0.020080387592315674;0.04443234205245972;0.0;0.25096195936203003;0.33715158700942993;0.25096195936203003;0.0
0.020136073231697083;0.020136073231697083;0.03168141841888428;0.0;0.2513171136379242;0.33372819423675537;0.2513171136379242;0.0
0.020153135061264038;0.020153135061264038;0.03436966985464096;0.0;0.251962810754776;0.3487378656864166;0.251962810754776;0.0
0.020166955888271332;0.020166955888271332;0.0691855400800705;0.0;0.2526164948940277;0.5445200204849243;0.2526164948940277;0.0
0.020258314907550812;0.020258314907550812;0.051471080631017685;0.0;0.2527095377445221;0.4341737926006317;0.2527095377445221;0.0
0.020261257886886597;0.020261257886886597;0.03176319599151611;0.0;0.25338804721832275;0.6240769028663635;0.25338804721832275;0.0
0.020357534289360046;0.020357534289360046;0.03252679854631424;0.0;0.2536722719669342;0.5973334908485413;0.2536722719669342;0.0
0.020395249128341675;0.020395249128341675;0.04397699236869812;0.0;0.2538697123527527;0.3813628554344177;0.2538697123527527;0.0
0.02044820785522461;0.02044820785522461;0.05451427400112152;0.0;0.25440487265586853;0.5587835311889648;0.25440487265586853;0.0
0.020644962787628174;0.020644962787628174;0.0495331808924675;0.0;0.25524991750717163;0.8601182699203491;0.25524991750717163;0.0
0.0207177996635437;0.0207177996635437;0.044982969760894775;0.0;0.2554232180118561;0.38900643587112427;0.2554232180118561;0.0
0.020735085010528564;0.020735085010528564;0.036172568798065186;0.0;0.2557172477245331;0.42194753885269165;0.2557172477245331;0.0
0.02075105905532837;0.02075105905532837;0.037358224391937256;0.0;0.2557773292064667;0.5096972584724426;0.2557773292064667;0.0
0.020821064710617065;0.020821064710617065;0.040941447019577026;0.0;0.25676971673965454;0.49202433228492737;0.25676971673965454;0.0
0.020843505859375;0.020843505859375;0.05238713324069977;0.0;0.25735780596733093;0.3608549237251282;0.25735780596733093;0.0
0.021047770977020264;0.021047770977020264;0.04003022611141205;0.0;0.25777775049209595;0.45622655749320984;0.25777775049209595;0.0
0.021071672439575195;0.021071672439575195;0.057836711406707764;0.0;0.2588835060596466;0.2588835060596466;0.35892006754875183;0.0
0.021157339215278625;0.021157339215278625;0.031104132533073425;0.0;0.25951123237609863;0.4683217406272888;0.25951123237609863;0.0
0.021164067089557648;0.021164067089557648;0.056178778409957886;0.0;0.2607550024986267;0.5280905961990356;0.2607550024986267;0.0
0.02132183313369751;0.02132183313369751;0.13819342851638794;0.0;0.2613442838191986;0.2835606336593628;0.2613442838191986;0.0
0.021387934684753418;0.021387934684753418;0.05192987620830536;0.0;0.26178503036499023;0.32527175545692444;0.26178503036499023;0.0
0.021453887224197388;0.021453887224197388;0.07444003224372864;0.0;0.2618691027164459;0.3314967453479767;0.2618691027164459;0.0
0.021463334560394287;0.021463334560394287;0.04329700767993927;0.0;0.26235610246658325;0.3469823896884918;0.26235610246658325;0.0
0.021631136536598206;0.021631136536598206;0.04694879800081253;0.0;0.26247918605804443;0.7780506014823914;0.26247918605804443;0.0
0.021638616919517517;0.021638616919517517;0.05185574293136597;0.0;0.26253408193588257;0.3778432607650757;0.26253408193588257;0.0
0.02165323495864868;0.02165323495864868;0.13512003421783447;0.0;0.2626620829105377;0.4128034710884094;0.2626620829105377;0.0
0.021668225526809692;0.021668225526809692;0.05885195732116699;0.0;0.26360785961151123;0.3298250138759613;0.26360785961151123;0.0
0.021684646606445312;0.021684646606445312;0.05215004086494446;0.0;0.2638058364391327;0.2638058364391327;0.3107411861419678;0.0
0.02170047163963318;0.02170047163963318;0.09863235056400299;0.0;0.2641284465789795;0.3211267292499542;0.2641284465789795;0.0
0.02171020582318306;0.02171020582318306;0.06046873331069946;0.0;0.26445090770721436;0.45665040612220764;0.26445090770721436;0.0
0.021791040897369385;0.021791040897369385;0.04971969127655029;0.0;0.2644802927970886;0.596310019493103;0.2644802927970886;0.0
0.0218476802110672;0.0218476802110672;0.06964245438575745;0.0;0.2649838626384735;0.7166461944580078;0.2649838626384735;0.0
0.021896421909332275;0.021896421909332275;0.040640391409397125;0.0;0.2650163173675537;0.4324876666069031;0.2650163173675537;0.0
0.02190329134464264;0.02190329134464264;0.0394507497549057;0.0;0.26569509506225586;0.26569509506225586;0.27314722537994385;0.0
0.02193734049797058;0.02193734049797058;0.04637002944946289;0.0;0.2659202814102173;0.3139136731624603;0.2659202814102173;0.0
0.022047817707061768;0.022047817707061768;0.038159579038619995;0.0;0.2675640881061554;0.29076167941093445;0.2675640881061554;0.0
0.022099241614341736;0.022099241614341736;0.07030434906482697;0.0;0.2676718533039093;0.6300521492958069;0.2676718533039093;0.0
0.022114664316177368;0.022114664316177368;0.04968629777431488;0.0;0.26791664958000183;0.45669904351234436;0.26791664958000183;0.0
0.022138267755508423;0.022138267755508423;0.05067211389541626;0.0;0.26815974712371826;0.26815974712371826;0.2851906716823578;0.0
0.022138655185699463;0.022138655185699463;0.05356857180595398;0.0;0.26950547099113464;0.37587815523147583;0.26950547099113464;0.0
0.022191554307937622;0.022191554307937622;0.06700003147125244;0.0;0.2697346806526184;0.5752492547035217;0.2697346806526184;0.0
0.022200196981430054;0.022200196981430054;0.06033256649971008;0.0;0.26984333992004395;0.4027005732059479;0.26984333992004395;0.0
0.022213593125343323;0.022213593125343323;0.08773680031299591;0.0;0.2719537019729614;0.4479106366634369;0.2719537019729614;0.0
0.02223365008831024;0.02223365008831024;0.04962216317653656;0.0;0.2724265158176422;0.5793402194976807;0.2724265158176422;0.0
0.022237658500671387;0.022237658500671387;0.08455148339271545;0.0;0.27373021841049194;0.49332064390182495;0.27373021841049194;0.0
0.02229120582342148;0.02229120582342148;0.05804547667503357;0.0;0.27391600608825684;0.668735921382904;0.27391600608825684;0.0
0.022328495979309082;0.022328495979309082;0.022588051855564117;0.0;0.2753097712993622;0.30788707733154297;0.2753097712993622;0.0
0.022333279252052307;0.022333279252052307;0.04079523682594299;0.0;0.27542126178741455;0.41822147369384766;0.27542126178741455;0.0
0.0224800705909729;0.0224800705909729;0.06799507141113281;0.0;0.27602142095565796;0.519159197807312;0.27602142095565796;0.0
0.02257094532251358;0.02257094532251358;0.03196103870868683;0.0;0.2762927711009979;0.7246338129043579;0.2762927711009979;0.0
0.02258455753326416;0.02258455753326416;0.0634050965309143;0.0;0.276852011680603;0.3250793218612671;0.276852011680603;0.0
0.022600814700126648;0.022600814700126648;0.05147853493690491;0.0;0.2769894301891327;0.36819013953208923;0.2769894301891327;0.0
0.022654742002487183;0.022654742002487183;0.04110273718833923;0.0;0.27749529480934143;0.5622923970222473;0.27749529480934143;0.0
0.022839486598968506;0.022839486598968506;0.04801402986049652;0.0;0.2781338393688202;0.6479062438011169;0.2781338393688202;0.0
0.022839844226837158;0.022839844226837158;0.04930432140827179;0.0;0.2797391414642334;0.4280444085597992;0.2797391414642334;0.0
0.02293744683265686;0.02293744683265686;0.058590710163116455;0.0;0.27994510531425476;0.4332733154296875;0.27994510531425476;0.0
0.02294757217168808;0.02294757217168808;0.06261658668518066;0.0;0.28011539578437805;0.3363168239593506;0.28011539578437805;0.0
0.022948861122131348;0.022948861122131348;0.07462364435195923;0.0;0.28203460574150085;0.28203460574150085;0.38425496220588684;0.0
0.022951200604438782;0.022951200604438782;0.035279691219329834;0.0;0.2824552059173584;0.2824552059173584;0.48190900683403015;0.0
0.02301114797592163;0.02301114797592163;0.04910242557525635;0.0;0.2825630307197571;0.7162125706672668;0.2825630307197571;0.0
0.023012027144432068;0.023012027144432068;0.13600759208202362;0.0;0.2828109860420227;0.5331611633300781;0.2828109860420227;0.0
0.023135364055633545;0.023135364055633545;0.0511152446269989;0.0;0.283176451921463;0.6375367045402527;0.283176451921463;0.0
0.023184433579444885;0.023184433579444885;0.05928848683834076;0.0;0.2832365036010742;0.2832365036010742;0.4875927269458771;0.0
0.02321872115135193;0.02321872115135193;0.04425874352455139;0.0;0.28440749645233154;0.44081419706344604;0.28440749645233154;0.0
0.023231029510498047;0.023231029510498047;0.07290834188461304;0.0;0.2850009799003601;0.4796656370162964;0.2850009799003601;0.0
0.023235797882080078;0.023235797882080078;0.05989633500576019;0.0;0.28521475195884705;0.4417833089828491;0.28521475195884705;0.0
0.023257315158843994;0.023257315158843994;0.053616106510162354;0.0;0.2865375876426697;0.43329739570617676;0.2865375876426697;0.0
0.02328452467918396;0.02328452467918396;0.06654554605484009;0.0;0.2866564095020294;0.8668749332427979;0.2866564095020294;0.0
0.023318707942962646;0.023318707942962646;0.060579121112823486;0.0;0.28781241178512573;0.28781241178512573;0.5171617865562439;0.0
0.023401319980621338;0.023401319980621338;0.13330912590026855;0.0;0.2880015969276428;0.42859864234924316;0.2880015969276428;0.0
0.023444771766662598;0.023444771766662598;0.0775006115436554;0.0;0.28849589824676514;0.3240068852901459;0.28849589824676514;0.0
0.023642659187316895;0.023642659187316895;0.035204946994781494;0.0;0.2887285351753235;0.4726381003856659;0.2887285351753235;0.0
0.023651868104934692;0.023651868104934692;0.05866837501525879;0.0;0.28873884677886963;0.28873884677886963;0.3423430025577545;0.0
0.023653239011764526;0.023653239011764526;0.051989614963531494;0.0;0.2890007495880127;0.3738640546798706;0.2890007495880127;0.0
0.023717820644378662;0.023717820644378662;0.05263228714466095;0.0;0.289034366607666;0.289034366607666;0.2977033257484436;0.0
0.023789197206497192;0.023789197206497192;0.039658546447753906;0.0;0.29207929968833923;0.5259850025177002;0.29207929968833923;0.0
0.023792803287506104;0.023792803287506104;0.08159562945365906;0.0;0.29341793060302734;0.6313520669937134;0.29341793060302734;0.0
0.023828089237213135;0.023828089237213135;0.04748764634132385;0.0;0.2935055196285248;0.538933277130127;0.2935055196285248;0.0
0.023871585726737976;0.023871585726737976;0.05932736396789551;0.0;0.29515016078948975;0.7822378873825073;0.29515016078948975;0.0
0.023970037698745728;0.023970037698745728;0.058303624391555786;0.0;0.2954634428024292;0.49482518434524536;0.2954634428024292;0.0
0.02402716875076294;0.02402716875076294;0.04844003915786743;0.0;0.2963111996650696;0.2963111996650696;0.31493905186653137;0.0
0.02405184507369995;0.02405184507369995;0.04667278006672859;0.0;0.29653429985046387;0.43254801630973816;0.29653429985046387;0.0
0.024054408073425293;0.024054408073425293;0.04180191457271576;0.0;0.2965681850910187;0.43126022815704346;0.2965681850910187;0.0
0.02405983954668045;0.02405983954668045;0.04879814386367798;0.0;0.2967913746833801;0.5550771355628967;0.2967913746833801;0.0
0.024109244346618652;0.024109244346618652;0.07018284499645233;0.0;0.2970302999019623;0.4188747704029083;0.2970302999019623;0.0
0.024112164974212646;0.024112164974212646;0.08411404490470886;0.0;0.2982402443885803;0.5453528165817261;0.2982402443885803;0.0
0.024186939001083374;0.024186939001083374;0.04983842372894287;0.0;0.29922598600387573;0.6390183568000793;0.29922598600387573;0.0
0.024237781763076782;0.024237781763076782;0.052996039390563965;0.0;0.2999148666858673;0.4300120174884796;0.2999148666858673;0.0
0.024258077144622803;0.024258077144622803;0.052830249071121216;0.0;0.3000590205192566;0.7378404140472412;0.3000590205192566;0.0
0.024309128522872925;0.024309128522872925;0.08121401071548462;0.0;0.3000795245170593;0.6994664669036865;0.3000795245170593;0.0
0.02436789870262146;0.02436789870262146;0.06864071637392044;0.0;0.3007299602031708;0.4500938057899475;0.3007299602031708;0.0
0.02441003918647766;0.02441003918647766;0.09307718276977539;0.0;0.3025639057159424;0.3954334855079651;0.3025639057159424;0.0
0.024434328079223633;0.024434328079223633;0.04584378004074097;0.0;0.30337801575660706;0.442444384098053;0.30337801575660706;0.0
0.024442613124847412;0.024442613124847412;0.08164069056510925;0.0;0.3054082989692688;0.5631417632102966;0.3054082989692688;0.0
0.024526596069335938;0.024526596069335938;0.07753318548202515;0.0;0.3060290217399597;0.31174036860466003;0.3060290217399597;0.0
0.02456212043762207;0.02456212043762207;0.08233839273452759;0.0;0.3076370060443878;0.3076370060443878;0.32776933908462524;0.0
0.024570882320404053;0.024570882320404053;0.04568374156951904;0.0;0.3085555136203766;0.6586256623268127;0.3085555136203766;0.0
0.02463299036026001;0.02463299036026001;0.04714418947696686;0.0;0.308646023273468;0.308646023273468;0.3339124321937561;0.0
0.024668872356414795;0.024668872356414795;0.05484709143638611;0.0;0.3094877004623413;0.41791069507598877;0.3094877004623413;0.0
0.02468186616897583;0.02468186616897583;0.050259023904800415;0.0;0.3099685311317444;0.7424780130386353;0.3099685311317444;0.0
0.024893611669540405;0.024893611669540405;0.10857424139976501;0.0;0.31005072593688965;0.4293892979621887;0.31005072593688965;0.0
0.02492663264274597;0.02492663264274597;0.06614159047603607;0.0;0.3112592399120331;0.47502222657203674;0.3112592399120331;0.0
0.024937689304351807;0.024937689304351807;0.07343629002571106;0.0;0.3125612735748291;0.4243050515651703;0.3125612735748291;0.0
0.02515922486782074;0.02515922486782074;0.047234535217285156;0.0;0.31272080540657043;0.3945475220680237;0.31272080540657043;0.0
0.025164082646369934;0.025164082646369934;0.033018559217453;0.0;0.3136337399482727;0.33840155601501465;0.3136337399482727;0.0
0.02520066499710083;0.02520066499710083;0.033596962690353394;0.0;0.3138567805290222;0.32455480098724365;0.3138567805290222;0.0
0.025244221091270447;0.025244221091270447;0.04616594314575195;0.0;0.3150438368320465;0.7724308967590332;0.3150438368320465;0.0
0.0253201425075531;0.0253201425075531;0.07641376554965973;0.0;0.31522804498672485;0.38296544551849365;0.31522804498672485;0.0
0.0253831148147583;0.0253831148147583;0.06355971097946167;0.0;0.31539827585220337;0.5120915174484253;0.31539827585220337;0.0
0.0255063995718956;0.0255063995718956;0.05067525804042816;0.0;0.31556403636932373;0.38808730244636536;0.31556403636932373;0.0
0.025590986013412476;0.025590986013412476;0.08289612829685211;0.0;0.3160545527935028;0.3160545527935028;0.40006381273269653;0.0
0.025651752948760986;0.025651752948760986;0.06134819984436035;0.0;0.3187269866466522;0.6239455342292786;0.3187269866466522;0.0
0.025722578167915344;0.025722578167915344;0.028476670384407043;0.0;0.3196506202220917;0.7105076313018799;0.3196506202220917;0.0
0.025744587182998657;0.025744587182998657;0.05966976284980774;0.0;0.31977975368499756;0.34702396392822266;0.31977975368499756;0.0
0.025871872901916504;0.025871872901916504;0.052965760231018066;0.0;0.32061076164245605;0.4916818141937256;0.32061076164245605;0.0
0.025907039642333984;0.025907039642333984;0.04039198160171509;0.0;0.32080134749412537;0.4069346785545349;0.32080134749412537;0.0
0.025910384953022003;0.025910384953022003;0.05250684171915054;0.0;0.32113251090049744;0.6121433973312378;0.32113251090049744;0.0
0.02603834867477417;0.02603834867477417;0.07796692848205566;0.0;0.32116833329200745;0.4844360053539276;0.32116833329200745;0.0
0.02608439326286316;0.02608439326286316;0.053022950887680054;0.0;0.3212050795555115;0.760254442691803;0.3212050795555115;0.0
0.026315927505493164;0.026315927505493164;0.04051056504249573;0.0;0.32157236337661743;0.5913552045822144;0.32157236337661743;0.0
0.026316076517105103;0.026316076517105103;0.060443490743637085;0.0;0.3228231370449066;0.4863629937171936;0.3228231370449066;0.0
0.026316139847040176;0.026316139847040176;0.04665358364582062;0.0;0.3239317536354065;0.3469575345516205;0.3239317536354065;0.0
0.026344165205955505;0.026344165205955505;0.06698504090309143;0.0;0.3253532350063324;0.5198028087615967;0.3253532350063324;0.0
0.026401907205581665;0.026401907205581665;0.06923229992389679;0.0;0.3257072865962982;0.6685590147972107;0.3257072865962982;0.0
0.02644065022468567;0.02644065022468567;0.05487588793039322;0.0;0.32796475291252136;0.8095011711120605;0.32796475291252136;0.0
0.026455208659172058;0.026455208659172058;0.05647408962249756;0.0;0.32863572239875793;0.5489000678062439;0.32863572239875793;0.0
0.026469528675079346;0.026469528675079346;0.0687849223613739;0.0;0.33030417561531067;0.4217453896999359;0.33030417561531067;0.0
0.026506781578063965;0.026506781578063965;0.07183465361595154;0.0;0.3314257264137268;0.4883899986743927;0.3314257264137268;0.0
0.026548534631729126;0.026548534631729126;0.05163070559501648;0.0;0.3319905996322632;0.3319905996322632;0.6030541658401489;0.0
0.02664393186569214;0.02664393186569214;0.0954066663980484;0.0;0.33250880241394043;0.41998347640037537;0.33250880241394043;0.0
0.02675652503967285;0.02675652503967285;0.09810316562652588;0.0;0.3331466317176819;0.7705550789833069;0.3331466317176819;0.0
0.026826798915863037;0.026826798915863037;0.11762923002243042;0.0;0.3340347111225128;0.5158225297927856;0.3340347111225128;0.0
0.02685636281967163;0.02685636281967163;0.058038532733917236;0.0;0.3340747058391571;0.5582363605499268;0.3340747058391571;0.0
0.02688431739807129;0.02688431739807129;0.0885167121887207;0.0;0.3346358835697174;0.4289792776107788;0.3346358835697174;0.0
0.026992499828338623;0.026992499828338623;0.031801849603652954;0.0;0.3354529142379761;0.5589731931686401;0.3354529142379761;0.0
0.027035236358642578;0.027035236358642578;0.03242623805999756;0.0;0.3366682231426239;0.4227106273174286;0.3366682231426239;0.0
0.02708280086517334;0.02708280086517334;0.10234531760215759;0.0;0.3378112018108368;0.41358253359794617;0.3378112018108368;0.0
0.02713710069656372;0.02713710069656372;0.10196554660797119;0.0;0.33879855275154114;0.41578948497772217;0.33879855275154114;0.0
0.02716362476348877;0.02716362476348877;0.10773411393165588;0.0;0.33960866928100586;0.4790123403072357;0.33960866928100586;0.0
0.027169525623321533;0.027169525623321533;0.07053524255752563;0.0;0.3396986722946167;0.8620921969413757;0.3396986722946167;0.0
0.027327775955200195;0.027327775955200195;0.1130015105009079;0.0;0.34134340286254883;0.5804482102394104;0.34134340286254883;0.0
0.027373194694519043;0.027373194694519043;0.043034911155700684;0.0;0.34335044026374817;0.4819016754627228;0.34335044026374817;0.0
0.02738124132156372;0.02738124132156372;0.07917584478855133;0.0;0.3464524447917938;0.4172775447368622;0.3464524447917938;0.0
0.02742554247379303;0.02742554247379303;0.05646631121635437;0.0;0.3500082492828369;0.6670255661010742;0.3500082492828369;0.0
0.02743363380432129;0.02743363380432129;0.07280510663986206;0.0;0.35004252195358276;0.5530625581741333;0.35004252195358276;0.0
0.027451366186141968;0.027451366186141968;0.033510223031044006;0.0;0.3503258228302002;0.7172451019287109;0.3503258228302002;0.0
0.027507007122039795;0.027507007122039795;0.06523840129375458;0.0;0.3525325655937195;0.6552426218986511;0.3525325655937195;0.0
0.02757449448108673;0.02757449448108673;0.04242408275604248;0.0;0.353792279958725;0.4720667898654938;0.353792279958725;0.0
0.027612358331680298;0.027612358331680298;0.08050233125686646;0.0;0.35462698340415955;0.4551751911640167;0.35462698340415955;0.0
0.02768033742904663;0.02768033742904663;0.06076870486140251;0.0;0.3550267219543457;0.3618689477443695;0.3550267219543457;0.0
0.027703136205673218;0.027703136205673218;0.05556386709213257;0.0;0.35686272382736206;0.35686272382736206;0.7161099314689636;0.0
0.02778501808643341;0.02778501808643341;0.047837480902671814;0.0;0.35810139775276184;0.41979995369911194;0.35810139775276184;0.0
0.027889341115951538;0.027889341115951538;0.047392427921295166;0.0;0.3593142628669739;0.3933927118778229;0.3593142628669739;0.0
0.027906030416488647;0.027906030416488647;0.07178725302219391;0.0;0.3607005774974823;0.5611428618431091;0.3607005774974823;0.0
0.027934737503528595;0.027934737503528595;0.09330534934997559;0.0;0.3639470636844635;0.3639470636844635;0.3836217522621155;0.0
0.028074026107788086;0.028074026107788086;0.04923886060714722;0.0;0.3643968999385834;0.5628795027732849;0.3643968999385834;0.0
0.028083592653274536;0.028083592653274536;0.08295410126447678;0.0;0.36442211270332336;0.6851695775985718;0.36442211270332336;0.0
0.0281064510345459;0.0281064510345459;0.046698570251464844;0.0;0.3659662902355194;0.38321998715400696;0.3659662902355194;0.0
0.028109431266784668;0.028109431266784668;0.06009437143802643;0.0;0.3668697774410248;0.5636050701141357;0.3668697774410248;0.0
0.028152942657470703;0.028152942657470703;0.07535618543624878;0.0;0.36713194847106934;0.45701345801353455;0.36713194847106934;0.0
0.028171464800834656;0.028171464800834656;0.05122719332575798;0.0;0.368366003036499;0.5385626554489136;0.368366003036499;0.0
0.0281735360622406;0.0281735360622406;0.07103828340768814;0.0;0.3704815208911896;0.6211504936218262;0.3704815208911896;0.0
0.028256773948669434;0.028256773948669434;0.09753748774528503;0.0;0.37063896656036377;0.5368252396583557;0.37063896656036377;0.0
0.0282745361328125;0.0282745361328125;0.06841059029102325;0.0;0.3711848258972168;0.494161993265152;0.3711848258972168;0.0
0.028386056423187256;0.028386056423187256;0.03959476947784424;0.0;0.3722371757030487;0.5291998982429504;0.3722371757030487;0.0
0.028387218713760376;0.028387218713760376;0.06828910112380981;0.0;0.3727703094482422;0.4237046241760254;0.3727703094482422;0.0
0.028521165251731873;0.028521165251731873;0.05215969681739807;0.0;0.37497687339782715;0.5092869997024536;0.37497687339782715;0.0
0.028551071882247925;0.028551071882247925;0.05615094304084778;0.0;0.376510888338089;0.49302804470062256;0.376510888338089;0.0
0.02861282229423523;0.02861282229423523;0.06119975447654724;0.0;0.37665754556655884;0.7366414666175842;0.37665754556655884;0.0
0.028659120202064514;0.028659120202064514;0.07011500000953674;0.0;0.3769069015979767;0.7817581295967102;0.3769069015979767;0.0
0.028778165578842163;0.028778165578842163;0.0746191143989563;0.0;0.377376526594162;0.5084177255630493;0.377376526594162;0.0
0.028939127922058105;0.028939127922058105;0.05069035291671753;0.0;0.37898945808410645;0.9605912566184998;0.37898945808410645;0.0
0.028965353965759277;0.028965353965759277;0.04752802848815918;0.0;0.3792389929294586;0.47252050042152405;0.3792389929294586;0.0
0.028988942503929138;0.05673438310623169;0.028988942503929138;0.0;0.37970781326293945;0.6061456799507141;0.37970781326293945;0.0
0.028991669416427612;0.028991669416427612;0.06983411312103271;0.0;0.3806755542755127;0.48311781883239746;0.3806755542755127;0.0
0.029123902320861816;0.029123902320861816;0.06856480240821838;0.0;0.3813644051551819;0.5962928533554077;0.3813644051551819;0.0
0.0292280912399292;0.0292280912399292;0.04938104748725891;0.0;0.3816935122013092;0.569502592086792;0.3816935122013092;0.0
0.029229313135147095;0.029229313135147095;0.06406539678573608;0.0;0.3830578923225403;0.5151146650314331;0.3830578923225403;0.0
0.02929222583770752;0.03097999095916748;0.02929222583770752;0.0;0.38495033979415894;0.38495033979415894;0.39477255940437317;0.0
0.02935829758644104;0.02935829758644104;0.11043715476989746;0.0;0.38706037402153015;0.38706037402153015;0.5398159027099609;0.0
0.029556870460510254;0.029556870460510254;0.05275851488113403;0.0;0.3890925347805023;0.6314547061920166;0.3890925347805023;0.0
0.02968922257423401;0.02968922257423401;0.0465700626373291;0.0;0.3897494375705719;0.7525020241737366;0.3897494375705719;0.0
0.029820799827575684;0.029820799827575684;0.05725482106208801;0.0;0.3903927505016327;0.9592304825782776;0.3903927505016327;0.0
0.02982771396636963;0.02982771396636963;0.10328179597854614;0.0;0.39165472984313965;0.7129517793655396;0.39165472984313965;0.0
0.0298750102519989;0.0298750102519989;0.07023978233337402;0.0;0.39223524928092957;0.5736681222915649;0.39223524928092957;0.0
0.030065178871154785;0.030065178871154785;0.07462391257286072;0.0;0.39514249563217163;0.39514249563217163;0.45618003606796265;0.0
0.03011929988861084;0.03011929988861084;0.04841190576553345;0.0;0.39766186475753784;0.9188625812530518;0.39766186475753784;0.0
0.030202925205230713;0.030202925205230713;0.09973502159118652;0.0;0.40280237793922424;0.5619702339172363;0.40280237793922424;0.0
0.030231773853302002;0.030231773853302002;0.12962478399276733;0.0;0.4035852551460266;0.8649085760116577;0.4035852551460266;0.0
0.03028056025505066;0.03028056025505066;0.10374125838279724;0.0;0.40497156977653503;1.0192359685897827;0.40497156977653503;0.0
0.03043392300605774;0.03043392300605774;0.06010459363460541;0.0;0.4055790603160858;0.49219778180122375;0.4055790603160858;0.0
0.03047788143157959;0.03047788143157959;0.051242291927337646;0.0;0.40567293763160706;0.9797137975692749;0.40567293763160706;0.0
0.030669748783111572;0.030669748783111572;0.1021524965763092;0.0;0.41155797243118286;0.4343187212944031;0.41155797243118286;0.0
0.03075064718723297;0.03075064718723297;0.09846080839633942;0.0;0.4145216643810272;0.5892152786254883;0.4145216643810272;0.0
0.030776262283325195;0.030776262283325195;0.07568091154098511;0.0;0.41666916012763977;0.6445253491401672;0.41666916012763977;0.0
0.03088688850402832;0.03088688850402832;0.07089310884475708;0.0;0.41820380091667175;0.6241734027862549;0.41820380091667175;0.0
0.030888497829437256;0.030888497829437256;0.06278568506240845;0.0;0.41840192675590515;0.7413028478622437;0.41840192675590515;0.0
0.030939877033233643;0.030939877033233643;0.11916279792785645;0.0;0.41914963722229004;0.4434869587421417;0.41914963722229004;0.0
0.031204089522361755;0.031204089522361755;0.11078394949436188;0.0;0.4195402264595032;0.5296163558959961;0.4195402264595032;0.0
0.03125697374343872;0.03125697374343872;0.11999145150184631;0.0;0.41977542638778687;0.5784569382667542;0.41977542638778687;0.0
0.031336307525634766;0.031336307525634766;0.08890864998102188;0.0;0.42135387659072876;0.5255529880523682;0.42135387659072876;0.0
0.03140527009963989;0.03140527009963989;0.07453536987304688;0.0;0.4215855896472931;0.6091867685317993;0.4215855896472931;0.0
0.031514763832092285;0.031514763832092285;0.07607632875442505;0.0;0.4226130247116089;0.474568247795105;0.4226130247116089;0.0
0.03159090876579285;0.03159090876579285;0.09019339084625244;0.0;0.42491939663887024;0.8674781322479248;0.42491939663887024;0.0
0.031703025102615356;0.031703025102615356;0.07176125049591064;0.0;0.42612898349761963;1.045487642288208;0.42612898349761963;0.0
0.03176085650920868;0.03176085650920868;0.09354662895202637;0.0;0.4274892508983612;0.619624674320221;0.4274892508983612;0.0
0.03182893991470337;0.03182893991470337;0.05380401015281677;0.0;0.4280778169631958;0.7209889888763428;0.4280778169631958;0.0
0.03187708556652069;0.03187708556652069;0.04350477457046509;0.0;0.4300062358379364;0.6308804154396057;0.4300062358379364;0.0
0.03187975287437439;0.03187975287437439;0.036165088415145874;0.0;0.4300931692123413;0.4300931692123413;0.5017803907394409;0.0
0.032036393880844116;0.032036393880844116;0.053491391241550446;0.0;0.4329008162021637;0.7109363079071045;0.4329008162021637;0.0
0.032144397497177124;0.032144397497177124;0.09445953369140625;0.0;0.4330231249332428;0.768563985824585;0.4330231249332428;0.0
0.03233063220977783;0.03233063220977783;0.09748095273971558;0.0;0.43654748797416687;0.5629008412361145;0.43654748797416687;0.0
0.03244757652282715;0.03244757652282715;0.08942118287086487;0.0;0.4396640956401825;0.5345224142074585;0.4396640956401825;0.0
0.0324862003326416;0.0324862003326416;0.07351186871528625;0.0;0.4406747817993164;0.5571914315223694;0.4406747817993164;0.0
0.03261154890060425;0.03261154890060425;0.08025872707366943;0.0;0.4431151747703552;0.4431151747703552;0.4715764820575714;0.0
0.03267797827720642;0.03267797827720642;0.14008629322052002;0.0;0.44340893626213074;0.7684758305549622;0.44340893626213074;0.0
0.03276100754737854;0.03276100754737854;0.05714896321296692;0.0;0.44557008147239685;0.44557008147239685;2.378556966781616;0.0
0.03276669979095459;0.03276669979095459;0.08101342618465424;0.0;0.4539943337440491;0.890462338924408;0.4539943337440491;0.0
0.03281146287918091;0.03281146287918091;0.10323357582092285;0.0;0.45451289415359497;0.5482757091522217;0.45451289415359497;0.0
0.03281421959400177;0.03281421959400177;0.056259363889694214;0.0;0.4551882743835449;0.5977815389633179;0.4551882743835449;0.0
0.03289368003606796;0.03289368003606796;0.09806331247091293;0.0;0.4556638300418854;0.49259307980537415;0.4556638300418854;0.0
0.032976895570755005;0.032976895570755005;0.08054578304290771;0.0;0.4562535285949707;0.5488860607147217;0.4562535285949707;0.0
0.0330204963684082;0.0330204963684082;0.11539560556411743;0.0;0.4571559727191925;1.0673246383666992;0.4571559727191925;0.0
0.033043622970581055;0.033043622970581055;0.10108572244644165;0.0;0.4575254023075104;0.8679967522621155;0.4575254023075104;0.0
0.033052265644073486;0.033052265644073486;0.0958603173494339;0.0;0.45752760767936707;0.5397322773933411;0.45752760767936707;0.0
0.0331079363822937;0.0331079363822937;0.14238226413726807;0.0;0.4607991576194763;0.5028498768806458;0.4607991576194763;0.0
0.0331653356552124;0.0331653356552124;0.10426419973373413;0.0;0.4641910791397095;0.746350884437561;0.4641910791397095;0.0
0.03317666053771973;0.03317666053771973;0.08642616868019104;0.0;0.464802086353302;0.464802086353302;1.3753151893615723;0.0
0.03320956230163574;0.03320956230163574;0.06826239824295044;0.0;0.4683065414428711;0.4683065414428711;0.48088470101356506;0.0
0.03326010704040527;0.03326010704040527;0.09122669696807861;0.0;0.46945708990097046;0.7625277042388916;0.46945708990097046;0.0
0.03327551484107971;0.03327551484107971;0.0775311291217804;0.0;0.4731980264186859;0.8926892876625061;0.4731980264186859;0.0
0.03363454341888428;0.03363454341888428;0.08910930156707764;0.0;0.476759672164917;0.476759672164917;0.6878637671470642;0.0
0.03365778923034668;0.03365778923034668;0.09652775526046753;0.0;0.47733306884765625;0.7895700931549072;0.47733306884765625;0.0
0.03385162353515625;0.03385162353515625;0.08793115615844727;0.0;0.4813525080680847;0.4813525080680847;0.5098338723182678;0.0
0.03386014699935913;0.03386014699935913;0.07546409964561462;0.0;0.48278379440307617;0.7528307437896729;0.48278379440307617;0.0
0.03391346335411072;0.03391346335411072;0.08614949882030487;0.0;0.48323872685432434;0.5137168169021606;0.48323872685432434;0.0
0.033958062529563904;0.033958062529563904;0.1091272383928299;0.0;0.48525381088256836;1.142947793006897;0.48525381088256836;0.0
0.03402915596961975;0.03402915596961975;0.14551258087158203;0.0;0.48942920565605164;0.7950939536094666;0.48942920565605164;0.0
0.03407633304595947;0.03407633304595947;0.036723434925079346;0.0;0.4895074665546417;0.6021615266799927;0.4895074665546417;0.0
0.03411245346069336;0.03411245346069336;0.09351235628128052;0.0;0.49090367555618286;0.49090367555618286;0.5523785352706909;0.0
0.03416886925697327;0.03416886925697327;0.11292129755020142;0.0;0.4921150803565979;0.4921150803565979;1.0875530242919922;0.0
0.034289658069610596;0.034289658069610596;0.17684203386306763;0.0;0.4924705922603607;0.9130263328552246;0.4924705922603607;0.0
0.03436213731765747;0.03436213731765747;0.07155412435531616;0.0;0.49350589513778687;0.64668869972229;0.49350589513778687;0.0
0.034468650817871094;0.034468650817871094;0.05237317085266113;0.0;0.4944438338279724;0.4944438338279724;0.5185163021087646;0.0
0.03449815511703491;0.03449815511703491;0.06018152832984924;0.0;0.49757277965545654;1.0813485383987427;0.49757277965545654;0.0
0.03457033634185791;0.03457033634185791;0.09121143817901611;0.0;0.4988565444946289;0.5271621346473694;0.4988565444946289;0.0
0.034618228673934937;0.034618228673934937;0.13776613771915436;0.0;0.499909371137619;0.8949152827262878;0.499909371137619;0.0
0.034843310713768005;0.034843310713768005;0.09065179526805878;0.0;0.5026965141296387;0.7437295317649841;0.5026965141296387;0.0
0.03490811586380005;0.03490811586380005;0.07155486196279526;0.0;0.5036336779594421;1.3685237169265747;0.5036336779594421;0.0
0.035293757915496826;0.035293757915496826;0.05683493614196777;0.0;0.5095502734184265;0.9712555408477783;0.5095502734184265;0.0
0.03532642126083374;0.03532642126083374;0.06681619584560394;0.0;0.5121703743934631;0.6391360759735107;0.5121703743934631;0.0
0.035625308752059937;0.035625308752059937;0.08890366554260254;0.0;0.5135013461112976;0.7461447715759277;0.5135013461112976;0.0
0.03580835461616516;0.03580835461616516;0.08937865495681763;0.0;0.5175613760948181;0.6328184604644775;0.5175613760948181;0.0
0.0359170138835907;0.0359170138835907;0.11568629741668701;0.0;0.5215388536453247;0.7486966252326965;0.5215388536453247;0.0
0.036006003618240356;0.036006003618240356;0.08834782242774963;0.0;0.5222794413566589;0.8501304388046265;0.5222794413566589;0.0
0.03615054488182068;0.03615054488182068;0.060333430767059326;0.0;0.5225233435630798;0.9064430594444275;0.5225233435630798;0.0
0.03618531674146652;0.03618531674146652;0.12360423803329468;0.0;0.523963451385498;0.523963451385498;0.747348964214325;0.0
0.03641402721405029;0.03641402721405029;0.0751318484544754;0.0;0.5250997543334961;0.5250997543334961;1.7868255376815796;0.0
0.03642010688781738;0.03642010688781738;0.0795697569847107;0.0;0.5253540873527527;0.5959765315055847;0.5253540873527527;0.0
0.036531925201416016;0.036531925201416016;0.044791340827941895;0.0;0.5304354429244995;0.6957342028617859;0.5304354429244995;0.0
0.036559492349624634;0.036559492349624634;0.07987958192825317;0.0;0.5337637662887573;0.7405961751937866;0.5337637662887573;0.0
0.03693041205406189;0.03693041205406189;0.09721754491329193;0.0;0.534722626209259;0.534722626209259;0.66290682554245;0.0
0.03700757026672363;0.03700757026672363;0.08733117580413818;0.0;0.5357617735862732;0.7984473705291748;0.5357617735862732;0.0
0.03726181387901306;0.03726181387901306;0.06177860498428345;0.0;0.5418444275856018;0.9135931134223938;0.5418444275856018;0.0
0.037269383668899536;0.037269383668899536;0.03914395719766617;0.0;0.5463739633560181;1.2857062816619873;0.5463739633560181;0.0
0.0372922420501709;0.0372922420501709;0.13326871395111084;0.0;0.5484296679496765;0.8617827296257019;0.5484296679496765;0.0
0.03744983673095703;0.03744983673095703;0.05903440713882446;0.0;0.5506674647331238;0.720218300819397;0.5506674647331238;0.0
0.03746616840362549;0.03746616840362549;0.06847554445266724;0.0;0.5510104894638062;0.5510104894638062;0.8002661466598511;0.0
0.037664175033569336;0.037664175033569336;0.08836811780929565;0.0;0.5524823665618896;0.7377071976661682;0.5524823665618896;0.0
0.03775215148925781;0.03775215148925781;0.1080012246966362;0.0;0.5549298524856567;0.9034451842308044;0.5549298524856567;0.0
0.03784528374671936;0.03784528374671936;0.17703911662101746;0.0;0.5552619695663452;0.6845513582229614;0.5552619695663452;0.0
0.037996381521224976;0.037996381521224976;0.11452120542526245;0.0;0.5558679699897766;0.9123513102531433;0.5558679699897766;0.0
0.03847268223762512;0.03847268223762512;0.0817604660987854;0.0;0.556716799736023;0.6166387796401978;0.556716799736023;0.0
0.038548946380615234;0.038548946380615234;0.10574624687433243;0.0;0.5582966804504395;0.8502463698387146;0.5582966804504395;0.0
0.03860577940940857;0.03860577940940857;0.1109471321105957;0.0;0.5591191053390503;0.7969678044319153;0.5591191053390503;0.0
0.038675010204315186;0.038675010204315186;0.07675590366125107;0.0;0.5613671541213989;0.9956144094467163;0.5613671541213989;0.0
0.039007171988487244;0.039007171988487244;0.08853784203529358;0.0;0.5630580186843872;0.7440200448036194;0.5630580186843872;0.0
0.03963214159011841;0.03963214159011841;0.08549898862838745;0.0;0.5649224519729614;1.4619746208190918;0.5649224519729614;0.0
0.039822548627853394;0.039822548627853394;0.0793657898902893;0.0;0.5670499205589294;0.6894172430038452;0.5670499205589294;0.0
0.03987583518028259;0.03987583518028259;0.04791063070297241;0.0;0.5692582726478577;0.9932354688644409;0.5692582726478577;0.0
0.039920270442962646;0.039920270442962646;0.10018929839134216;0.0;0.5698235630989075;0.7397401332855225;0.5698235630989075;0.0
0.04010370373725891;0.04010370373725891;0.06539641320705414;0.0;0.5724381804466248;0.7740194797515869;0.5724381804466248;0.0
0.040129125118255615;0.040129125118255615;0.0429554209113121;0.0;0.5774150490760803;0.9645016193389893;0.5774150490760803;0.0
0.04065680503845215;0.04065680503845215;0.09523463249206543;0.0;0.5808060765266418;0.6155076026916504;0.5808060765266418;0.0
0.04084897041320801;0.04084897041320801;0.07926195859909058;0.0;0.588186502456665;0.7617037892341614;0.588186502456665;0.0
0.04090583324432373;0.04090583324432373;0.06713047623634338;0.0;0.5889545679092407;0.7782191634178162;0.5889545679092407;0.0
0.040945857763290405;0.040945857763290405;0.10411703586578369;0.0;0.5892910957336426;0.8039550185203552;0.5892910957336426;0.0
0.041171133518218994;0.041171133518218994;0.08881864696741104;0.0;0.5900338292121887;0.5900338292121887;0.7044316530227661;0.0
0.041211843490600586;0.041211843490600586;0.10574811697006226;0.0;0.5904496908187866;1.4771969318389893;0.5904496908187866;0.0
0.04131436347961426;0.04131436347961426;0.07258167862892151;0.0;0.5949835777282715;0.938162088394165;0.5949835777282715;0.0
0.04136162996292114;0.04136162996292114;0.11710476875305176;0.0;0.5955560207366943;0.7921749353408813;0.5955560207366943;0.0
0.04141503572463989;0.04141503572463989;0.07795453071594238;0.0;0.5964688062667847;1.041967749595642;0.5964688062667847;0.0
0.04144102334976196;0.04144102334976196;0.12913024425506592;0.0;0.6017463207244873;0.8986568450927734;0.6017463207244873;0.0
0.04146742820739746;0.04146742820739746;0.08589793741703033;0.0;0.6038259863853455;0.6038259863853455;0.6399606466293335;0.0
0.04149305820465088;0.04149305820465088;0.09459739923477173;0.0;0.6053217649459839;1.0931107997894287;0.6053217649459839;0.0
0.04152438044548035;0.04152438044548035;0.11165472865104675;0.0;0.6078166365623474;0.6239134669303894;0.6078166365623474;0.0
0.04158705472946167;0.04158705472946167;0.091885507106781;0.0;0.6104539632797241;0.7433714866638184;0.6104539632797241;0.0
0.04163852334022522;0.04163852334022522;0.09082865715026855;0.0;0.6107765436172485;0.6107765436172485;0.9131039381027222;0.0
0.042139261960983276;0.042139261960983276;0.08452272415161133;0.0;0.6196620464324951;0.6196620464324951;0.988940417766571;0.0
0.04234957695007324;0.04234957695007324;0.10408924520015717;0.0;0.620824933052063;0.620824933052063;1.045511245727539;0.0
0.042438775300979614;0.042438775300979614;0.1419040560722351;0.0;0.6217804551124573;0.6217804551124573;0.7597424983978271;0.0
0.042695313692092896;0.042695313692092896;0.11484217643737793;0.0;0.6266926527023315;1.0711737871170044;0.6266926527023315;0.0
0.04269671440124512;0.04269671440124512;0.14107537269592285;0.0;0.6280455589294434;0.6280455589294434;0.7192940711975098;0.0
0.04280424118041992;0.04280424118041992;0.10310900211334229;0.0;0.6303497552871704;0.7596670985221863;0.6303497552871704;0.0
0.04288440942764282;0.04288440942764282;0.09412366151809692;0.0;0.631237804889679;0.9552331566810608;0.631237804889679;0.0
0.04291069507598877;0.04291069507598877;0.09866476058959961;0.0;0.6333717107772827;0.6333717107772827;2.211141347885132;0.0
0.04314425587654114;0.04314425587654114;0.11763006448745728;0.0;0.6350759863853455;1.1072912216186523;0.6350759863853455;0.0
0.04319930076599121;0.04319930076599121;0.1268094778060913;0.0;0.6379176378250122;0.9871912002563477;0.6379176378250122;0.0
0.04330098628997803;0.04330098628997803;0.0809670090675354;0.0;0.6431002020835876;0.7776939868927002;0.6431002020835876;0.0
0.04333853721618652;0.04333853721618652;0.11337357759475708;0.0;0.6503462195396423;0.7665954828262329;0.6503462195396423;0.0
0.04362630844116211;0.046556636691093445;0.04362630844116211;0.0;0.6526131629943848;0.6871059536933899;0.6526131629943848;0.0
0.04372270405292511;0.04372270405292511;0.08244375884532928;0.0;0.6531644463539124;0.9142331480979919;0.6531644463539124;0.0
0.04391199350357056;0.04391199350357056;0.10537700355052948;0.0;0.6567707061767578;0.8806319236755371;0.6567707061767578;0.0
0.043932557106018066;0.043932557106018066;0.11358028650283813;0.0;0.6569678783416748;0.8973188400268555;0.6569678783416748;0.0
0.044081926345825195;0.044081926345825195;0.09433954954147339;0.0;0.6572807431221008;0.904371440410614;0.6572807431221008;0.0
0.04442533850669861;0.04442533850669861;0.10151416063308716;0.0;0.6577420830726624;0.7967464923858643;0.6577420830726624;0.0
0.044432178139686584;0.044432178139686584;0.11008948087692261;0.0;0.6592775583267212;0.6592775583267212;0.7097979784011841;0.0
0.044438958168029785;0.044438958168029785;0.11585158109664917;0.0;0.6601008772850037;1.4751574993133545;0.6601008772850037;0.0
0.044686704874038696;0.044686704874038696;0.07293379306793213;0.0;0.6637815833091736;0.6724922060966492;0.6637815833091736;0.0
0.044837236404418945;0.044837236404418945;0.15410584211349487;0.0;0.6653817296028137;0.6653817296028137;0.9276657104492188;0.0
0.04495060443878174;0.04495060443878174;0.09051072597503662;0.0;0.6691747307777405;0.6691747307777405;0.706180989742279;0.0
0.04519850015640259;0.04519850015640259;0.10245418548583984;0.0;0.6693660020828247;0.8958481550216675;0.6693660020828247;0.0
0.04523659497499466;0.04523659497499466;0.12381771206855774;0.0;0.6769528388977051;1.2323261499404907;0.6769528388977051;0.0
0.0457596480846405;0.0457596480846405;0.1583818793296814;0.0;0.6801415085792542;1.2099075317382812;0.6801415085792542;0.0
0.04616343975067139;0.04616343975067139;0.08619388937950134;0.0;0.6873056292533875;0.8600585460662842;0.6873056292533875;0.0
0.04626205563545227;0.04626205563545227;0.10515880584716797;0.0;0.6875903606414795;1.0034557580947876;0.6875903606414795;0.0
0.046346187591552734;0.046346187591552734;0.04767340421676636;0.0;0.6899791359901428;0.8932304382324219;0.6899791359901428;0.0
0.04647371917963028;0.04647371917963028;0.10848882794380188;0.0;0.6916238069534302;0.6916238069534302;0.9605245590209961;0.0
0.046479105949401855;0.046479105949401855;0.07921665906906128;0.0;0.6933911442756653;0.8671764135360718;0.6933911442756653;0.0
0.046574413776397705;0.046574413776397705;0.13550907373428345;0.0;0.7091726660728455;1.5468997955322266;0.7091726660728455;0.0
0.046639442443847656;0.048861920833587646;0.046639442443847656;0.0;0.7149574160575867;0.7149574160575867;0.9780759215354919;0.0
0.04670727252960205;0.04670727252960205;0.10785399377346039;0.0;0.7152911424636841;0.7497864961624146;0.7152911424636841;0.0
0.046779781579971313;0.046779781579971313;0.09688308835029602;0.0;0.7232451438903809;1.0336987972259521;0.7232451438903809;0.0
0.04698437452316284;0.04698437452316284;0.10372757911682129;0.0;0.7300546169281006;1.0528472661972046;0.7300546169281006;0.0
0.04765745997428894;0.04765745997428894;0.08171442151069641;0.0;0.7325628399848938;1.0034706592559814;0.7325628399848938;0.0
0.04780060052871704;0.04780060052871704;0.12540441751480103;0.0;0.7346922755241394;0.9634869694709778;0.7346922755241394;0.0
0.04781681299209595;0.04781681299209595;0.1158519983291626;0.0;0.7348967790603638;0.7348967790603638;1.354547142982483;0.0
0.04800024628639221;0.04800024628639221;0.13424335420131683;0.0;0.7398573756217957;1.2342294454574585;0.7398573756217957;0.0
0.048003196716308594;0.048003196716308594;0.09502255916595459;0.0;0.7412201166152954;0.9027718901634216;0.7412201166152954;0.0
0.04817202687263489;0.04817202687263489;0.06510567665100098;0.0;0.7419504523277283;0.7419504523277283;1.3962374925613403;0.0
0.04820631444454193;0.04820631444454193;0.11735016107559204;0.0;0.7481450438499451;0.7947896122932434;0.7481450438499451;0.0
0.04842609167098999;0.04842609167098999;0.12589263916015625;0.0;0.7492486238479614;0.9254812002182007;0.7492486238479614;0.0
0.04868718981742859;0.04868718981742859;0.10035759210586548;0.0;0.7605039477348328;0.7605039477348328;0.9187259674072266;0.0
0.049549877643585205;0.049549877643585205;0.08773437142372131;0.0;0.7624669671058655;1.1371028423309326;0.7624669671058655;0.0
0.04965869337320328;0.04965869337320328;0.08883625268936157;0.0;0.7678083181381226;1.1482731103897095;0.7678083181381226;0.0
0.049732327461242676;0.049732327461242676;0.1469484269618988;0.0;0.7781739234924316;1.175912618637085;0.7781739234924316;0.0
0.04986339807510376;0.04986339807510376;0.1125791072845459;0.0;0.7845269441604614;0.8697287440299988;0.7845269441604614;0.0
0.050074417144060135;0.050074417144060135;0.13393346965312958;0.0;0.784923791885376;0.8503802418708801;0.784923791885376;0.0
0.05024939775466919;0.05024939775466919;0.1424994170665741;0.0;0.7922582030296326;1.2591396570205688;0.7922582030296326;0.0
0.050389647483825684;0.050389647483825684;0.07114654779434204;0.0;0.8107524514198303;1.5552630424499512;0.8107524514198303;0.0
0.05055433511734009;0.05055433511734009;0.18646201491355896;0.0;0.8258821368217468;1.3070834875106812;0.8258821368217468;0.0
0.05081409215927124;0.05081409215927124;0.14670442044734955;0.0;0.834196925163269;1.5145537853240967;0.834196925163269;0.0
0.05123966932296753;0.05123966932296753;0.10692489147186279;0.0;0.8602899312973022;1.4828754663467407;0.8602899312973022;0.0
0.051630228757858276;0.051630228757858276;0.06999105215072632;0.0;0.8662089705467224;1.3711875677108765;0.8662089705467224;0.0
0.052181243896484375;0.052181243896484375;0.09356743097305298;0.0;0.8726409673690796;1.7401883602142334;0.8726409673690796;0.0
0.05262333154678345;0.05262333154678345;0.09932923316955566;0.0;0.8813256025314331;0.8813256025314331;1.6221096515655518;0.0
0.05381941795349121;0.05381941795349121;0.1125798225402832;0.0;0.8942768573760986;1.1229612827301025;0.8942768573760986;0.0
0.05475956201553345;0.05475956201553345;0.11700642108917236;0.0;0.9000040292739868;2.414944887161255;0.9000040292739868;0.0
0.05595129728317261;0.05595129728317261;0.14202961325645447;0.0;0.9235185980796814;0.9456740021705627;0.9235185980796814;0.0
0.05616685748100281;0.05616685748100281;0.1476307511329651;0.0;0.9258407354354858;1.5585367679595947;0.9258407354354858;0.0
0.05638939142227173;0.0657421350479126;0.05638939142227173;0.0;0.946485698223114;0.946485698223114;3.2630317211151123;0.0
0.0575525164604187;0.0575525164604187;0.1237693727016449;0.0;0.9538175463676453;0.9538175463676453;0.9832319617271423;0.0
0.05774727463722229;0.05774727463722229;0.10357868671417236;0.0;0.9625804424285889;0.9908913969993591;0.9625804424285889;0.0
0.057751357555389404;0.057751357555389404;0.15816302597522736;0.0;0.9783865809440613;1.1667003631591797;0.9783865809440613;0.0
0.058637432754039764;0.058637432754039764;0.09253987669944763;0.0;0.9851545095443726;1.3459073305130005;0.9851545095443726;0.0
0.0599403977394104;0.0599403977394104;0.12143656611442566;0.0;1.008890151977539;1.008890151977539;1.2956064939498901;0.0
0.060343146324157715;0.060343146324157715;0.13423165678977966;0.0;1.0224906206130981;1.9711863994598389;1.0224906206130981;0.0
0.06111310422420502;0.06111310422420502;0.16351842880249023;0.0;1.0263015031814575;1.176514744758606;1.0263015031814575;0.0
0.06132221221923828;0.06132221221923828;0.11115527153015137;0.0;1.031511664390564;1.47707200050354;1.031511664390564;0.0
0.0628146231174469;0.0628146231174469;0.161317840218544;0.0;1.0348621606826782;1.710219383239746;1.0348621606826782;0.0
0.06337094306945801;0.06337094306945801;0.13802550733089447;0.0;1.0351814031600952;1.0351814031600952;1.1500767469406128;0.0
0.06390136480331421;0.06390136480331421;0.1393870711326599;0.0;1.0369466543197632;1.489194393157959;1.0369466543197632;0.0
0.06400108337402344;0.06400108337402344;0.11503878235816956;0.0;1.052603840827942;1.0567278861999512;1.052603840827942;0.0
0.06500822305679321;0.06500822305679321;0.14771229028701782;0.0;1.0776443481445312;1.3810832500457764;1.0776443481445312;0.0
0.06552726030349731;0.06552726030349731;0.09708559513092041;0.0;1.09450101852417;1.1728503704071045;1.09450101852417;0.0
0.06571310758590698;0.06571310758590698;0.12031641602516174;0.0;1.1221132278442383;1.1221132278442383;1.1522172689437866;0.0
0.06619638204574585;0.06619638204574585;0.1504691243171692;0.0;1.122613787651062;1.3099552392959595;1.122613787651062;0.0
0.0685051679611206;0.0685051679611206;0.15089744329452515;0.0;1.1231915950775146;1.4419536590576172;1.1231915950775146;0.0
0.06971853971481323;0.06971853971481323;0.13001863658428192;0.0;1.1375678777694702;1.1375678777694702;1.4022425413131714;0.0
0.0697447657585144;0.0697447657585144;0.1981658935546875;0.0;1.1557011604309082;1.6465858221054077;1.1557011604309082;0.0
0.07050955295562744;0.07050955295562744;0.21443399786949158;0.0;1.180281639099121;1.180281639099121;1.4953727722167969;0.0
0.0707811713218689;0.0707811713218689;0.16586685180664062;0.0;1.1839210987091064;1.187118649482727;1.1839210987091064;0.0
0.0727769136428833;0.0727769136428833;0.14664852619171143;0.0;1.2623811960220337;1.5976289510726929;1.2623811960220337;0.0
0.073635995388031;0.073635995388031;0.09765207767486572;0.0;1.2697558403015137;1.3085883855819702;1.2697558403015137;0.0
0.07709330320358276;0.07709330320358276;0.11796802282333374;0.0;1.3349429368972778;1.9345380067825317;1.3349429368972778;0.0
0.07726393640041351;0.07726393640041351;0.1796904355287552;0.0;1.3665509223937988;1.7766889333724976;1.3665509223937988;0.0
0.07807183265686035;0.07807183265686035;0.11707645654678345;0.0;1.368082046508789;1.368082046508789;1.81211519241333;0.0
0.07868194580078125;0.07868194580078125;0.2643985152244568;0.0;1.438130497932434;1.5279498100280762;1.438130497932434;0.0
0.08075189590454102;0.08075189590454102;0.20510762929916382;0.0;1.4959256649017334;1.4959256649017334;1.5126392841339111;0.0
0.08173477649688721;0.08173477649688721;0.2208065390586853;0.0;1.6314290761947632;2.0945398807525635;1.6314290761947632;0.0
0.08389246463775635;0.08389246463775635;0.15627557039260864;0.0;1.7440216541290283;1.7440216541290283;43.76795959472656;0.0
0.08552587032318115;0.08552587032318115;0.22006595134735107;0.0;1.7961190938949585;1.7961190938949585;2.169050455093384;0.0
0.08661758899688721;0.08661758899688721;0.12394571304321289;0.0;1.8606269359588623;1.8606269359588623;1.9465612173080444;0.0
0.08841323852539062;0.08841323852539062;0.24671852588653564;0.0;1.8706284761428833;1.8706284761428833;1.92086660861969;0.0
0.10570719838142395;0.10570719838142395;0.1327875852584839;0.0;1.9697028398513794;1.9697028398513794;3.270223617553711;0.0
0.14060211181640625;0.14060211181640625;0.14731961488723755;0.0;3.282353639602661;3.282353639602661;40.18000411987305;0.0
