inf-norm-min-adv-dist;inf-norm-PGD-dist;inf-norm-sec-att-dist;inf-norm-Clever-0.0-samples;2-norm-min-adv-dist;2-norm-PGD-dist;2-norm-sec-att-dist;2-norm-Clever-0.0-samples
0.0;0.0;0.0;0.0;0.0;0.0;0.0;0.0
0.0010000020265579224;0.0010000020265579224;0.02620367705821991;0.0;0.012799147516489029;0.017218634486198425;0.012799147516489029;0.0
0.001000046730041504;0.001000046730041504;0.008362412452697754;0.0;0.01721283420920372;0.023632433265447617;0.01721283420920372;0.0
0.0020000040531158447;0.0020000040531158447;0.018246516585350037;0.0;0.02839241549372673;0.06049834564328194;0.02839241549372673;0.0
0.0020000040531158447;0.0020000040531158447;0.016465261578559875;0.0;0.03163968771696091;0.04701797664165497;0.03163968771696091;0.0
0.002000093460083008;0.002000093460083008;0.02948799729347229;0.0;0.03309139236807823;0.04315663501620293;0.03309139236807823;0.0
0.002000093460083008;0.002000093460083008;0.023987889289855957;0.0;0.03455943241715431;0.04343317076563835;0.03455943241715431;0.0
0.0024999678134918213;0.0024999678134918213;0.017539650201797485;0.0;0.03619487211108208;0.03619487211108208;0.06337906420230865;0.0
0.002500005066394806;0.002500005066394806;0.033671483397483826;0.0;0.03706984594464302;0.049765534698963165;0.03706984594464302;0.0
0.0025001168251037598;0.0025001168251037598;0.02637295424938202;0.0;0.037745773792266846;0.037745773792266846;0.06544777750968933;0.0
0.0025001168251037598;0.0025001168251037598;0.037045612931251526;0.0;0.03857846185564995;0.03857846185564995;0.09733184427022934;0.0
0.0025001168251037598;0.0025001168251037598;0.06329077482223511;0.0;0.039408355951309204;0.05706271529197693;0.039408355951309204;0.0
0.003000006079673767;0.003000006079673767;0.033980339765548706;0.0;0.04141337797045708;0.055966801941394806;0.04141337797045708;0.0
0.003000006079673767;0.003000006079673767;0.038641199469566345;0.0;0.04265883192420006;0.04265883192420006;0.06870336830615997;0.0
0.003000006079673767;0.003000006079673767;0.02787882834672928;0.0;0.04413082078099251;0.06394379585981369;0.04413082078099251;0.0
0.003000006079673767;0.003000006079673767;0.02200154960155487;0.0;0.04427646845579147;0.04427646845579147;0.06696239858865738;0.0
0.003000006079673767;0.003000006079673767;0.019871599972248077;0.0;0.0457596629858017;0.11029022186994553;0.0457596629858017;0.0
0.003000006079673767;0.003000006079673767;0.02777489274740219;0.0;0.04757850617170334;0.06288395822048187;0.04757850617170334;0.0
0.00349995493888855;0.00349995493888855;0.07188399136066437;0.0;0.04852806776762009;0.06270056217908859;0.04852806776762009;0.0
0.0035000070929527283;0.0035000070929527283;0.01488775759935379;0.0;0.04896509647369385;0.0671503096818924;0.04896509647369385;0.0
0.0040000081062316895;0.0040000081062316895;0.024070613086223602;0.0;0.049670424312353134;0.07089512050151825;0.049670424312353134;0.0
0.0040000081062316895;0.0040000081062316895;0.03963705897331238;0.0;0.052140481770038605;0.07693330198526382;0.052140481770038605;0.0
0.0040000081062316895;0.0040000081062316895;0.026621714234352112;0.0;0.052297238260507584;0.052297238260507584;0.06322566419839859;0.0
0.0040000081062316895;0.0040000081062316895;0.03670525550842285;0.0;0.05499515309929848;0.06386460363864899;0.05499515309929848;0.0
0.004499942064285278;0.004499942064285278;0.029708892107009888;0.0;0.05536315590143204;0.14078138768672943;0.05536315590143204;0.0
0.004500009119510651;0.004500009119510651;0.02816162258386612;0.0;0.059567712247371674;0.059567712247371674;0.07803205400705338;0.0
0.004500009119510651;0.004500009119510651;0.02457914501428604;0.0;0.05968056991696358;0.0691901221871376;0.05968056991696358;0.0
0.004500009119510651;0.004500009119510651;0.03387093544006348;0.0;0.06043523922562599;0.08745606243610382;0.06043523922562599;0.0
0.004500009119510651;0.004500009119510651;0.017962858080863953;0.0;0.0629749596118927;0.09325240552425385;0.0629749596118927;0.0
0.005000010132789612;0.005000010132789612;0.09893903136253357;0.0;0.06314323097467422;0.101103775203228;0.06314323097467422;0.0
0.005000010132789612;0.005000010132789612;0.03480825573205948;0.0;0.06353535503149033;0.0639818012714386;0.06353535503149033;0.0
0.005000010132789612;0.005000010132789612;0.04044818878173828;0.0;0.06389018893241882;0.09280584007501602;0.06389018893241882;0.0
0.005000010132789612;0.005000010132789612;0.04590246081352234;0.0;0.06514041870832443;0.06514041870832443;0.1401348114013672;0.0
0.005451470613479614;0.005451470613479614;0.033899933099746704;0.0;0.06563923507928848;0.06563923507928848;0.18072526156902313;0.0
0.005485951900482178;0.005485951900482178;0.07389669120311737;0.0;0.06682498753070831;0.1721733659505844;0.06682498753070831;0.0
0.005499929189682007;0.005499929189682007;0.08746910095214844;0.0;0.0672025978565216;0.08334536105394363;0.0672025978565216;0.0
0.005499929189682007;0.005499929189682007;0.03761085867881775;0.0;0.06949394196271896;0.08663470298051834;0.06949394196271896;0.0
0.005499929189682007;0.005499929189682007;0.025343388319015503;0.0;0.07154142111539841;0.07154142111539841;0.0729614645242691;0.0
0.005500011146068573;0.005500011146068573;0.01842639595270157;0.0;0.0739416852593422;0.09792327135801315;0.0739416852593422;0.0
0.005772091448307037;0.005772091448307037;0.042461663484573364;0.0;0.07593999803066254;0.22739003598690033;0.07593999803066254;0.0
0.00587734580039978;0.00587734580039978;0.02164522558450699;0.0;0.07624159008264542;0.07624159008264542;0.09087888151407242;0.0
0.005902767181396484;0.005902767181396484;0.11774812638759613;0.0;0.07826074957847595;0.12552133202552795;0.07826074957847595;0.0
0.00591278076171875;0.00591278076171875;0.09531474113464355;0.0;0.08014264702796936;0.08450260013341904;0.08014264702796936;0.0
0.005942702293395996;0.005942702293395996;0.06793888658285141;0.0;0.0806557908654213;0.10437241941690445;0.0806557908654213;0.0
0.0059563517570495605;0.0059563517570495605;0.044578853994607925;0.0;0.08212638646364212;0.1158992126584053;0.08212638646364212;0.0
0.005962438881397247;0.005962438881397247;0.06099924445152283;0.0;0.08283838629722595;0.10138651728630066;0.08283838629722595;0.0
0.005999922752380371;0.005999922752380371;0.09339500218629837;0.0;0.0835472047328949;0.1385909765958786;0.0835472047328949;0.0
0.006305664777755737;0.006305664777755737;0.052691131830215454;0.0;0.08433258533477783;0.13368263840675354;0.08433258533477783;0.0
0.006310291588306427;0.006310291588306427;0.06606601178646088;0.0;0.08453498780727386;0.14528153836727142;0.08453498780727386;0.0
0.006343767046928406;0.006343767046928406;0.12542498111724854;0.0;0.08500810712575912;0.1288592517375946;0.08500810712575912;0.0
0.006392315030097961;0.006392315030097961;0.03348860144615173;0.0;0.08502651751041412;0.14961126446723938;0.08502651751041412;0.0
0.006395220756530762;0.006395220756530762;0.07561846077442169;0.0;0.08546025305986404;0.10221733897924423;0.08546025305986404;0.0
0.00640869140625;0.00640869140625;0.038540273904800415;0.0;0.08554096519947052;0.09689872711896896;0.08554096519947052;0.0
0.006430268287658691;0.006430268287658691;0.03389793634414673;0.0;0.08591639250516891;0.10321695357561111;0.08591639250516891;0.0
0.006433084607124329;0.006433084607124329;0.10206766426563263;0.0;0.08673005551099777;0.16088758409023285;0.08673005551099777;0.0
0.006647780537605286;0.006647780537605286;0.038651324808597565;0.0;0.08675462007522583;0.177221417427063;0.08675462007522583;0.0
0.006648361682891846;0.006648361682891846;0.02605392038822174;0.0;0.08780135214328766;0.20027951896190643;0.08780135214328766;0.0
0.00666537880897522;0.00666537880897522;0.0731835812330246;0.0;0.08788314461708069;0.125203937292099;0.08788314461708069;0.0
0.006672944873571396;0.006672944873571396;0.030321847647428513;0.0;0.08836913108825684;0.12531360983848572;0.08836913108825684;0.0
0.006711006164550781;0.006711006164550781;0.03287976235151291;0.0;0.08857184648513794;0.11606141924858093;0.08857184648513794;0.0
0.00674072653055191;0.00674072653055191;0.03915580362081528;0.0;0.08900360763072968;0.10121168196201324;0.08900360763072968;0.0
0.006774574518203735;0.006774574518203735;0.03750479221343994;0.0;0.09064260870218277;0.14315485954284668;0.09064260870218277;0.0
0.006776541471481323;0.006776541471481323;0.03325137495994568;0.0;0.09076488763093948;0.13045504689216614;0.09076488763093948;0.0
0.006783135235309601;0.006783135235309601;0.04363188147544861;0.0;0.09118583798408508;0.09995541721582413;0.09118583798408508;0.0
0.0067871734499931335;0.0067871734499931335;0.026169218122959137;0.0;0.09154554456472397;0.13280117511749268;0.09154554456472397;0.0
0.006800413131713867;0.006800413131713867;0.03543062508106232;0.0;0.09292321652173996;0.15670090913772583;0.09292321652173996;0.0
0.006806127727031708;0.006806127727031708;0.04337155818939209;0.0;0.09293141961097717;0.18353183567523956;0.09293141961097717;0.0
0.00683516263961792;0.00683516263961792;0.04936590790748596;0.0;0.09429533779621124;0.2823956608772278;0.09429533779621124;0.0
0.006889015436172485;0.006889015436172485;0.05366218090057373;0.0;0.09470681101083755;0.17207752168178558;0.09470681101083755;0.0
0.007211312651634216;0.007211312651634216;0.06156662106513977;0.0;0.09527205675840378;0.15045921504497528;0.09527205675840378;0.0
0.00724397599697113;0.00724397599697113;0.08180632442235947;0.0;0.09549447894096375;0.1263268142938614;0.09549447894096375;0.0
0.007259592413902283;0.007259592413902283;0.0563940703868866;0.0;0.0955125242471695;0.14601893723011017;0.0955125242471695;0.0
0.007269799709320068;0.007269799709320068;0.05522209405899048;0.0;0.09555834531784058;0.17946785688400269;0.09555834531784058;0.0
0.007288485765457153;0.007288485765457153;0.10035979747772217;0.0;0.09658525884151459;0.20484913885593414;0.09658525884151459;0.0
0.007297635078430176;0.007297635078430176;0.1597891002893448;0.0;0.09718749672174454;0.186493381857872;0.09718749672174454;0.0
0.007299210876226425;0.007299210876226425;0.03943473473191261;0.0;0.0976877436041832;0.14905816316604614;0.0976877436041832;0.0
0.007304012775421143;0.007304012775421143;0.06978808343410492;0.0;0.09807991236448288;0.14752715826034546;0.09807991236448288;0.0
0.007316425442695618;0.007316425442695618;0.0837685763835907;0.0;0.09809526801109314;0.19027388095855713;0.09809526801109314;0.0
0.0073292553424835205;0.0073292553424835205;0.06536130607128143;0.0;0.09845932573080063;0.13592475652694702;0.09845932573080063;0.0
0.007358413189649582;0.007358413189649582;0.03160291910171509;0.0;0.09894105046987534;0.1649945229291916;0.09894105046987534;0.0
0.0073645710945129395;0.0073645710945129395;0.028260841965675354;0.0;0.09908191114664078;0.21169836819171906;0.09908191114664078;0.0
0.007402379065752029;0.007402379065752029;0.0392865389585495;0.0;0.09963899850845337;0.13419438898563385;0.09963899850845337;0.0
0.007414907217025757;0.007414907217025757;0.11310482025146484;0.0;0.1001024842262268;0.19329990446567535;0.1001024842262268;0.0
0.007417395710945129;0.007417395710945129;0.041266314685344696;0.0;0.10108069330453873;0.22270871698856354;0.10108069330453873;0.0
0.007571399211883545;0.007571399211883545;0.0424606129527092;0.0;0.10109414160251617;0.12571965157985687;0.10109414160251617;0.0
0.0076492950320243835;0.0076492950320243835;0.04627964645624161;0.0;0.10174679011106491;0.1220082938671112;0.10174679011106491;0.0
0.007728219032287598;0.007728219032287598;0.027391772717237473;0.0;0.10235863924026489;0.1442076861858368;0.10235863924026489;0.0
0.0077437907457351685;0.0077437907457351685;0.045470915734767914;0.0;0.10261503607034683;0.12604264914989471;0.10261503607034683;0.0
0.007770642638206482;0.007770642638206482;0.024148397147655487;0.0;0.10318845510482788;0.10994188487529755;0.10318845510482788;0.0
0.00781702995300293;0.00781702995300293;0.058256447315216064;0.0;0.10352935642004013;0.17306725680828094;0.10352935642004013;0.0
0.0078362375497818;0.0078362375497818;0.08559054136276245;0.0;0.10374036431312561;0.20208005607128143;0.10374036431312561;0.0
0.007836490869522095;0.007836490869522095;0.1716102957725525;0.0;0.10387177020311356;0.17961589992046356;0.10387177020311356;0.0
0.007838308811187744;0.007838308811187744;0.0374850332736969;0.0;0.10453591495752335;0.12362641841173172;0.10453591495752335;0.0
0.00784921646118164;0.00784921646118164;0.12313401699066162;0.0;0.10491326451301575;0.16730204224586487;0.10491326451301575;0.0
0.007903583347797394;0.007903583347797394;0.04624257981777191;0.0;0.10547500848770142;0.12695471942424774;0.10547500848770142;0.0
0.007911533117294312;0.007911533117294312;0.06696563959121704;0.0;0.10592018067836761;0.17791037261486053;0.10592018067836761;0.0
0.00794392079114914;0.00794392079114914;0.05152549594640732;0.0;0.10629751533269882;0.10629751533269882;0.10804688930511475;0.0
0.008075639605522156;0.008075639605522156;0.049515485763549805;0.0;0.10635130107402802;0.1206822395324707;0.10635130107402802;0.0
0.008098158985376358;0.008098158985376358;0.02515481412410736;0.0;0.10676652193069458;0.10676652193069458;0.14281973242759705;0.0
0.008100435137748718;0.008100435137748718;0.06928609311580658;0.0;0.10681799054145813;0.11830121278762817;0.10681799054145813;0.0
0.008101359009742737;0.008101359009742737;0.039215072989463806;0.0;0.10699750483036041;0.10699750483036041;0.12441940605640411;0.0
0.008122235536575317;0.008122235536575317;0.16280081868171692;0.0;0.10706797987222672;0.1968274563550949;0.10706797987222672;0.0
0.00817222148180008;0.00817222148180008;0.06369738280773163;0.0;0.10760406404733658;0.14004911482334137;0.10760406404733658;0.0
0.008176684379577637;0.008176684379577637;0.040378421545028687;0.0;0.10800521075725555;0.12698878347873688;0.10800521075725555;0.0
0.008270308375358582;0.008270308375358582;0.1146249771118164;0.0;0.10896103829145432;0.14509648084640503;0.10896103829145432;0.0
0.008316397666931152;0.008316397666931152;0.06477987766265869;0.0;0.10944152623414993;0.15961116552352905;0.10944152623414993;0.0
0.0083371102809906;0.0083371102809906;0.07411453127861023;0.0;0.11082320660352707;0.2096860408782959;0.11082320660352707;0.0
0.008349522948265076;0.008349522948265076;0.14239239692687988;0.0;0.11096511781215668;0.16957160830497742;0.11096511781215668;0.0
0.008443012833595276;0.008443012833595276;0.0693073719739914;0.0;0.11186827719211578;0.13424405455589294;0.11186827719211578;0.0
0.008460789918899536;0.008460789918899536;0.10889172554016113;0.0;0.11205147206783295;0.1984677016735077;0.11205147206783295;0.0
0.008513987064361572;0.008513987064361572;0.06645697355270386;0.0;0.1129881888628006;0.15197916328907013;0.1129881888628006;0.0
0.008532878011465073;0.008532878011465073;0.052028436213731766;0.0;0.11305232346057892;0.19890251755714417;0.11305232346057892;0.0
0.00859321653842926;0.00859321653842926;0.12342814356088638;0.0;0.11350618302822113;0.1826423555612564;0.11350618302822113;0.0
0.008603222668170929;0.008603222668170929;0.061469972133636475;0.0;0.11367710679769516;0.3306422829627991;0.11367710679769516;0.0
0.00860673189163208;0.00860673189163208;0.05668449401855469;0.0;0.11381640285253525;0.11381640285253525;0.11594946682453156;0.0
0.008610468357801437;0.008610468357801437;0.03615851700305939;0.0;0.11386328190565109;0.1331619769334793;0.11386328190565109;0.0
0.008611686527729034;0.008611686527729034;0.05223628878593445;0.0;0.1139037162065506;0.3107408285140991;0.1139037162065506;0.0
0.008613094687461853;0.008613094687461853;0.06705054640769958;0.0;0.11402998864650726;0.19471438229084015;0.11402998864650726;0.0
0.008613213896751404;0.008613213896751404;0.04165993630886078;0.0;0.1140989363193512;0.14760339260101318;0.1140989363193512;0.0
0.008643239736557007;0.008643239736557007;0.09625103324651718;0.0;0.11427395790815353;0.155344620347023;0.11427395790815353;0.0
0.008644983172416687;0.008644983172416687;0.18983371555805206;0.0;0.11488750576972961;0.13890083134174347;0.11488750576972961;0.0
0.008669912815093994;0.008669912815093994;0.06856757402420044;0.0;0.11580754816532135;0.16576100885868073;0.11580754816532135;0.0
0.008673295378684998;0.008673295378684998;0.13388004899024963;0.0;0.11622244864702225;0.13138209283351898;0.11622244864702225;0.0
0.008675210177898407;0.008675210177898407;0.050407856702804565;0.0;0.11650557070970535;0.13244518637657166;0.11650557070970535;0.0
0.008685410022735596;0.008685410022735596;0.09130918979644775;0.0;0.11669306457042694;0.34838056564331055;0.11669306457042694;0.0
0.008703097701072693;0.008703097701072693;0.0930304005742073;0.0;0.11742731183767319;0.14329887926578522;0.11742731183767319;0.0
0.008798494935035706;0.008798494935035706;0.030866339802742004;0.0;0.11751589924097061;0.18258383870124817;0.11751589924097061;0.0
0.008824288845062256;0.008824288845062256;0.03888501226902008;0.0;0.11789321154356003;0.14339813590049744;0.11789321154356003;0.0
0.008847005665302277;0.008847005665302277;0.04107830673456192;0.0;0.11804556101560593;0.16097091138362885;0.11804556101560593;0.0
0.008873321115970612;0.008873321115970612;0.05362657457590103;0.0;0.11840301752090454;0.15951301157474518;0.11840301752090454;0.0
0.008899196982383728;0.008899196982383728;0.08473347127437592;0.0;0.11935114115476608;0.13476547598838806;0.11935114115476608;0.0
0.00893169641494751;0.00893169641494751;0.08668334782123566;0.0;0.11961989104747772;0.16311421990394592;0.11961989104747772;0.0
0.008966296911239624;0.008966296911239624;0.055594995617866516;0.0;0.12031697481870651;0.13965144753456116;0.12031697481870651;0.0
0.00897996872663498;0.00897996872663498;0.04065094143152237;0.0;0.12133350223302841;0.18749327957630157;0.12133350223302841;0.0
0.008986786007881165;0.008986786007881165;0.04671240597963333;0.0;0.12133500725030899;0.31510990858078003;0.12133500725030899;0.0
0.008997544646263123;0.008997544646263123;0.026492252945899963;0.0;0.12172521650791168;0.2084570825099945;0.12172521650791168;0.0
0.009045496582984924;0.009045496582984924;0.09464187920093536;0.0;0.12186111509799957;0.14096714556217194;0.12186111509799957;0.0
0.009129650890827179;0.009129650890827179;0.031365055590867996;0.0;0.12243293225765228;0.1428818553686142;0.12243293225765228;0.0
0.00915953516960144;0.00915953516960144;0.037664368748664856;0.0;0.1227106973528862;0.1361808478832245;0.1227106973528862;0.0
0.009281694889068604;0.009281694889068604;0.12336695194244385;0.0;0.12286780029535294;0.15510153770446777;0.12286780029535294;0.0
0.009288787841796875;0.009288787841796875;0.059166520833969116;0.0;0.12287606298923492;0.16603922843933105;0.12287606298923492;0.0
0.009297281503677368;0.009297281503677368;0.0429789163172245;0.0;0.12290903925895691;0.14086319506168365;0.12290903925895691;0.0
0.009300291538238525;0.009300291538238525;0.07836223393678665;0.0;0.12314040213823318;0.13078172504901886;0.12314040213823318;0.0
0.009317994117736816;0.009317994117736816;0.047783225774765015;0.0;0.12427861988544464;0.15180329978466034;0.12427861988544464;0.0
0.009318232536315918;0.009318232536315918;0.11631269007921219;0.0;0.1245327964425087;0.1382775604724884;0.1245327964425087;0.0
0.009335577487945557;0.009335577487945557;0.04606550931930542;0.0;0.1247357651591301;0.16634953022003174;0.1247357651591301;0.0
0.009341001510620117;0.009341001510620117;0.07722155749797821;0.0;0.12529356777668;0.14574642479419708;0.12529356777668;0.0
0.009357042610645294;0.009357042610645294;0.11417925357818604;0.0;0.1253165602684021;0.17038269340991974;0.1253165602684021;0.0
0.00935804471373558;0.00935804471373558;0.029065914452075958;0.0;0.1253955066204071;0.2760721445083618;0.1253955066204071;0.0
0.00938887894153595;0.00938887894153595;0.0986005887389183;0.0;0.12549357116222382;0.16279257833957672;0.12549357116222382;0.0
0.009408354759216309;0.009408354759216309;0.04311650991439819;0.0;0.12618818879127502;0.33562707901000977;0.12618818879127502;0.0
0.009421050548553467;0.009421050548553467;0.04353499412536621;0.0;0.12665294110774994;0.15509745478630066;0.12665294110774994;0.0
0.009423315525054932;0.009423315525054932;0.06918811798095703;0.0;0.1267293095588684;0.18354104459285736;0.1267293095588684;0.0
0.009430259466171265;0.009430259466171265;0.060716137290000916;0.0;0.12710672616958618;0.17557409405708313;0.12710672616958618;0.0
0.009451597929000854;0.009451597929000854;0.07034123688936234;0.0;0.12723654508590698;0.17905135452747345;0.12723654508590698;0.0
0.009465962648391724;0.009465962648391724;0.08510661125183105;0.0;0.12734048068523407;0.20530840754508972;0.12734048068523407;0.0
0.009477227926254272;0.009477227926254272;0.03367742896080017;0.0;0.12742364406585693;0.12952063977718353;0.12742364406585693;0.0
0.009517788887023926;0.009517788887023926;0.11867883056402206;0.0;0.12782742083072662;0.12782742083072662;0.13559022545814514;0.0
0.009523570537567139;0.009523570537567139;0.03744712471961975;0.0;0.12796615064144135;0.12796615064144135;0.1470596343278885;0.0
0.009539037942886353;0.009539037942886353;0.032132841646671295;0.0;0.12953592836856842;0.19930359721183777;0.12953592836856842;0.0
0.009555339813232422;0.009555339813232422;0.026315033435821533;0.0;0.130215123295784;0.15479637682437897;0.130215123295784;0.0
0.009607195854187012;0.009607195854187012;0.14881721138954163;0.0;0.13154326379299164;0.1691899597644806;0.13154326379299164;0.0
0.009655743837356567;0.009655743837356567;0.10250844806432724;0.0;0.13160638511180878;0.2090364396572113;0.13160638511180878;0.0
0.009705722332000732;0.009705722332000732;0.05068153142929077;0.0;0.13182410597801208;0.18958772718906403;0.13182410597801208;0.0
0.00971810519695282;0.00971810519695282;0.07419274002313614;0.0;0.1319785863161087;0.18050949275493622;0.1319785863161087;0.0
0.009726058691740036;0.009726058691740036;0.0745801031589508;0.0;0.13206300139427185;0.20326586067676544;0.13206300139427185;0.0
0.009772390127182007;0.009772390127182007;0.1288718432188034;0.0;0.13240203261375427;0.24017444252967834;0.13240203261375427;0.0
0.009787201881408691;0.009787201881408691;0.059910848736763;0.0;0.13340595364570618;0.23868516087532043;0.13340595364570618;0.0
0.009812325239181519;0.009812325239181519;0.06405103206634521;0.0;0.1340368241071701;0.1468021124601364;0.1340368241071701;0.0
0.009812675416469574;0.009812675416469574;0.10786271840333939;0.0;0.13409605622291565;0.1673484891653061;0.13409605622291565;0.0
0.009863033890724182;0.009863033890724182;0.04391393065452576;0.0;0.1341170370578766;0.2017410546541214;0.1341170370578766;0.0
0.009893015027046204;0.009893015027046204;0.04673464596271515;0.0;0.13512590527534485;0.1799912303686142;0.13512590527534485;0.0
0.009895473718643188;0.009895473718643188;0.08159813284873962;0.0;0.13562245666980743;0.1670960783958435;0.13562245666980743;0.0
0.009897798299789429;0.009897798299789429;0.05808424949645996;0.0;0.1367170512676239;0.2320074737071991;0.1367170512676239;0.0
0.009913578629493713;0.009913578629493713;0.04329000413417816;0.0;0.13687321543693542;0.17170238494873047;0.13687321543693542;0.0
0.009921789169311523;0.009921789169311523;0.04567328095436096;0.0;0.13758257031440735;0.18682308495044708;0.13758257031440735;0.0
0.009951785206794739;0.009951785206794739;0.15576589107513428;0.0;0.13822898268699646;0.3105792999267578;0.13822898268699646;0.0
0.009981811046600342;0.009981811046600342;0.10455083847045898;0.0;0.13861359655857086;0.23921635746955872;0.13861359655857086;0.0
0.010029293596744537;0.010029293596744537;0.02406333014369011;0.0;0.13869620859622955;0.20398737490177155;0.13869620859622955;0.0
0.010103046894073486;0.010103046894073486;0.04361504316329956;0.0;0.13870763778686523;0.19790194928646088;0.13870763778686523;0.0
0.01010984182357788;0.01010984182357788;0.05507940053939819;0.0;0.13891392946243286;0.1656964272260666;0.13891392946243286;0.0
0.010150998830795288;0.010150998830795288;0.14564254879951477;0.0;0.1401321291923523;0.20364700257778168;0.1401321291923523;0.0
0.010170519351959229;0.010170519351959229;0.06673363596200943;0.0;0.1404474973678589;0.2055543214082718;0.1404474973678589;0.0
0.010171376168727875;0.010171376168727875;0.06842613965272903;0.0;0.1409844160079956;0.20867840945720673;0.1409844160079956;0.0
0.010206758975982666;0.010206758975982666;0.06518594920635223;0.0;0.14161822199821472;0.15814413130283356;0.14161822199821472;0.0
0.010238289833068848;0.010238289833068848;0.1353263258934021;0.0;0.14235100150108337;0.14235100150108337;0.1729213148355484;0.0
0.010275930166244507;0.010275930166244507;0.050443798303604126;0.0;0.1424194872379303;0.18004903197288513;0.1424194872379303;0.0
0.010294526815414429;0.010294526815414429;0.21423453092575073;0.0;0.14242759346961975;0.2724950611591339;0.14242759346961975;0.0
0.010318160057067871;0.010318160057067871;0.0526871532201767;0.0;0.14246267080307007;0.1452012062072754;0.14246267080307007;0.0
0.010326463729143143;0.010326463729143143;0.04751337319612503;0.0;0.14251363277435303;0.2170426994562149;0.14251363277435303;0.0
0.010342627763748169;0.010342627763748169;0.08200901746749878;0.0;0.14275769889354706;0.1657579243183136;0.14275769889354706;0.0
0.010382995009422302;0.010382995009422302;0.0569147989153862;0.0;0.1429378092288971;0.21214154362678528;0.1429378092288971;0.0
0.010518543422222137;0.010518543422222137;0.04948284476995468;0.0;0.14342761039733887;0.152464359998703;0.14342761039733887;0.0
0.010521769523620605;0.010521769523620605;0.09968218207359314;0.0;0.14367061853408813;0.2766752243041992;0.14367061853408813;0.0
0.010527372360229492;0.010527372360229492;0.06537812948226929;0.0;0.14377880096435547;0.20880742371082306;0.14377880096435547;0.0
0.010530322790145874;0.010530322790145874;0.04737728834152222;0.0;0.14384813606739044;0.2380683720111847;0.14384813606739044;0.0
0.01056646928191185;0.01056646928191185;0.032912515103816986;0.0;0.14464107155799866;0.23738591372966766;0.14464107155799866;0.0
0.010631293058395386;0.010631293058395386;0.10180334746837616;0.0;0.14497579634189606;0.17327149212360382;0.14497579634189606;0.0
0.010675042867660522;0.010675042867660522;0.09370920062065125;0.0;0.14498575031757355;0.17958085238933563;0.14498575031757355;0.0
0.010683983564376831;0.010683983564376831;0.18244290351867676;0.0;0.14677704870700836;0.15926116704940796;0.14677704870700836;0.0
0.010744541883468628;0.010744541883468628;0.05771709978580475;0.0;0.14693817496299744;0.24763290584087372;0.14693817496299744;0.0
0.0107535719871521;0.0107535719871521;0.06743723154067993;0.0;0.14697371423244476;0.1877211183309555;0.14697371423244476;0.0
0.010813131928443909;0.010813131928443909;0.1717730313539505;0.0;0.1470481902360916;0.1470481902360916;0.5113580226898193;0.0
0.010814547538757324;0.010814547538757324;0.10376030206680298;0.0;0.14764492213726044;0.19465263187885284;0.14764492213726044;0.0
0.010825209319591522;0.010825209319591522;0.09356919676065445;0.0;0.14784936606884003;0.2141522467136383;0.14784936606884003;0.0
0.010828852653503418;0.010828852653503418;0.05363196134567261;0.0;0.14786510169506073;0.2036227285861969;0.14786510169506073;0.0
0.010842278599739075;0.010842278599739075;0.06642842292785645;0.0;0.1481523960828781;0.21545657515525818;0.1481523960828781;0.0
0.010961353778839111;0.010961353778839111;0.04286545515060425;0.0;0.14818407595157623;0.185514435172081;0.14818407595157623;0.0
0.010969281196594238;0.010969281196594238;0.11891770362854004;0.0;0.1483047902584076;0.16489095985889435;0.1483047902584076;0.0
0.011032037436962128;0.011032037436962128;0.03802013397216797;0.0;0.14855286478996277;0.20519131422042847;0.14855286478996277;0.0
0.011048734188079834;0.011048734188079834;0.2583792805671692;0.0;0.14889712631702423;0.1833692342042923;0.14889712631702423;0.0
0.011082708835601807;0.011082708835601807;0.09985949099063873;0.0;0.14953191578388214;0.4879331588745117;0.14953191578388214;0.0
0.011099964380264282;0.011099964380264282;0.14259620010852814;0.0;0.150137260556221;0.19599443674087524;0.150137260556221;0.0
0.011106424033641815;0.011106424033641815;0.06921462714672089;0.0;0.15136897563934326;0.2856413424015045;0.15136897563934326;0.0
0.01110827922821045;0.01110827922821045;0.1511654555797577;0.0;0.15170294046401978;0.19519232213497162;0.15170294046401978;0.0
0.011148199439048767;0.011148199439048767;0.05258744955062866;0.0;0.1517929881811142;0.2387630194425583;0.1517929881811142;0.0
0.011163085699081421;0.011163085699081421;0.21414440870285034;0.0;0.15313555300235748;0.2596093416213989;0.15313555300235748;0.0
0.011174902319908142;0.011174902319908142;0.06360310316085815;0.0;0.15345498919487;0.2134074866771698;0.15345498919487;0.0
0.011213064193725586;0.011213064193725586;0.1294330507516861;0.0;0.1539670079946518;0.3574051856994629;0.1539670079946518;0.0
0.011214405298233032;0.011214405298233032;0.2092178910970688;0.0;0.15402528643608093;0.15402528643608093;0.2039848268032074;0.0
0.011264793574810028;0.011264793574810028;0.06128045544028282;0.0;0.15406562387943268;0.3259474039077759;0.15406562387943268;0.0
0.011308148503303528;0.011308148503303528;0.07680906355381012;0.0;0.15411429107189178;0.32195064425468445;0.15411429107189178;0.0
0.011336177587509155;0.011336177587509155;0.10396596789360046;0.0;0.15439829230308533;0.19228442013263702;0.15439829230308533;0.0
0.011435732245445251;0.011435732245445251;0.13244527578353882;0.0;0.15504087507724762;0.24559026956558228;0.15504087507724762;0.0
0.011444583535194397;0.011444583535194397;0.040002159774303436;0.0;0.15531383454799652;0.17692488431930542;0.15531383454799652;0.0
0.011477500200271606;0.011477500200271606;0.16721226274967194;0.0;0.15532760322093964;0.1964256465435028;0.15532760322093964;0.0
0.011550188064575195;0.011550188064575195;0.048540957272052765;0.0;0.15537388622760773;0.20897425711154938;0.15537388622760773;0.0
0.011552661657333374;0.011552661657333374;0.08969572186470032;0.0;0.15616802871227264;0.3573268949985504;0.15616802871227264;0.0
0.011561118066310883;0.011561118066310883;0.04354151710867882;0.0;0.15624737739562988;0.19516509771347046;0.15624737739562988;0.0
0.011572673916816711;0.011572673916816711;0.15542066097259521;0.0;0.15681825578212738;0.19404776394367218;0.15681825578212738;0.0
0.011574655771255493;0.011574655771255493;0.2540408968925476;0.0;0.1570424735546112;0.22693148255348206;0.1570424735546112;0.0
0.011587053537368774;0.011587053537368774;0.04132959246635437;0.0;0.15715987980365753;0.26112934947013855;0.15715987980365753;0.0
0.011591479182243347;0.011591479182243347;0.11657730489969254;0.0;0.15794825553894043;0.15794825553894043;0.19327424466609955;0.0
0.011643707752227783;0.011643707752227783;0.05622076988220215;0.0;0.15820026397705078;0.2226983904838562;0.15820026397705078;0.0
0.011671207845211029;0.011671207845211029;0.06402416527271271;0.0;0.15841233730316162;0.29991546273231506;0.15841233730316162;0.0
0.011683762073516846;0.011683762073516846;0.10027819871902466;0.0;0.15921807289123535;0.20596317946910858;0.15921807289123535;0.0
0.011694192886352539;0.011694192886352539;0.11626023054122925;0.0;0.15932998061180115;0.15932998061180115;0.30317917466163635;0.0
0.011715754866600037;0.011715754866600037;0.24050931632518768;0.0;0.16056758165359497;0.24607115983963013;0.16056758165359497;0.0
0.011771321296691895;0.011771321296691895;0.11071598529815674;0.0;0.1606515347957611;0.21109211444854736;0.1606515347957611;0.0
0.01177564263343811;0.01177564263343811;0.07871004939079285;0.0;0.1613011360168457;0.20417140424251556;0.1613011360168457;0.0
0.011893413960933685;0.011893413960933685;0.12087657302618027;0.0;0.16139832139015198;0.22322151064872742;0.16139832139015198;0.0
0.01190406084060669;0.01190406084060669;0.22826334834098816;0.0;0.16168832778930664;0.22966589033603668;0.16168832778930664;0.0
0.011919237673282623;0.011919237673282623;0.11020103842020035;0.0;0.1617332547903061;0.17936354875564575;0.1617332547903061;0.0
0.011924520134925842;0.011924520134925842;0.04488527029752731;0.0;0.16230244934558868;0.3187209367752075;0.16230244934558868;0.0
0.011955320835113525;0.011955320835113525;0.08953015506267548;0.0;0.16247989237308502;0.16247989237308502;0.23010073602199554;0.0
0.011956095695495605;0.011956095695495605;0.17719566822052002;0.0;0.16354769468307495;0.3180252015590668;0.16354769468307495;0.0
0.011968731880187988;0.011968731880187988;0.10439060628414154;0.0;0.16376978158950806;0.17863081395626068;0.16376978158950806;0.0
0.012052804231643677;0.012052804231643677;0.04398992657661438;0.0;0.1639813482761383;0.3429882824420929;0.1639813482761383;0.0
0.012058556079864502;0.012058556079864502;0.061225175857543945;0.0;0.1646224707365036;0.2492145299911499;0.1646224707365036;0.0
0.012117594480514526;0.012117594480514526;0.055213749408721924;0.0;0.16507184505462646;0.3194544017314911;0.16507184505462646;0.0
0.012124359607696533;0.012124359607696533;0.14650318026542664;0.0;0.16541871428489685;0.4056536555290222;0.16541871428489685;0.0
0.01214611530303955;0.01214611530303955;0.07320547103881836;0.0;0.16588793694972992;0.2941637337207794;0.16588793694972992;0.0
0.012281373143196106;0.012281373143196106;0.09117452055215836;0.0;0.16656188666820526;0.33823007345199585;0.16656188666820526;0.0
0.012291863560676575;0.012291863560676575;0.048598796129226685;0.0;0.16692551970481873;0.2937362790107727;0.16692551970481873;0.0
0.012314140796661377;0.012314140796661377;0.07495959103107452;0.0;0.16765673458576202;0.18564380705356598;0.16765673458576202;0.0
0.012317776679992676;0.012317776679992676;0.05997723340988159;0.0;0.16769737005233765;0.179459348320961;0.16769737005233765;0.0
0.012347102165222168;0.012347102165222168;0.1784386932849884;0.0;0.1679518073797226;0.35626670718193054;0.1679518073797226;0.0
0.012431636452674866;0.012431636452674866;0.07269132882356644;0.0;0.16796229779720306;0.2788354754447937;0.16796229779720306;0.0
0.012501150369644165;0.012501150369644165;0.07142350822687149;0.0;0.16846437752246857;0.19992601871490479;0.16846437752246857;0.0
0.012541070580482483;0.012541070580482483;0.06839986145496368;0.0;0.16857892274856567;0.3509886860847473;0.16857892274856567;0.0
0.012626498937606812;0.012626498937606812;0.051491156220436096;0.0;0.1686791628599167;0.2942545413970947;0.1686791628599167;0.0
0.012695953249931335;0.012695953249931335;0.04866577684879303;0.0;0.16905149817466736;0.20888154208660126;0.16905149817466736;0.0
0.012695975601673126;0.012695975601673126;0.10986122488975525;0.0;0.16962052881717682;0.28921765089035034;0.16962052881717682;0.0
0.01276428997516632;0.01276428997516632;0.10804955661296844;0.0;0.1703590601682663;0.2590812146663666;0.1703590601682663;0.0
0.012769080698490143;0.012769080698490143;0.03929343819618225;0.0;0.1710589975118637;0.3527388274669647;0.1710589975118637;0.0
0.012775123119354248;0.012775123119354248;0.07464555650949478;0.0;0.1721918135881424;0.21169187128543854;0.1721918135881424;0.0
0.01279449462890625;0.01279449462890625;0.2542201578617096;0.0;0.1723288595676422;0.29194605350494385;0.1723288595676422;0.0
0.012832432985305786;0.012832432985305786;0.11921977996826172;0.0;0.17237454652786255;0.2021215260028839;0.17237454652786255;0.0
0.01283639669418335;0.01283639669418335;0.02935783565044403;0.0;0.1725248098373413;0.19713479280471802;0.1725248098373413;0.0
0.012863263487815857;0.012863263487815857;0.06477164477109909;0.0;0.1729394644498825;0.2122703492641449;0.1729394644498825;0.0
0.012904614210128784;0.012904614210128784;0.10003998875617981;0.0;0.17347992956638336;0.1807538866996765;0.17347992956638336;0.0
0.012908264994621277;0.012908264994621277;0.1299522966146469;0.0;0.17362718284130096;0.3772781491279602;0.17362718284130096;0.0
0.012916982173919678;0.012916982173919678;0.19709926843643188;0.0;0.17426396906375885;0.3435405194759369;0.17426396906375885;0.0
0.012934327125549316;0.012934327125549316;0.06135457754135132;0.0;0.17442014813423157;0.24121960997581482;0.17442014813423157;0.0
0.012959368526935577;0.012959368526935577;0.04561753571033478;0.0;0.1748216301202774;0.2103743851184845;0.1748216301202774;0.0
0.012973427772521973;0.012973427772521973;0.21941626071929932;0.0;0.1751416027545929;0.31144246459007263;0.1751416027545929;0.0
0.013025820255279541;0.013025820255279541;0.08182476460933685;0.0;0.1753522753715515;0.21271008253097534;0.1753522753715515;0.0
0.013029791414737701;0.013029791414737701;0.0995086133480072;0.0;0.17541365325450897;0.17541365325450897;0.1906895786523819;0.0
0.013097204267978668;0.013097204267978668;0.0923805981874466;0.0;0.17557726800441742;0.20223818719387054;0.17557726800441742;0.0
0.013146564364433289;0.013146564364433289;0.07685208320617676;0.0;0.1761692315340042;0.25983166694641113;0.1761692315340042;0.0
0.013149648904800415;0.013149648904800415;0.11199596524238586;0.0;0.17676478624343872;0.2232663482427597;0.17676478624343872;0.0
0.013187296688556671;0.013187296688556671;0.0713859498500824;0.0;0.17690658569335938;0.3359554708003998;0.17690658569335938;0.0
0.013199806213378906;0.013199806213378906;0.08785215020179749;0.0;0.17737150192260742;0.2168436199426651;0.17737150192260742;0.0
0.0132121741771698;0.0132121741771698;0.04338759183883667;0.0;0.17739267647266388;0.19576798379421234;0.17739267647266388;0.0
0.013212859630584717;0.013212859630584717;0.0764685869216919;0.0;0.1774318814277649;0.3749312162399292;0.1774318814277649;0.0
0.01321643590927124;0.01321643590927124;0.20440435409545898;0.0;0.17772680521011353;0.20622378587722778;0.17772680521011353;0.0
0.013228759169578552;0.013228759169578552;0.03774433210492134;0.0;0.17775453627109528;0.5120384693145752;0.17775453627109528;0.0
0.013239026069641113;0.013239026069641113;0.14689910411834717;0.0;0.1782364845275879;0.36227473616600037;0.1782364845275879;0.0
0.013278886675834656;0.013278886675834656;0.038813523948192596;0.0;0.17875264585018158;0.1883990466594696;0.17875264585018158;0.0
0.013284504413604736;0.013284504413604736;0.09078171849250793;0.0;0.17904919385910034;0.24243639409542084;0.17904919385910034;0.0
0.01328994333744049;0.01328994333744049;0.14052711427211761;0.0;0.17973101139068604;0.2030462771654129;0.17973101139068604;0.0
0.013311207294464111;0.013311207294464111;0.1138172447681427;0.0;0.18016189336776733;0.2064082771539688;0.18016189336776733;0.0
0.013322040438652039;0.013322040438652039;0.11663293838500977;0.0;0.180231511592865;0.2342650145292282;0.180231511592865;0.0
0.013339206576347351;0.013339206576347351;0.09272057563066483;0.0;0.18045726418495178;0.28247472643852234;0.18045726418495178;0.0
0.013375908136367798;0.013375908136367798;0.04771065711975098;0.0;0.18082937598228455;0.5546130537986755;0.18082937598228455;0.0
0.013389736413955688;0.013389736413955688;0.12150218337774277;0.0;0.18124395608901978;0.194778174161911;0.18124395608901978;0.0
0.01346268504858017;0.01346268504858017;0.09207405149936676;0.0;0.1812455654144287;0.28335416316986084;0.1812455654144287;0.0
0.013489574193954468;0.013489574193954468;0.17846590280532837;0.0;0.18268601596355438;0.265200674533844;0.18268601596355438;0.0
0.013520941138267517;0.013520941138267517;0.19543439149856567;0.0;0.18286262452602386;0.21035544574260712;0.18286262452602386;0.0
0.01352708786725998;0.01352708786725998;0.05962304398417473;0.0;0.18291492760181427;0.25299808382987976;0.18291492760181427;0.0
0.01354748010635376;0.01354748010635376;0.07959675788879395;0.0;0.18294145166873932;0.3773943781852722;0.18294145166873932;0.0
0.013610988855361938;0.013610988855361938;0.04326924681663513;0.0;0.18461959064006805;0.3194763958454132;0.18461959064006805;0.0
0.01363740861415863;0.01363740861415863;0.1535024493932724;0.0;0.18568213284015656;0.22488443553447723;0.18568213284015656;0.0
0.013655349612236023;0.013655349612236023;0.09715665131807327;0.0;0.18590940535068512;0.3057715892791748;0.18590940535068512;0.0
0.013664666563272476;0.013664666563272476;0.1399807631969452;0.0;0.18650400638580322;0.19010618329048157;0.18650400638580322;0.0
0.013680219650268555;0.013680219650268555;0.06641954183578491;0.0;0.1866615116596222;0.2618251144886017;0.1866615116596222;0.0
0.0137067511677742;0.0137067511677742;0.047886475920677185;0.0;0.1867210417985916;0.3775447607040405;0.1867210417985916;0.0
0.013719797134399414;0.013719797134399414;0.04824382811784744;0.0;0.18676617741584778;0.23993517458438873;0.18676617741584778;0.0
0.013790220022201538;0.013790220022201538;0.06750807166099548;0.0;0.1868729442358017;0.1868729442358017;0.20929427444934845;0.0
0.013809606432914734;0.013809606432914734;0.10287332534790039;0.0;0.1874852031469345;0.24153870344161987;0.1874852031469345;0.0
0.013824760913848877;0.013824760913848877;0.1787196397781372;0.0;0.18769994378089905;0.244306743144989;0.18769994378089905;0.0
0.013847485184669495;0.013847485184669495;0.15182578563690186;0.0;0.1886836439371109;0.21643367409706116;0.1886836439371109;0.0
0.013974159955978394;0.013974159955978394;0.10492885112762451;0.0;0.18896830081939697;0.2545810043811798;0.18896830081939697;0.0
0.013975530862808228;0.013975530862808228;0.08711578696966171;0.0;0.18946588039398193;0.3444503843784332;0.18946588039398193;0.0
0.013995185494422913;0.013995185494422913;0.12409055233001709;0.0;0.18964515626430511;0.2606774866580963;0.18964515626430511;0.0
0.01399540901184082;0.01399540901184082;0.16638639569282532;0.0;0.18985433876514435;0.2159803956747055;0.18985433876514435;0.0
0.01408475637435913;0.01408475637435913;0.06783998012542725;0.0;0.19026383757591248;0.23116253316402435;0.19026383757591248;0.0
0.014108702540397644;0.014108702540397644;0.13082054257392883;0.0;0.190802201628685;0.21620400249958038;0.190802201628685;0.0
0.014183133840560913;0.014183133840560913;0.12473317980766296;0.0;0.19094346463680267;0.41332289576530457;0.19094346463680267;0.0
0.014217168092727661;0.014217168092727661;0.19038833677768707;0.0;0.19187688827514648;0.19187688827514648;0.8119045495986938;0.0
0.014236554503440857;0.014236554503440857;0.15309208631515503;0.0;0.1919213831424713;0.23791269958019257;0.1919213831424713;0.0
0.014255210757255554;0.014255210757255554;0.08820261806249619;0.0;0.19287799298763275;0.19287799298763275;0.19375494122505188;0.0
0.014312595129013062;0.014312595129013062;0.1997223198413849;0.0;0.1929328590631485;0.6729567050933838;0.1929328590631485;0.0
0.014343291521072388;0.014343291521072388;0.031803227961063385;0.0;0.19318734109401703;0.3877360224723816;0.19318734109401703;0.0
0.014401733875274658;0.014401733875274658;0.04378652572631836;0.0;0.19377395510673523;0.2845076024532318;0.19377395510673523;0.0
0.014441438019275665;0.014441438019275665;0.11910746991634369;0.0;0.19595609605312347;0.23762552440166473;0.19595609605312347;0.0
0.014492899179458618;0.014492899179458618;0.1911216527223587;0.0;0.1970246583223343;0.3120616376399994;0.1970246583223343;0.0
0.014515921473503113;0.014515921473503113;0.10971775650978088;0.0;0.19711001217365265;0.2282247543334961;0.19711001217365265;0.0
0.014576107263565063;0.014576107263565063;0.08545787632465363;0.0;0.19721490144729614;0.19721490144729614;0.21435801684856415;0.0
0.014592111110687256;0.014592111110687256;0.09711860120296478;0.0;0.19725383818149567;0.2645356059074402;0.19725383818149567;0.0
0.014627605676651001;0.014627605676651001;0.09065079689025879;0.0;0.19907881319522858;0.34131959080696106;0.19907881319522858;0.0
0.014637857675552368;0.014637857675552368;0.09503679722547531;0.0;0.19958996772766113;0.22856707870960236;0.19958996772766113;0.0
0.014652423560619354;0.014652423560619354;0.04648755490779877;0.0;0.1998261958360672;0.4745106101036072;0.1998261958360672;0.0
0.014755606651306152;0.014755606651306152;0.12952716648578644;0.0;0.199950709939003;0.199950709939003;0.21326538920402527;0.0
0.014764659106731415;0.014764659106731415;0.04654698073863983;0.0;0.2010861039161682;0.33233407139778137;0.2010861039161682;0.0
0.014784634113311768;0.014784634113311768;0.08190268278121948;0.0;0.2011265754699707;0.2650168836116791;0.2011265754699707;0.0
0.014828160405158997;0.014828160405158997;0.05260554701089859;0.0;0.20122775435447693;0.24725878238677979;0.20122775435447693;0.0
0.01482933759689331;0.01482933759689331;0.13402041792869568;0.0;0.20192109048366547;0.25680187344551086;0.20192109048366547;0.0
0.014830350875854492;0.014830350875854492;0.1915726661682129;0.0;0.20300400257110596;0.3078554570674896;0.20300400257110596;0.0
0.014841675758361816;0.014841675758361816;0.09784367680549622;0.0;0.20307742059230804;0.20307742059230804;0.6829706430435181;0.0
0.014842510223388672;0.014842510223388672;0.03962428867816925;0.0;0.20308703184127808;0.30444595217704773;0.20308703184127808;0.0
0.014851823449134827;0.014851823449134827;0.055105507373809814;0.0;0.2031979113817215;0.2031979113817215;0.5574317574501038;0.0
0.014872148633003235;0.014872148633003235;0.09256863594055176;0.0;0.2034916877746582;0.632802426815033;0.2034916877746582;0.0
0.014904201030731201;0.014904201030731201;0.10638290643692017;0.0;0.20400339365005493;0.27264416217803955;0.20400339365005493;0.0
0.014912739396095276;0.014912739396095276;0.06163101643323898;0.0;0.20401529967784882;0.3155767619609833;0.20401529967784882;0.0
0.014936689287424088;0.014936689287424088;0.07310747355222702;0.0;0.2044852077960968;0.4115534722805023;0.2044852077960968;0.0
0.014979034662246704;0.014979034662246704;0.04724280536174774;0.0;0.20513279736042023;0.234210804104805;0.20513279736042023;0.0
0.015011459589004517;0.015011459589004517;0.21245716512203217;0.0;0.2077617198228836;0.32019805908203125;0.2077617198228836;0.0
0.015014797449111938;0.015014797449111938;0.13677988946437836;0.0;0.20782487094402313;0.3244081735610962;0.20782487094402313;0.0
0.015017390251159668;0.015017390251159668;0.24360059201717377;0.0;0.20834891498088837;0.2995373010635376;0.20834891498088837;0.0
0.015046179294586182;0.015046179294586182;0.10495251417160034;0.0;0.20844785869121552;0.3983660340309143;0.20844785869121552;0.0
0.015124842524528503;0.015124842524528503;0.07212017476558685;0.0;0.20846648514270782;0.20846648514270782;0.2958621382713318;0.0
0.01529894769191742;0.01529894769191742;0.0836588516831398;0.0;0.20963706076145172;0.3154129981994629;0.20963706076145172;0.0
0.015315234661102295;0.015315234661102295;0.05500340461730957;0.0;0.20989497005939484;0.2651180624961853;0.20989497005939484;0.0
0.015367850661277771;0.015367850661277771;0.03716377913951874;0.0;0.21310272812843323;0.27331462502479553;0.21310272812843323;0.0
0.015377990901470184;0.015377990901470184;0.08515236526727676;0.0;0.2131587415933609;0.34410035610198975;0.2131587415933609;0.0
0.015383273363113403;0.015383273363113403;0.11751065403223038;0.0;0.2145765870809555;0.2724631726741791;0.2145765870809555;0.0
0.015418946743011475;0.015418946743011475;0.19062358140945435;0.0;0.21483591198921204;0.3615671992301941;0.21483591198921204;0.0
0.015453144907951355;0.015453144907951355;0.16058844327926636;0.0;0.21625669300556183;0.35057333111763;0.21625669300556183;0.0
0.015473417937755585;0.015473417937755585;0.26374325156211853;0.0;0.21666422486305237;0.21666422486305237;0.4332870841026306;0.0
0.015509694814682007;0.015509694814682007;0.18481440842151642;0.0;0.21701794862747192;0.29644933342933655;0.21701794862747192;0.0
0.015534467995166779;0.015534467995166779;0.05433029681444168;0.0;0.2176070362329483;0.29076892137527466;0.2176070362329483;0.0
0.015545949339866638;0.015545949339866638;0.08809376507997513;0.0;0.21808159351348877;0.3966454863548279;0.21808159351348877;0.0
0.015584543347358704;0.015584543347358704;0.20028221607208252;0.0;0.21823084354400635;0.5104830861091614;0.21823084354400635;0.0
0.015598028898239136;0.015598028898239136;0.18192845582962036;0.0;0.21841005980968475;0.3320237994194031;0.21841005980968475;0.0
0.01561543345451355;0.01561543345451355;0.09742783010005951;0.0;0.21865634620189667;0.21865634620189667;0.38436028361320496;0.0
0.01562698930501938;0.01562698930501938;0.10817262530326843;0.0;0.21890810132026672;0.46258512139320374;0.21890810132026672;0.0
0.015634089708328247;0.015634089708328247;0.10764363408088684;0.0;0.2192855179309845;0.2192855179309845;0.23565669357776642;0.0
0.015645384788513184;0.015645384788513184;0.2951924204826355;0.0;0.21937093138694763;0.36629951000213623;0.21937093138694763;0.0
0.01564893126487732;0.01564893126487732;0.06255625933408737;0.0;0.21947236359119415;0.21947236359119415;0.32448941469192505;0.0
0.015652872622013092;0.015652872622013092;0.04880322515964508;0.0;0.21995089948177338;0.33865538239479065;0.21995089948177338;0.0
0.015687264502048492;0.015687264502048492;0.051238954067230225;0.0;0.22001972794532776;0.22001972794532776;0.2763620615005493;0.0
0.01569163054227829;0.01569163054227829;0.15196405351161957;0.0;0.22041000425815582;0.4885041117668152;0.22041000425815582;0.0
0.01570075750350952;0.01570075750350952;0.1923062801361084;0.0;0.22083985805511475;0.3538666069507599;0.22083985805511475;0.0
0.01575230062007904;0.01575230062007904;0.04972374439239502;0.0;0.22287042438983917;0.28586357831954956;0.22287042438983917;0.0
0.01577526330947876;0.01577526330947876;0.2689226269721985;0.0;0.22335807979106903;0.33010774850845337;0.22335807979106903;0.0
0.01578669436275959;0.01578669436275959;0.042409442365169525;0.0;0.22359462082386017;0.22359462082386017;0.2311418056488037;0.0
0.015800461173057556;0.015800461173057556;0.057225510478019714;0.0;0.22378328442573547;0.2778984606266022;0.22378328442573547;0.0
0.01586909592151642;0.01586909592151642;0.09650234878063202;0.0;0.22398938238620758;0.331417977809906;0.22398938238620758;0.0
0.015917956829071045;0.015917956829071045;0.051038406789302826;0.0;0.2243969440460205;0.315324068069458;0.2243969440460205;0.0
0.015942826867103577;0.015942826867103577;0.05662382394075394;0.0;0.22461138665676117;0.4529697000980377;0.22461138665676117;0.0
0.016030073165893555;0.016030073165893555;0.08328235149383545;0.0;0.224674254655838;0.2361048460006714;0.224674254655838;0.0
0.016040444374084473;0.016040444374084473;0.1390034556388855;0.0;0.22471994161605835;0.2648687958717346;0.22471994161605835;0.0
0.016083568334579468;0.016083568334579468;0.2837662696838379;0.0;0.2249409407377243;0.31613844633102417;0.2249409407377243;0.0
0.01608431339263916;0.01608431339263916;0.07570409774780273;0.0;0.2252417355775833;0.3380458354949951;0.2252417355775833;0.0
0.016084492206573486;0.016084492206573486;0.14824789762496948;0.0;0.22543475031852722;0.22543475031852722;0.8272848725318909;0.0
0.01609194278717041;0.01609194278717041;0.08887118846178055;0.0;0.2255314290523529;0.37083446979522705;0.2255314290523529;0.0
0.016098618507385254;0.016098618507385254;0.0952824205160141;0.0;0.22640877962112427;0.30459776520729065;0.22640877962112427;0.0
0.01614759862422943;0.01614759862422943;0.035939060151576996;0.0;0.22716084122657776;0.3487027883529663;0.22716084122657776;0.0
0.016159147024154663;0.016159147024154663;0.09263166785240173;0.0;0.22756865620613098;0.4368206858634949;0.22756865620613098;0.0
0.01620638370513916;0.01620638370513916;0.1425919085741043;0.0;0.22945666313171387;0.43855020403862;0.22945666313171387;0.0
0.016293272376060486;0.016293272376060486;0.14089831709861755;0.0;0.22970548272132874;0.32532623410224915;0.22970548272132874;0.0
0.016333788633346558;0.016333788633346558;0.0826496034860611;0.0;0.2298450767993927;0.36522766947746277;0.2298450767993927;0.0
0.016376323997974396;0.016376323997974396;0.23617029190063477;0.0;0.22995975613594055;0.3302023708820343;0.22995975613594055;0.0
0.01638832688331604;0.01638832688331604;0.09605216979980469;0.0;0.23024067282676697;0.33936068415641785;0.23024067282676697;0.0
0.016487717628479004;0.016487717628479004;0.16062003374099731;0.0;0.23038993775844574;0.3692723512649536;0.23038993775844574;0.0
0.016507387161254883;0.016507387161254883;0.14382696151733398;0.0;0.2314649373292923;0.42733994126319885;0.2314649373292923;0.0
0.01656157337129116;0.01656157337129116;0.07470150291919708;0.0;0.2315390408039093;0.42988350987434387;0.2315390408039093;0.0
0.016576670110225677;0.016576670110225677;0.12756064534187317;0.0;0.23173287510871887;0.23173287510871887;0.9730427861213684;0.0
0.01657697558403015;0.01657697558403015;0.07282182574272156;0.0;0.23221315443515778;0.2852962017059326;0.23221315443515778;0.0
0.01661527156829834;0.01661527156829834;0.24806910753250122;0.0;0.23376093804836273;0.3355630040168762;0.23376093804836273;0.0
0.016646236181259155;0.016646236181259155;0.07880344986915588;0.0;0.23456871509552002;0.23456871509552002;1.7719123363494873;0.0
0.016692504286766052;0.016692504286766052;0.07517962157726288;0.0;0.23477141559123993;0.34822702407836914;0.23477141559123993;0.0
0.016713321208953857;0.016713321208953857;0.06704199314117432;0.0;0.23495224118232727;0.24199634790420532;0.23495224118232727;0.0
0.016776390373706818;0.016776390373706818;0.17937526106834412;0.0;0.23501816391944885;0.30453750491142273;0.23501816391944885;0.0
0.016778990626335144;0.016778990626335144;0.1256338655948639;0.0;0.235317662358284;0.235317662358284;0.26900985836982727;0.0
0.01679205894470215;0.01679205894470215;0.16962051391601562;0.0;0.2353847473859787;0.3012036979198456;0.2353847473859787;0.0
0.016798973083496094;0.016798973083496094;0.152960866689682;0.0;0.23543398082256317;0.30173370242118835;0.23543398082256317;0.0
0.016800187528133392;0.016800187528133392;0.05807703733444214;0.0;0.23549474775791168;0.23549474775791168;1.5148500204086304;0.0
0.016802430152893066;0.016802430152893066;0.22548189759254456;0.0;0.23816855251789093;0.30021706223487854;0.23816855251789093;0.0
0.016857869923114777;0.016857869923114777;0.12127098441123962;0.0;0.2384924739599228;0.32145950198173523;0.2384924739599228;0.0
0.01686626672744751;0.01686626672744751;0.03636013716459274;0.0;0.23868747055530548;0.29191794991493225;0.23868747055530548;0.0
0.016875043511390686;0.016875043511390686;0.04124331474304199;0.0;0.23878279328346252;0.2791435122489929;0.23878279328346252;0.0
0.01689755916595459;0.01689755916595459;0.08767044544219971;0.0;0.2392907291650772;0.3086617588996887;0.2392907291650772;0.0
0.016903340816497803;0.016903340816497803;0.25055384635925293;0.0;0.2393547147512436;0.46887728571891785;0.2393547147512436;0.0
0.016991794109344482;0.016991794109344482;0.05367761105298996;0.0;0.23995451629161835;0.23995451629161835;0.275979608297348;0.0
0.01701483130455017;0.01701483130455017;0.10398019850254059;0.0;0.24010857939720154;0.38406381011009216;0.24010857939720154;0.0
0.01703941822052002;0.01703941822052002;0.08508026599884033;0.0;0.2402726262807846;0.3218112289905548;0.2402726262807846;0.0
0.01708143949508667;0.01708143949508667;0.2171231359243393;0.0;0.24035637080669403;0.3098008334636688;0.24035637080669403;0.0
0.017092019319534302;0.017092019319534302;0.1322857290506363;0.0;0.24082644283771515;0.3332621157169342;0.24082644283771515;0.0
0.017107412219047546;0.017107412219047546;0.055583853274583817;0.0;0.24087388813495636;0.2891741693019867;0.24087388813495636;0.0
0.017123259603977203;0.017123259603977203;0.0681808590888977;0.0;0.24104954302310944;0.3549174666404724;0.24104954302310944;0.0
0.017156846821308136;0.017156846821308136;0.04621635377407074;0.0;0.24126332998275757;0.40141957998275757;0.24126332998275757;0.0
0.017214477062225342;0.017214477062225342;0.12355633080005646;0.0;0.24150964617729187;0.29875993728637695;0.24150964617729187;0.0
0.017215847969055176;0.017215847969055176;0.11036688089370728;0.0;0.24155767261981964;0.2592153549194336;0.24155767261981964;0.0
0.017217576503753662;0.017217576503753662;0.16957859694957733;0.0;0.24157793819904327;0.41120684146881104;0.24157793819904327;0.0
0.017256103456020355;0.017256103456020355;0.116885706782341;0.0;0.24195769429206848;0.24195769429206848;0.45441243052482605;0.0
0.017317116260528564;0.017317116260528564;0.08625654131174088;0.0;0.24267129600048065;0.24267129600048065;0.29568779468536377;0.0
0.017345905303955078;0.017345905303955078;0.13633115589618683;0.0;0.24415484070777893;0.3424094021320343;0.24415484070777893;0.0
0.017352133989334106;0.017352133989334106;0.06493037939071655;0.0;0.2442331612110138;0.4040120244026184;0.2442331612110138;0.0
0.01737060397863388;0.01737060397863388;0.10041391104459763;0.0;0.24717101454734802;0.2781916558742523;0.24717101454734802;0.0
0.017441272735595703;0.017441272735595703;0.02842193841934204;0.0;0.24736034870147705;0.434571236371994;0.24736034870147705;0.0
0.017498336732387543;0.017498336732387543;0.24943485856056213;0.0;0.24816901981830597;0.3274978995323181;0.24816901981830597;0.0
0.017509475350379944;0.017509475350379944;0.16852879524230957;0.0;0.2488895207643509;0.2726108729839325;0.2488895207643509;0.0
0.01753944158554077;0.01753944158554077;0.10505002737045288;0.0;0.24904325604438782;0.3346754014492035;0.24904325604438782;0.0
0.017541691660881042;0.017541691660881042;0.0781962126493454;0.0;0.24925614893436432;0.42213374376296997;0.24925614893436432;0.0
0.01754993200302124;0.01754993200302124;0.1309272050857544;0.0;0.250333696603775;0.43065616488456726;0.250333696603775;0.0
0.017573416233062744;0.017573416233062744;0.08433699607849121;0.0;0.2503471076488495;0.2503471076488495;0.3651006519794464;0.0
0.017625659704208374;0.017625659704208374;0.08700564503669739;0.0;0.2506764233112335;0.38149139285087585;0.2506764233112335;0.0
0.01762998104095459;0.01762998104095459;0.08977693319320679;0.0;0.2510004937648773;0.42594268918037415;0.2510004937648773;0.0
0.017644047737121582;0.017644047737121582;0.21574510633945465;0.0;0.2514718770980835;0.32947269082069397;0.2514718770980835;0.0
0.01771528273820877;0.01771528273820877;0.20252150297164917;0.0;0.2521640360355377;0.3145493268966675;0.2521640360355377;0.0
0.01778411865234375;0.01778411865234375;0.12825052440166473;0.0;0.25386831164360046;0.31771641969680786;0.25386831164360046;0.0
0.01785256713628769;0.01785256713628769;0.10586763918399811;0.0;0.25394153594970703;0.2815878391265869;0.25394153594970703;0.0
0.017884135246276855;0.017884135246276855;0.07393747568130493;0.0;0.2539560794830322;0.4787033796310425;0.2539560794830322;0.0
0.01794913411140442;0.01794913411140442;0.14792731404304504;0.0;0.2541981637477875;0.36286649107933044;0.2541981637477875;0.0
0.01800180971622467;0.01800180971622467;0.07450292259454727;0.0;0.25423842668533325;0.5596884489059448;0.25423842668533325;0.0
0.018027156591415405;0.018027156591415405;0.05507254600524902;0.0;0.25440293550491333;0.31235066056251526;0.25440293550491333;0.0
0.01814936101436615;0.01814936101436615;0.08521772921085358;0.0;0.2549471855163574;0.2549471855163574;0.27889513969421387;0.0
0.018151968717575073;0.018151968717575073;0.2692893445491791;0.0;0.2552618980407715;0.3469133675098419;0.2552618980407715;0.0
0.01817762851715088;0.01817762851715088;0.10911396145820618;0.0;0.25544336438179016;0.618986964225769;0.25544336438179016;0.0
0.018177956342697144;0.018177956342697144;0.06870755553245544;0.0;0.2563442885875702;0.4688143730163574;0.2563442885875702;0.0
0.018208160996437073;0.018208160996437073;0.14824599027633667;0.0;0.25705066323280334;0.37928420305252075;0.25705066323280334;0.0
0.01822526752948761;0.01822526752948761;0.1643267124891281;0.0;0.258368581533432;0.3653564751148224;0.258368581533432;0.0
0.018236935138702393;0.018236935138702393;0.21536225080490112;0.0;0.2583915889263153;0.2583915889263153;0.35454025864601135;0.0
0.01824885606765747;0.01824885606765747;0.17206799983978271;0.0;0.2586187422275543;0.535426676273346;0.2586187422275543;0.0
0.01826976239681244;0.01826976239681244;0.12870419025421143;0.0;0.25866565108299255;0.40980425477027893;0.25866565108299255;0.0
0.018308252096176147;0.018308252096176147;0.21041066944599152;0.0;0.2588450610637665;0.4154506325721741;0.2588450610637665;0.0
0.018323779106140137;0.018323779106140137;0.10599644482135773;0.0;0.25910115242004395;0.28871652483940125;0.25910115242004395;0.0
0.01837223768234253;0.01837223768234253;0.15308509767055511;0.0;0.2591151297092438;0.5274093151092529;0.2591151297092438;0.0
0.01841410994529724;0.01841410994529724;0.09312283247709274;0.0;0.25971105694770813;0.3303897976875305;0.25971105694770813;0.0
0.018421083688735962;0.018421083688735962;0.05968660116195679;0.0;0.26096680760383606;0.3889635503292084;0.26096680760383606;0.0
0.018484115600585938;0.018484115600585938;0.11149509251117706;0.0;0.2612292766571045;0.40536046028137207;0.2612292766571045;0.0
0.01849706470966339;0.01849706470966339;0.10405835509300232;0.0;0.26123544573783875;0.2961714267730713;0.26123544573783875;0.0
0.018628597259521484;0.018628597259521484;0.33137303590774536;0.0;0.2615147829055786;0.48442742228507996;0.2615147829055786;0.0
0.01873670518398285;0.01873670518398285;0.09248539060354233;0.0;0.26155373454093933;0.38594600558280945;0.26155373454093933;0.0
0.018744319677352905;0.018744319677352905;0.16959965229034424;0.0;0.2617019712924957;0.337580144405365;0.2617019712924957;0.0
0.01876053214073181;0.01876053214073181;0.149350106716156;0.0;0.2629638910293579;0.28724056482315063;0.2629638910293579;0.0
0.018777787685394287;0.018777787685394287;0.2597373127937317;0.0;0.2632150948047638;0.33733415603637695;0.2632150948047638;0.0
0.01878788322210312;0.01878788322210312;0.25915831327438354;0.0;0.265124648809433;0.46295610070228577;0.265124648809433;0.0
0.018812306225299835;0.018812306225299835;0.11157573759555817;0.0;0.2675297260284424;0.4159601628780365;0.2675297260284424;0.0
0.01888202875852585;0.01888202875852585;0.13412809371948242;0.0;0.26866015791893005;0.3468764126300812;0.26866015791893005;0.0
0.01892024278640747;0.01892024278640747;0.0857890248298645;0.0;0.26866790652275085;0.4717923402786255;0.26866790652275085;0.0
0.01894897222518921;0.01894897222518921;0.15705958008766174;0.0;0.2687876224517822;0.35160425305366516;0.2687876224517822;0.0
0.018967151641845703;0.018967151641845703;0.16537824273109436;0.0;0.26894325017929077;0.40271902084350586;0.26894325017929077;0.0
0.0189877450466156;0.0189877450466156;0.223942369222641;0.0;0.27131882309913635;0.3794252872467041;0.27131882309913635;0.0
0.019009798765182495;0.019009798765182495;0.14370085299015045;0.0;0.27137893438339233;0.3807693123817444;0.27137893438339233;0.0
0.019017934799194336;0.019017934799194336;0.36705338954925537;0.0;0.2720491588115692;0.2820757031440735;0.2720491588115692;0.0
0.019047506153583527;0.019047506153583527;0.13145214319229126;0.0;0.2723352611064911;0.2723352611064911;0.2864123284816742;0.0
0.019086986780166626;0.019086986780166626;0.20160020887851715;0.0;0.2725129723548889;0.3578173518180847;0.2725129723548889;0.0
0.019091248512268066;0.019091248512268066;0.16113285720348358;0.0;0.2734028100967407;0.3534689247608185;0.2734028100967407;0.0
0.019103169441223145;0.019103169441223145;0.05508005619049072;0.0;0.27345675230026245;0.32521793246269226;0.27345675230026245;0.0
0.01911693811416626;0.01911693811416626;0.05749361217021942;0.0;0.27381619811058044;0.278994083404541;0.27381619811058044;0.0
0.019191302359104156;0.019191302359104156;0.12250252813100815;0.0;0.27443522214889526;0.5101628303527832;0.27443522214889526;0.0
0.019237786531448364;0.019237786531448364;0.04942607879638672;0.0;0.27485430240631104;0.27485430240631104;0.28984665870666504;0.0
0.019290655851364136;0.019290655851364136;0.15229231119155884;0.0;0.27487632632255554;0.39036238193511963;0.27487632632255554;0.0
0.01929876208305359;0.01929876208305359;0.25531402230262756;0.0;0.2751331925392151;0.4054080545902252;0.2751331925392151;0.0
0.019326627254486084;0.019326627254486084;0.07524102926254272;0.0;0.27616962790489197;0.3287389874458313;0.27616962790489197;0.0
0.01936161518096924;0.01936161518096924;0.142045259475708;0.0;0.2765219509601593;0.4055153727531433;0.2765219509601593;0.0
0.019379913806915283;0.019379913806915283;0.1738213300704956;0.0;0.27689531445503235;0.32270070910453796;0.27689531445503235;0.0
0.019410133361816406;0.019410133361816406;0.1717575639486313;0.0;0.27705466747283936;0.45474082231521606;0.27705466747283936;0.0
0.01948416233062744;0.01948416233062744;0.11810809373855591;0.0;0.27716735005378723;0.27716735005378723;1.0870435237884521;0.0
0.019485116004943848;0.019485116004943848;0.08972746133804321;0.0;0.2778331935405731;0.3535536825656891;0.2778331935405731;0.0
0.019533157348632812;0.019533157348632812;0.0524943470954895;0.0;0.27858132123947144;0.43687188625335693;0.27858132123947144;0.0
0.01956164836883545;0.01956164836883545;0.12593692541122437;0.0;0.2789570391178131;0.349275141954422;0.2789570391178131;0.0
0.01957697421312332;0.01957697421312332;0.09663797914981842;0.0;0.27896571159362793;0.5660096406936646;0.27896571159362793;0.0
0.01957915723323822;0.01957915723323822;0.13303491473197937;0.0;0.2789921760559082;0.3634655177593231;0.2789921760559082;0.0
0.019580960273742676;0.019580960273742676;0.12306943535804749;0.0;0.27917784452438354;0.3678838610649109;0.27917784452438354;0.0
0.019593410193920135;0.019593410193920135;0.14578774571418762;0.0;0.2803933024406433;0.6226468086242676;0.2803933024406433;0.0
0.019607730209827423;0.019607730209827423;0.17907126247882843;0.0;0.28055956959724426;0.2834811508655548;0.28055956959724426;0.0
0.019769281148910522;0.019769281148910522;0.1366318166255951;0.0;0.28081005811691284;0.5973889231681824;0.28081005811691284;0.0
0.019826874136924744;0.019826874136924744;0.25831639766693115;0.0;0.28083762526512146;0.3389896750450134;0.28083762526512146;0.0
0.019830644130706787;0.019830644130706787;0.2380286306142807;0.0;0.28109318017959595;0.3423958122730255;0.28109318017959595;0.0
0.01983514428138733;0.01983514428138733;0.32611286640167236;0.0;0.28268182277679443;0.28268182277679443;0.34963855147361755;0.0
0.019869767129421234;0.019869767129421234;0.18832965195178986;0.0;0.2829779386520386;0.42087453603744507;0.2829779386520386;0.0
0.019879236817359924;0.019879236817359924;0.06510290503501892;0.0;0.2831123471260071;0.6118767261505127;0.2831123471260071;0.0
0.019945383071899414;0.019945383071899414;0.10245408117771149;0.0;0.2833351790904999;0.30343538522720337;0.2833351790904999;0.0
0.020051002502441406;0.020051002502441406;0.051454365253448486;0.0;0.28388938307762146;0.3726388216018677;0.28388938307762146;0.0
0.020085573196411133;0.020085573196411133;0.09286683797836304;0.0;0.2854102849960327;0.2948886752128601;0.2854102849960327;0.0
0.020115315914154053;0.020115315914154053;0.1490090787410736;0.0;0.2855132222175598;0.3879719376564026;0.2855132222175598;0.0
0.020119428634643555;0.020119428634643555;0.12990504503250122;0.0;0.2866443693637848;0.34940269589424133;0.2866443693637848;0.0
0.020128607749938965;0.020128607749938965;0.20252633094787598;0.0;0.2869087755680084;0.4057566523551941;0.2869087755680084;0.0
0.02012978494167328;0.02012978494167328;0.22484442591667175;0.0;0.28722625970840454;0.42470335960388184;0.28722625970840454;0.0
0.020133763551712036;0.020133763551712036;0.11676566302776337;0.0;0.2877606749534607;0.5157995223999023;0.2877606749534607;0.0
0.02014812082052231;0.02014812082052231;0.08281165361404419;0.0;0.2905467450618744;0.5109993815422058;0.2905467450618744;0.0
0.02019016444683075;0.02019016444683075;0.1544223427772522;0.0;0.29175901412963867;0.34180349111557007;0.29175901412963867;0.0
0.02019275724887848;0.02019275724887848;0.16443811357021332;0.0;0.29182758927345276;0.47816506028175354;0.29182758927345276;0.0
0.02024943381547928;0.02024943381547928;0.08409906923770905;0.0;0.29413363337516785;0.6328060626983643;0.29413363337516785;0.0
0.02025926113128662;0.02025926113128662;0.11767815053462982;0.0;0.29440227150917053;0.5817393064498901;0.29440227150917053;0.0
0.020270034670829773;0.020270034670829773;0.0950828567147255;0.0;0.2947162985801697;0.46845775842666626;0.2947162985801697;0.0
0.02040642499923706;0.02040642499923706;0.21438011527061462;0.0;0.2956428825855255;0.2956428825855255;0.3589440882205963;0.0
0.02040991187095642;0.02040991187095642;0.15437071025371552;0.0;0.2959262728691101;0.2959262728691101;0.5373496413230896;0.0
0.02043333649635315;0.02043333649635315;0.14579074084758759;0.0;0.2966387867927551;0.5099534392356873;0.2966387867927551;0.0
0.020436987280845642;0.020436987280845642;0.1361425220966339;0.0;0.2967996597290039;0.44487181305885315;0.2967996597290039;0.0
0.020457327365875244;0.020457327365875244;0.1362065076828003;0.0;0.29696762561798096;0.4657374918460846;0.29696762561798096;0.0
0.02054271101951599;0.02054271101951599;0.09496442973613739;0.0;0.2977423667907715;0.3880156874656677;0.2977423667907715;0.0
0.020558685064315796;0.020558685064315796;0.17530620098114014;0.0;0.297881156206131;0.4029782712459564;0.297881156206131;0.0
0.020616859197616577;0.020616859197616577;0.08089615404605865;0.0;0.29853177070617676;0.4459412395954132;0.29853177070617676;0.0
0.020641058683395386;0.020641058683395386;0.09420660138130188;0.0;0.2986043095588684;0.45186305046081543;0.2986043095588684;0.0
0.02066481113433838;0.02066481113433838;0.035923346877098083;0.0;0.29864686727523804;0.4328451156616211;0.29864686727523804;0.0
0.020745322108268738;0.020745322108268738;0.1057029515504837;0.0;0.2987060248851776;0.3877725601196289;0.2987060248851776;0.0
0.02076391875743866;0.02076391875743866;0.18386811017990112;0.0;0.29969197511672974;0.36849790811538696;0.29969197511672974;0.0
0.020767658948898315;0.020767658948898315;0.07729631662368774;0.0;0.29990527033805847;0.3303963840007782;0.29990527033805847;0.0
0.02084791660308838;0.02084791660308838;0.1737709641456604;0.0;0.3001629114151001;0.46791207790374756;0.3001629114151001;0.0
0.020923882722854614;0.020923882722854614;0.10876843333244324;0.0;0.3005392551422119;0.34809860587120056;0.3005392551422119;0.0
0.020973384380340576;0.020973384380340576;0.29499679803848267;0.0;0.30202043056488037;0.33462992310523987;0.30202043056488037;0.0
0.020981669425964355;0.020981669425964355;0.2797834277153015;0.0;0.30298909544944763;0.32145383954048157;0.30298909544944763;0.0
0.021016597747802734;0.021016597747802734;0.14256519079208374;0.0;0.30393221974372864;0.4443557560443878;0.30393221974372864;0.0
0.021053865551948547;0.021053865551948547;0.13321387767791748;0.0;0.30400678515434265;0.30400678515434265;0.3404574692249298;0.0
0.021138720214366913;0.021138720214366913;0.06071801483631134;0.0;0.3051767349243164;0.4198763072490692;0.3051767349243164;0.0
0.021144628524780273;0.021144628524780273;0.35570937395095825;0.0;0.306683212518692;0.4919835925102234;0.306683212518692;0.0
0.021158680319786072;0.021158680319786072;0.09308445453643799;0.0;0.30691903829574585;0.5382369160652161;0.30691903829574585;0.0
0.021187931299209595;0.021187931299209595;0.1657235473394394;0.0;0.3083798587322235;0.4220018684864044;0.3083798587322235;0.0
0.021198928356170654;0.021198928356170654;0.1692163050174713;0.0;0.3091203272342682;0.5202323198318481;0.3091203272342682;0.0
0.021219700574874878;0.021219700574874878;0.13419689238071442;0.0;0.3093414902687073;0.3093414902687073;0.7939251661300659;0.0
0.021253466606140137;0.021253466606140137;0.22942543029785156;0.0;0.3098052144050598;0.3352768123149872;0.3098052144050598;0.0
0.021287351846694946;0.021287351846694946;0.06637417525053024;0.0;0.31040269136428833;0.5340722799301147;0.31040269136428833;0.0
0.021311838179826736;0.021311838179826736;0.07779651135206223;0.0;0.3108852803707123;0.462419331073761;0.3108852803707123;0.0
0.021377980709075928;0.021377980709075928;0.12156826257705688;0.0;0.31094682216644287;0.35700714588165283;0.31094682216644287;0.0
0.021426603198051453;0.021426603198051453;0.17001628875732422;0.0;0.3112838566303253;0.49117887020111084;0.3112838566303253;0.0
0.021429136395454407;0.021429136395454407;0.13992102444171906;0.0;0.3117307126522064;0.7005373239517212;0.3117307126522064;0.0
0.021477609872817993;0.021477609872817993;0.17116960883140564;0.0;0.3121008574962616;0.5088550448417664;0.3121008574962616;0.0
0.021593809127807617;0.021593809127807617;0.10995428264141083;0.0;0.31257233023643494;0.3581322133541107;0.31257233023643494;0.0
0.021653056144714355;0.021653056144714355;0.2332877665758133;0.0;0.3133053779602051;0.40915098786354065;0.3133053779602051;0.0
0.021670281887054443;0.021670281887054443;0.4947551488876343;0.0;0.31351011991500854;0.4323804974555969;0.31351011991500854;0.0
0.021691113710403442;0.021691113710403442;0.08653925359249115;0.0;0.3136310279369354;0.44078052043914795;0.3136310279369354;0.0
0.021725371479988098;0.021725371479988098;0.19452565908432007;0.0;0.31421148777008057;0.35510775446891785;0.31421148777008057;0.0
0.021734952926635742;0.021734952926635742;0.11393043398857117;0.0;0.3156525790691376;0.3632791042327881;0.3156525790691376;0.0
0.02173905074596405;0.02173905074596405;0.11312501132488251;0.0;0.3165969252586365;0.5200241208076477;0.3165969252586365;0.0
0.021811962127685547;0.021811962127685547;0.1569284349679947;0.0;0.31670525670051575;0.44747185707092285;0.31670525670051575;0.0
0.0218694806098938;0.0218694806098938;0.2107289433479309;0.0;0.31706979870796204;0.42201846837997437;0.31706979870796204;0.0
0.021918341517448425;0.021918341517448425;0.14656338095664978;0.0;0.3171055316925049;0.3854532539844513;0.3171055316925049;0.0
0.02193634957075119;0.02193634957075119;0.22920577228069305;0.0;0.31863734126091003;0.35023078322410583;0.31863734126091003;0.0
0.022032082080841064;0.022032082080841064;0.3184393048286438;0.0;0.3195057809352875;0.4747348725795746;0.3195057809352875;0.0
0.022041738033294678;0.022041738033294678;0.10178242623806;0.0;0.31996917724609375;0.3525131344795227;0.31996917724609375;0.0
0.022050023078918457;0.022050023078918457;0.2025338113307953;0.0;0.32019340991973877;0.651419997215271;0.32019340991973877;0.0
0.022067606449127197;0.022067606449127197;0.19204451143741608;0.0;0.32020407915115356;0.44495782256126404;0.32020407915115356;0.0
0.022069931030273438;0.022069931030273438;0.26764506101608276;0.0;0.3213382661342621;0.4778658151626587;0.3213382661342621;0.0
0.02214294672012329;0.02214294672012329;0.2698320150375366;0.0;0.322070449590683;0.322070449590683;0.4190405607223511;0.0
0.022146105766296387;0.022146105766296387;0.1879250407218933;0.0;0.3235008716583252;0.5503637194633484;0.3235008716583252;0.0
0.022366762161254883;0.022366762161254883;0.0968329906463623;0.0;0.3235594928264618;0.34558844566345215;0.3235594928264618;0.0
0.02238522469997406;0.02238522469997406;0.2046922743320465;0.0;0.3237070143222809;0.7082378268241882;0.3237070143222809;0.0
0.022427260875701904;0.022427260875701904;0.24791917204856873;0.0;0.3240910470485687;0.5427775979042053;0.3240910470485687;0.0
0.02249933034181595;0.02249933034181595;0.13727784156799316;0.0;0.3262701630592346;0.4567412734031677;0.3262701630592346;0.0
0.02250353991985321;0.02250353991985321;0.13538604974746704;0.0;0.32629603147506714;0.4895996153354645;0.32629603147506714;0.0
0.022529855370521545;0.022529855370521545;0.066259004175663;0.0;0.32641467452049255;0.5038486123085022;0.32641467452049255;0.0
0.02254447340965271;0.02254447340965271;0.10617329925298691;0.0;0.32701411843299866;0.44261568784713745;0.32701411843299866;0.0
0.022568494081497192;0.022568494081497192;0.056983113288879395;0.0;0.3273370563983917;0.504822850227356;0.3273370563983917;0.0
0.02266080677509308;0.02266080677509308;0.10058856010437012;0.0;0.32740047574043274;0.4328139126300812;0.32740047574043274;0.0
0.02266862988471985;0.02266862988471985;0.174077108502388;0.0;0.3274745047092438;0.4570505917072296;0.3274745047092438;0.0
0.022690564393997192;0.022690564393997192;0.14317458868026733;0.0;0.32830509543418884;0.4366375803947449;0.32830509543418884;0.0
0.022729836404323578;0.022729836404323578;0.08494194597005844;0.0;0.32931867241859436;0.5089510083198547;0.32931867241859436;0.0
0.022769898176193237;0.022769898176193237;0.05304211378097534;0.0;0.32943621277809143;0.32943621277809143;0.33715006709098816;0.0
0.022829174995422363;0.022829174995422363;0.17030447721481323;0.0;0.3312222361564636;0.4839111566543579;0.3312222361564636;0.0
0.02297598123550415;0.02297598123550415;0.1751461625099182;0.0;0.3313860595226288;0.4481358826160431;0.3313860595226288;0.0
0.02302713692188263;0.02302713692188263;0.10814111679792404;0.0;0.33221501111984253;0.33221501111984253;1.2142829895019531;0.0
0.02307252585887909;0.02307252585887909;0.24876254796981812;0.0;0.3334934711456299;0.39767301082611084;0.3334934711456299;0.0
0.02314847707748413;0.02314847707748413;0.14334365725517273;0.0;0.33382245898246765;0.36599108576774597;0.33382245898246765;0.0
0.02323460578918457;0.02323460578918457;0.18918612599372864;0.0;0.33521753549575806;0.4180605113506317;0.33521753549575806;0.0
0.023301273584365845;0.023301273584365845;0.2327514886856079;0.0;0.3366817831993103;0.3366817831993103;0.3643004298210144;0.0
0.02332890033721924;0.02332890033721924;0.0947268158197403;0.0;0.33718058466911316;0.919590413570404;0.33718058466911316;0.0
0.023363173007965088;0.023363173007965088;0.21316567063331604;0.0;0.33980944752693176;0.33980944752693176;0.45465904474258423;0.0
0.02336961030960083;0.02336961030960083;0.13439971208572388;0.0;0.34020620584487915;0.5577693581581116;0.34020620584487915;0.0
0.02338472753763199;0.02338472753763199;0.10407496988773346;0.0;0.3410714566707611;0.5057532787322998;0.3410714566707611;0.0
0.02341870218515396;0.02341870218515396;0.13473284244537354;0.0;0.34152933955192566;0.35298311710357666;0.34152933955192566;0.0
0.023444991558790207;0.023444991558790207;0.09752565622329712;0.0;0.3417651057243347;0.5344942212104797;0.3417651057243347;0.0
0.023453056812286377;0.023453056812286377;0.1643817126750946;0.0;0.3418005704879761;0.5037403106689453;0.3418005704879761;0.0
0.023457780480384827;0.023457780480384827;0.22534029185771942;0.0;0.34342238306999207;0.3568571209907532;0.34342238306999207;0.0
0.023483693599700928;0.023483693599700928;0.2505025863647461;0.0;0.3435637950897217;0.3435637950897217;0.8454380035400391;0.0
0.023505747318267822;0.023505747318267822;0.22865627706050873;0.0;0.34507641196250916;0.4754026234149933;0.34507641196250916;0.0
0.023590490221977234;0.023590490221977234;0.13565075397491455;0.0;0.34613215923309326;0.36091479659080505;0.34613215923309326;0.0
0.023591041564941406;0.023591041564941406;0.09850430488586426;0.0;0.34651827812194824;0.5804993510246277;0.34651827812194824;0.0
0.023603737354278564;0.023603737354278564;0.2912224531173706;0.0;0.3473196029663086;0.41123244166374207;0.3473196029663086;0.0
0.023678980767726898;0.023678980767726898;0.1625543236732483;0.0;0.34832942485809326;0.3970927298069;0.34832942485809326;0.0
0.023743897676467896;0.023743897676467896;0.07414112985134125;0.0;0.3486727774143219;0.5938173532485962;0.3486727774143219;0.0
0.023788437247276306;0.023788437247276306;0.1173185184597969;0.0;0.34886008501052856;0.34886008501052856;0.4546249806880951;0.0
0.023808836936950684;0.023808836936950684;0.28365468978881836;0.0;0.34919485449790955;0.37408384680747986;0.34919485449790955;0.0
0.023858487606048584;0.023858487606048584;0.2743191123008728;0.0;0.3505896031856537;0.9301921725273132;0.3505896031856537;0.0
0.02394619584083557;0.02394619584083557;0.31684738397598267;0.0;0.35105255246162415;0.35388606786727905;0.35105255246162415;0.0
0.02397826313972473;0.02397826313972473;0.14763925969600677;0.0;0.35129478573799133;0.35129478573799133;0.3562585413455963;0.0
0.02402178943157196;0.02402178943157196;0.1927182972431183;0.0;0.3526795208454132;0.3691575825214386;0.3526795208454132;0.0
0.024047523736953735;0.024047523736953735;0.17393989861011505;0.0;0.35296526551246643;0.5077299475669861;0.35296526551246643;0.0
0.02405416965484619;0.02405416965484619;0.09783241152763367;0.0;0.35415154695510864;0.7296578884124756;0.35415154695510864;0.0
0.024098753929138184;0.024098753929138184;0.2600952386856079;0.0;0.3544752895832062;0.5442944169044495;0.3544752895832062;0.0
0.02415710687637329;0.02415710687637329;0.09615771472454071;0.0;0.35601064562797546;0.6864944696426392;0.35601064562797546;0.0
0.024190783500671387;0.024190783500671387;0.24096836149692535;0.0;0.360316663980484;0.360316663980484;0.3680603504180908;0.0
0.024206936359405518;0.024206936359405518;0.19090978801250458;0.0;0.3603876531124115;0.3603876531124115;0.38562914729118347;0.0
0.024236619472503662;0.024236619472503662;0.11714845895767212;0.0;0.36082562804222107;0.4689974784851074;0.36082562804222107;0.0
0.024261474609375;0.024261474609375;0.12268024682998657;0.0;0.36169469356536865;0.40394702553749084;0.36169469356536865;0.0
0.02427080273628235;0.02427080273628235;0.09944266080856323;0.0;0.3619520366191864;0.8429451584815979;0.3619520366191864;0.0
0.02433300018310547;0.02433300018310547;0.15150617063045502;0.0;0.36237719655036926;0.41710740327835083;0.36237719655036926;0.0
0.02435263991355896;0.02435263991355896;0.21439224481582642;0.0;0.3631954789161682;0.4762474000453949;0.3631954789161682;0.0
0.0245017409324646;0.0245017409324646;0.2542596459388733;0.0;0.36478492617607117;0.5421871542930603;0.36478492617607117;0.0
0.024505704641342163;0.024505704641342163;0.0970151349902153;0.0;0.36540862917900085;0.36540862917900085;0.4587906002998352;0.0
0.024597778916358948;0.024597778916358948;0.18248070776462555;0.0;0.36597582697868347;0.5296105742454529;0.36597582697868347;0.0
0.024605154991149902;0.024605154991149902;0.17625072598457336;0.0;0.3668328821659088;0.4624415338039398;0.3668328821659088;0.0
0.024628520011901855;0.024628520011901855;0.10270185768604279;0.0;0.367144376039505;0.44659623503685;0.367144376039505;0.0
0.024645507335662842;0.024645507335662842;0.3197406530380249;0.0;0.3683225214481354;0.5521759986877441;0.3683225214481354;0.0
0.02481977641582489;0.02481977641582489;0.3591870069503784;0.0;0.36846163868904114;0.5087640881538391;0.36846163868904114;0.0
0.02495458722114563;0.02495458722114563;0.31659460067749023;0.0;0.37075573205947876;0.44383955001831055;0.37075573205947876;0.0
0.024961426854133606;0.024961426854133606;0.23866301774978638;0.0;0.372128427028656;0.4561844766139984;0.372128427028656;0.0
0.02498003840446472;0.02498003840446472;0.22892692685127258;0.0;0.37508073449134827;0.4611015021800995;0.37508073449134827;0.0
0.025012880563735962;0.025012880563735962;0.34709692001342773;0.0;0.3752957880496979;0.3752957880496979;0.40913188457489014;0.0
0.025026679039001465;0.025026679039001465;0.1640913486480713;0.0;0.3759754002094269;0.5920451879501343;0.3759754002094269;0.0
0.025202691555023193;0.025202691555023193;0.1185278370976448;0.0;0.3763172924518585;0.6220210194587708;0.3763172924518585;0.0
0.025241464376449585;0.025241464376449585;0.27341657876968384;0.0;0.3765588700771332;0.4635393023490906;0.3765588700771332;0.0
0.025268346071243286;0.025268346071243286;0.09038537740707397;0.0;0.37758076190948486;0.5062604546546936;0.37758076190948486;0.0
0.02530607581138611;0.02530607581138611;0.20959803462028503;0.0;0.3787223696708679;0.46971839666366577;0.3787223696708679;0.0
0.025419116020202637;0.025419116020202637;0.1607321798801422;0.0;0.3789178431034088;0.4810197949409485;0.3789178431034088;0.0
0.02544180303812027;0.02544180303812027;0.20109981298446655;0.0;0.3790024518966675;0.6627563238143921;0.3790024518966675;0.0
0.025520943105220795;0.025520943105220795;0.06670863181352615;0.0;0.38084676861763;0.5779610276222229;0.38084676861763;0.0
0.025566577911376953;0.025566577911376953;0.13463658094406128;0.0;0.38110560178756714;0.4261009097099304;0.38110560178756714;0.0
0.025588154792785645;0.025588154792785645;0.2678189277648926;0.0;0.381175696849823;0.599483072757721;0.381175696849823;0.0
0.02559185028076172;0.02559185028076172;0.2905750870704651;0.0;0.3814990520477295;0.4790414869785309;0.3814990520477295;0.0
0.025622904300689697;0.025622904300689697;0.13543851673603058;0.0;0.3818821907043457;0.43635937571525574;0.3818821907043457;0.0
0.025632664561271667;0.025632664561271667;0.28223323822021484;0.0;0.3823959231376648;0.38412779569625854;0.3823959231376648;0.0
0.025729894638061523;0.025729894638061523;0.19660694897174835;0.0;0.3840849697589874;0.4386140704154968;0.3840849697589874;0.0
0.025826334953308105;0.025826334953308105;0.18166494369506836;0.0;0.3843643367290497;0.5720348358154297;0.3843643367290497;0.0
0.02583986520767212;0.02583986520767212;0.29892855882644653;0.0;0.3843693435192108;0.7206740975379944;0.3843693435192108;0.0
0.025962233543395996;0.025962233543395996;0.07763263583183289;0.0;0.3845391869544983;0.4621877074241638;0.3845391869544983;0.0
0.025986433029174805;0.025986433029174805;0.18285679817199707;0.0;0.38454166054725647;0.5632957816123962;0.38454166054725647;0.0
0.02603965997695923;0.02603965997695923;0.15616998076438904;0.0;0.38525888323783875;0.38525888323783875;0.4237516522407532;0.0
0.026056140661239624;0.026056140661239624;0.18802255392074585;0.0;0.3861294388771057;0.5699512362480164;0.3861294388771057;0.0
0.026056945323944092;0.026056945323944092;0.2688322067260742;0.0;0.3872237503528595;0.4155087471008301;0.3872237503528595;0.0
0.026073724031448364;0.026073724031448364;0.24739131331443787;0.0;0.3879014551639557;0.3879014551639557;48.70607376098633;0.0
0.02616095542907715;0.02616095542907715;0.18557274341583252;0.0;0.3883000314235687;0.4247415363788605;0.3883000314235687;0.0
0.02626138925552368;0.02626138925552368;0.24207019805908203;0.0;0.38902217149734497;0.38902217149734497;0.6607035994529724;0.0
0.026481151580810547;0.026481151580810547;0.13344387710094452;0.0;0.3890789747238159;0.4791456162929535;0.3890789747238159;0.0
0.02659149467945099;0.02659149467945099;0.22256048023700714;0.0;0.3894326984882355;0.6227127909660339;0.3894326984882355;0.0
0.02661655843257904;0.02661655843257904;0.0994178056716919;0.0;0.39276280999183655;0.5139410495758057;0.39276280999183655;0.0
0.026629038155078888;0.026629038155078888;0.16335652768611908;0.0;0.3934154510498047;0.3934154510498047;0.5364565253257751;0.0
0.026749223470687866;0.026749223470687866;0.26342296600341797;0.0;0.39740607142448425;0.6734558939933777;0.39740607142448425;0.0
0.026813320815563202;0.026813320815563202;0.11115500330924988;0.0;0.39963072538375854;0.4673689603805542;0.39963072538375854;0.0
0.02681487798690796;0.02681487798690796;0.20125500857830048;0.0;0.39977747201919556;0.5949126482009888;0.39977747201919556;0.0
0.02682933211326599;0.02682933211326599;0.06706976145505905;0.0;0.39994120597839355;0.6529455184936523;0.39994120597839355;0.0
0.0268343985080719;0.0268343985080719;0.11208581924438477;0.0;0.40175724029541016;0.45931166410446167;0.40175724029541016;0.0
0.02683931589126587;0.02683931589126587;0.12676618993282318;0.0;0.404657781124115;0.5418424606323242;0.404657781124115;0.0
0.026845157146453857;0.026845157146453857;0.0946296975016594;0.0;0.4048636853694916;0.6255982518196106;0.4048636853694916;0.0
0.026911675930023193;0.026911675930023193;0.17748817801475525;0.0;0.4063148498535156;0.49513348937034607;0.4063148498535156;0.0
0.026919424533843994;0.026919424533843994;0.19222739338874817;0.0;0.4065532982349396;0.9315744638442993;0.4065532982349396;0.0
0.026960402727127075;0.026960402727127075;0.13289254903793335;0.0;0.4066212773323059;0.6846615076065063;0.4066212773323059;0.0
0.026964247226715088;0.026964247226715088;0.20532870292663574;0.0;0.40783554315567017;0.8474646806716919;0.40783554315567017;0.0
0.027069002389907837;0.027069002389907837;0.22303928434848785;0.0;0.40830159187316895;0.40830159187316895;0.47867676615715027;0.0
0.02712865173816681;0.02712865173816681;0.12537676095962524;0.0;0.40872082114219666;0.6202948093414307;0.40872082114219666;0.0
0.027163386344909668;0.027163386344909668;0.11766624450683594;0.0;0.4088232219219208;0.4088232219219208;1.1436328887939453;0.0
0.0273129940032959;0.0273129940032959;0.3036752939224243;0.0;0.4109664857387543;0.4750096797943115;0.4109664857387543;0.0
0.027329936623573303;0.027329936623573303;0.14877963066101074;0.0;0.4144374132156372;0.46465691924095154;0.4144374132156372;0.0
0.027410775423049927;0.027410775423049927;0.09586946666240692;0.0;0.41502830386161804;0.6525431871414185;0.41502830386161804;0.0
0.027442455291748047;0.027442455291748047;0.09674307703971863;0.0;0.41615182161331177;0.41615182161331177;0.5408678650856018;0.0
0.027500778436660767;0.027500778436660767;0.12110103666782379;0.0;0.4181601107120514;0.5453280806541443;0.4181601107120514;0.0
0.027518123388290405;0.027518123388290405;0.10577213764190674;0.0;0.4191047251224518;0.4191047251224518;0.4436017572879791;0.0
0.027522921562194824;0.027522921562194824;0.1694175899028778;0.0;0.42001575231552124;0.5636749267578125;0.42001575231552124;0.0
0.02775585651397705;0.02775585651397705;0.15731671452522278;0.0;0.42030027508735657;0.5914285182952881;0.42030027508735657;0.0
0.02777709811925888;0.02777709811925888;0.16006439924240112;0.0;0.42098644375801086;0.5504711270332336;0.42098644375801086;0.0
0.027896642684936523;0.027896642684936523;0.2040904462337494;0.0;0.42158958315849304;0.5892705917358398;0.42158958315849304;0.0
0.02790096402168274;0.02790096402168274;0.1557963639497757;0.0;0.42160937190055847;0.5246123671531677;0.42160937190055847;0.0
0.027904510498046875;0.027904510498046875;0.1156543642282486;0.0;0.423190176486969;0.6751956343650818;0.423190176486969;0.0
0.02796107530593872;0.02796107530593872;0.27562078833580017;0.0;0.42345526814460754;0.4357086420059204;0.42345526814460754;0.0
0.027969688177108765;0.027969688177108765;0.3135959208011627;0.0;0.42718860507011414;0.9468388557434082;0.42718860507011414;0.0
0.027978837490081787;0.027978837490081787;0.33262431621551514;0.0;0.4303726851940155;0.533146858215332;0.4303726851940155;0.0
0.027996331453323364;0.027996331453323364;0.40017473697662354;0.0;0.43043676018714905;0.43043676018714905;0.45061975717544556;0.0
0.027998775243759155;0.027998775243759155;0.07559835910797119;0.0;0.4327152669429779;0.4327152669429779;0.5835149884223938;0.0
0.028055213391780853;0.028055213391780853;0.13049949705600739;0.0;0.4356347322463989;0.6538835167884827;0.4356347322463989;0.0
0.02809987962245941;0.02809987962245941;0.17544610798358917;0.0;0.4367634356021881;0.6496742963790894;0.4367634356021881;0.0
0.02812865376472473;0.02812865376472473;0.16011902689933777;0.0;0.43681299686431885;0.45246800780296326;0.43681299686431885;0.0
0.02821972966194153;0.02821972966194153;0.11778667569160461;0.0;0.4369732439517975;0.5760977864265442;0.4369732439517975;0.0
0.02826470136642456;0.02826470136642456;0.10473866015672684;0.0;0.4370340406894684;0.6893905401229858;0.4370340406894684;0.0
0.02832043170928955;0.02832043170928955;0.16072797775268555;0.0;0.43743595480918884;0.6608337163925171;0.43743595480918884;0.0
0.02835032343864441;0.02835032343864441;0.23153167963027954;0.0;0.440739244222641;0.7419114112854004;0.440739244222641;0.0
0.028379768133163452;0.028379768133163452;0.11177787184715271;0.0;0.44126954674720764;0.5606281161308289;0.44126954674720764;0.0
0.028435170650482178;0.028435170650482178;0.22164428234100342;0.0;0.4432021677494049;0.4432021677494049;0.4747498631477356;0.0
0.028461694717407227;0.028461694717407227;0.19531643390655518;0.0;0.4441564083099365;0.6793070435523987;0.4441564083099365;0.0
0.028474777936935425;0.028474777936935425;0.1779860556125641;0.0;0.44427958130836487;0.5986543297767639;0.44427958130836487;0.0
0.02848006784915924;0.02848006784915924;0.15228161215782166;0.0;0.44527527689933777;0.5484974384307861;0.44527527689933777;0.0
0.028483763337135315;0.028483763337135315;0.10038146376609802;0.0;0.44640082120895386;0.6305375099182129;0.44640082120895386;0.0
0.028485439717769623;0.028485439717769623;0.10487975180149078;0.0;0.4476165473461151;0.516110360622406;0.4476165473461151;0.0
0.028487682342529297;0.028487682342529297;0.22264766693115234;0.0;0.44863399863243103;0.44863399863243103;0.5307440757751465;0.0
0.028567738831043243;0.028567738831043243;0.12935177981853485;0.0;0.44863438606262207;0.44863438606262207;0.4717105031013489;0.0
0.028577953577041626;0.028577953577041626;0.1310417801141739;0.0;0.4505513906478882;0.6232371926307678;0.4505513906478882;0.0
0.02858966588973999;0.02858966588973999;0.12214183807373047;0.0;0.453518271446228;0.6814532279968262;0.453518271446228;0.0
0.02860856056213379;0.02860856056213379;0.28755784034729004;0.0;0.4540329873561859;0.45987430214881897;0.4540329873561859;0.0
0.028610900044441223;0.028610900044441223;0.20495502650737762;0.0;0.45559483766555786;0.5576592683792114;0.45559483766555786;0.0
0.028657853603363037;0.028657853603363037;0.23043446242809296;0.0;0.4557456374168396;0.576526939868927;0.4557456374168396;0.0
0.028698235750198364;0.028698235750198364;0.1365688294172287;0.0;0.45635321736335754;0.7949713468551636;0.45635321736335754;0.0
0.028782427310943604;0.028782427310943604;0.22096318006515503;0.0;0.45845043659210205;0.45845043659210205;0.6469172835350037;0.0
0.02885352075099945;0.02885352075099945;0.1682869791984558;0.0;0.46124809980392456;0.6701977849006653;0.46124809980392456;0.0
0.028859764337539673;0.028859764337539673;0.27378469705581665;0.0;0.46169164776802063;0.7769134640693665;0.46169164776802063;0.0
0.02912801504135132;0.02912801504135132;0.18417848646640778;0.0;0.46315500140190125;0.6206851601600647;0.46315500140190125;0.0
0.029168665409088135;0.029168665409088135;0.10110723972320557;0.0;0.4632484018802643;0.6743059754371643;0.4632484018802643;0.0
0.029198884963989258;0.029198884963989258;0.16704654693603516;0.0;0.4637632369995117;0.4637632369995117;0.47491690516471863;0.0
0.029220014810562134;0.029220014810562134;0.09721621870994568;0.0;0.4639286696910858;0.9174203276634216;0.4639286696910858;0.0
0.029370784759521484;0.029370784759521484;0.07813353091478348;0.0;0.46458443999290466;0.46458443999290466;0.5725429058074951;0.0
0.029408767819404602;0.029408767819404602;0.14600789546966553;0.0;0.4649573862552643;0.4649573862552643;0.48951011896133423;0.0
0.02948419749736786;0.02948419749736786;0.10062360763549805;0.0;0.4649839997291565;0.4649839997291565;0.48177531361579895;0.0
0.029512882232666016;0.029512882232666016;0.27038678526878357;0.0;0.46518638730049133;0.617760181427002;0.46518638730049133;0.0
0.029567837715148926;0.029567837715148926;0.2517774701118469;0.0;0.46678176522254944;0.685164213180542;0.46678176522254944;0.0
0.029582887887954712;0.029582887887954712;0.2670817971229553;0.0;0.46768614649772644;0.6263619661331177;0.46768614649772644;0.0
0.0296565443277359;0.0296565443277359;0.25263795256614685;0.0;0.46790891885757446;0.9221540093421936;0.46790891885757446;0.0
0.029692664742469788;0.029692664742469788;0.21202683448791504;0.0;0.46964624524116516;0.6846668124198914;0.46964624524116516;0.0
0.029740095138549805;0.029740095138549805;0.22322240471839905;0.0;0.47321486473083496;0.4756653308868408;0.47321486473083496;0.0
0.029825612902641296;0.029825612902641296;0.14840908348560333;0.0;0.4734765887260437;0.5668792724609375;0.4734765887260437;0.0
0.029851198196411133;0.029851198196411133;0.14744558930397034;0.0;0.47440171241760254;0.8030600547790527;0.47440171241760254;0.0
0.029873520135879517;0.029873520135879517;0.21626025438308716;0.0;0.4763888418674469;0.4763888418674469;0.552155613899231;0.0
0.029934316873550415;0.029934316873550415;0.12526935338974;0.0;0.4795108735561371;0.4795108735561371;1.0477793216705322;0.0
0.029950350522994995;0.029950350522994995;0.2057397961616516;0.0;0.4795181453227997;0.8575688600540161;0.4795181453227997;0.0
0.030011355876922607;0.030011355876922607;0.2612917423248291;0.0;0.4808674454689026;0.4808674454689026;1.0167217254638672;0.0
0.03018045425415039;0.03018045425415039;0.2512575685977936;0.0;0.4820777475833893;0.48301392793655396;0.4820777475833893;0.0
0.030191421508789062;0.030191421508789062;0.15839114785194397;0.0;0.4826166331768036;0.4826166331768036;1.0111830234527588;0.0
0.030214130878448486;0.030214130878448486;0.25742846727371216;0.0;0.4841846525669098;0.6986965537071228;0.4841846525669098;0.0
0.030216604471206665;0.030216604471206665;0.1164303869009018;0.0;0.48463353514671326;0.7600277066230774;0.48463353514671326;0.0
0.030222594738006592;0.030222594738006592;0.3937518000602722;0.0;0.4868234694004059;0.5990176796913147;0.4868234694004059;0.0
0.030454233288764954;0.030454233288764954;0.20902571082115173;0.0;0.4880475699901581;0.7111573219299316;0.4880475699901581;0.0
0.030499786138534546;0.030499786138534546;0.2790139317512512;0.0;0.48898521065711975;0.7580010294914246;0.48898521065711975;0.0
0.030513674020767212;0.030513674020767212;0.2793648838996887;0.0;0.489383727312088;0.617486298084259;0.489383727312088;0.0
0.030529171228408813;0.030529171228408813;0.17128735780715942;0.0;0.49044790863990784;0.6042880415916443;0.49044790863990784;0.0
0.03075239062309265;0.03075239062309265;0.12578700482845306;0.0;0.490451842546463;0.490451842546463;0.6046653985977173;0.0
0.03086160123348236;0.03086160123348236;0.12783372402191162;0.0;0.49232542514801025;0.8526520729064941;0.49232542514801025;0.0
0.030879676342010498;0.030879676342010498;0.23796173930168152;0.0;0.49275830388069153;0.6492885947227478;0.49275830388069153;0.0
0.030953407287597656;0.030953407287597656;0.3931531310081482;0.0;0.49403131008148193;0.49403131008148193;0.8057875633239746;0.0
0.030958712100982666;0.030958712100982666;0.12385709583759308;0.0;0.4963510036468506;0.5982345938682556;0.4963510036468506;0.0
0.03107312321662903;0.03107312321662903;0.21680611371994019;0.0;0.49787449836730957;0.7739065289497375;0.49787449836730957;0.0
0.031114935874938965;0.031114935874938965;0.19842863082885742;0.0;0.4982989430427551;0.4982989430427551;0.5548936128616333;0.0
0.03113192319869995;0.03113192319869995;0.12329818308353424;0.0;0.49881410598754883;0.8730664253234863;0.49881410598754883;0.0
0.031263142824172974;0.031263142824172974;0.24209392070770264;0.0;0.49882617592811584;0.661476194858551;0.49882617592811584;0.0
0.03138500452041626;0.03138500452041626;0.315756618976593;0.0;0.5009986758232117;0.6480187177658081;0.5009986758232117;0.0
0.03153690695762634;0.03153690695762634;0.35914644598960876;0.0;0.5023402571678162;0.6348998546600342;0.5023402571678162;0.0
0.031683146953582764;0.031683146953582764;0.2595973610877991;0.0;0.5095592141151428;0.577202320098877;0.5095592141151428;0.0
0.03171796351671219;0.03171796351671219;0.18846264481544495;0.0;0.5118594765663147;0.6341027617454529;0.5118594765663147;0.0
0.03175202012062073;0.03175202012062073;0.29757291078567505;0.0;0.5130420923233032;0.5939865708351135;0.5130420923233032;0.0
0.03180316090583801;0.03180316090583801;0.198430597782135;0.0;0.5140058398246765;0.5140058398246765;0.8769451379776001;0.0
0.03188547492027283;0.03188547492027283;0.3337251543998718;0.0;0.5153651833534241;0.7634553909301758;0.5153651833534241;0.0
0.031966567039489746;0.031966567039489746;0.32827460765838623;0.0;0.5164508819580078;1.0593037605285645;0.5164508819580078;0.0
0.03197944164276123;0.03197944164276123;0.18837305903434753;0.0;0.5204910039901733;0.9926803112030029;0.5204910039901733;0.0
0.032061994075775146;0.032061994075775146;0.375219464302063;0.0;0.5209231376647949;0.6002601385116577;0.5209231376647949;0.0
0.03213268518447876;0.03213268518447876;0.14351820945739746;0.0;0.5216019153594971;0.624870240688324;0.5216019153594971;0.0
0.032363831996917725;0.032363831996917725;0.3550887703895569;0.0;0.5222162008285522;0.684714138507843;0.5222162008285522;0.0
0.032431215047836304;0.032431215047836304;0.15168802440166473;0.0;0.524954080581665;0.7875595688819885;0.524954080581665;0.0
0.032469213008880615;0.032469213008880615;0.18183434009552002;0.0;0.5251029133796692;1.0131357908248901;0.5251029133796692;0.0
0.032481253147125244;0.032481253147125244;0.18436211347579956;0.0;0.5255181193351746;0.6209059357643127;0.5255181193351746;0.0
0.0325394868850708;0.0325394868850708;0.19743722677230835;0.0;0.5264153480529785;0.5264153480529785;1.1613661050796509;0.0
0.032542288303375244;0.032542288303375244;0.15965896844863892;0.0;0.5270792841911316;0.8255349397659302;0.5270792841911316;0.0
0.03289121389389038;0.03289121389389038;0.2824130654335022;0.0;0.5279585719108582;0.5279585719108582;1.314813256263733;0.0
0.032897353172302246;0.032897353172302246;0.2841300964355469;0.0;0.5293399691581726;0.6097685098648071;0.5293399691581726;0.0
0.032953158020973206;0.032953158020973206;0.25447580218315125;0.0;0.5323166847229004;0.6588301062583923;0.5323166847229004;0.0
0.033016741275787354;0.033016741275787354;0.1806965470314026;0.0;0.5340636968612671;0.6464176177978516;0.5340636968612671;0.0
0.03314331918954849;0.03314331918954849;0.15861152112483978;0.0;0.5381160974502563;0.6102097034454346;0.5381160974502563;0.0
0.033150359988212585;0.033150359988212585;0.22700929641723633;0.0;0.5383835434913635;0.5450013875961304;0.5383835434913635;0.0
0.03327304124832153;0.03327304124832153;0.17037829756736755;0.0;0.5386150479316711;0.7552162408828735;0.5386150479316711;0.0
0.03330385684967041;0.03330385684967041;0.20632107555866241;0.0;0.5393561124801636;0.6641157865524292;0.5393561124801636;0.0
0.03336717188358307;0.03336717188358307;0.28394782543182373;0.0;0.5396332144737244;0.9120267033576965;0.5396332144737244;0.0
0.03345862030982971;0.03345862030982971;0.1442165970802307;0.0;0.5397542715072632;0.784598171710968;0.5397542715072632;0.0
0.033490896224975586;0.033490896224975586;0.22760707139968872;0.0;0.540218710899353;0.540218710899353;0.5598655343055725;0.0
0.033500462770462036;0.033500462770462036;0.1951138973236084;0.0;0.5412869453430176;0.5412869453430176;0.6787753105163574;0.0
0.03378292918205261;0.03378292918205261;0.1305062174797058;0.0;0.5421934723854065;0.5421934723854065;1.1042488813400269;0.0
0.03385591506958008;0.03385591506958008;0.222911536693573;0.0;0.5425856113433838;0.6981608867645264;0.5425856113433838;0.0
0.03388741612434387;0.03388741612434387;0.28142493963241577;0.0;0.54315185546875;0.712501585483551;0.54315185546875;0.0
0.03389599919319153;0.03389599919319153;0.35233792662620544;0.0;0.5438553690910339;1.1113393306732178;0.5438553690910339;0.0
0.03402304649353027;0.03402304649353027;0.18565702438354492;0.0;0.5484110713005066;0.5484110713005066;0.75180983543396;0.0
0.03426283597946167;0.03426283597946167;0.2040870487689972;0.0;0.5512656569480896;0.5523498058319092;0.5512656569480896;0.0
0.03429247438907623;0.03429247438907623;0.2885891795158386;0.0;0.5521026253700256;0.5521026253700256;52.024967193603516;0.0
0.03438161313533783;0.03438161313533783;0.21859143674373627;0.0;0.5529367327690125;0.6083608865737915;0.5529367327690125;0.0
0.03450441360473633;0.03450441360473633;0.12092310190200806;0.0;0.5529394745826721;0.9060453772544861;0.5529394745826721;0.0
0.03455573320388794;0.03455573320388794;0.11881528049707413;0.0;0.5539570450782776;0.668474018573761;0.5539570450782776;0.0
0.03467622399330139;0.03467622399330139;0.17664353549480438;0.0;0.5544925928115845;0.7204437255859375;0.5544925928115845;0.0
0.03469806909561157;0.03469806909561157;0.27562323212623596;0.0;0.5556594729423523;0.5556594729423523;0.6126251816749573;0.0
0.034928977489471436;0.034928977489471436;0.20395836234092712;0.0;0.559590220451355;0.8706910014152527;0.559590220451355;0.0
0.03493744134902954;0.03493744134902954;0.2896472215652466;0.0;0.5596271753311157;0.5596271753311157;1.0296099185943604;0.0
0.034994930028915405;0.034994930028915405;0.3927980661392212;0.0;0.5614919066429138;0.6337247490882874;0.5614919066429138;0.0
0.03499770164489746;0.03499770164489746;0.21459494531154633;0.0;0.562492847442627;0.6255649924278259;0.562492847442627;0.0
0.03506433963775635;0.03506433963775635;0.19891875982284546;0.0;0.5639762878417969;0.9985300898551941;0.5639762878417969;0.0
0.035064637660980225;0.035064637660980225;0.1605057269334793;0.0;0.5639995336532593;0.6748681664466858;0.5639995336532593;0.0
0.035316139459609985;0.035316139459609985;0.31579089164733887;0.0;0.5650585293769836;0.5650585293769836;47.964420318603516;0.0
0.0353836715221405;0.0353836715221405;0.12146161496639252;0.0;0.5693797469139099;0.5693797469139099;1.6316925287246704;0.0
0.03538703918457031;0.03538703918457031;0.2138427495956421;0.0;0.5695663690567017;0.5695663690567017;0.8408790230751038;0.0
0.03539913892745972;0.03539913892745972;0.15784591436386108;0.0;0.5697813630104065;0.812328040599823;0.5697813630104065;0.0
0.03558772802352905;0.03558772802352905;0.1553521752357483;0.0;0.5712918639183044;0.5712918639183044;1.7330608367919922;0.0
0.035829126834869385;0.035829126834869385;0.13537615537643433;0.0;0.5718229413032532;0.6554731130599976;0.5718229413032532;0.0
0.03614860773086548;0.03614860773086548;0.16881197690963745;0.0;0.5719411373138428;0.5719411373138428;0.6038311123847961;0.0
0.036167994141578674;0.036167994141578674;0.1370992362499237;0.0;0.5790497660636902;0.5790497660636902;0.911847710609436;0.0
0.03620879352092743;0.03620879352092743;0.28361034393310547;0.0;0.5800424218177795;0.5800424218177795;1.0753023624420166;0.0
0.03624269366264343;0.03624269366264343;0.23442739248275757;0.0;0.580074667930603;0.580074667930603;43.76795959472656;0.0
0.036254480481147766;0.036254480481147766;0.3501611351966858;0.0;0.580995500087738;0.580995500087738;0.5921447277069092;0.0
0.03633226454257965;0.03633226454257965;0.298677921295166;0.0;0.581378698348999;0.9280107021331787;0.581378698348999;0.0
0.036531075835227966;0.036531075835227966;0.3671608567237854;0.0;0.5825328826904297;0.9011268615722656;0.5825328826904297;0.0
0.03663654625415802;0.03663654625415802;0.1405951976776123;0.0;0.583658754825592;0.583658754825592;1.1797001361846924;0.0
0.03668791055679321;0.03668791055679321;0.24215346574783325;0.0;0.5955919623374939;0.5955919623374939;0.603779137134552;0.0
0.03696361184120178;0.03696361184120178;0.33608174324035645;0.0;0.5962381362915039;0.909680962562561;0.5962381362915039;0.0
0.03714781999588013;0.03714781999588013;0.20568521320819855;0.0;0.6003631949424744;1.0322706699371338;0.6003631949424744;0.0
0.037275850772857666;0.037275850772857666;0.18197154998779297;0.0;0.6015576720237732;1.0045092105865479;0.6015576720237732;0.0
0.03737959265708923;0.03737959265708923;0.1492946743965149;0.0;0.6027507781982422;0.6027507781982422;2.8521690368652344;0.0
0.03738647699356079;0.03738647699356079;0.26717254519462585;0.0;0.6037271618843079;0.9538779854774475;0.6037271618843079;0.0
0.03742755949497223;0.03742755949497223;0.1933305561542511;0.0;0.6038049459457397;0.6038049459457397;0.628972053527832;0.0
0.03751641511917114;0.03751641511917114;0.14298269152641296;0.0;0.6059262156486511;0.6059262156486511;0.6482022404670715;0.0
0.03753902018070221;0.03753902018070221;0.191322922706604;0.0;0.6091482043266296;0.6091482043266296;40.18000411987305;0.0
0.03760683536529541;0.03760683536529541;0.16073423624038696;0.0;0.6096867322921753;0.7318891882896423;0.6096867322921753;0.0
0.0376351922750473;0.0376351922750473;0.18420171737670898;0.0;0.6102612614631653;1.0473121404647827;0.6102612614631653;0.0
0.03769998252391815;0.03769998252391815;0.1760595142841339;0.0;0.6123828291893005;0.6123828291893005;0.7743824124336243;0.0
0.03771936893463135;0.03771936893463135;0.20714572072029114;0.0;0.6126354932785034;0.6126354932785034;0.6289126873016357;0.0
0.03807276487350464;0.03807276487350464;0.18479102849960327;0.0;0.6187317967414856;0.6405456066131592;0.6187317967414856;0.0
0.03826642036437988;0.03826642036437988;0.17142802476882935;0.0;0.6197583675384521;0.7566019892692566;0.6197583675384521;0.0
0.038338422775268555;0.038338422775268555;0.2266530692577362;0.0;0.620751678943634;0.620751678943634;0.6411545872688293;0.0
0.038394391536712646;0.038394391536712646;0.22336308658123016;0.0;0.6220837831497192;0.6771337389945984;0.6220837831497192;0.0
0.03840059041976929;0.03840059041976929;0.2653716802597046;0.0;0.6249756217002869;0.835628867149353;0.6249756217002869;0.0
0.038694173097610474;0.038694173097610474;0.1312856674194336;0.0;0.6286211609840393;0.7822545170783997;0.6286211609840393;0.0
0.03876209259033203;0.03876209259033203;0.22386159002780914;0.0;0.6288071274757385;0.8059707283973694;0.6288071274757385;0.0
0.0389401912689209;0.0389401912689209;0.18065416812896729;0.0;0.6304133534431458;0.7250441312789917;0.6304133534431458;0.0
0.03895801305770874;0.03895801305770874;0.1159888207912445;0.0;0.6319754719734192;0.6319754719734192;0.6917897462844849;0.0
0.0390629768371582;0.0390629768371582;0.2526240944862366;0.0;0.6332665085792542;0.6332665085792542;0.6630699634552002;0.0
0.03909960389137268;0.03909960389137268;0.25040721893310547;0.0;0.6346753835678101;0.9169596433639526;0.6346753835678101;0.0
0.03912287950515747;0.03912287950515747;0.17052583396434784;0.0;0.6384797096252441;0.6384797096252441;1.1119117736816406;0.0
0.039218753576278687;0.039218753576278687;0.20972001552581787;0.0;0.6404552459716797;0.9736423492431641;0.6404552459716797;0.0
0.03923457860946655;0.03923457860946655;0.21773934364318848;0.0;0.641328752040863;0.83139568567276;0.641328752040863;0.0
0.03943014144897461;0.03943014144897461;0.2642574906349182;0.0;0.6416516900062561;1.0403039455413818;0.6416516900062561;0.0
0.03946363925933838;0.03946363925933838;0.19770604372024536;0.0;0.6424417495727539;0.7295193672180176;0.6424417495727539;0.0
0.03961469233036041;0.03961469233036041;0.11801031231880188;0.0;0.6430451273918152;0.7045021057128906;0.6430451273918152;0.0
0.03971263766288757;0.03971263766288757;0.20471984148025513;0.0;0.6435399651527405;0.8726198673248291;0.6435399651527405;0.0
0.03981518745422363;0.03981518745422363;0.22847846150398254;0.0;0.6436600089073181;0.6436600089073181;0.9020899534225464;0.0
0.039879441261291504;0.039879441261291504;0.20685487985610962;0.0;0.6507453322410583;0.7435597777366638;0.6507453322410583;0.0
0.039935171604156494;0.039935171604156494;0.27735623717308044;0.0;0.6510606408119202;0.716624915599823;0.6510606408119202;0.0
0.03997550904750824;0.03997550904750824;0.16041314601898193;0.0;0.6520282626152039;0.6520282626152039;2.386674642562866;0.0
0.040209025144577026;0.040209025144577026;0.3513939678668976;0.0;0.6531592607498169;0.886174738407135;0.6531592607498169;0.0
0.04048272967338562;0.04048272967338562;0.24080616235733032;0.0;0.6534978151321411;0.6534978151321411;0.7163688540458679;0.0
0.04048997163772583;0.04048997163772583;0.3424296975135803;0.0;0.6535444855690002;0.7321580052375793;0.6535444855690002;0.0
0.04056045413017273;0.04056045413017273;0.18950581550598145;0.0;0.6566429138183594;0.9013603925704956;0.6566429138183594;0.0
0.040911853313446045;0.040911853313446045;0.23395207524299622;0.0;0.6613973379135132;0.6613973379135132;0.8451138734817505;0.0
0.04148900508880615;0.04148900508880615;0.1453719139099121;0.0;0.6628007292747498;0.8501989245414734;0.6628007292747498;0.0
0.041964948177337646;0.041964948177337646;0.15341615676879883;0.0;0.663789689540863;0.663789689540863;1.5853898525238037;0.0
0.04211091995239258;0.04211091995239258;0.3058667778968811;0.0;0.670788586139679;0.670788586139679;27.698728561401367;0.0
0.04221527278423309;0.04221527278423309;0.11002317070960999;0.0;0.6738294959068298;1.0758097171783447;0.6738294959068298;0.0
0.04258459806442261;0.04258459806442261;0.16000962257385254;0.0;0.6758890748023987;0.6758890748023987;0.678564190864563;0.0
0.04259410500526428;0.04259410500526428;0.2215781956911087;0.0;0.6773486733436584;0.6773486733436584;1.0748178958892822;0.0
0.042653799057006836;0.042653799057006836;0.15941518545150757;0.0;0.6774221658706665;0.6774221658706665;0.6867067217826843;0.0
0.04265516996383667;0.04265516996383667;0.22636468708515167;0.0;0.6784787178039551;2.1527159214019775;0.6784787178039551;0.0
0.04267020523548126;0.04267020523548126;0.3122120499610901;0.0;0.6808611154556274;0.9176800847053528;0.6808611154556274;0.0
0.042727887630462646;0.042727887630462646;0.10652315616607666;0.0;0.6815351247787476;0.9619935750961304;0.6815351247787476;0.0
0.04275798797607422;0.04275798797607422;0.2072892189025879;0.0;0.6895837783813477;0.6895837783813477;0.6965733170509338;0.0
0.04289337992668152;0.04289337992668152;0.22111546993255615;0.0;0.690808117389679;0.761289656162262;0.690808117389679;0.0
0.0429081916809082;0.0429081916809082;0.27508842945098877;0.0;0.6941170692443848;1.0095651149749756;0.6941170692443848;0.0
0.043127208948135376;0.043127208948135376;0.3861854076385498;0.0;0.6956157684326172;1.086828351020813;0.6956157684326172;0.0
0.043182507157325745;0.043182507157325745;0.17574328184127808;0.0;0.6974934339523315;1.3233439922332764;0.6974934339523315;0.0
0.0434516966342926;0.0434516966342926;0.274172306060791;0.0;0.6976996660232544;0.6976996660232544;1.2231605052947998;0.0
0.043564438819885254;0.043564438819885254;0.17178839445114136;0.0;0.7005616426467896;1.1394325494766235;0.7005616426467896;0.0
0.043770790100097656;0.043770790100097656;0.2972458600997925;0.0;0.701421320438385;0.9701422452926636;0.701421320438385;0.0
0.04379972815513611;0.04379972815513611;0.37551310658454895;0.0;0.702937662601471;0.8510344624519348;0.702937662601471;0.0
0.044004686176776886;0.044004686176776886;0.23426568508148193;0.0;0.7030621767044067;0.7827777862548828;0.7030621767044067;0.0
0.04414558410644531;0.04414558410644531;0.15262913703918457;0.0;0.7061229944229126;1.2409013509750366;0.7061229944229126;0.0
0.0441947877407074;0.0441947877407074;0.23921984434127808;0.0;0.7130973935127258;1.1041146516799927;0.7130973935127258;0.0
0.0444866418838501;0.0444866418838501;0.35490548610687256;0.0;0.7137699723243713;0.8317523002624512;0.7137699723243713;0.0
0.04449966549873352;0.04449966549873352;0.15923139452934265;0.0;0.714377224445343;1.5743145942687988;0.714377224445343;0.0
0.04469478130340576;0.04469478130340576;0.3590429723262787;0.0;0.7152663469314575;0.7152663469314575;0.8647729754447937;0.0
0.04473316669464111;0.04473316669464111;0.3802304267883301;0.0;0.7212617993354797;0.7212617993354797;0.8683924078941345;0.0
0.0447765588760376;0.0447765588760376;0.18810886144638062;0.0;0.7218446731567383;0.7218446731567383;1.0846033096313477;0.0
0.044869303703308105;0.044869303703308105;0.2055267095565796;0.0;0.7247853875160217;0.7496964931488037;0.7247853875160217;0.0
0.04494285583496094;0.04494285583496094;0.27134227752685547;0.0;0.7255902290344238;0.7255902290344238;0.9068333506584167;0.0
0.04513173550367355;0.04513173550367355;0.22690588235855103;0.0;0.7258317470550537;0.7258317470550537;0.7618804574012756;0.0
0.04518038034439087;0.04518038034439087;0.1867750734090805;0.0;0.727418839931488;1.113176703453064;0.727418839931488;0.0
0.04518154263496399;0.04518154263496399;0.143324077129364;0.0;0.7302888631820679;0.8856242895126343;0.7302888631820679;0.0
0.0455852746963501;0.0455852746963501;0.2662421464920044;0.0;0.7366734147071838;0.7366734147071838;0.7406368255615234;0.0
0.04580581188201904;0.04580581188201904;0.3131380081176758;0.0;0.7429198622703552;0.750579297542572;0.7429198622703552;0.0
0.045809388160705566;0.045809388160705566;0.28709936141967773;0.0;0.7445904612541199;0.9006566405296326;0.7445904612541199;0.0
0.04601156711578369;0.04601156711578369;0.2612045705318451;0.0;0.7474376559257507;0.7474376559257507;0.7543739676475525;0.0
0.04604780673980713;0.04604780673980713;0.2491089105606079;0.0;0.749025285243988;0.749025285243988;0.8533511757850647;0.0
0.046314746141433716;0.046314746141433716;0.10503524541854858;0.0;0.7526217699050903;0.925865888595581;0.7526217699050903;0.0
0.04639837145805359;0.04639837145805359;0.3004470765590668;0.0;0.7586553692817688;0.7586553692817688;1.0954774618148804;0.0
0.0465657114982605;0.0465657114982605;0.39364761114120483;0.0;0.7683597207069397;0.8541064262390137;0.7683597207069397;0.0
0.0465950071811676;0.0465950071811676;0.1807960867881775;0.0;0.7726656794548035;0.7726656794548035;0.8115693926811218;0.0
0.04661297798156738;0.04661297798156738;0.29628342390060425;0.0;0.7750258445739746;1.0188020467758179;0.7750258445739746;0.0
0.04671543836593628;0.04671543836593628;0.2913669943809509;0.0;0.7765783071517944;0.9828460216522217;0.7765783071517944;0.0
0.04713413119316101;0.04713413119316101;0.1808958798646927;0.0;0.7851706743240356;1.0465312004089355;0.7851706743240356;0.0
0.04721790552139282;0.04721790552139282;0.21984726190567017;0.0;0.7908117771148682;0.9580178260803223;0.7908117771148682;0.0
0.047523051500320435;0.047523051500320435;0.19263285398483276;0.0;0.7924057841300964;0.7924057841300964;1.1675363779067993;0.0
0.04766318202018738;0.04766318202018738;0.3185240626335144;0.0;0.7952797412872314;0.9489243030548096;0.7952797412872314;0.0
0.04776044189929962;0.04776044189929962;0.2279100865125656;0.0;0.7959449887275696;1.2670842409133911;0.7959449887275696;0.0
0.04792815446853638;0.04792815446853638;0.2818151116371155;0.0;0.7959504723548889;0.7959504723548889;1.080027461051941;0.0
0.04793912172317505;0.04793912172317505;0.23543991148471832;0.0;0.7960649132728577;0.9317445755004883;0.7960649132728577;0.0
0.04796379804611206;0.04796379804611206;0.1947624683380127;0.0;0.8004323840141296;1.1503604650497437;0.8004323840141296;0.0
0.048197612166404724;0.048197612166404724;0.16827020049095154;0.0;0.8051905035972595;0.8051905035972595;0.9155824184417725;0.0
0.04878389835357666;0.04878389835357666;0.3215886354446411;0.0;0.8098047375679016;0.8992608785629272;0.8098047375679016;0.0
0.04883015155792236;0.04883015155792236;0.26560643315315247;0.0;0.8115075826644897;1.2417546510696411;0.8115075826644897;0.0
0.04916179180145264;0.04916179180145264;0.31842097640037537;0.0;0.8122676610946655;1.2236005067825317;0.8122676610946655;0.0
0.049177974462509155;0.049177974462509155;0.14793574810028076;0.0;0.8211188316345215;1.2832971811294556;0.8211188316345215;0.0
0.049419134855270386;0.049419134855270386;0.28060975670814514;0.0;0.8269689679145813;1.1419203281402588;0.8269689679145813;0.0
0.04961159825325012;0.04961159825325012;0.20465540885925293;0.0;0.8300263285636902;0.8300263285636902;1.3240814208984375;0.0
0.04970729351043701;0.04970729351043701;0.3600539565086365;0.0;0.8310667872428894;0.8310667872428894;0.9558753967285156;0.0
0.049806177616119385;0.049806177616119385;0.19738483428955078;0.0;0.8544353246688843;1.2356418371200562;0.8544353246688843;0.0
0.05028824508190155;0.05028824508190155;0.4071096181869507;0.0;0.8559240102767944;1.0433604717254639;0.8559240102767944;0.0
0.05055093765258789;0.05055093765258789;0.2499011754989624;0.0;0.8580153584480286;0.9490411877632141;0.8580153584480286;0.0
0.05061420798301697;0.05061420798301697;0.34508466720581055;0.0;0.8588851094245911;0.894298791885376;0.8588851094245911;0.0
0.05064445734024048;0.05064445734024048;0.17028236389160156;0.0;0.8592327833175659;0.8592327833175659;1.0466341972351074;0.0
0.0511285662651062;0.0511285662651062;0.1770147681236267;0.0;0.8688647747039795;0.8688647747039795;0.93234783411026;0.0
0.051146864891052246;0.051146864891052246;0.3719750642776489;0.0;0.8700073957443237;1.025079369544983;0.8700073957443237;0.0
0.05124044418334961;0.05124044418334961;0.16053557395935059;0.0;0.8740805983543396;0.8740805983543396;1.3736008405685425;0.0
0.05129659175872803;0.05129659175872803;0.3522752523422241;0.0;0.8775787949562073;1.2749087810516357;0.8775787949562073;0.0
0.051310718059539795;0.051310718059539795;0.29634881019592285;0.0;0.8781688213348389;0.8781688213348389;1.129825472831726;0.0
0.051434457302093506;0.051434457302093506;0.32055699825286865;0.0;0.8793060779571533;0.9991291165351868;0.8793060779571533;0.0
0.051533788442611694;0.051533788442611694;0.25709232687950134;0.0;0.8871525526046753;1.2509998083114624;0.8871525526046753;0.0
0.05171686410903931;0.05171686410903931;0.2208920121192932;0.0;0.8874081373214722;1.2705427408218384;0.8874081373214722;0.0
0.05174030363559723;0.05174030363559723;0.2684786021709442;0.0;0.8889508247375488;0.8889508247375488;29.047029495239258;0.0
0.0518534779548645;0.0518534779548645;0.22991889715194702;0.0;0.8957029581069946;0.9747127294540405;0.8957029581069946;0.0
0.05215153098106384;0.05215153098106384;0.43326735496520996;0.0;0.9002155065536499;1.2776628732681274;0.9002155065536499;0.0
0.052230626344680786;0.052230626344680786;0.37647777795791626;0.0;0.901799201965332;0.901799201965332;3.3866777420043945;0.0
0.052777305245399475;0.052777305245399475;0.28590890765190125;0.0;0.91124027967453;1.1252620220184326;0.91124027967453;0.0
0.05317401885986328;0.05317401885986328;0.29542434215545654;0.0;0.9133220314979553;1.1581135988235474;0.9133220314979553;0.0
0.053180992603302;0.053180992603302;0.20752733945846558;0.0;0.9135739803314209;0.9196234345436096;0.9135739803314209;0.0
0.05344924330711365;0.05344924330711365;0.2364194393157959;0.0;0.9151951670646667;0.9151951670646667;1.6363340616226196;0.0
0.05353349447250366;0.05353349447250366;0.22899401187896729;0.0;0.9167269468307495;1.2761263847351074;0.9167269468307495;0.0
0.05368226766586304;0.05368226766586304;0.32261955738067627;0.0;0.9205675721168518;1.5220246315002441;0.9205675721168518;0.0
0.05376270413398743;0.05376270413398743;0.2871038317680359;0.0;0.9278443455696106;0.9278443455696106;2.5747437477111816;0.0
0.05380120873451233;0.05380120873451233;0.3522546887397766;0.0;0.9292973875999451;0.9806212782859802;0.9292973875999451;0.0
0.05384594202041626;0.05384594202041626;0.2748129367828369;0.0;0.9296374320983887;1.0338109731674194;0.9296374320983887;0.0
0.054073214530944824;0.054073214530944824;0.1763681322336197;0.0;0.9391343593597412;0.9391343593597412;1.1516103744506836;0.0
0.05409598350524902;0.05409598350524902;0.25655311346054077;0.0;0.9478008151054382;1.416722297668457;0.9478008151054382;0.0
0.054237306118011475;0.054237306118011475;0.27983397245407104;0.0;0.9515587687492371;0.9515587687492371;2.6592583656311035;0.0
0.054316580295562744;0.054316580295562744;0.3215234875679016;0.0;0.9535134434700012;0.9535134434700012;1.3997862339019775;0.0
0.05432826280593872;0.05432826280593872;0.21771758794784546;0.0;0.9576008915901184;1.2036317586898804;0.9576008915901184;0.0
0.05433553457260132;0.05433553457260132;0.23207062482833862;0.0;0.9631950259208679;1.7602821588516235;0.9631950259208679;0.0
0.054471492767333984;0.054471492767333984;0.35539817810058594;0.0;0.9726786613464355;1.2603870630264282;0.9726786613464355;0.0
0.05474219471216202;0.05474219471216202;0.3932982087135315;0.0;0.9736514687538147;0.9814906716346741;0.9736514687538147;0.0
0.05505871772766113;0.05505871772766113;0.34795552492141724;0.0;0.9756949543952942;0.9756949543952942;32.70863342285156;0.0
0.055351436138153076;0.055351436138153076;0.25276651978492737;0.0;0.9871141314506531;0.9871141314506531;1.2692598104476929;0.0
0.055904924869537354;0.055904924869537354;0.24632912874221802;0.0;0.997075080871582;1.039401650428772;0.997075080871582;0.0
0.05590739846229553;0.05590739846229553;0.4036938548088074;0.0;0.9996663331985474;1.2348865270614624;0.9996663331985474;0.0
0.056332409381866455;0.056332409381866455;0.21245115995407104;0.0;1.0024951696395874;1.0024951696395874;1.7625164985656738;0.0
0.05637282133102417;0.05637282133102417;0.28642934560775757;0.0;1.0138078927993774;1.232820987701416;1.0138078927993774;0.0
0.05640822649002075;0.05640822649002075;0.5031237602233887;0.0;1.0148544311523438;1.0148544311523438;2.667409896850586;0.0
0.05739283561706543;0.05739283561706543;0.2938484251499176;0.0;1.0153332948684692;1.1329424381256104;1.0153332948684692;0.0
0.05741417407989502;0.05741417407989502;0.31049108505249023;0.0;1.0175082683563232;1.2511142492294312;1.0175082683563232;0.0
0.058182358741760254;0.058182358741760254;0.27686309814453125;0.0;1.024290680885315;1.2309404611587524;1.024290680885315;0.0
0.058709561824798584;0.058709561824798584;0.33611154556274414;0.0;1.0280660390853882;1.452760934829712;1.0280660390853882;0.0
0.0590643510222435;0.0590643510222435;0.364154577255249;0.0;1.0335897207260132;1.0589373111724854;1.0335897207260132;0.0
0.05930984020233154;0.05930984020233154;0.22967436909675598;0.0;1.0344101190567017;1.0344101190567017;1.073982834815979;0.0
0.06012731045484543;0.06012731045484543;0.3989471197128296;0.0;1.039627194404602;1.1051850318908691;1.039627194404602;0.0
0.060764968395233154;0.060764968395233154;0.419899582862854;0.0;1.0863103866577148;1.3305495977401733;1.0863103866577148;0.0
0.06082552671432495;0.06082552671432495;0.29388684034347534;0.0;1.1016557216644287;1.2049859762191772;1.1016557216644287;0.0
0.0610848069190979;0.0610848069190979;0.2600337862968445;0.0;1.1141541004180908;1.4618504047393799;1.1141541004180908;0.0
0.06128844618797302;0.06128844618797302;0.3360256552696228;0.0;1.1148526668548584;1.2188800573349;1.1148526668548584;0.0
0.06140722334384918;0.06140722334384918;0.23450115323066711;0.0;1.1184592247009277;1.1184592247009277;1.4607425928115845;0.0
0.061421871185302734;0.061421871185302734;0.28243863582611084;0.0;1.1221733093261719;1.6757925748825073;1.1221733093261719;0.0
0.062331199645996094;0.062331199645996094;0.28144705295562744;0.0;1.1367042064666748;1.1367042064666748;1.3464064598083496;0.0
0.06272061914205551;0.06272061914205551;0.43292075395584106;0.0;1.139751672744751;1.139751672744751;1.6635353565216064;0.0
0.06278529763221741;0.06278529763221741;0.2396898865699768;0.0;1.1457219123840332;2.256406784057617;1.1457219123840332;0.0
0.06287801265716553;0.06287801265716553;0.3371819853782654;0.0;1.146707534790039;1.146707534790039;1.4868831634521484;0.0
0.06299817562103271;0.06299817562103271;0.24588912725448608;0.0;1.156957745552063;1.544275164604187;1.156957745552063;0.0
0.06502991914749146;0.06502991914749146;0.3416246771812439;0.0;1.162766456604004;1.1984384059906006;1.162766456604004;0.0
0.06525272130966187;0.06525272130966187;0.28960567712783813;0.0;1.1628639698028564;1.5770807266235352;1.1628639698028564;0.0
0.06556522846221924;0.06556522846221924;0.25601232051849365;0.0;1.1668261289596558;1.289678931236267;1.1668261289596558;0.0
0.06582993268966675;0.06582993268966675;0.3306785821914673;0.0;1.211617112159729;2.9557619094848633;1.211617112159729;0.0
0.0665971040725708;0.0665971040725708;0.309256911277771;0.0;1.2211089134216309;1.883760929107666;1.2211089134216309;0.0
0.06741389632225037;0.06741389632225037;0.219804584980011;0.0;1.224183201789856;1.224183201789856;1.3390228748321533;0.0
0.06765082478523254;0.06765082478523254;0.25071990489959717;0.0;1.227573037147522;1.7364912033081055;1.227573037147522;0.0
0.06810927391052246;0.06810927391052246;0.4795248508453369;0.0;1.2317641973495483;1.2317641973495483;1.605202555656433;0.0
0.06819118559360504;0.06819118559360504;0.21331864595413208;0.0;1.2672739028930664;1.2672739028930664;44.88481140136719;0.0
0.0687287449836731;0.0687287449836731;0.3277422785758972;0.0;1.2770661115646362;1.6759305000305176;1.2770661115646362;0.0
0.06972575187683105;0.06972575187683105;0.27650076150894165;0.0;1.283806562423706;1.283806562423706;1.4007139205932617;0.0
0.0705481618642807;0.0705481618642807;0.4737887382507324;0.0;1.2846862077713013;1.2846862077713013;3.146007537841797;0.0
0.07071667909622192;0.07071667909622192;0.25603365898132324;0.0;1.3123300075531006;1.3123300075531006;1.676092505455017;0.0
0.07178431749343872;0.07178431749343872;0.38806504011154175;0.0;1.3150629997253418;1.3357878923416138;1.3150629997253418;0.0
0.07348521053791046;0.07348521053791046;0.35746562480926514;0.0;1.352443814277649;1.352443814277649;1.728318452835083;0.0
0.07482844591140747;0.07482844591140747;0.3815091848373413;0.0;1.3569416999816895;1.3914408683776855;1.3569416999816895;0.0
0.07582706212997437;0.07582706212997437;0.3991253972053528;0.0;1.424425721168518;1.424425721168518;44.727325439453125;0.0
0.08380866050720215;0.08380866050720215;0.26264292001724243;0.0;1.4609923362731934;1.5549150705337524;1.4609923362731934;0.0
0.08412723243236542;0.08412723243236542;0.321139931678772;0.0;1.530348300933838;1.530348300933838;1.6356995105743408;0.0
0.08441213518381119;0.08441213518381119;0.3833245038986206;0.0;1.5933582782745361;1.5933582782745361;1.7686256170272827;0.0
0.08495426177978516;0.08495426177978516;0.20403051376342773;0.0;1.6016461849212646;1.6016461849212646;1.705559492111206;0.0
0.08900183439254761;0.08900183439254761;0.24361413717269897;0.0;1.6822717189788818;1.6822717189788818;1.8283865451812744;0.0
0.09609490633010864;0.09609490633010864;0.35157644748687744;0.0;1.6838855743408203;1.6838855743408203;1.9796677827835083;0.0
0.09784591197967529;0.09784591197967529;0.34085410833358765;0.0;1.8014206886291504;2.062929153442383;1.8014206886291504;0.0
0.10245627164840698;0.10245627164840698;0.3058069348335266;0.0;1.8649356365203857;1.8649356365203857;1.8956682682037354;0.0
0.10663539171218872;0.10663539171218872;0.37550416588783264;0.0;1.9187618494033813;1.9187618494033813;28.802419662475586;0.0
0.10689791291952133;0.10689791291952133;0.326253205537796;0.0;2.465235948562622;2.465235948562622;42.779991149902344;0.0
