inf-norm-min-adv-dist;inf-norm-PGD-dist;inf-norm-sec-att-dist;inf-norm-Clever-0.0-samples;2-norm-min-adv-dist;2-norm-PGD-dist;2-norm-sec-att-dist;2-norm-Clever-0.0-samples
0.0;0.0;0.0;0.0;0.0;0.0;0.0;0.0
0.0;0.0;0.0;0.0;0.0;0.0;0.0;0.0
0.0;0.0;0.0;0.0;0.0;0.0;0.0;0.0
0.0;0.0;0.0;0.0;0.0;0.0;0.0;0.0
0.0;0.0;0.0;0.0;0.0;0.0;0.0;0.0
0.0;0.0;0.0;0.0;0.0;0.0;0.0;0.0
0.0;0.0;0.0;0.0;0.0;0.0;0.0;0.0
0.0;0.0;0.0;0.0;0.0;0.0;0.0;0.0
0.0;0.0;0.0;0.0;0.0;0.0;0.0;0.0
0.0;0.0;0.0;0.0;0.0;0.0;0.0;0.0
0.0005000010132789612;0.0005000010132789612;0.0035378187894821167;0.0;0.005542150232940912;0.009999999776482582;0.005542150232940912;0.0
0.000500023365020752;0.000500023365020752;0.0060458704829216;0.0;0.01332558412104845;0.017221931368112564;0.01332558412104845;0.0
0.0010000020265579224;0.0010000020265579224;0.034109681844711304;0.0;0.014673574827611446;0.017181111499667168;0.014673574827611446;0.0
0.0015000030398368835;0.0015000030398368835;0.014938265085220337;0.0;0.024509334936738014;0.024509334936738014;0.025866258889436722;0.0
0.0020000040531158447;0.0020000040531158447;0.01754080131649971;0.0;0.027746059000492096;0.05711919069290161;0.027746059000492096;0.0
0.002000093460083008;0.002000093460083008;0.04487431049346924;0.0;0.029769469052553177;0.052149005234241486;0.029769469052553177;0.0
0.0024999678134918213;0.0024999678134918213;0.012661635875701904;0.0;0.030553679913282394;0.03126881271600723;0.030553679913282394;0.0
0.002500005066394806;0.002500005066394806;0.018995236605405807;0.0;0.03284287452697754;0.04376021400094032;0.03284287452697754;0.0
0.003000006079673767;0.003000006079673767;0.03535248339176178;0.0;0.043078936636447906;0.057084158062934875;0.043078936636447906;0.0
0.003000006079673767;0.003000006079673767;0.05271720141172409;0.0;0.051935117691755295;0.051935117691755295;0.15341401100158691;0.0
0.0030001401901245117;0.0030001401901245117;0.0916704535484314;0.0;0.05268619582056999;0.05268619582056999;0.07400721311569214;0.0
0.00349995493888855;0.00349995493888855;0.022935345768928528;0.0;0.052965980023145676;0.0615847222507;0.052965980023145676;0.0
0.0035000070929527283;0.0035000070929527283;0.015953747555613518;0.0;0.053623732179403305;0.054873865097761154;0.053623732179403305;0.0
0.0035000070929527283;0.0035000070929527283;0.0225888192653656;0.0;0.05397551879286766;0.06300809234380722;0.05397551879286766;0.0
0.0035000070929527283;0.0035000070929527283;0.029222622513771057;0.0;0.05757317319512367;0.08560973405838013;0.05757317319512367;0.0
0.0040000081062316895;0.0040000081062316895;0.01710272580385208;0.0;0.060475271195173264;0.09174329042434692;0.060475271195173264;0.0
0.004499942064285278;0.004499942064285278;0.02269759774208069;0.0;0.06125368922948837;0.06125368922948837;0.0845457911491394;0.0
0.004499996080994606;0.004499996080994606;0.01996864378452301;0.0;0.0638197511434555;0.15373913943767548;0.0638197511434555;0.0
0.004500009119510651;0.004500009119510651;0.01416756957769394;0.0;0.06493832916021347;0.0864623412489891;0.06493832916021347;0.0
0.004500009119510651;0.004500009119510651;0.05142960697412491;0.0;0.06617600470781326;0.16267651319503784;0.06617600470781326;0.0
0.004500009119510651;0.004500009119510651;0.042384639382362366;0.0;0.06867080181837082;0.06867080181837082;0.0700867772102356;0.0
0.004500210285186768;0.004500210285186768;0.05643552541732788;0.0;0.06963039934635162;0.14941035211086273;0.06963039934635162;0.0
0.004999935626983643;0.004999935626983643;0.03379166126251221;0.0;0.07084305584430695;0.11079628020524979;0.07084305584430695;0.0
0.005432978272438049;0.005432978272438049;0.028255127370357513;0.0;0.0739184319972992;0.0739184319972992;0.1499905288219452;0.0
0.005499929189682007;0.005499929189682007;0.03577491641044617;0.0;0.07697122544050217;0.10981486737728119;0.07697122544050217;0.0
0.005500011146068573;0.005500011146068573;0.02426699548959732;0.0;0.07784353941679001;0.16848033666610718;0.07784353941679001;0.0
0.005500011146068573;0.005500011146068573;0.04741173982620239;0.0;0.07933707535266876;0.10170714557170868;0.07933707535266876;0.0
0.0055002570152282715;0.0055002570152282715;0.09264266490936279;0.0;0.07975878566503525;0.09940307587385178;0.07975878566503525;0.0
0.00580085813999176;0.00580085813999176;0.04267913103103638;0.0;0.08351671695709229;0.10806591063737869;0.08351671695709229;0.0
0.00584976002573967;0.00584976002573967;0.05185176804661751;0.0;0.08420207351446152;0.17146450281143188;0.08420207351446152;0.0
0.005861900746822357;0.005861900746822357;0.02928892895579338;0.0;0.08473537862300873;0.14520896971225739;0.08473537862300873;0.0
0.005917102098464966;0.005917102098464966;0.04091353714466095;0.0;0.08638350665569305;0.1107085570693016;0.08638350665569305;0.0
0.005944006145000458;0.005944006145000458;0.03545939177274704;0.0;0.08777016401290894;0.27118274569511414;0.08777016401290894;0.0
0.005956754088401794;0.005956754088401794;0.05739852786064148;0.0;0.08869854360818863;0.16496294736862183;0.08869854360818863;0.0
0.005960866808891296;0.005960866808891296;0.02552396059036255;0.0;0.08931579440832138;0.10371033102273941;0.08931579440832138;0.0
0.006000012159347534;0.006000012159347534;0.042431093752384186;0.0;0.09031972289085388;0.13423308730125427;0.09031972289085388;0.0
0.006379902362823486;0.006379902362823486;0.0708877444267273;0.0;0.09054999053478241;0.1266438066959381;0.09054999053478241;0.0
0.006389990448951721;0.006389990448951721;0.017575427889823914;0.0;0.09165634214878082;0.15473540127277374;0.09165634214878082;0.0
0.006410479545593262;0.006410479545593262;0.04598541930317879;0.0;0.0921625941991806;0.10099363327026367;0.0921625941991806;0.0
0.006419334560632706;0.006419334560632706;0.03472135588526726;0.0;0.09261578321456909;0.11330802738666534;0.09261578321456909;0.0
0.00643182173371315;0.00643182173371315;0.0585707426071167;0.0;0.09278130531311035;0.09278130531311035;0.2181326001882553;0.0
0.006444752216339111;0.006444752216339111;0.04473303258419037;0.0;0.09279913455247879;0.11103926599025726;0.09279913455247879;0.0
0.006447844207286835;0.006447844207286835;0.07160820066928864;0.0;0.09387676417827606;0.11964791268110275;0.09387676417827606;0.0
0.006499916315078735;0.006499916315078735;0.018781453371047974;0.0;0.09407594054937363;0.13364766538143158;0.09407594054937363;0.0
0.006500013172626495;0.006500013172626495;0.10201384872198105;0.0;0.09437385946512222;0.14850005507469177;0.09437385946512222;0.0
0.006500303745269775;0.006500303745269775;0.048009634017944336;0.0;0.09528190642595291;0.1607375591993332;0.09528190642595291;0.0
0.006769724190235138;0.006769724190235138;0.04392237961292267;0.0;0.0979774221777916;0.11390680819749832;0.0979774221777916;0.0
0.006797075271606445;0.006797075271606445;0.061464518308639526;0.0;0.09888099133968353;0.13059882819652557;0.09888099133968353;0.0
0.006810963153839111;0.006810963153839111;0.05645401030778885;0.0;0.1009182557463646;0.14722780883312225;0.1009182557463646;0.0
0.007098264992237091;0.007098264992237091;0.07351568341255188;0.0;0.10104977339506149;0.22678852081298828;0.10104977339506149;0.0
0.007120989263057709;0.007120989263057709;0.03999466449022293;0.0;0.10222955793142319;0.13105182349681854;0.10222955793142319;0.0
0.007133558392524719;0.007133558392524719;0.04824116826057434;0.0;0.10364340245723724;0.1677781343460083;0.10364340245723724;0.0
0.007178060710430145;0.007178060710430145;0.06982742249965668;0.0;0.10406632721424103;0.29553160071372986;0.10406632721424103;0.0
0.007197588682174683;0.007197588682174683;0.04211139678955078;0.0;0.10506223887205124;0.16457249224185944;0.10506223887205124;0.0
0.00721403956413269;0.00721403956413269;0.02513118088245392;0.0;0.10794582962989807;0.10794582962989807;0.23727421462535858;0.0
0.007313162088394165;0.007313162088394165;0.0597626268863678;0.0;0.10809192806482315;0.12220495194196701;0.10809192806482315;0.0
0.007388688623905182;0.007388688623905182;0.03107045590877533;0.0;0.10810220241546631;0.31374359130859375;0.10810220241546631;0.0
0.007423847913742065;0.007423847913742065;0.18957582116127014;0.0;0.10830418765544891;0.19166117906570435;0.10830418765544891;0.0
0.007585145533084869;0.007585145533084869;0.02782484143972397;0.0;0.10835340619087219;0.13142508268356323;0.10835340619087219;0.0
0.007592543959617615;0.007592543959617615;0.05621105059981346;0.0;0.10918276011943817;0.1678570955991745;0.10918276011943817;0.0
0.007721051573753357;0.007721051573753357;0.10721633583307266;0.0;0.11177958548069;0.18417784571647644;0.11177958548069;0.0
0.007769882678985596;0.007769882678985596;0.051359206438064575;0.0;0.1121307834982872;0.24435274302959442;0.1121307834982872;0.0
0.007786259055137634;0.007786259055137634;0.030783623456954956;0.0;0.11309780925512314;0.20073197782039642;0.11309780925512314;0.0
0.007797300815582275;0.007797300815582275;0.09699362516403198;0.0;0.1131388321518898;0.26062506437301636;0.1131388321518898;0.0
0.007901608943939209;0.007901608943939209;0.02775668352842331;0.0;0.11459505558013916;0.17749717831611633;0.11459505558013916;0.0
0.008023768663406372;0.008023768663406372;0.04379625618457794;0.0;0.1151280552148819;0.2242518961429596;0.1151280552148819;0.0
0.008024215698242188;0.008024215698242188;0.04108298197388649;0.0;0.11573810875415802;0.1270211637020111;0.11573810875415802;0.0
0.008077770471572876;0.008077770471572876;0.025986313819885254;0.0;0.11586218327283859;0.14522486925125122;0.11586218327283859;0.0
0.008084237575531006;0.008084237575531006;0.10266965627670288;0.0;0.11586276441812515;0.1875959187746048;0.11586276441812515;0.0
0.008091062307357788;0.008091062307357788;0.05472765117883682;0.0;0.11603542417287827;0.1448291689157486;0.11603542417287827;0.0
0.008119255304336548;0.008119255304336548;0.07719495892524719;0.0;0.11649943888187408;0.31293341517448425;0.11649943888187408;0.0
0.008140787482261658;0.008140787482261658;0.04386511445045471;0.0;0.11691897362470627;0.11691897362470627;0.13839447498321533;0.0
0.0081724151968956;0.0081724151968956;0.026976823806762695;0.0;0.11696694046258926;0.23127217590808868;0.11696694046258926;0.0
0.008187390863895416;0.008187390863895416;0.038292013108730316;0.0;0.11735519021749496;0.17632383108139038;0.11735519021749496;0.0
0.008299004286527634;0.008299004286527634;0.031595636159181595;0.0;0.1183377206325531;0.1183377206325531;0.12205956131219864;0.0
0.008324913680553436;0.008324913680553436;0.0507752001285553;0.0;0.11870583891868591;0.25944069027900696;0.11870583891868591;0.0
0.008327126502990723;0.008327126502990723;0.08738993108272552;0.0;0.11926250904798508;0.14239804446697235;0.11926250904798508;0.0
0.008421503007411957;0.008421503007411957;0.02032957226037979;0.0;0.11952602863311768;0.28092968463897705;0.11952602863311768;0.0
0.008424550294876099;0.008424550294876099;0.04020768404006958;0.0;0.1205609068274498;0.23283608257770538;0.1205609068274498;0.0
0.008564770221710205;0.008564770221710205;0.09967059642076492;0.0;0.12062527984380722;0.16311608254909515;0.12062527984380722;0.0
0.008581653237342834;0.008581653237342834;0.0367036834359169;0.0;0.12081199884414673;0.1552285999059677;0.12081199884414673;0.0
0.008713245391845703;0.008713245391845703;0.07575592398643494;0.0;0.12137460708618164;0.3098066747188568;0.12137460708618164;0.0
0.008731521666049957;0.008731521666049957;0.18582049012184143;0.0;0.12158120423555374;0.1411164402961731;0.12158120423555374;0.0
0.008770883083343506;0.008770883083343506;0.037468746304512024;0.0;0.12191526591777802;0.17856869101524353;0.12191526591777802;0.0
0.00885637104511261;0.00885637104511261;0.040813080966472626;0.0;0.12311407923698425;0.12311407923698425;0.1678950935602188;0.0
0.008859217166900635;0.008859217166900635;0.07081486284732819;0.0;0.1232604831457138;0.1232604831457138;0.9629687070846558;0.0
0.008905772119760513;0.008905772119760513;0.032589152455329895;0.0;0.1234598234295845;0.17907288670539856;0.1234598234295845;0.0
0.008930623531341553;0.008930623531341553;0.052414536476135254;0.0;0.12362594157457352;0.12725555896759033;0.12362594157457352;0.0
0.008947089314460754;0.008947089314460754;0.038908809423446655;0.0;0.12414637207984924;0.20120559632778168;0.12414637207984924;0.0
0.009032465517520905;0.009032465517520905;0.033637743443250656;0.0;0.12560413777828217;0.12560413777828217;0.1344018131494522;0.0
0.009037405252456665;0.009037405252456665;0.05644021928310394;0.0;0.12658165395259857;0.12658165395259857;0.13723070919513702;0.0
0.009060010313987732;0.009060010313987732;0.02523546665906906;0.0;0.1273641586303711;0.1485556662082672;0.1273641586303711;0.0
0.009060531854629517;0.009060531854629517;0.06447245180606842;0.0;0.1280324012041092;0.32425200939178467;0.1280324012041092;0.0
0.009077340364456177;0.009077340364456177;0.06643736362457275;0.0;0.12831783294677734;0.39100831747055054;0.12831783294677734;0.0
0.009093523025512695;0.009093523025512695;0.08482354879379272;0.0;0.12888139486312866;0.16140680015087128;0.12888139486312866;0.0
0.009255707263946533;0.009255707263946533;0.08541904389858246;0.0;0.12965014576911926;0.12965014576911926;0.14782217144966125;0.0
0.009269662201404572;0.009269662201404572;0.05065581947565079;0.0;0.13060635328292847;0.18648584187030792;0.13060635328292847;0.0
0.009358763694763184;0.009358763694763184;0.22925245761871338;0.0;0.1306924968957901;0.19678254425525665;0.1306924968957901;0.0
0.009364202618598938;0.009364202618598938;0.06884407997131348;0.0;0.13081176578998566;0.1630251705646515;0.13081176578998566;0.0
0.009444020688533783;0.009444020688533783;0.12088736146688461;0.0;0.1319604068994522;0.15401257574558258;0.1319604068994522;0.0
0.009500015527009964;0.009500015527009964;0.04063619673252106;0.0;0.13197216391563416;0.20784153044223785;0.13197216391563416;0.0
0.009502526372671127;0.009502526372671127;0.044058188796043396;0.0;0.13219058513641357;0.20336824655532837;0.13219058513641357;0.0
0.00958395004272461;0.00958395004272461;0.07099694013595581;0.0;0.13296787440776825;0.27116695046424866;0.13296787440776825;0.0
0.009632222354412079;0.009632222354412079;0.04935213923454285;0.0;0.13369400799274445;0.23282648622989655;0.13369400799274445;0.0
0.009666871279478073;0.009666871279478073;0.046161435544490814;0.0;0.1339653879404068;0.2233814150094986;0.1339653879404068;0.0
0.00970923900604248;0.00970923900604248;0.04791581630706787;0.0;0.13405965268611908;0.15425580739974976;0.13405965268611908;0.0
0.009817838668823242;0.009817838668823242;0.12771576642990112;0.0;0.13412491977214813;0.1576422154903412;0.13412491977214813;0.0
0.009850412607192993;0.009850412607192993;0.2214207500219345;0.0;0.13416673243045807;0.1684652715921402;0.13416673243045807;0.0
0.009868800640106201;0.009868800640106201;0.02045994997024536;0.0;0.13436000049114227;0.18887366354465485;0.13436000049114227;0.0
0.009872421622276306;0.009872421622276306;0.04866332188248634;0.0;0.1354377418756485;0.2628975212574005;0.1354377418756485;0.0
0.009927600622177124;0.009927600622177124;0.04964163154363632;0.0;0.13547435402870178;0.30412033200263977;0.13547435402870178;0.0
0.009992063045501709;0.009992063045501709;0.047265782952308655;0.0;0.135521799325943;0.17310959100723267;0.135521799325943;0.0
0.00999915599822998;0.00999915599822998;0.08985763788223267;0.0;0.1356295645236969;0.30623820424079895;0.1356295645236969;0.0
0.010024398565292358;0.010024398565292358;0.1251755803823471;0.0;0.13608872890472412;0.1752077341079712;0.13608872890472412;0.0
0.010069191455841064;0.010069191455841064;0.07972979545593262;0.0;0.13617627322673798;0.13617627322673798;0.2287670224905014;0.0
0.010073691606521606;0.010073691606521606;0.13293607532978058;0.0;0.13628219068050385;0.1793617308139801;0.13628219068050385;0.0
0.010085932910442352;0.010085932910442352;0.0441812202334404;0.0;0.13656696677207947;0.21402545273303986;0.13656696677207947;0.0
0.010219380259513855;0.010219380259513855;0.03052997589111328;0.0;0.13733310997486115;0.2821718454360962;0.13733310997486115;0.0
0.010236769914627075;0.010236769914627075;0.05160477012395859;0.0;0.13747091591358185;0.3167954981327057;0.13747091591358185;0.0
0.010244935750961304;0.010244935750961304;0.09929478168487549;0.0;0.13835428655147552;0.2653275728225708;0.13835428655147552;0.0
0.010262399911880493;0.010262399911880493;0.06020849943161011;0.0;0.13888731598854065;0.13888731598854065;0.2481544464826584;0.0
0.010263949632644653;0.010263949632644653;0.06624627113342285;0.0;0.1391126811504364;0.316548615694046;0.1391126811504364;0.0
0.010285831987857819;0.010285831987857819;0.06308668106794357;0.0;0.13917715847492218;0.13917715847492218;0.272472083568573;0.0
0.01038089394569397;0.01038089394569397;0.02715936303138733;0.0;0.13944236934185028;0.17504733800888062;0.13944236934185028;0.0
0.010387793183326721;0.010387793183326721;0.08731814473867416;0.0;0.13948726654052734;0.4676799178123474;0.13948726654052734;0.0
0.010449349880218506;0.010449349880218506;0.09650088846683502;0.0;0.1396116465330124;0.23600521683692932;0.1396116465330124;0.0
0.01048644632101059;0.01048644632101059;0.0462433323264122;0.0;0.1399688422679901;0.1819992959499359;0.1399688422679901;0.0
0.010539539158344269;0.010539539158344269;0.15523263812065125;0.0;0.14003126323223114;0.22078770399093628;0.14003126323223114;0.0
0.010562345385551453;0.010562345385551453;0.08166496455669403;0.0;0.14027740061283112;0.3007177710533142;0.14027740061283112;0.0
0.010645005851984024;0.010645005851984024;0.03413870930671692;0.0;0.14040328562259674;0.1803421676158905;0.14040328562259674;0.0
0.010651838034391403;0.010651838034391403;0.05843791365623474;0.0;0.14286461472511292;0.2538459897041321;0.14286461472511292;0.0
0.01066485047340393;0.01066485047340393;0.0487600713968277;0.0;0.14367574453353882;0.16618308424949646;0.14367574453353882;0.0
0.010693728923797607;0.010693728923797607;0.05599603056907654;0.0;0.1441580057144165;0.1805066019296646;0.1441580057144165;0.0
0.010734513401985168;0.010734513401985168;0.08320198208093643;0.0;0.14484182000160217;0.3044697046279907;0.14484182000160217;0.0
0.010759279131889343;0.010759279131889343;0.09948062896728516;0.0;0.14523114264011383;0.14523114264011383;0.18411408364772797;0.0
0.010834142565727234;0.010834142565727234;0.05817781388759613;0.0;0.14535097777843475;0.14535097777843475;0.2261638641357422;0.0
0.010855615139007568;0.010855615139007568;0.11052054166793823;0.0;0.14645925164222717;0.4490853250026703;0.14645925164222717;0.0
0.01091388612985611;0.01091388612985611;0.059008870273828506;0.0;0.1465429812669754;0.18862131237983704;0.1465429812669754;0.0
0.010950416326522827;0.010950416326522827;0.1510770320892334;0.0;0.14685314893722534;0.1798807680606842;0.14685314893722534;0.0
0.01096951961517334;0.01096951961517334;0.09666655957698822;0.0;0.14733724296092987;0.21585677564144135;0.14733724296092987;0.0
0.01097792387008667;0.01097792387008667;0.0947500467300415;0.0;0.14746202528476715;0.27813971042633057;0.14746202528476715;0.0
0.01100015640258789;0.01100015640258789;0.09347972273826599;0.0;0.14783243834972382;0.14783243834972382;0.16413845121860504;0.0
0.011080294847488403;0.011080294847488403;0.030694231390953064;0.0;0.1481896936893463;0.2499259114265442;0.1481896936893463;0.0
0.011190026998519897;0.011190026998519897;0.08166584372520447;0.0;0.14853015542030334;0.19247564673423767;0.14853015542030334;0.0
0.011288940906524658;0.011288940906524658;0.07869136333465576;0.0;0.148823544383049;0.3146216869354248;0.148823544383049;0.0
0.011316940188407898;0.011316940188407898;0.0512482151389122;0.0;0.14966990053653717;0.27825498580932617;0.14966990053653717;0.0
0.011433884501457214;0.011433884501457214;0.05178546905517578;0.0;0.1497388482093811;0.17829492688179016;0.1497388482093811;0.0
0.011447697877883911;0.011447697877883911;0.0683535486459732;0.0;0.15013031661510468;0.2855958938598633;0.15013031661510468;0.0
0.011478930711746216;0.011478930711746216;0.1281476467847824;0.0;0.15016822516918182;0.3032713532447815;0.15016822516918182;0.0
0.01159822940826416;0.01159822940826416;0.11490589380264282;0.0;0.15077638626098633;0.16954363882541656;0.15077638626098633;0.0
0.0116044282913208;0.0116044282913208;0.12441186606884003;0.0;0.15111958980560303;0.20789018273353577;0.15111958980560303;0.0
0.011610999703407288;0.011610999703407288;0.05828966200351715;0.0;0.15127313137054443;0.2700161039829254;0.15127313137054443;0.0
0.01175999641418457;0.01175999641418457;0.0739963948726654;0.0;0.15133972465991974;0.20955274999141693;0.15133972465991974;0.0
0.011784031987190247;0.011784031987190247;0.11090666055679321;0.0;0.15149246156215668;0.27553048729896545;0.15149246156215668;0.0
0.01181042194366455;0.01181042194366455;0.11660605669021606;0.0;0.1519225835800171;0.2271936535835266;0.1519225835800171;0.0
0.01181715726852417;0.01181715726852417;0.17198826372623444;0.0;0.1519625186920166;0.24507683515548706;0.1519625186920166;0.0
0.01184016466140747;0.01184016466140747;0.09198720008134842;0.0;0.15201586484909058;0.28159064054489136;0.15201586484909058;0.0
0.011869460344314575;0.011869460344314575;0.06674182415008545;0.0;0.15230411291122437;0.25113922357559204;0.15230411291122437;0.0
0.011876523494720459;0.011876523494720459;0.11875773966312408;0.0;0.15249024331569672;0.15249024331569672;0.5225903391838074;0.0
0.011879384517669678;0.011879384517669678;0.0836561918258667;0.0;0.15254056453704834;0.21802473068237305;0.15254056453704834;0.0
0.011884331703186035;0.011884331703186035;0.06029583513736725;0.0;0.15327893197536469;0.7970207929611206;0.15327893197536469;0.0
0.011888660490512848;0.011888660490512848;0.04738433659076691;0.0;0.15384286642074585;0.2395518571138382;0.15384286642074585;0.0
0.01189132034778595;0.01189132034778595;0.06859029829502106;0.0;0.1539209485054016;0.25931915640830994;0.1539209485054016;0.0
0.011932149529457092;0.011932149529457092;0.10516467690467834;0.0;0.15412284433841705;0.3269035816192627;0.15412284433841705;0.0
0.011943548917770386;0.011943548917770386;0.08868518471717834;0.0;0.15442703664302826;0.2764700651168823;0.15442703664302826;0.0
0.011954359710216522;0.011954359710216522;0.08293169736862183;0.0;0.15489411354064941;0.2772219181060791;0.15489411354064941;0.0
0.011992573738098145;0.011992573738098145;0.037432800978422165;0.0;0.15650935471057892;0.15650935471057892;0.16520899534225464;0.0
0.011995017528533936;0.011995017528533936;0.0629083663225174;0.0;0.15684223175048828;0.273507684469223;0.15684223175048828;0.0
0.012026175856590271;0.012026175856590271;0.04901953786611557;0.0;0.15776900947093964;0.41325414180755615;0.15776900947093964;0.0
0.012057483196258545;0.012057483196258545;0.031250253319740295;0.0;0.1583770215511322;0.1715988665819168;0.1583770215511322;0.0
0.012068405747413635;0.012068405747413635;0.11112000048160553;0.0;0.15845920145511627;0.36735621094703674;0.15845920145511627;0.0
0.012094423174858093;0.012094423174858093;0.07492822408676147;0.0;0.15861772000789642;0.18553677201271057;0.15861772000789642;0.0
0.012113057076931;0.012113057076931;0.11271341145038605;0.0;0.15963198244571686;0.23628762364387512;0.15963198244571686;0.0
0.012142002582550049;0.012142002582550049;0.049651652574539185;0.0;0.15983235836029053;0.3179560601711273;0.15983235836029053;0.0
0.01215815544128418;0.01215815544128418;0.09736804664134979;0.0;0.1604454070329666;0.1932438760995865;0.1604454070329666;0.0
0.012161970138549805;0.012161970138549805;0.058001477271318436;0.0;0.16065548360347748;0.1847124993801117;0.16065548360347748;0.0
0.012181222438812256;0.012181222438812256;0.04221893846988678;0.0;0.16133452951908112;0.19334281980991364;0.16133452951908112;0.0
0.012270420789718628;0.012270420789718628;0.07268434762954712;0.0;0.16159476339817047;0.2169445902109146;0.16159476339817047;0.0
0.012281328439712524;0.012281328439712524;0.07038174569606781;0.0;0.16191844642162323;0.33691415190696716;0.16191844642162323;0.0
0.012300074100494385;0.012300074100494385;0.1367979794740677;0.0;0.16203570365905762;0.5107501149177551;0.16203570365905762;0.0
0.012326329946517944;0.012326329946517944;0.11163902282714844;0.0;0.1638059914112091;0.6019821763038635;0.1638059914112091;0.0
0.0124245285987854;0.0124245285987854;0.0765894427895546;0.0;0.16390438377857208;0.16390438377857208;0.16836702823638916;0.0
0.012425466440618038;0.012425466440618038;0.09121907502412796;0.0;0.1646830290555954;0.31863293051719666;0.1646830290555954;0.0
0.012450084090232849;0.012450084090232849;0.16936646401882172;0.0;0.16484887897968292;0.30305245518684387;0.16484887897968292;0.0
0.012471906840801239;0.012471906840801239;0.07257243990898132;0.0;0.16517840325832367;0.2228565365076065;0.16517840325832367;0.0
0.012490242719650269;0.012490242719650269;0.0775439664721489;0.0;0.16555286943912506;0.328412801027298;0.16555286943912506;0.0
0.012507542967796326;0.012507542967796326;0.09317123889923096;0.0;0.16597716510295868;0.23925919830799103;0.16597716510295868;0.0
0.01252564787864685;0.01252564787864685;0.09895259141921997;0.0;0.16659066081047058;0.29882773756980896;0.16659066081047058;0.0
0.012557044625282288;0.012557044625282288;0.05391848087310791;0.0;0.16753888130187988;0.30361396074295044;0.16753888130187988;0.0
0.012569606304168701;0.012569606304168701;0.09739696979522705;0.0;0.16794319450855255;0.29831793904304504;0.16794319450855255;0.0
0.012599050998687744;0.012599050998687744;0.10570043325424194;0.0;0.1681130975484848;0.2152334451675415;0.1681130975484848;0.0
0.012670159339904785;0.012670159339904785;0.057507455348968506;0.0;0.1681780219078064;0.2861729860305786;0.1681780219078064;0.0
0.01267966628074646;0.01267966628074646;0.07953698933124542;0.0;0.168253555893898;0.22005894780158997;0.168253555893898;0.0
0.012717023491859436;0.012717023491859436;0.0686134472489357;0.0;0.1684209257364273;0.21005184948444366;0.1684209257364273;0.0
0.012766063213348389;0.012766063213348389;0.028032414615154266;0.0;0.1696917861700058;0.23666097223758698;0.1696917861700058;0.0
0.012817725539207458;0.012817725539207458;0.08094596117734909;0.0;0.16982422769069672;0.2982397973537445;0.16982422769069672;0.0
0.012888073921203613;0.012888073921203613;0.08448725938796997;0.0;0.17218047380447388;0.24285966157913208;0.17218047380447388;0.0
0.012891381978988647;0.012891381978988647;0.10706650465726852;0.0;0.17247891426086426;0.4513891935348511;0.17247891426086426;0.0
0.01293085515499115;0.01293085515499115;0.17623059451580048;0.0;0.17271871864795685;0.3474760055541992;0.17271871864795685;0.0
0.012965992093086243;0.012965992093086243;0.033000677824020386;0.0;0.1727672666311264;0.3107271194458008;0.1727672666311264;0.0
0.012968063354492188;0.012968063354492188;0.07095534354448318;0.0;0.17309032380580902;0.17309032380580902;0.19673018157482147;0.0
0.012987196445465088;0.012987196445465088;0.10022975504398346;0.0;0.17396867275238037;0.20296542346477509;0.17396867275238037;0.0
0.013059347867965698;0.013059347867965698;0.09997087717056274;0.0;0.17426453530788422;0.1877211481332779;0.17426453530788422;0.0
0.013134703040122986;0.013134703040122986;0.054617494344711304;0.0;0.1745225340127945;0.19181010127067566;0.1745225340127945;0.0
0.013187356293201447;0.013187356293201447;0.03224506974220276;0.0;0.1751694232225418;0.18704715371131897;0.1751694232225418;0.0
0.013190686702728271;0.013190686702728271;0.3355964422225952;0.0;0.17548434436321259;0.24751785397529602;0.17548434436321259;0.0
0.013192348182201385;0.013192348182201385;0.053784359246492386;0.0;0.1762784719467163;0.2108183354139328;0.1762784719467163;0.0
0.013202846050262451;0.013202846050262451;0.10209465026855469;0.0;0.17652904987335205;0.34236136078834534;0.17652904987335205;0.0
0.013221949338912964;0.013221949338912964;0.04418376088142395;0.0;0.1772325187921524;0.2501250207424164;0.1772325187921524;0.0
0.013222619891166687;0.013222619891166687;0.05921739339828491;0.0;0.1780087649822235;0.21695539355278015;0.1780087649822235;0.0
0.013225570321083069;0.013225570321083069;0.07294809073209763;0.0;0.1780756264925003;0.18555356562137604;0.1780756264925003;0.0
0.013281792402267456;0.013281792402267456;0.08399557322263718;0.0;0.17877687513828278;0.2587047815322876;0.17877687513828278;0.0
0.01331859827041626;0.01331859827041626;0.17908334732055664;0.0;0.17896662652492523;0.4581528604030609;0.17896662652492523;0.0
0.013318866491317749;0.013318866491317749;0.16707153618335724;0.0;0.1790209412574768;0.1790209412574768;0.19845300912857056;0.0
0.013336285948753357;0.013336285948753357;0.024777762591838837;0.0;0.17906317114830017;0.34464070200920105;0.17906317114830017;0.0
0.013384945690631866;0.013384945690631866;0.05353929102420807;0.0;0.17908087372779846;0.17908087372779846;0.21706146001815796;0.0
0.013471156358718872;0.013471156358718872;0.05975620448589325;0.0;0.17913036048412323;0.2654573917388916;0.17913036048412323;0.0
0.01348373293876648;0.01348373293876648;0.032218292355537415;0.0;0.17942188680171967;0.4029076397418976;0.17942188680171967;0.0
0.013497471809387207;0.013497471809387207;0.059450045228004456;0.0;0.17982904613018036;0.28302931785583496;0.17982904613018036;0.0
0.013544589281082153;0.013544589281082153;0.2252974808216095;0.0;0.17984414100646973;0.3067716956138611;0.17984414100646973;0.0
0.01359529048204422;0.01359529048204422;0.056058019399642944;0.0;0.17986659705638885;0.4429977536201477;0.17986659705638885;0.0
0.013678468763828278;0.013678468763828278;0.045161694288253784;0.0;0.1801239252090454;0.25580069422721863;0.1801239252090454;0.0
0.013686954975128174;0.013686954975128174;0.15144364535808563;0.0;0.1803942769765854;0.35207709670066833;0.1803942769765854;0.0
0.013689696788787842;0.013689696788787842;0.049554094672203064;0.0;0.18054434657096863;0.3467690944671631;0.18054434657096863;0.0
0.013735175132751465;0.013735175132751465;0.04883948713541031;0.0;0.180691197514534;0.4396480917930603;0.180691197514534;0.0
0.013739287853240967;0.013739287853240967;0.15566888451576233;0.0;0.1815090924501419;0.23763233423233032;0.1815090924501419;0.0
0.013742715120315552;0.013742715120315552;0.07013034075498581;0.0;0.18254415690898895;0.3330612778663635;0.18254415690898895;0.0
0.013845957815647125;0.013845957815647125;0.0643557608127594;0.0;0.18478639423847198;0.26099714636802673;0.18478639423847198;0.0
0.013935759663581848;0.013935759663581848;0.07882639020681381;0.0;0.18548311293125153;0.6112269163131714;0.18548311293125153;0.0
0.013947904109954834;0.013947904109954834;0.10008418560028076;0.0;0.18565626442432404;0.19759267568588257;0.18565626442432404;0.0
0.013971149921417236;0.013971149921417236;0.055898167192935944;0.0;0.18577605485916138;0.5131341814994812;0.18577605485916138;0.0
0.013971567153930664;0.013971567153930664;0.0204552561044693;0.0;0.18644140660762787;0.27111098170280457;0.18644140660762787;0.0
0.01397848129272461;0.01397848129272461;0.1527005434036255;0.0;0.1865694224834442;0.27471745014190674;0.1865694224834442;0.0
0.014036208391189575;0.014036208391189575;0.17837882041931152;0.0;0.1872350573539734;0.1872350573539734;0.268256813287735;0.0
0.014055043458938599;0.014055043458938599;0.05985152721405029;0.0;0.18745578825473785;0.256265789270401;0.18745578825473785;0.0
0.014109313488006592;0.014109313488006592;0.11028336733579636;0.0;0.18872714042663574;0.29926443099975586;0.18872714042663574;0.0
0.014115683734416962;0.014115683734416962;0.0470055416226387;0.0;0.1888469159603119;0.3949515223503113;0.1888469159603119;0.0
0.0141168013215065;0.0141168013215065;0.09331849962472916;0.0;0.18922489881515503;0.2019748091697693;0.18922489881515503;0.0
0.014150604605674744;0.014150604605674744;0.08064500987529755;0.0;0.18925389647483826;0.39816778898239136;0.18925389647483826;0.0
0.014353349804878235;0.014353349804878235;0.05838891118764877;0.0;0.18943054974079132;0.34303969144821167;0.18943054974079132;0.0
0.01440739631652832;0.01440739631652832;0.11885569989681244;0.0;0.18945521116256714;0.3322918117046356;0.18945521116256714;0.0
0.014422491192817688;0.014422491192817688;0.14277291297912598;0.0;0.1900022029876709;0.3167896568775177;0.1900022029876709;0.0
0.014437735080718994;0.014437735080718994;0.12581205368041992;0.0;0.19047899544239044;0.2796338200569153;0.19047899544239044;0.0
0.014453724026679993;0.014453724026679993;0.12060201168060303;0.0;0.19051392376422882;0.19051392376422882;0.2427174597978592;0.0
0.014459729194641113;0.014459729194641113;0.22707509994506836;0.0;0.19068068265914917;0.3106502890586853;0.19068068265914917;0.0
0.014474645256996155;0.014474645256996155;0.06439454853534698;0.0;0.19095242023468018;0.32238999009132385;0.19095242023468018;0.0
0.01454693078994751;0.01454693078994751;0.1026022881269455;0.0;0.19122187793254852;0.4381136894226074;0.19122187793254852;0.0
0.014556258916854858;0.014556258916854858;0.05070403218269348;0.0;0.19164986908435822;0.28273311257362366;0.19164986908435822;0.0
0.014600962400436401;0.014600962400436401;0.123167023062706;0.0;0.19258280098438263;0.2570374608039856;0.19258280098438263;0.0
0.014634132385253906;0.014634132385253906;0.12208986282348633;0.0;0.19281724095344543;0.2666131854057312;0.19281724095344543;0.0
0.014657318592071533;0.014657318592071533;0.13305658102035522;0.0;0.19354233145713806;0.28292110562324524;0.19354233145713806;0.0
0.01465916633605957;0.01465916633605957;0.3065224289894104;0.0;0.19366386532783508;0.2611500322818756;0.19366386532783508;0.0
0.014667011797428131;0.014667011797428131;0.03538161516189575;0.0;0.19589020311832428;0.34169164299964905;0.19589020311832428;0.0
0.014683261513710022;0.014683261513710022;0.08853171765804291;0.0;0.19728265702724457;0.35525181889533997;0.19728265702724457;0.0
0.014715343713760376;0.014715343713760376;0.11944262683391571;0.0;0.19774170219898224;0.32667258381843567;0.19774170219898224;0.0
0.014742851257324219;0.014742851257324219;0.15788543224334717;0.0;0.1979713886976242;0.3029667139053345;0.1979713886976242;0.0
0.014766991138458252;0.014766991138458252;0.16531877219676971;0.0;0.19817370176315308;0.5207038521766663;0.19817370176315308;0.0
0.014768734574317932;0.014768734574317932;0.09108832478523254;0.0;0.19830478727817535;0.5297970175743103;0.19830478727817535;0.0
0.014803081750869751;0.014803081750869751;0.11647659540176392;0.0;0.19832082092761993;0.19832082092761993;0.3715941905975342;0.0
0.014807559549808502;0.014807559549808502;0.10097013413906097;0.0;0.1987796127796173;0.259870320558548;0.1987796127796173;0.0
0.014831125736236572;0.014831125736236572;0.17610299587249756;0.0;0.19893358647823334;0.37687617540359497;0.19893358647823334;0.0
0.014832735061645508;0.014832735061645508;0.07472920417785645;0.0;0.19915349781513214;0.31759417057037354;0.19915349781513214;0.0
0.014890819787979126;0.014890819787979126;0.11890722066164017;0.0;0.19930897653102875;0.2836015522480011;0.19930897653102875;0.0
0.014959901571273804;0.014959901571273804;0.11541880667209625;0.0;0.19963960349559784;0.43810704350471497;0.19963960349559784;0.0
0.014962747693061829;0.014962747693061829;0.07660508900880814;0.0;0.19968457520008087;0.28672096133232117;0.19968457520008087;0.0
0.01507074385881424;0.01507074385881424;0.06992208957672119;0.0;0.19969742000102997;0.22505472600460052;0.19969742000102997;0.0
0.015077181160449982;0.015077181160449982;0.1312357783317566;0.0;0.1998053342103958;0.23475998640060425;0.1998053342103958;0.0
0.01508823037147522;0.01508823037147522;0.11565464735031128;0.0;0.20004118978977203;0.26966753602027893;0.20004118978977203;0.0
0.015095725655555725;0.015095725655555725;0.047905102372169495;0.0;0.20022732019424438;0.5086187124252319;0.20022732019424438;0.0
0.01509682834148407;0.01509682834148407;0.1988116204738617;0.0;0.2004222422838211;0.4448448717594147;0.2004222422838211;0.0
0.015097767114639282;0.015097767114639282;0.04784822463989258;0.0;0.20114697515964508;0.2756801247596741;0.20114697515964508;0.0
0.015112742781639099;0.015112742781639099;0.023903757333755493;0.0;0.20283150672912598;0.3016083538532257;0.20283150672912598;0.0
0.01511673629283905;0.01511673629283905;0.12127850949764252;0.0;0.20283296704292297;0.24648119509220123;0.20283296704292297;0.0
0.0151451975107193;0.0151451975107193;0.06701217591762543;0.0;0.20368905365467072;0.351744681596756;0.20368905365467072;0.0
0.01515248417854309;0.01515248417854309;0.11361709237098694;0.0;0.20443111658096313;0.29689955711364746;0.20443111658096313;0.0
0.015220969915390015;0.015220969915390015;0.16080835461616516;0.0;0.20498374104499817;0.33129382133483887;0.20498374104499817;0.0
0.015236098319292068;0.015236098319292068;0.05338488891720772;0.0;0.2052256166934967;0.27061957120895386;0.2052256166934967;0.0
0.015242159366607666;0.015242159366607666;0.17216935753822327;0.0;0.20579321682453156;0.446494996547699;0.20579321682453156;0.0
0.015250269323587418;0.015250269323587418;0.09148365259170532;0.0;0.20647789537906647;0.20647789537906647;0.2176222801208496;0.0
0.015252560377120972;0.015252560377120972;0.055927932262420654;0.0;0.20656052231788635;0.5683984160423279;0.20656052231788635;0.0
0.0152815580368042;0.0152815580368042;0.10060548782348633;0.0;0.20705462992191315;0.3836669325828552;0.20705462992191315;0.0
0.01528257131576538;0.01528257131576538;0.1817232370376587;0.0;0.20730997622013092;0.262874960899353;0.20730997622013092;0.0
0.015294939279556274;0.015294939279556274;0.09919843822717667;0.0;0.20849789679050446;0.20849789679050446;0.46993008255958557;0.0
0.015306264162063599;0.015306264162063599;0.18134203553199768;0.0;0.20862601697444916;0.3647944927215576;0.20862601697444916;0.0
0.015321113169193268;0.015321113169193268;0.13768050074577332;0.0;0.20904789865016937;0.32256099581718445;0.20904789865016937;0.0
0.015322279185056686;0.015322279185056686;0.09078192710876465;0.0;0.2092038244009018;0.2092038244009018;0.24587495625019073;0.0
0.01532694697380066;0.01532694697380066;0.08825016021728516;0.0;0.20925311744213104;0.3009575307369232;0.20925311744213104;0.0
0.015352509915828705;0.015352509915828705;0.07291197776794434;0.0;0.20928163826465607;0.3346809446811676;0.20928163826465607;0.0
0.015359684824943542;0.015359684824943542;0.11076651513576508;0.0;0.2093440294265747;0.5427995920181274;0.2093440294265747;0.0
0.015384465456008911;0.015384465456008911;0.18261373043060303;0.0;0.20941346883773804;0.46404725313186646;0.20941346883773804;0.0
0.015441827476024628;0.015441827476024628;0.11659331619739532;0.0;0.21128523349761963;0.33653104305267334;0.21128523349761963;0.0
0.015474319458007812;0.015474319458007812;0.1983497440814972;0.0;0.21216781437397003;0.24824802577495575;0.21216781437397003;0.0
0.015572071075439453;0.015572071075439453;0.23982363939285278;0.0;0.21247665584087372;0.29930463433265686;0.21247665584087372;0.0
0.015618592500686646;0.015618592500686646;0.0581529438495636;0.0;0.21294358372688293;0.43254828453063965;0.21294358372688293;0.0
0.015634916722774506;0.015634916722774506;0.05293625593185425;0.0;0.21382971107959747;0.23940922319889069;0.21382971107959747;0.0
0.015639692544937134;0.015639692544937134;0.1709449291229248;0.0;0.21520757675170898;0.285113662481308;0.21520757675170898;0.0
0.015703842043876648;0.015703842043876648;0.07896283268928528;0.0;0.2152920365333557;0.26484236121177673;0.2152920365333557;0.0
0.0157049298286438;0.0157049298286438;0.0972403734922409;0.0;0.21531760692596436;0.48233282566070557;0.21531760692596436;0.0
0.015711531043052673;0.015711531043052673;0.2279302477836609;0.0;0.2154345065355301;0.34854066371917725;0.2154345065355301;0.0
0.01574087142944336;0.01574087142944336;0.07309795171022415;0.0;0.21560145914554596;0.24437175691127777;0.21560145914554596;0.0
0.015770897269248962;0.015770897269248962;0.06119873747229576;0.0;0.2156563252210617;0.44158801436424255;0.2156563252210617;0.0
0.015841424465179443;0.015841424465179443;0.06770281493663788;0.0;0.21621380746364594;0.42516523599624634;0.21621380746364594;0.0
0.01587599515914917;0.01587599515914917;0.2004837989807129;0.0;0.21779388189315796;0.2901623547077179;0.21779388189315796;0.0
0.01589524745941162;0.01589524745941162;0.053230561316013336;0.0;0.21815061569213867;0.7017762660980225;0.21815061569213867;0.0
0.01589733362197876;0.01589733362197876;0.047589823603630066;0.0;0.21821436285972595;0.29390567541122437;0.21821436285972595;0.0
0.015901021659374237;0.015901021659374237;0.0502353310585022;0.0;0.21906813979148865;0.43149322271347046;0.21906813979148865;0.0
0.01591092348098755;0.01591092348098755;0.17394474148750305;0.0;0.21983422338962555;0.21983422338962555;0.7451417446136475;0.0
0.015942513942718506;0.015942513942718506;0.11099468171596527;0.0;0.2210032045841217;0.5396425127983093;0.2210032045841217;0.0
0.015955477952957153;0.015955477952957153;0.1654917299747467;0.0;0.22131593525409698;0.30344364047050476;0.22131593525409698;0.0
0.01598292589187622;0.01598292589187622;0.057976268231868744;0.0;0.22255319356918335;0.33622851967811584;0.22255319356918335;0.0
0.016005873680114746;0.016005873680114746;0.09599550068378448;0.0;0.2226880043745041;0.2226880043745041;0.25569698214530945;0.0
0.016033992171287537;0.016033992171287537;0.09586679190397263;0.0;0.22341349720954895;0.27713286876678467;0.22341349720954895;0.0
0.01609128713607788;0.01609128713607788;0.0944189727306366;0.0;0.2244090586900711;0.31219881772994995;0.2244090586900711;0.0
0.016104966402053833;0.016104966402053833;0.08571729063987732;0.0;0.22537843883037567;0.23146159946918488;0.22537843883037567;0.0
0.0161704421043396;0.0161704421043396;0.05957823991775513;0.0;0.22561359405517578;0.4453068971633911;0.22561359405517578;0.0
0.016235165297985077;0.016235165297985077;0.08740751445293427;0.0;0.22573734819889069;0.3262380063533783;0.22573734819889069;0.0
0.016246527433395386;0.016246527433395386;0.09119556844234467;0.0;0.22581486403942108;0.37544673681259155;0.22581486403942108;0.0
0.016251415014266968;0.016251415014266968;0.11674875020980835;0.0;0.2267819494009018;0.33853840827941895;0.2267819494009018;0.0
0.01629871129989624;0.01629871129989624;0.033311814069747925;0.0;0.2272181510925293;0.5265174508094788;0.2272181510925293;0.0
0.016320407390594482;0.016320407390594482;0.1881495714187622;0.0;0.22741460800170898;0.42232614755630493;0.22741460800170898;0.0
0.016382694244384766;0.016382694244384766;0.08842548727989197;0.0;0.22812651097774506;0.5077527165412903;0.22812651097774506;0.0
0.016407549381256104;0.016407549381256104;0.05211609601974487;0.0;0.22854161262512207;0.6410484910011292;0.22854161262512207;0.0
0.016412079334259033;0.016412079334259033;0.16304443776607513;0.0;0.2286994606256485;0.25735944509506226;0.2286994606256485;0.0
0.016425102949142456;0.016425102949142456;0.11955796182155609;0.0;0.2293572723865509;0.2293572723865509;0.3483710289001465;0.0
0.016494840383529663;0.016494840383529663;0.04901258647441864;0.0;0.2299616038799286;0.5739895105361938;0.2299616038799286;0.0
0.016567930579185486;0.016567930579185486;0.13705918192863464;0.0;0.23038172721862793;0.23038172721862793;0.2787361443042755;0.0
0.01658087968826294;0.01658087968826294;0.08492496609687805;0.0;0.23078548908233643;0.30752524733543396;0.23078548908233643;0.0
0.01659703254699707;0.01659703254699707;0.11797396838665009;0.0;0.23187626898288727;0.39380133152008057;0.23187626898288727;0.0
0.01661190390586853;0.01661190390586853;0.18771599233150482;0.0;0.2326112687587738;0.28366902470588684;0.2326112687587738;0.0
0.01663994789123535;0.01663994789123535;0.22694960236549377;0.0;0.23290309309959412;0.2840602695941925;0.23290309309959412;0.0
0.016642555594444275;0.016642555594444275;0.10370448231697083;0.0;0.23303720355033875;0.338326632976532;0.23303720355033875;0.0
0.016692757606506348;0.016692757606506348;0.13134348392486572;0.0;0.23321689665317535;0.36062148213386536;0.23321689665317535;0.0
0.01669441908597946;0.01669441908597946;0.06998296082019806;0.0;0.23355039954185486;0.2831061780452728;0.23355039954185486;0.0
0.016816474497318268;0.016816474497318268;0.029561839997768402;0.0;0.23452304303646088;0.2811766564846039;0.23452304303646088;0.0
0.016818225383758545;0.016818225383758545;0.10417622327804565;0.0;0.23453859984874725;0.44478321075439453;0.23453859984874725;0.0
0.01683070883154869;0.01683070883154869;0.15185828506946564;0.0;0.2351827323436737;0.34387344121932983;0.2351827323436737;0.0
0.01683170348405838;0.01683170348405838;0.08484900742769241;0.0;0.2352159172296524;0.39912623167037964;0.2352159172296524;0.0
0.016892671585083008;0.016892671585083008;0.2300679087638855;0.0;0.2361871898174286;0.6583413481712341;0.2361871898174286;0.0
0.01690530776977539;0.01690530776977539;0.10108935832977295;0.0;0.2377557009458542;0.3669799268245697;0.2377557009458542;0.0
0.016918450593948364;0.016918450593948364;0.150791734457016;0.0;0.23791390657424927;0.3942834138870239;0.23791390657424927;0.0
0.016930758953094482;0.016930758953094482;0.2060289978981018;0.0;0.23843982815742493;0.3596653938293457;0.23843982815742493;0.0
0.016958028078079224;0.016958028078079224;0.2098388373851776;0.0;0.23975621163845062;0.47983846068382263;0.23975621163845062;0.0
0.01701292395591736;0.01701292395591736;0.12350494414567947;0.0;0.23995575308799744;0.23995575308799744;0.2981870174407959;0.0
0.01706714928150177;0.01706714928150177;0.08866752684116364;0.0;0.24003483355045319;0.44710689783096313;0.24003483355045319;0.0
0.017074286937713623;0.017074286937713623;0.11092963814735413;0.0;0.2409863919019699;0.3419351279735565;0.2409863919019699;0.0
0.01708771288394928;0.01708771288394928;0.09050494432449341;0.0;0.2411109358072281;0.3085181713104248;0.2411109358072281;0.0
0.01713903248310089;0.01713903248310089;0.0840272605419159;0.0;0.24158914387226105;0.36161166429519653;0.24158914387226105;0.0
0.017214417457580566;0.017214417457580566;0.0983199030160904;0.0;0.24161003530025482;0.4925549030303955;0.24161003530025482;0.0
0.01723441481590271;0.01723441481590271;0.13235312700271606;0.0;0.24234457314014435;0.37857142090797424;0.24234457314014435;0.0
0.017241474241018295;0.017241474241018295;0.09276627749204636;0.0;0.24238573014736176;0.5061454772949219;0.24238573014736176;0.0
0.017292708158493042;0.017292708158493042;0.16481177508831024;0.0;0.24266017973423004;0.3394739031791687;0.24266017973423004;0.0
0.01731008291244507;0.01731008291244507;0.19898009300231934;0.0;0.2431648075580597;0.3323947787284851;0.2431648075580597;0.0
0.017311647534370422;0.017311647534370422;0.04339239001274109;0.0;0.24353745579719543;0.35972070693969727;0.24353745579719543;0.0
0.017318494617938995;0.017318494617938995;0.08320464193820953;0.0;0.24436774849891663;0.33523860573768616;0.24436774849891663;0.0
0.017319142818450928;0.017319142818450928;0.12294366955757141;0.0;0.2452860176563263;0.567082941532135;0.2452860176563263;0.0
0.0173301100730896;0.0173301100730896;0.27672022581100464;0.0;0.24598398804664612;0.317709743976593;0.24598398804664612;0.0
0.01735299825668335;0.01735299825668335;0.1900274157524109;0.0;0.24637021124362946;0.41831621527671814;0.24637021124362946;0.0
0.01738584041595459;0.01738584041595459;0.06686961650848389;0.0;0.24645188450813293;0.42584845423698425;0.24645188450813293;0.0
0.017435312271118164;0.017435312271118164;0.21974268555641174;0.0;0.2467040717601776;0.25274693965911865;0.2467040717601776;0.0
0.01748105138540268;0.01748105138540268;0.05905238538980484;0.0;0.24768288433551788;0.34756720066070557;0.24768288433551788;0.0
0.017511650919914246;0.017511650919914246;0.4003460705280304;0.0;0.24866916239261627;0.4226427376270294;0.24866916239261627;0.0
0.017523422837257385;0.017523422837257385;0.10381351411342621;0.0;0.24935615062713623;0.39265677332878113;0.24935615062713623;0.0
0.017528116703033447;0.017528116703033447;0.08669504523277283;0.0;0.2494763731956482;0.2962949573993683;0.2494763731956482;0.0
0.01755659282207489;0.01755659282207489;0.2849538326263428;0.0;0.2498275190591812;0.6599248647689819;0.2498275190591812;0.0
0.017568401992321014;0.017568401992321014;0.05570438504219055;0.0;0.25060632824897766;0.2997836172580719;0.25060632824897766;0.0
0.01763242483139038;0.01763242483139038;0.056938886642456055;0.0;0.2514922618865967;0.28530454635620117;0.2514922618865967;0.0
0.0176430344581604;0.0176430344581604;0.07795444130897522;0.0;0.25241297483444214;0.30173826217651367;0.25241297483444214;0.0
0.017645440995693207;0.017645440995693207;0.04524758458137512;0.0;0.2533549666404724;0.3765218257904053;0.2533549666404724;0.0
0.01766255497932434;0.01766255497932434;0.20765149593353271;0.0;0.2533726692199707;0.3401237428188324;0.2533726692199707;0.0
0.017700791358947754;0.017700791358947754;0.2397761344909668;0.0;0.25388073921203613;0.36827680468559265;0.25388073921203613;0.0
0.017757877707481384;0.017757877707481384;0.2678614854812622;0.0;0.2553057372570038;0.45129552483558655;0.2553057372570038;0.0
0.017760008573532104;0.017760008573532104;0.16134068369865417;0.0;0.2563120424747467;0.3234004080295563;0.2563120424747467;0.0
0.017797604203224182;0.017797604203224182;0.04429829120635986;0.0;0.2566557228565216;0.3908762037754059;0.2566557228565216;0.0
0.017798863351345062;0.017798863351345062;0.057297348976135254;0.0;0.25717487931251526;0.45243147015571594;0.25717487931251526;0.0
0.017823219299316406;0.017823219299316406;0.08576203882694244;0.0;0.2574745714664459;0.2597089111804962;0.2574745714664459;0.0
0.017864033579826355;0.017864033579826355;0.19199702143669128;0.0;0.25842440128326416;0.38101425766944885;0.25842440128326416;0.0
0.017874926328659058;0.017874926328659058;0.12610316276550293;0.0;0.2584538459777832;0.348814994096756;0.2584538459777832;0.0
0.017929375171661377;0.017929375171661377;0.10276957601308823;0.0;0.25924617052078247;0.25924617052078247;0.5549433827400208;0.0
0.017944157123565674;0.017944157123565674;0.100827157497406;0.0;0.2593013048171997;0.4007544219493866;0.2593013048171997;0.0
0.017999768257141113;0.017999768257141113;0.06928426027297974;0.0;0.2594757676124573;0.5630664825439453;0.2594757676124573;0.0
0.017999842762947083;0.017999842762947083;0.06917095929384232;0.0;0.26019588112831116;0.40592506527900696;0.26019588112831116;0.0
0.018017113208770752;0.018017113208770752;0.07151040434837341;0.0;0.2603011429309845;0.2603011429309845;0.33366841077804565;0.0
0.018022894859313965;0.018022894859313965;0.1326015591621399;0.0;0.2616097927093506;0.5696866512298584;0.2616097927093506;0.0
0.018043681979179382;0.018043681979179382;0.1400597095489502;0.0;0.26169830560684204;0.35679909586906433;0.26169830560684204;0.0
0.01805645227432251;0.01805645227432251;0.0587572306394577;0.0;0.2617650330066681;0.5144968628883362;0.2617650330066681;0.0
0.018056467175483704;0.018056467175483704;0.1590678095817566;0.0;0.2620953917503357;0.4936366677284241;0.2620953917503357;0.0
0.01811659336090088;0.01811659336090088;0.033311985433101654;0.0;0.26242420077323914;0.5025543570518494;0.26242420077323914;0.0
0.01812838762998581;0.01812838762998581;0.1733989268541336;0.0;0.26245665550231934;0.4769189655780792;0.26245665550231934;0.0
0.018134042620658875;0.018134042620658875;0.09117473661899567;0.0;0.26252540946006775;0.28837892413139343;0.26252540946006775;0.0
0.01815425604581833;0.01815425604581833;0.16451925039291382;0.0;0.26336678862571716;0.4326935112476349;0.26336678862571716;0.0
0.018176674842834473;0.018176674842834473;0.34041059017181396;0.0;0.2644585072994232;0.4421936571598053;0.2644585072994232;0.0
0.01819390058517456;0.01819390058517456;0.22445471584796906;0.0;0.2645549774169922;0.33296704292297363;0.2645549774169922;0.0
0.018255557864904404;0.018255557864904404;0.07388935983181;0.0;0.2645984888076782;0.42212802171707153;0.2645984888076782;0.0
0.01826685667037964;0.01826685667037964;0.17482706904411316;0.0;0.2650289833545685;0.3654640018939972;0.2650289833545685;0.0
0.018281102180480957;0.018281102180480957;0.09691767394542694;0.0;0.26527971029281616;0.5413607358932495;0.26527971029281616;0.0
0.018292903900146484;0.018292903900146484;0.3108559250831604;0.0;0.2659367024898529;0.4233670234680176;0.2659367024898529;0.0
0.01830562949180603;0.01830562949180603;0.29504722356796265;0.0;0.26600584387779236;0.3303256630897522;0.26600584387779236;0.0
0.018315017223358154;0.018315017223358154;0.07330015301704407;0.0;0.26670143008232117;0.46875447034835815;0.26670143008232117;0.0
0.018352866172790527;0.018352866172790527;0.0376606211066246;0.0;0.2671266496181488;0.3604992926120758;0.2671266496181488;0.0
0.01841709017753601;0.01841709017753601;0.24771931767463684;0.0;0.267351359128952;0.353052020072937;0.267351359128952;0.0
0.018437117338180542;0.018437117338180542;0.14767079055309296;0.0;0.2675856947898865;0.3037501573562622;0.2675856947898865;0.0
0.01846003532409668;0.01846003532409668;0.10985350608825684;0.0;0.26794669032096863;0.5949907898902893;0.26794669032096863;0.0
0.018475249409675598;0.018475249409675598;0.0978955328464508;0.0;0.2679705321788788;0.3956267833709717;0.2679705321788788;0.0
0.018506616353988647;0.018506616353988647;0.07749477028846741;0.0;0.2687740623950958;0.3737049698829651;0.2687740623950958;0.0
0.018511652946472168;0.018511652946472168;0.09292644262313843;0.0;0.2688763439655304;0.41873735189437866;0.2688763439655304;0.0
0.01855379343032837;0.01855379343032837;0.18063291907310486;0.0;0.26903975009918213;0.422752320766449;0.26903975009918213;0.0
0.018560007214546204;0.018560007214546204;0.06465589255094528;0.0;0.2693127393722534;0.3535372018814087;0.2693127393722534;0.0
0.018576636910438538;0.018576636910438538;0.1049719899892807;0.0;0.2698230743408203;0.2698230743408203;0.2759943902492523;0.0
0.018611371517181396;0.018611371517181396;0.04571729898452759;0.0;0.27138203382492065;0.7287377715110779;0.27138203382492065;0.0
0.01862087845802307;0.01862087845802307;0.10580940544605255;0.0;0.27191275358200073;0.42268404364585876;0.27191275358200073;0.0
0.018630534410476685;0.018630534410476685;0.18933719396591187;0.0;0.2723958194255829;0.5012831091880798;0.2723958194255829;0.0
0.018649496138095856;0.018649496138095856;0.060026973485946655;0.0;0.2728070914745331;0.44605931639671326;0.2728070914745331;0.0
0.01869100332260132;0.01869100332260132;0.04837871715426445;0.0;0.2729904055595398;0.5552952885627747;0.2729904055595398;0.0
0.018846958875656128;0.018846958875656128;0.15408404171466827;0.0;0.27338942885398865;0.456268310546875;0.27338942885398865;0.0
0.01884913444519043;0.01884913444519043;0.13583552837371826;0.0;0.2754520773887634;0.3919634521007538;0.2754520773887634;0.0
0.018901899456977844;0.018901899456977844;0.16834521293640137;0.0;0.2756860852241516;0.4067220389842987;0.2756860852241516;0.0
0.018932580947875977;0.018932580947875977;0.11154422163963318;0.0;0.27598467469215393;0.4320145845413208;0.27598467469215393;0.0
0.018965423107147217;0.018965423107147217;0.14804139733314514;0.0;0.27692437171936035;0.49244222044944763;0.27692437171936035;0.0
0.019005268812179565;0.019005268812179565;0.10244816541671753;0.0;0.27774763107299805;0.4102853238582611;0.27774763107299805;0.0
0.01901760697364807;0.01901760697364807;0.1931508481502533;0.0;0.2777758836746216;0.5206857323646545;0.2777758836746216;0.0
0.019045233726501465;0.019045233726501465;0.17310470342636108;0.0;0.27812543511390686;0.2970687448978424;0.27812543511390686;0.0
0.019049614667892456;0.019049614667892456;0.20706403255462646;0.0;0.27856433391571045;0.5988304018974304;0.27856433391571045;0.0
0.019101690500974655;0.019101690500974655;0.2504388093948364;0.0;0.27860304713249207;0.42192715406417847;0.27860304713249207;0.0
0.01915927231311798;0.01915927231311798;0.05390089750289917;0.0;0.2789936661720276;1.042752981185913;0.2789936661720276;0.0
0.01917317509651184;0.01917317509651184;0.13535545766353607;0.0;0.2796080708503723;0.8256504535675049;0.2796080708503723;0.0
0.019234180450439453;0.019234180450439453;0.1739683747291565;0.0;0.2797958552837372;0.728388249874115;0.2797958552837372;0.0
0.019244462251663208;0.019244462251663208;0.12356758117675781;0.0;0.27999988198280334;0.4842853248119354;0.27999988198280334;0.0
0.01927347108721733;0.01927347108721733;0.11073555052280426;0.0;0.2803833782672882;0.420311838388443;0.2803833782672882;0.0
0.01932436227798462;0.01932436227798462;0.26001107692718506;0.0;0.28049737215042114;0.6816582083702087;0.28049737215042114;0.0
0.019374772906303406;0.019374772906303406;0.2311648726463318;0.0;0.28169992566108704;0.28169992566108704;0.2913976013660431;0.0
0.019380897283554077;0.019380897283554077;0.05500343441963196;0.0;0.28239476680755615;0.28239476680755615;0.28352364897727966;0.0
0.019401386380195618;0.019401386380195618;0.053179144859313965;0.0;0.28259024024009705;0.41866815090179443;0.28259024024009705;0.0
0.019409023225307465;0.019409023225307465;0.2112671583890915;0.0;0.28281092643737793;0.28281092643737793;0.4459269642829895;0.0
0.019417300820350647;0.019417300820350647;0.1350661963224411;0.0;0.28313902020454407;0.28313902020454407;0.2897677421569824;0.0
0.019441962242126465;0.019441962242126465;0.07987889647483826;0.0;0.28461745381355286;0.41046497225761414;0.28461745381355286;0.0
0.019481897354125977;0.019481897354125977;0.16961541771888733;0.0;0.2850324809551239;0.4885265827178955;0.2850324809551239;0.0
0.019504383206367493;0.019504383206367493;0.1253470629453659;0.0;0.28520089387893677;0.6343070864677429;0.28520089387893677;0.0
0.01954793930053711;0.01954793930053711;0.2079894244670868;0.0;0.2855248749256134;0.38568249344825745;0.2855248749256134;0.0
0.019550174474716187;0.019550174474716187;0.15778732299804688;0.0;0.2859916090965271;0.33499693870544434;0.2859916090965271;0.0
0.019575893878936768;0.019575893878936768;0.1571311354637146;0.0;0.2865844666957855;0.42495110630989075;0.2865844666957855;0.0
0.019594311714172363;0.019594311714172363;0.0787343680858612;0.0;0.286810964345932;0.39146554470062256;0.286810964345932;0.0
0.01961725950241089;0.01961725950241089;0.14993976056575775;0.0;0.28712373971939087;0.6050435900688171;0.28712373971939087;0.0
0.01961827278137207;0.01961827278137207;0.14197717607021332;0.0;0.2871789336204529;0.7395663857460022;0.2871789336204529;0.0
0.01966933161020279;0.01966933161020279;0.134924978017807;0.0;0.28723883628845215;0.3528026342391968;0.28723883628845215;0.0
0.019717112183570862;0.019717112183570862;0.1409173160791397;0.0;0.28734880685806274;0.6174373626708984;0.28734880685806274;0.0
0.019752532243728638;0.019752532243728638;0.09624338150024414;0.0;0.28769463300704956;0.40900370478630066;0.28769463300704956;0.0
0.019796311855316162;0.019796311855316162;0.09342789649963379;0.0;0.28911107778549194;0.44510185718536377;0.28911107778549194;0.0
0.019807100296020508;0.019807100296020508;0.10224786400794983;0.0;0.2894844710826874;0.2894844710826874;0.2920265197753906;0.0
0.019825994968414307;0.019825994968414307;0.12989342212677002;0.0;0.29063525795936584;0.4011530578136444;0.29063525795936584;0.0
0.019891753792762756;0.019891753792762756;0.10760849714279175;0.0;0.2918822467327118;0.3973080813884735;0.2918822467327118;0.0
0.019992023706436157;0.019992023706436157;0.17648306488990784;0.0;0.2927231192588806;0.5385823845863342;0.2927231192588806;0.0
0.020072177052497864;0.020072177052497864;0.11423584818840027;0.0;0.2928912937641144;0.43866270780563354;0.2928912937641144;0.0
0.02007344365119934;0.02007344365119934;0.035298995673656464;0.0;0.2929137349128723;0.5542892813682556;0.2929137349128723;0.0
0.020130597054958344;0.020130597054958344;0.049872949719429016;0.0;0.29300743341445923;0.2972453832626343;0.29300743341445923;0.0
0.020146921277046204;0.020146921277046204;0.09407279640436172;0.0;0.29334235191345215;0.3496992588043213;0.29334235191345215;0.0
0.020160764455795288;0.020160764455795288;0.12766820192337036;0.0;0.2934566140174866;0.2934566140174866;0.32254526019096375;0.0
0.020174860954284668;0.020174860954284668;0.13898026943206787;0.0;0.29439523816108704;0.6878659129142761;0.29439523816108704;0.0
0.02024821937084198;0.02024821937084198;0.23653677105903625;0.0;0.2953636944293976;0.5416001677513123;0.2953636944293976;0.0
0.02029666304588318;0.02029666304588318;0.21668584644794464;0.0;0.2967808246612549;0.2967808246612549;0.3564668893814087;0.0
0.02029922604560852;0.02029922604560852;0.18749122321605682;0.0;0.29721933603286743;0.3275372385978699;0.29721933603286743;0.0
0.020305097103118896;0.020305097103118896;0.09290632605552673;0.0;0.2973713278770447;0.4487799108028412;0.2973713278770447;0.0
0.02036730945110321;0.02036730945110321;0.10545265674591064;0.0;0.29744234681129456;0.458833247423172;0.29744234681129456;0.0
0.02038174867630005;0.02038174867630005;0.10801370441913605;0.0;0.2976425290107727;0.48061150312423706;0.2976425290107727;0.0
0.020397350192070007;0.020397350192070007;0.16265717148780823;0.0;0.29828745126724243;0.5292159914970398;0.29828745126724243;0.0
0.020463168621063232;0.020463168621063232;0.18840646743774414;0.0;0.29831454157829285;0.29831454157829285;0.35011520981788635;0.0
0.020486697554588318;0.020486697554588318;0.14490193128585815;0.0;0.29940736293792725;0.40323176980018616;0.29940736293792725;0.0
0.02050572633743286;0.02050572633743286;0.10494917631149292;0.0;0.29965609312057495;0.5489521622657776;0.29965609312057495;0.0
0.020533859729766846;0.020533859729766846;0.06174644082784653;0.0;0.3012213408946991;0.4742153584957123;0.3012213408946991;0.0
0.02057623863220215;0.02057623863220215;0.09683915972709656;0.0;0.3013244867324829;0.5354985594749451;0.3013244867324829;0.0
0.020612061023712158;0.020612061023712158;0.12836205959320068;0.0;0.30175185203552246;0.32494840025901794;0.30175185203552246;0.0
0.020642578601837158;0.020642578601837158;0.4366810917854309;0.0;0.3021968603134155;0.35544103384017944;0.3021968603134155;0.0
0.020650595426559448;0.020650595426559448;0.19883230328559875;0.0;0.30347439646720886;0.42012539505958557;0.30347439646720886;0.0
0.02071359008550644;0.02071359008550644;0.2140829712152481;0.0;0.30384504795074463;0.3305867314338684;0.30384504795074463;0.0
0.020753026008605957;0.020753026008605957;0.13466425240039825;0.0;0.30496644973754883;0.3122117519378662;0.30496644973754883;0.0
0.020808875560760498;0.020808875560760498;0.26774874329566956;0.0;0.30539876222610474;0.6588128805160522;0.30539876222610474;0.0
0.020819365978240967;0.020819365978240967;0.24349501729011536;0.0;0.3061917722225189;0.49762964248657227;0.3061917722225189;0.0
0.020827002823352814;0.020827002823352814;0.12899461388587952;0.0;0.3063432276248932;0.3876636028289795;0.3063432276248932;0.0
0.020841389894485474;0.020841389894485474;0.24392545223236084;0.0;0.30645230412483215;0.42995721101760864;0.30645230412483215;0.0
0.020921610295772552;0.020921610295772552;0.1398603618144989;0.0;0.3076484203338623;0.46642690896987915;0.3076484203338623;0.0
0.020924925804138184;0.020924925804138184;0.15678298473358154;0.0;0.30779868364334106;0.5096700191497803;0.30779868364334106;0.0
0.020925268530845642;0.020925268530845642;0.09415149688720703;0.0;0.30795007944107056;0.4510997235774994;0.30795007944107056;0.0
0.020955368876457214;0.020955368876457214;0.10726787149906158;0.0;0.3111291825771332;0.465617835521698;0.3111291825771332;0.0
0.020967498421669006;0.020967498421669006;0.24913299083709717;0.0;0.3134947121143341;0.4057225286960602;0.3134947121143341;0.0
0.02100732922554016;0.02100732922554016;0.09473899006843567;0.0;0.31596848368644714;0.3517987132072449;0.31596848368644714;0.0
0.021013330668210983;0.021013330668210983;0.09344995021820068;0.0;0.31725114583969116;1.015133023262024;0.31725114583969116;0.0
0.021016940474510193;0.021016940474510193;0.11155154556035995;0.0;0.31798914074897766;0.31798914074897766;0.4293596148490906;0.0
0.021058619022369385;0.021058619022369385;0.162994384765625;0.0;0.31799325346946716;0.36099186539649963;0.31799325346946716;0.0
0.02108517289161682;0.02108517289161682;0.14209675788879395;0.0;0.3185883164405823;0.9456616044044495;0.3185883164405823;0.0
0.021122097969055176;0.021122097969055176;0.13509723544120789;0.0;0.31865599751472473;0.5982187390327454;0.31865599751472473;0.0
0.021163612604141235;0.021163612604141235;0.15376019477844238;0.0;0.3189198076725006;0.3755528926849365;0.3189198076725006;0.0
0.02119767665863037;0.02119767665863037;0.1477474570274353;0.0;0.31907084584236145;0.6978414058685303;0.31907084584236145;0.0
0.021197915077209473;0.021197915077209473;0.13650520145893097;0.0;0.3190734386444092;0.4045921862125397;0.3190734386444092;0.0
0.02120870351791382;0.02120870351791382;0.11274384707212448;0.0;0.31908783316612244;0.458831250667572;0.31908783316612244;0.0
0.021221213042736053;0.021221213042736053;0.09038349986076355;0.0;0.319174200296402;0.324991375207901;0.319174200296402;0.0
0.02124600112438202;0.02124600112438202;0.1552271842956543;0.0;0.31959185004234314;0.5824940800666809;0.31959185004234314;0.0
0.021286629140377045;0.021286629140377045;0.07342690974473953;0.0;0.321251779794693;0.48034417629241943;0.321251779794693;0.0
0.02131471037864685;0.02131471037864685;0.226919025182724;0.0;0.32144299149513245;0.32144299149513245;0.5614898204803467;0.0
0.02132171392440796;0.02132171392440796;0.14822694659233093;0.0;0.32194939255714417;0.5657697916030884;0.32194939255714417;0.0
0.021346360445022583;0.021346360445022583;0.18375501036643982;0.0;0.3223956227302551;0.36339256167411804;0.3223956227302551;0.0
0.02135002613067627;0.02135002613067627;0.1874617338180542;0.0;0.32263147830963135;0.45676475763320923;0.32263147830963135;0.0
0.02139730006456375;0.02139730006456375;0.15448422729969025;0.0;0.32379603385925293;0.33565554022789;0.32379603385925293;0.0
0.021442122757434845;0.021442122757434845;0.04440099000930786;0.0;0.323994517326355;0.5258485078811646;0.323994517326355;0.0
0.021483123302459717;0.021483123302459717;0.2140175849199295;0.0;0.3250984251499176;0.3250984251499176;0.34418144822120667;0.0
0.021515443921089172;0.021515443921089172;0.34974199533462524;0.0;0.32593798637390137;0.45529797673225403;0.32593798637390137;0.0
0.021523356437683105;0.021523356437683105;0.10933148860931396;0.0;0.3263511061668396;0.3263511061668396;0.35517266392707825;0.0
0.021604783833026886;0.021604783833026886;0.1846943497657776;0.0;0.32645124197006226;0.48080727458000183;0.32645124197006226;0.0
0.02162662148475647;0.02162662148475647;0.16886326670646667;0.0;0.327298641204834;0.36574840545654297;0.327298641204834;0.0
0.02169950306415558;0.02169950306415558;0.12204170227050781;0.0;0.3274175226688385;0.7326465249061584;0.3274175226688385;0.0
0.02170034497976303;0.02170034497976303;0.08289399743080139;0.0;0.32748112082481384;0.4201917350292206;0.32748112082481384;0.0
0.0217474102973938;0.0217474102973938;0.1829095184803009;0.0;0.32764172554016113;0.37733179330825806;0.32764172554016113;0.0
0.021794483065605164;0.021794483065605164;0.12136746197938919;0.0;0.3279767334461212;0.5299994349479675;0.3279767334461212;0.0
0.021816641092300415;0.021816641092300415;0.1572803556919098;0.0;0.3280881345272064;0.3303361237049103;0.3280881345272064;0.0
0.021823644638061523;0.021823644638061523;0.07253165543079376;0.0;0.3292558193206787;0.44609886407852173;0.3292558193206787;0.0
0.021839916706085205;0.021839916706085205;0.33611851930618286;0.0;0.32957184314727783;0.41827264428138733;0.32957184314727783;0.0
0.021869942545890808;0.021869942545890808;0.21259805560112;0.0;0.33028799295425415;0.4687114953994751;0.33028799295425415;0.0
0.021886244416236877;0.021886244416236877;0.0417170375585556;0.0;0.33049753308296204;0.40776267647743225;0.33049753308296204;0.0
0.021905824542045593;0.021905824542045593;0.026317059993743896;0.0;0.3309471607208252;0.38161200284957886;0.3309471607208252;0.0
0.021999061107635498;0.021999061107635498;0.0478837788105011;0.0;0.33096039295196533;0.6826706528663635;0.33096039295196533;0.0
0.022023826837539673;0.022023826837539673;0.21431079506874084;0.0;0.33157458901405334;0.3423030972480774;0.33157458901405334;0.0
0.02203240990638733;0.02203240990638733;0.13939061760902405;0.0;0.3329639434814453;0.3823642432689667;0.3329639434814453;0.0
0.02212415635585785;0.02212415635585785;0.17058883607387543;0.0;0.333227276802063;0.45248958468437195;0.333227276802063;0.0
0.022138923406600952;0.022138923406600952;0.23227643966674805;0.0;0.33380669355392456;0.587182343006134;0.33380669355392456;0.0
0.022176511585712433;0.022176511585712433;0.2575191855430603;0.0;0.3340971767902374;0.5116751194000244;0.3340971767902374;0.0
0.022181488573551178;0.022181488573551178;0.21581920981407166;0.0;0.3342319428920746;0.3342319428920746;0.3463680148124695;0.0
0.022202685475349426;0.022202685475349426;0.2801775336265564;0.0;0.33455878496170044;0.33455878496170044;0.5398131012916565;0.0
0.02221125364303589;0.02221125364303589;0.1745671033859253;0.0;0.3348628282546997;0.3348628282546997;0.7240148782730103;0.0
0.02222183346748352;0.02222183346748352;0.19813987612724304;0.0;0.33516326546669006;0.4603588283061981;0.33516326546669006;0.0
0.02224615216255188;0.02224615216255188;0.2383335530757904;0.0;0.3353012204170227;0.5306876301765442;0.3353012204170227;0.0
0.02228093147277832;0.02228093147277832;0.25743070244789124;0.0;0.33538153767585754;0.8337093591690063;0.33538153767585754;0.0
0.022288218140602112;0.022288218140602112;0.1372741162776947;0.0;0.3359336256980896;0.3359336256980896;0.49660417437553406;0.0
0.022298604249954224;0.022298604249954224;0.1443471908569336;0.0;0.33637315034866333;0.4592149257659912;0.33637315034866333;0.0
0.022306978702545166;0.022306978702545166;0.13201840221881866;0.0;0.33643263578414917;0.6325612664222717;0.33643263578414917;0.0
0.022401511669158936;0.022401511669158936;0.17307962477207184;0.0;0.3364589512348175;0.372735857963562;0.3364589512348175;0.0
0.02242414653301239;0.02242414653301239;0.09723415970802307;0.0;0.33688002824783325;0.42300310730934143;0.33688002824783325;0.0
0.02248464524745941;0.02248464524745941;0.05783725529909134;0.0;0.33711856603622437;0.4717378616333008;0.33711856603622437;0.0
0.022493265569210052;0.022493265569210052;0.27317094802856445;0.0;0.3374573588371277;0.9402536749839783;0.3374573588371277;0.0
0.022497475147247314;0.022497475147247314;0.11107216775417328;0.0;0.33810311555862427;0.6422573924064636;0.33810311555862427;0.0
0.022565245628356934;0.022565245628356934;0.10855960845947266;0.0;0.33886855840682983;0.46033480763435364;0.33886855840682983;0.0
0.02271723747253418;0.02271723747253418;0.2336300015449524;0.0;0.33912134170532227;0.4940986931324005;0.33912134170532227;0.0
0.022901177406311035;0.022901177406311035;0.1350269317626953;0.0;0.3393668830394745;0.6531539559364319;0.3393668830394745;0.0
0.02291429042816162;0.02291429042816162;0.12944743037223816;0.0;0.3396095037460327;0.5811312794685364;0.3396095037460327;0.0
0.022998929023742676;0.022998929023742676;0.3214290142059326;0.0;0.33966439962387085;0.6209635734558105;0.33966439962387085;0.0
0.023011498153209686;0.023011498153209686;0.2140253335237503;0.0;0.3398829996585846;0.3398829996585846;0.7515190839767456;0.0
0.023049473762512207;0.023049473762512207;0.09293850511312485;0.0;0.34009063243865967;0.5187128782272339;0.34009063243865967;0.0
0.023122675716876984;0.023122675716876984;0.11189831048250198;0.0;0.34031766653060913;0.35660257935523987;0.34031766653060913;0.0
0.02313365787267685;0.02313365787267685;0.12061747163534164;0.0;0.3418387174606323;0.582903265953064;0.3418387174606323;0.0
0.02315351366996765;0.02315351366996765;0.1965702474117279;0.0;0.3418715298175812;0.3418715298175812;0.3921818733215332;0.0
0.023162469267845154;0.023162469267845154;0.20777767896652222;0.0;0.3429294526576996;0.5705901384353638;0.3429294526576996;0.0
0.023197665810585022;0.023197665810585022;0.20359745621681213;0.0;0.3433511555194855;0.4697374403476715;0.3433511555194855;0.0
0.02322465181350708;0.02322465181350708;0.203590527176857;0.0;0.34413909912109375;0.5001319646835327;0.34413909912109375;0.0
0.02324068546295166;0.02324068546295166;0.08932080864906311;0.0;0.34432098269462585;0.34432098269462585;0.34823721647262573;0.0
0.023258119821548462;0.023258119821548462;0.052134618163108826;0.0;0.34607550501823425;0.5984287261962891;0.34607550501823425;0.0
0.023296058177947998;0.023296058177947998;0.09968718886375427;0.0;0.34946733713150024;0.34946733713150024;0.5775133967399597;0.0
0.023344963788986206;0.023344963788986206;0.06631158292293549;0.0;0.3497452735900879;0.596165120601654;0.3497452735900879;0.0
0.02338576316833496;0.02338576316833496;0.17828631401062012;0.0;0.3510344624519348;0.7486523389816284;0.3510344624519348;0.0
0.023403704166412354;0.023403704166412354;0.12035132944583893;0.0;0.3511222302913666;0.3531886339187622;0.3511222302913666;0.0
0.023492589592933655;0.023492589592933655;0.1657164990901947;0.0;0.35198092460632324;0.35198092460632324;0.5778964161872864;0.0
0.023496657609939575;0.023496657609939575;0.06197288632392883;0.0;0.35198211669921875;0.35973191261291504;0.35198211669921875;0.0
0.023539245128631592;0.023539245128631592;0.2243451476097107;0.0;0.3526461720466614;0.6464557647705078;0.3526461720466614;0.0
0.02354109287261963;0.02354109287261963;0.3542480766773224;0.0;0.35328060388565063;0.4218719005584717;0.35328060388565063;0.0
0.02368578314781189;0.02368578314781189;0.06679984927177429;0.0;0.3543654978275299;0.3583841919898987;0.3543654978275299;0.0
0.023724764585494995;0.023724764585494995;0.21157723665237427;0.0;0.3556646406650543;0.48783794045448303;0.3556646406650543;0.0
0.023763000965118408;0.023763000965118408;0.22083482146263123;0.0;0.3558862805366516;0.5273745656013489;0.3558862805366516;0.0
0.023829087615013123;0.023829087615013123;0.061380282044410706;0.0;0.3561636805534363;0.3561636805534363;0.415149986743927;0.0
0.0238475501537323;0.0238475501537323;0.13654619455337524;0.0;0.3565029501914978;0.3565029501914978;0.5560267567634583;0.0
0.023859813809394836;0.023859813809394836;0.20241910219192505;0.0;0.3571181297302246;0.3571181297302246;1.0589170455932617;0.0
0.023877888917922974;0.023877888917922974;0.0967855155467987;0.0;0.35952937602996826;0.5251500606536865;0.35952937602996826;0.0
0.023887693881988525;0.023887693881988525;0.13165625929832458;0.0;0.3621424436569214;0.44207537174224854;0.3621424436569214;0.0
0.02393391728401184;0.02393391728401184;0.17210841178894043;0.0;0.36357033252716064;0.7396336197853088;0.36357033252716064;0.0
0.02400350570678711;0.02400350570678711;0.11593526601791382;0.0;0.3641785681247711;0.48381373286247253;0.3641785681247711;0.0
0.024003878235816956;0.024003878235816956;0.034160956740379333;0.0;0.3642841577529907;0.4776797890663147;0.3642841577529907;0.0
0.02401110529899597;0.02401110529899597;0.15579406917095184;0.0;0.36461278796195984;0.47192564606666565;0.36461278796195984;0.0
0.024027526378631592;0.024027526378631592;0.2104749083518982;0.0;0.3680206835269928;0.5953745245933533;0.3680206835269928;0.0
0.02407008409500122;0.02407008409500122;0.16598576307296753;0.0;0.3684496581554413;0.5316627025604248;0.3684496581554413;0.0
0.024112701416015625;0.024112701416015625;0.4546855092048645;0.0;0.36930206418037415;0.7263268232345581;0.36930206418037415;0.0
0.024125218391418457;0.024125218391418457;0.1393955647945404;0.0;0.36952492594718933;0.5832315683364868;0.36952492594718933;0.0
0.02413789927959442;0.02413789927959442;0.05061998963356018;0.0;0.370156854391098;0.5435998439788818;0.370156854391098;0.0
0.024142444133758545;0.024142444133758545;0.17374664545059204;0.0;0.3716188967227936;0.4072189927101135;0.3716188967227936;0.0
0.02423146367073059;0.02423146367073059;0.280578076839447;0.0;0.37351444363594055;0.46101802587509155;0.37351444363594055;0.0
0.024234279990196228;0.024234279990196228;0.1822558343410492;0.0;0.3747349977493286;0.7161946296691895;0.3747349977493286;0.0
0.0243045836687088;0.0243045836687088;0.15293285250663757;0.0;0.3755568861961365;0.4634893536567688;0.3755568861961365;0.0
0.024316370487213135;0.024316370487213135;0.1756059229373932;0.0;0.3757072687149048;0.3757072687149048;0.4468558132648468;0.0
0.024338334798812866;0.024338334798812866;0.17125746607780457;0.0;0.3760850727558136;0.3760850727558136;0.38860687613487244;0.0
0.024394109845161438;0.024394109845161438;0.12114457041025162;0.0;0.3765280842781067;0.4793183505535126;0.3765280842781067;0.0
0.024480044841766357;0.024480044841766357;0.07095332443714142;0.0;0.37654581665992737;0.6517723202705383;0.37654581665992737;0.0
0.02451208233833313;0.02451208233833313;0.26567941904067993;0.0;0.3769576847553253;0.3769576847553253;0.43753305077552795;0.0
0.02455270290374756;0.02455270290374756;0.07041613757610321;0.0;0.3776901960372925;0.4368223547935486;0.3776901960372925;0.0
0.024716436862945557;0.024716436862945557;0.06711983680725098;0.0;0.3791213035583496;0.5513739585876465;0.3791213035583496;0.0
0.024735182523727417;0.024735182523727417;0.18013647198677063;0.0;0.38006359338760376;0.6946848034858704;0.38006359338760376;0.0
0.024816274642944336;0.024816274642944336;0.09454303979873657;0.0;0.3801420032978058;0.3801420032978058;0.38796401023864746;0.0
0.024831131100654602;0.024831131100654602;0.1259203553199768;0.0;0.3801775276660919;0.4429769515991211;0.3801775276660919;0.0
0.024870097637176514;0.024870097637176514;0.038692355155944824;0.0;0.3811098039150238;0.3811098039150238;1.3401310443878174;0.0
0.024943828582763672;0.024943828582763672;0.3699939250946045;0.0;0.3825194239616394;0.4330119490623474;0.3825194239616394;0.0
0.024946361780166626;0.024946361780166626;0.18292774260044098;0.0;0.38307756185531616;0.7248048782348633;0.38307756185531616;0.0
0.024955913424491882;0.024955913424491882;0.39634883403778076;0.0;0.3834480941295624;0.6233404278755188;0.3834480941295624;0.0
0.024968154728412628;0.024968154728412628;0.1465914398431778;0.0;0.3837239742279053;0.7296566367149353;0.3837239742279053;0.0
0.025007233023643494;0.025007233023643494;0.07636399567127228;0.0;0.38424795866012573;0.3953976631164551;0.38424795866012573;0.0
0.02507537603378296;0.02507537603378296;0.19077935814857483;0.0;0.38450807332992554;0.7204387784004211;0.38450807332992554;0.0
0.02515154331922531;0.02515154331922531;0.20917388796806335;0.0;0.3857768476009369;0.3857768476009369;0.4231567084789276;0.0
0.02516496181488037;0.02516496181488037;0.10295525193214417;0.0;0.3861801028251648;0.45819565653800964;0.3861801028251648;0.0
0.025237806141376495;0.025237806141376495;0.30369555950164795;0.0;0.3861847221851349;0.6046510934829712;0.3861847221851349;0.0
0.025246605277061462;0.025246605277061462;0.12671580910682678;0.0;0.386643648147583;0.43040791153907776;0.386643648147583;0.0
0.025268256664276123;0.025268256664276123;0.22184985876083374;0.0;0.38782575726509094;0.38782575726509094;0.6380890607833862;0.0
0.025279276072978973;0.025279276072978973;0.09482279419898987;0.0;0.38872072100639343;0.38872072100639343;0.4497665762901306;0.0
0.02531757950782776;0.02531757950782776;0.1532522290945053;0.0;0.39170849323272705;0.39170849323272705;0.7586103677749634;0.0
0.02533179521560669;0.02533179521560669;0.10860468447208405;0.0;0.39396873116493225;0.5757918953895569;0.39396873116493225;0.0
0.025371253490447998;0.025371253490447998;0.38615769147872925;0.0;0.3939977288246155;0.406364768743515;0.3939977288246155;0.0
0.025373756885528564;0.025373756885528564;0.05046418309211731;0.0;0.39833077788352966;0.7815725803375244;0.39833077788352966;0.0
0.025422394275665283;0.025422394275665283;0.17092549800872803;0.0;0.399078369140625;0.399078369140625;0.4036690294742584;0.0
0.025424346327781677;0.025424346327781677;0.05706697702407837;0.0;0.39986276626586914;0.39986276626586914;0.49181920289993286;0.0
0.025428906083106995;0.025428906083106995;0.14098778367042542;0.0;0.39993423223495483;0.632489800453186;0.39993423223495483;0.0
0.025494128465652466;0.025494128465652466;0.07751211524009705;0.0;0.4000661373138428;0.7500848174095154;0.4000661373138428;0.0
0.025535941123962402;0.025535941123962402;0.09790951013565063;0.0;0.4012886881828308;0.575641393661499;0.4012886881828308;0.0
0.025570645928382874;0.025570645928382874;0.17357920110225677;0.0;0.40149083733558655;0.40149083733558655;0.42260652780532837;0.0
0.025575250387191772;0.025575250387191772;0.22387339174747467;0.0;0.40326380729675293;0.40326380729675293;0.5181884169578552;0.0
0.02559015154838562;0.02559015154838562;0.11417144536972046;0.0;0.404510498046875;0.404510498046875;0.4178469479084015;0.0
0.02561819553375244;0.02561819553375244;0.40293657779693604;0.0;0.40500468015670776;0.5170003175735474;0.40500468015670776;0.0
0.025709033012390137;0.025709033012390137;0.08926516771316528;0.0;0.4052717387676239;0.4634004533290863;0.4052717387676239;0.0
0.025729641318321228;0.025729641318321228;0.08886343985795975;0.0;0.405834436416626;0.405834436416626;0.523751974105835;0.0
0.025799065828323364;0.025799065828323364;0.1737244725227356;0.0;0.4064074456691742;0.4538140594959259;0.4064074456691742;0.0
0.025928787887096405;0.025928787887096405;0.22633379697799683;0.0;0.40686628222465515;0.4452597498893738;0.40686628222465515;0.0
0.025929637253284454;0.025929637253284454;0.07394170761108398;0.0;0.40700554847717285;0.6309837102890015;0.40700554847717285;0.0
0.02594950795173645;0.02594950795173645;0.2540737986564636;0.0;0.4081888198852539;0.6861921548843384;0.4081888198852539;0.0
0.02598010003566742;0.02598010003566742;0.1297193169593811;0.0;0.4087308943271637;0.7038167119026184;0.4087308943271637;0.0
0.026017844676971436;0.026017844676971436;0.26450079679489136;0.0;0.40893158316612244;0.45610126852989197;0.40893158316612244;0.0
0.026024967432022095;0.026024967432022095;0.1295434981584549;0.0;0.40898168087005615;0.5565349459648132;0.40898168087005615;0.0
0.02604842185974121;0.02604842185974121;0.18123197555541992;0.0;0.4100784659385681;0.4100784659385681;0.42298540472984314;0.0
0.02609807252883911;0.02609807252883911;0.16890913248062134;0.0;0.4101526439189911;0.4101526439189911;0.5237454175949097;0.0
0.026152968406677246;0.026152968406677246;0.1995953619480133;0.0;0.4122636020183563;0.4889315068721771;0.4122636020183563;0.0
0.026271730661392212;0.026271730661392212;0.12076002359390259;0.0;0.4138632118701935;0.4138632118701935;44.88481140136719;0.0
0.02638000249862671;0.02638000249862671;0.10810020565986633;0.0;0.41386544704437256;0.41386544704437256;0.5438988208770752;0.0
0.026438355445861816;0.026438355445861816;0.19891546666622162;0.0;0.41430675983428955;0.6954018473625183;0.41430675983428955;0.0
0.026447981595993042;0.026447981595993042;0.230280339717865;0.0;0.41711440682411194;0.41711440682411194;0.5883180499076843;0.0
0.02646958827972412;0.02646958827972412;0.2424033284187317;0.0;0.4182356894016266;0.8232340216636658;0.4182356894016266;0.0
0.026600301265716553;0.026600301265716553;0.26263701915740967;0.0;0.4188266396522522;0.5296534299850464;0.4188266396522522;0.0
0.026662979274988174;0.026662979274988174;0.11665078997612;0.0;0.41972672939300537;0.46162739396095276;0.41972672939300537;0.0
0.026680409908294678;0.026680409908294678;0.18467579782009125;0.0;0.42204126715660095;0.5872859358787537;0.42204126715660095;0.0
0.026777446269989014;0.026777446269989014;0.07926987111568451;0.0;0.422055721282959;0.6717495322227478;0.422055721282959;0.0
0.026860743761062622;0.026860743761062622;0.34147074818611145;0.0;0.42218688130378723;0.8722679615020752;0.42218688130378723;0.0
0.026965737342834473;0.026965737342834473;0.17546604573726654;0.0;0.4224436283111572;0.45909833908081055;0.4224436283111572;0.0
0.02699151635169983;0.02699151635169983;0.23878489434719086;0.0;0.4255279004573822;0.5106468200683594;0.4255279004573822;0.0
0.02699524164199829;0.02699524164199829;0.2528616786003113;0.0;0.42563560605049133;0.5298324823379517;0.42563560605049133;0.0
0.027115553617477417;0.027115553617477417;0.11924360692501068;0.0;0.4271025061607361;0.4271025061607361;0.46034809947013855;0.0
0.027223438024520874;0.027223438024520874;0.3974018692970276;0.0;0.4271041750907898;1.3589719533920288;0.4271041750907898;0.0
0.027225226163864136;0.027225226163864136;0.20679104328155518;0.0;0.4288990795612335;0.4288990795612335;0.43259361386299133;0.0
0.027254194021224976;0.027254194021224976;0.13071534037590027;0.0;0.4290299117565155;0.5073534846305847;0.4290299117565155;0.0
0.02725602686405182;0.02725602686405182;0.1327071487903595;0.0;0.43041130900382996;0.43041130900382996;0.6163766384124756;0.0
0.02730029821395874;0.02730029821395874;0.26909780502319336;0.0;0.4326412081718445;0.8801479339599609;0.4326412081718445;0.0
0.027310460805892944;0.027310460805892944;0.2788734436035156;0.0;0.43368980288505554;0.5485995411872864;0.43368980288505554;0.0
0.027343571186065674;0.027343571186065674;0.46097058057785034;0.0;0.43401744961738586;1.1485460996627808;0.43401744961738586;0.0
0.02734971046447754;0.02734971046447754;0.11721402406692505;0.0;0.43426379561424255;0.7354752421379089;0.43426379561424255;0.0
0.02735370397567749;0.02735370397567749;0.21433588862419128;0.0;0.43492937088012695;0.43492937088012695;0.5980418920516968;0.0
0.027408450841903687;0.027408450841903687;0.18900617957115173;0.0;0.43508774042129517;0.5994791984558105;0.43508774042129517;0.0
0.027461275458335876;0.027461275458335876;0.13115070760250092;0.0;0.4360106289386749;0.6942479014396667;0.4360106289386749;0.0
0.027470171451568604;0.027470171451568604;0.2699425220489502;0.0;0.4372420310974121;0.5451092720031738;0.4372420310974121;0.0
0.027522116899490356;0.027522116899490356;0.2131623774766922;0.0;0.4395653009414673;0.9553977251052856;0.4395653009414673;0.0
0.027543097734451294;0.027543097734451294;0.3514745235443115;0.0;0.44056186079978943;0.44056186079978943;0.8891046047210693;0.0
0.02760377526283264;0.02760377526283264;0.32121801376342773;0.0;0.4410155415534973;0.5734361410140991;0.4410155415534973;0.0
0.02761024236679077;0.02761024236679077;0.07059335708618164;0.0;0.4430607259273529;0.9377902746200562;0.4430607259273529;0.0
0.027635008096694946;0.027635008096694946;0.24954284727573395;0.0;0.44325172901153564;0.5303436517715454;0.44325172901153564;0.0
0.027674108743667603;0.027674108743667603;0.24527181684970856;0.0;0.4433310627937317;0.5646461844444275;0.4433310627937317;0.0
0.02775844931602478;0.02775844931602478;0.2054349184036255;0.0;0.44334205985069275;0.5436187386512756;0.44334205985069275;0.0
0.02786076068878174;0.02786076068878174;0.12502455711364746;0.0;0.4445190131664276;0.4445190131664276;0.950223982334137;0.0
0.02786347270011902;0.02786347270011902;0.2324039489030838;0.0;0.4449542462825775;0.6049948930740356;0.4449542462825775;0.0
0.027888238430023193;0.027888238430023193;0.45407506823539734;0.0;0.4451137185096741;0.7186745405197144;0.4451137185096741;0.0
0.027916908264160156;0.027916908264160156;0.27692073583602905;0.0;0.447518914937973;0.6114940047264099;0.447518914937973;0.0
0.027918726205825806;0.027918726205825806;0.2867952287197113;0.0;0.4511706531047821;0.5313196778297424;0.4511706531047821;0.0
0.028006479144096375;0.028006479144096375;0.15736526250839233;0.0;0.451262503862381;0.7182546854019165;0.451262503862381;0.0
0.028008997440338135;0.028008997440338135;0.37370574474334717;0.0;0.45142215490341187;0.45142215490341187;1.1272629499435425;0.0
0.028017640113830566;0.028017640113830566;0.20078501105308533;0.0;0.45161136984825134;0.45161136984825134;0.8863791823387146;0.0
0.028028860688209534;0.028028860688209534;0.1239423155784607;0.0;0.45352232456207275;0.5458819270133972;0.45352232456207275;0.0
0.028193682432174683;0.028193682432174683;0.19505643844604492;0.0;0.4538819193840027;0.5783613324165344;0.4538819193840027;0.0
0.02821248769760132;0.02821248769760132;0.33258962631225586;0.0;0.45554083585739136;0.8585501313209534;0.45554083585739136;0.0
0.02833157777786255;0.02833157777786255;0.06431852281093597;0.0;0.45624083280563354;1.2488620281219482;0.45624083280563354;0.0
0.02834528684616089;0.02834528684616089;0.3318142890930176;0.0;0.45756804943084717;0.45756804943084717;0.7826264500617981;0.0
0.028358429670333862;0.028358429670333862;0.0924329161643982;0.0;0.45880648493766785;0.8285399079322815;0.45880648493766785;0.0
0.028404176235198975;0.028404176235198975;0.10461501777172089;0.0;0.4592355191707611;0.5751705765724182;0.4592355191707611;0.0
0.028439462184906006;0.028439462184906006;0.19918489456176758;0.0;0.45964595675468445;0.8603114485740662;0.45964595675468445;0.0
0.028524279594421387;0.028524279594421387;0.15972179174423218;0.0;0.4599023163318634;0.5790075063705444;0.4599023163318634;0.0
0.028612852096557617;0.028612852096557617;0.21109354496002197;0.0;0.46514657139778137;0.571557343006134;0.46514657139778137;0.0
0.028731316328048706;0.028731316328048706;0.23510734736919403;0.0;0.4663890600204468;0.9113304615020752;0.4663890600204468;0.0
0.028881818056106567;0.028881818056106567;0.2200019508600235;0.0;0.46680116653442383;0.6202714443206787;0.46680116653442383;0.0
0.028915762901306152;0.028915762901306152;0.14014466106891632;0.0;0.47091206908226013;0.47091206908226013;1.2683298587799072;0.0
0.028950810432434082;0.028950810432434082;0.1383851021528244;0.0;0.4732280373573303;0.5792286396026611;0.4732280373573303;0.0
0.028964519500732422;0.028964519500732422;0.15497082471847534;0.0;0.47358253598213196;0.47358253598213196;0.8173859119415283;0.0
0.029019102454185486;0.029019102454185486;0.22695600986480713;0.0;0.4752124845981598;0.4752124845981598;0.5768333077430725;0.0
0.02915920317173004;0.02915920317173004;0.06628584116697311;0.0;0.47655415534973145;0.5270649790763855;0.47655415534973145;0.0
0.02915969491004944;0.02915969491004944;0.1349894404411316;0.0;0.477804571390152;0.5697463154792786;0.477804571390152;0.0
0.029182270169258118;0.029182270169258118;0.1805056482553482;0.0;0.48002418875694275;0.728309690952301;0.48002418875694275;0.0
0.029237449169158936;0.029237449169158936;0.15364420413970947;0.0;0.48110535740852356;0.6522344350814819;0.48110535740852356;0.0
0.029341399669647217;0.029341399669647217;0.4335733652114868;0.0;0.4817165434360504;0.8362188339233398;0.4817165434360504;0.0
0.029418647289276123;0.029418647289276123;0.25014546513557434;0.0;0.48201650381088257;0.5241957902908325;0.48201650381088257;0.0
0.029436767101287842;0.029436767101287842;0.23115156590938568;0.0;0.4835018813610077;0.4835018813610077;43.485294342041016;0.0
0.029482603073120117;0.029482603073120117;0.30733948945999146;0.0;0.48454737663269043;0.48454737663269043;1.613753080368042;0.0
0.02954152226448059;0.02954152226448059;0.14945316314697266;0.0;0.48487457633018494;0.592940628528595;0.48487457633018494;0.0
0.02954348921775818;0.02954348921775818;0.325827419757843;0.0;0.4861453175544739;0.8636128902435303;0.4861453175544739;0.0
0.029563691467046738;0.029563691467046738;0.3465912342071533;0.0;0.4869268834590912;0.7214778065681458;0.4869268834590912;0.0
0.029693424701690674;0.029693424701690674;0.06840716302394867;0.0;0.48827552795410156;0.6896730065345764;0.48827552795410156;0.0
0.02974744141101837;0.02974744141101837;0.1626349836587906;0.0;0.4895011782646179;0.6559978127479553;0.4895011782646179;0.0
0.02976304292678833;0.02976304292678833;0.26570144295692444;0.0;0.48957008123397827;0.6394055485725403;0.48957008123397827;0.0
0.029839232563972473;0.029839232563972473;0.18983957171440125;0.0;0.4898453652858734;0.495247483253479;0.4898453652858734;0.0
0.02992933988571167;0.02992933988571167;0.21724851429462433;0.0;0.4901687502861023;0.4901687502861023;0.737509548664093;0.0
0.029999196529388428;0.029999196529388428;0.10036255419254303;0.0;0.49045202136039734;0.6817400455474854;0.49045202136039734;0.0
0.03000199794769287;0.03000199794769287;0.26234620809555054;0.0;0.4905696213245392;0.4905696213245392;0.548374354839325;0.0
0.03004390001296997;0.03004390001296997;0.130387544631958;0.0;0.49091464281082153;0.49091464281082153;0.671610414981842;0.0
0.03017371892929077;0.03017371892929077;0.23879963159561157;0.0;0.49139246344566345;0.49139246344566345;0.7783638834953308;0.0
0.030238956212997437;0.030238956212997437;0.1265893280506134;0.0;0.49142998456954956;1.241511344909668;0.49142998456954956;0.0
0.030294030904769897;0.030294030904769897;0.2442205846309662;0.0;0.49263429641723633;0.8809881210327148;0.49263429641723633;0.0
0.03029407560825348;0.03029407560825348;0.10876530408859253;0.0;0.49527814984321594;0.49527814984321594;1.0108873844146729;0.0
0.030404001474380493;0.030404001474380493;0.23899534344673157;0.0;0.4957886040210724;0.8640267252922058;0.4957886040210724;0.0
0.030419200658798218;0.030419200658798218;0.24608564376831055;0.0;0.5020617246627808;0.5020617246627808;0.6001138687133789;0.0
0.030504167079925537;0.030504167079925537;0.30098098516464233;0.0;0.5026058554649353;0.6084221601486206;0.5026058554649353;0.0
0.03051018714904785;0.03051018714904785;0.3873943090438843;0.0;0.5028406381607056;0.6750417947769165;0.5028406381607056;0.0
0.03053337335586548;0.03053337335586548;0.2864952087402344;0.0;0.5044355392456055;0.7472183704376221;0.5044355392456055;0.0
0.030552953481674194;0.030552953481674194;0.14593595266342163;0.0;0.5081433057785034;0.6119506359100342;0.5081433057785034;0.0
0.03074529767036438;0.03074529767036438;0.4368290603160858;0.0;0.5082072019577026;0.5082072019577026;1.7148807048797607;0.0
0.030780017375946045;0.030780017375946045;0.07087844610214233;0.0;0.5089708566665649;0.5243450403213501;0.5089708566665649;0.0
0.03079044818878174;0.03079044818878174;0.2441464066505432;0.0;0.5097988247871399;0.5490220785140991;0.5097988247871399;0.0
0.03083418309688568;0.03083418309688568;0.10462848097085953;0.0;0.5135952830314636;0.5135952830314636;0.5528249740600586;0.0
0.03083719313144684;0.03083719313144684;0.2346756011247635;0.0;0.5139617919921875;0.5139617919921875;0.5191941857337952;0.0
0.03084588050842285;0.03084588050842285;0.18285301327705383;0.0;0.514158308506012;0.6501543521881104;0.514158308506012;0.0
0.0308932363986969;0.0308932363986969;0.219882071018219;0.0;0.5173020362854004;0.6467559933662415;0.5173020362854004;0.0
0.031165868043899536;0.031165868043899536;0.08032681047916412;0.0;0.5179980993270874;0.5506584048271179;0.5179980993270874;0.0
0.031222760677337646;0.031222760677337646;0.1106029525399208;0.0;0.5186308026313782;0.7585914134979248;0.5186308026313782;0.0
0.03142586350440979;0.03142586350440979;0.23687992990016937;0.0;0.5190058350563049;0.614383339881897;0.5190058350563049;0.0
0.03144314885139465;0.03144314885139465;0.09891453385353088;0.0;0.5199440717697144;0.5199440717697144;0.8503280878067017;0.0
0.0315265953540802;0.0315265953540802;0.12248073518276215;0.0;0.5214366912841797;1.209752082824707;0.5214366912841797;0.0
0.031616002321243286;0.031616002321243286;0.1932656168937683;0.0;0.5228942036628723;0.5228942036628723;0.5587172508239746;0.0
0.031691327691078186;0.031691327691078186;0.24892616271972656;0.0;0.5259637832641602;1.00481379032135;0.5259637832641602;0.0
0.03172987699508667;0.03172987699508667;0.275596559047699;0.0;0.5295205116271973;0.7879387140274048;0.5295205116271973;0.0
0.031839728355407715;0.031839728355407715;0.2604132294654846;0.0;0.5321460962295532;0.5321460962295532;0.5574418306350708;0.0
0.031954169273376465;0.031954169273376465;0.1036747395992279;0.0;0.5335989594459534;0.9564561247825623;0.5335989594459534;0.0
0.03202858567237854;0.03202858567237854;0.23009487986564636;0.0;0.5352814197540283;0.6353526711463928;0.5352814197540283;0.0
0.03205609321594238;0.03205609321594238;0.2550239562988281;0.0;0.5353735089302063;0.5971262454986572;0.5353735089302063;0.0
0.032310888171195984;0.032310888171195984;0.07282331585884094;0.0;0.5369369387626648;0.6767371296882629;0.5369369387626648;0.0
0.032381415367126465;0.032381415367126465;0.20536667108535767;0.0;0.5383110642433167;0.6759623289108276;0.5383110642433167;0.0
0.03278574347496033;0.03278574347496033;0.07416009902954102;0.0;0.5404649972915649;0.8562629818916321;0.5404649972915649;0.0
0.03283742070198059;0.03283742070198059;0.2977948784828186;0.0;0.5417982935905457;0.6441268920898438;0.5417982935905457;0.0
0.03283768892288208;0.03283768892288208;0.23582470417022705;0.0;0.5421323776245117;0.9682630300521851;0.5421323776245117;0.0
0.03292118012905121;0.03292118012905121;0.10740774869918823;0.0;0.544510543346405;0.9827776551246643;0.544510543346405;0.0
0.033055007457733154;0.033055007457733154;0.1676572561264038;0.0;0.5471082329750061;0.6590638756752014;0.5471082329750061;0.0
0.033135220408439636;0.033135220408439636;0.17787444591522217;0.0;0.5471957325935364;1.3452942371368408;0.5471957325935364;0.0
0.033213481307029724;0.033213481307029724;0.18768127262592316;0.0;0.5484251379966736;0.7370169758796692;0.5484251379966736;0.0
0.03329768776893616;0.03329768776893616;0.2369256615638733;0.0;0.5486518144607544;0.5486518144607544;0.7852237820625305;0.0
0.03340959548950195;0.03340959548950195;0.25075089931488037;0.0;0.5491341352462769;0.5491341352462769;0.5757197737693787;0.0
0.03342053294181824;0.03342053294181824;0.15931916236877441;0.0;0.5498420596122742;0.5498420596122742;0.5512955784797668;0.0
0.033532142639160156;0.033532142639160156;0.44571757316589355;0.0;0.5499564409255981;0.6089093089103699;0.5499564409255981;0.0
0.03354570269584656;0.03354570269584656;0.20170459151268005;0.0;0.551389753818512;0.551389753818512;0.6482319831848145;0.0
0.03390270471572876;0.03390270471572876;0.3485327363014221;0.0;0.5515517592430115;0.8892815113067627;0.5515517592430115;0.0
0.03390905261039734;0.03390905261039734;0.04953586310148239;0.0;0.5543081760406494;0.5908688902854919;0.5543081760406494;0.0
0.03391075134277344;0.03391075134277344;0.38257747888565063;0.0;0.5543326735496521;1.6755458116531372;0.5543326735496521;0.0
0.033961087465286255;0.033961087465286255;0.13324129581451416;0.0;0.5561420321464539;0.6397659778594971;0.5561420321464539;0.0
0.0340418815612793;0.0340418815612793;0.23347556591033936;0.0;0.5582215189933777;0.9107807278633118;0.5582215189933777;0.0
0.03422582149505615;0.03422582149505615;0.24585455656051636;0.0;0.5585785508155823;0.9395266175270081;0.5585785508155823;0.0
0.034255534410476685;0.034255534410476685;0.39160454273223877;0.0;0.5635860562324524;0.717785120010376;0.5635860562324524;0.0
0.034397780895233154;0.034397780895233154;0.2900444269180298;0.0;0.5648609399795532;0.5648609399795532;0.6441261172294617;0.0
0.034444332122802734;0.034444332122802734;0.3267199397087097;0.0;0.5655571222305298;0.7903555631637573;0.5655571222305298;0.0
0.034448862075805664;0.034448862075805664;0.24588635563850403;0.0;0.5677012205123901;0.6259124875068665;0.5677012205123901;0.0
0.03470507264137268;0.03470507264137268;0.1615925431251526;0.0;0.5686628818511963;0.6657044887542725;0.5686628818511963;0.0
0.034707069396972656;0.034707069396972656;0.2681501507759094;0.0;0.5692342519760132;0.5939610600471497;0.5692342519760132;0.0
0.034732937812805176;0.034732937812805176;0.07967442274093628;0.0;0.5717675089836121;0.9348257780075073;0.5717675089836121;0.0
0.03474301099777222;0.03474301099777222;0.33934226632118225;0.0;0.5718320608139038;0.9009053111076355;0.5718320608139038;0.0
0.03474467992782593;0.03474467992782593;0.3203755021095276;0.0;0.573274552822113;1.255722165107727;0.573274552822113;0.0
0.034779295325279236;0.034779295325279236;0.3266265392303467;0.0;0.5777959227561951;0.5777959227561951;1.2638297080993652;0.0
0.034879088401794434;0.034879088401794434;0.17835260927677155;0.0;0.5804839134216309;1.434332251548767;0.5804839134216309;0.0
0.03502512723207474;0.03502512723207474;0.20024926960468292;0.0;0.581103503704071;0.7185614705085754;0.581103503704071;0.0
0.035086750984191895;0.035086750984191895;0.26046812534332275;0.0;0.5833157896995544;0.7667015790939331;0.5833157896995544;0.0
0.03515496850013733;0.03515496850013733;0.2259920984506607;0.0;0.5849263668060303;1.0273741483688354;0.5849263668060303;0.0
0.03533298522233963;0.03533298522233963;0.12461622059345245;0.0;0.586288571357727;0.7699352502822876;0.586288571357727;0.0
0.03538703918457031;0.03538703918457031;0.3491424024105072;0.0;0.5882574319839478;1.030555248260498;0.5882574319839478;0.0
0.03539794683456421;0.03539794683456421;0.2850467264652252;0.0;0.5954064726829529;0.5954064726829529;0.6166312098503113;0.0
0.035458043217659;0.035458043217659;0.22199484705924988;0.0;0.5958226919174194;0.5958226919174194;0.6213823556900024;0.0
0.03545939922332764;0.03545939922332764;0.2946048974990845;0.0;0.5978228449821472;0.9675331711769104;0.5978228449821472;0.0
0.0354895293712616;0.0354895293712616;0.19767799973487854;0.0;0.5979257822036743;1.0003321170806885;0.5979257822036743;0.0
0.035585224628448486;0.035585224628448486;0.14345210790634155;0.0;0.59854656457901;0.7037234902381897;0.59854656457901;0.0
0.03567087650299072;0.03567087650299072;0.11133772134780884;0.0;0.5994523167610168;0.7958362102508545;0.5994523167610168;0.0
0.03575658053159714;0.03575658053159714;0.17186246812343597;0.0;0.6002531051635742;0.6645563244819641;0.6002531051635742;0.0
0.03591567277908325;0.03591567277908325;0.21578866243362427;0.0;0.6006420850753784;0.7543517351150513;0.6006420850753784;0.0
0.035928964614868164;0.035928964614868164;0.19494140148162842;0.0;0.601622462272644;0.601622462272644;0.7345548272132874;0.0
0.03601035475730896;0.03601035475730896;0.3530119061470032;0.0;0.6032034754753113;0.6032034754753113;0.8092343211174011;0.0
0.036147505044937134;0.036147505044937134;0.23685204982757568;0.0;0.6045507192611694;0.7209811806678772;0.6045507192611694;0.0
0.03620311617851257;0.03620311617851257;0.2926170229911804;0.0;0.6058218479156494;0.7885934710502625;0.6058218479156494;0.0
0.0364094078540802;0.0364094078540802;0.2331613302230835;0.0;0.6068450808525085;1.1229438781738281;0.6068450808525085;0.0
0.03671668469905853;0.03671668469905853;0.3425741195678711;0.0;0.6146198511123657;0.9612624645233154;0.6146198511123657;0.0
0.036735326051712036;0.036735326051712036;0.150415301322937;0.0;0.6146659255027771;0.7418810129165649;0.6146659255027771;0.0
0.03683207929134369;0.03683207929134369;0.22479629516601562;0.0;0.617076575756073;0.617076575756073;0.7350466847419739;0.0
0.0370214581489563;0.0370214581489563;0.2777710258960724;0.0;0.6201288104057312;1.241158366203308;0.6201288104057312;0.0
0.03709864616394043;0.03709864616394043;0.3126518726348877;0.0;0.6218404769897461;0.8338279724121094;0.6218404769897461;0.0
0.03714209794998169;0.03714209794998169;0.17399299144744873;0.0;0.6231505870819092;0.9724757075309753;0.6231505870819092;0.0
0.037186890840530396;0.037186890840530396;0.21346643567085266;0.0;0.6245578527450562;1.1069855690002441;0.6245578527450562;0.0
0.03724965453147888;0.03724965453147888;0.2824466824531555;0.0;0.6248407363891602;1.1706292629241943;0.6248407363891602;0.0
0.03733167052268982;0.03733167052268982;0.20930726826190948;0.0;0.6271026730537415;1.119154453277588;0.6271026730537415;0.0
0.037357985973358154;0.037357985973358154;0.11478722095489502;0.0;0.6279247999191284;0.7759701609611511;0.6279247999191284;0.0
0.03738942742347717;0.03738942742347717;0.20632988214492798;0.0;0.6288689970970154;0.7500681281089783;0.6288689970970154;0.0
0.037434905767440796;0.037434905767440796;0.14814770221710205;0.0;0.6315945982933044;1.0070265531539917;0.6315945982933044;0.0
0.03766024112701416;0.03766024112701416;0.3376832604408264;0.0;0.632042646408081;0.9270108938217163;0.632042646408081;0.0
0.037667691707611084;0.037667691707611084;0.2379743456840515;0.0;0.6342716217041016;0.8609221577644348;0.6342716217041016;0.0
0.037818193435668945;0.037818193435668945;0.35323113203048706;0.0;0.6349959969520569;0.6349959969520569;1.1814171075820923;0.0
0.03786173462867737;0.03786173462867737;0.2622388005256653;0.0;0.6414552330970764;0.6414552330970764;0.7150982022285461;0.0
0.03786182403564453;0.03786182403564453;0.17701466381549835;0.0;0.6419309377670288;0.8214207291603088;0.6419309377670288;0.0
0.03793448209762573;0.03793448209762573;0.1777716428041458;0.0;0.6425560116767883;0.7741364240646362;0.6425560116767883;0.0
0.03801736235618591;0.03801736235618591;0.270017147064209;0.0;0.6462818384170532;0.7756335735321045;0.6462818384170532;0.0
0.03810471296310425;0.03810471296310425;0.25700491666793823;0.0;0.6470092535018921;0.6470092535018921;0.8144098520278931;0.0
0.038258180022239685;0.038258180022239685;0.13358913362026215;0.0;0.6470480561256409;0.6470480561256409;0.7087287306785583;0.0
0.03853726387023926;0.03853726387023926;0.19348181784152985;0.0;0.653582751750946;0.8724353313446045;0.653582751750946;0.0
0.0387258380651474;0.0387258380651474;0.18550646305084229;0.0;0.6552044153213501;0.6552044153213501;0.8579753041267395;0.0
0.03872716426849365;0.03872716426849365;0.1437755972146988;0.0;0.6569322943687439;0.6569322943687439;0.7399325370788574;0.0
0.03873667120933533;0.03873667120933533;0.23405821621418;0.0;0.6629568934440613;0.9820277690887451;0.6629568934440613;0.0
0.03874383866786957;0.03874383866786957;0.06460142135620117;0.0;0.6639454364776611;0.6639454364776611;0.994377076625824;0.0
0.0388568639755249;0.0388568639755249;0.08321797847747803;0.0;0.6639604568481445;0.9938482046127319;0.6639604568481445;0.0
0.038873255252838135;0.038873255252838135;0.11131897568702698;0.0;0.6693781614303589;0.7797586917877197;0.6693781614303589;0.0
0.03920465707778931;0.03920465707778931;0.21794679760932922;0.0;0.6719996929168701;0.9345609545707703;0.6719996929168701;0.0
0.039206117391586304;0.039206117391586304;0.19091859459877014;0.0;0.6735397577285767;0.8441941738128662;0.6735397577285767;0.0
0.039242684841156006;0.039242684841156006;0.23636826872825623;0.0;0.6762060523033142;0.9248437285423279;0.6762060523033142;0.0
0.03931909799575806;0.03931909799575806;0.31538739800453186;0.0;0.685644268989563;0.685644268989563;0.8913828730583191;0.0
0.039366215467453;0.039366215467453;0.33386367559432983;0.0;0.6859618425369263;0.882249116897583;0.6859618425369263;0.0
0.039526909589767456;0.039526909589767456;0.25995537638664246;0.0;0.6868242025375366;0.7947972416877747;0.6868242025375366;0.0
0.03953063488006592;0.03953063488006592;0.17314589023590088;0.0;0.6875927448272705;0.6875927448272705;0.8152369856834412;0.0
0.03953652083873749;0.03953652083873749;0.07881432771682739;0.0;0.690278172492981;1.246123194694519;0.690278172492981;0.0
0.03988508880138397;0.03988508880138397;0.1482113003730774;0.0;0.6909833550453186;0.6909833550453186;0.8062474727630615;0.0
0.04003036022186279;0.04003036022186279;0.14759449660778046;0.0;0.6936085820198059;1.1241306066513062;0.6936085820198059;0.0
0.04010874032974243;0.04010874032974243;0.272000253200531;0.0;0.6972761750221252;0.979555606842041;0.6972761750221252;0.0
0.040144383907318115;0.040144383907318115;0.2536899745464325;0.0;0.701004683971405;0.7662169933319092;0.701004683971405;0.0
0.040266379714012146;0.040266379714012146;0.2111252397298813;0.0;0.7038025259971619;0.7038025259971619;0.8021944761276245;0.0
0.040351152420043945;0.040351152420043945;0.21083879470825195;0.0;0.7066947817802429;0.7066947817802429;0.9449847340583801;0.0
0.04052308201789856;0.04052308201789856;0.24385148286819458;0.0;0.7085586190223694;0.7620386481285095;0.7085586190223694;0.0
0.04052840173244476;0.04052840173244476;0.34009790420532227;0.0;0.7094076871871948;0.8283911347389221;0.7094076871871948;0.0
0.040589213371276855;0.040589213371276855;0.13565219938755035;0.0;0.7098597288131714;0.7648932933807373;0.7098597288131714;0.0
0.04068881273269653;0.04068881273269653;0.3623313307762146;0.0;0.7106557488441467;0.8502267003059387;0.7106557488441467;0.0
0.04077625274658203;0.04077625274658203;0.2628706097602844;0.0;0.7137444615364075;0.9109480977058411;0.7137444615364075;0.0
0.04082411527633667;0.04082411527633667;0.1145983636379242;0.0;0.717156708240509;0.9587754011154175;0.717156708240509;0.0
0.040916502475738525;0.040916502475738525;0.1478714942932129;0.0;0.7171717286109924;1.0267270803451538;0.7171717286109924;0.0
0.04093450307846069;0.04093450307846069;0.3409355878829956;0.0;0.7195717692375183;1.5407601594924927;0.7195717692375183;0.0
0.04100713133811951;0.04100713133811951;0.16561029851436615;0.0;0.7224746346473694;0.9331470727920532;0.7224746346473694;0.0
0.041034042835235596;0.041034042835235596;0.2379974126815796;0.0;0.7230526804924011;0.9286491274833679;0.7230526804924011;0.0
0.04132148623466492;0.04132148623466492;0.1541864275932312;0.0;0.7319211363792419;0.7319211363792419;0.861356258392334;0.0
0.041334688663482666;0.041334688663482666;0.379294216632843;0.0;0.732359766960144;0.9218041300773621;0.732359766960144;0.0
0.04158586263656616;0.04158586263656616;0.2708593010902405;0.0;0.7375640869140625;1.025741696357727;0.7375640869140625;0.0
0.04169841110706329;0.04169841110706329;0.19383597373962402;0.0;0.7440375089645386;1.2305142879486084;0.7440375089645386;0.0
0.04176771640777588;0.04176771640777588;0.19350287318229675;0.0;0.7440453171730042;1.2168464660644531;0.7440453171730042;0.0
0.042000412940979004;0.042000412940979004;0.18058830499649048;0.0;0.7467072010040283;1.0940781831741333;0.7467072010040283;0.0
0.04207032918930054;0.04207032918930054;0.3597235679626465;0.0;0.7504790425300598;1.2990484237670898;0.7504790425300598;0.0
0.04210275411605835;0.04210275411605835;0.33977800607681274;0.0;0.7515142560005188;0.9255226254463196;0.7515142560005188;0.0
0.042150624096393585;0.042150624096393585;0.3234120011329651;0.0;0.7518205046653748;1.062351107597351;0.7518205046653748;0.0
0.04224516451358795;0.04224516451358795;0.13027167320251465;0.0;0.7585107684135437;0.7585107684135437;0.7702922821044922;0.0
0.042302489280700684;0.042302489280700684;0.3143012523651123;0.0;0.7637527585029602;0.9238396883010864;0.7637527585029602;0.0
0.04239153861999512;0.04239153861999512;0.1609632819890976;0.0;0.7654784917831421;0.7654784917831421;0.8621094822883606;0.0
0.042561158537864685;0.042561158537864685;0.13577425479888916;0.0;0.7772915959358215;0.8151481747627258;0.7772915959358215;0.0
0.04263406991958618;0.04263406991958618;0.2219691425561905;0.0;0.7788388729095459;1.045366644859314;0.7788388729095459;0.0
0.042949676513671875;0.042949676513671875;0.2985970377922058;0.0;0.7793095707893372;0.9694100618362427;0.7793095707893372;0.0
0.04299294948577881;0.04299294948577881;0.381650447845459;0.0;0.779426634311676;0.779426634311676;0.8065505623817444;0.0
0.043048590421676636;0.043048590421676636;0.21450628340244293;0.0;0.780414342880249;1.0732897520065308;0.780414342880249;0.0
0.04360520839691162;0.04360520839691162;0.39000946283340454;0.0;0.7843205332756042;0.7843205332756042;1.416111946105957;0.0
0.04365193843841553;0.04365193843841553;0.37216198444366455;0.0;0.7846108675003052;0.9663785099983215;0.7846108675003052;0.0
0.04379379749298096;0.04379379749298096;0.24788552522659302;0.0;0.7847816944122314;1.141273021697998;0.7847816944122314;0.0
0.044162482023239136;0.044162482023239136;0.27153247594833374;0.0;0.786369800567627;0.9267657399177551;0.786369800567627;0.0
0.04423999786376953;0.04423999786376953;0.3553675413131714;0.0;0.7873265147209167;0.7873265147209167;0.8593116998672485;0.0
0.044243812561035156;0.044243812561035156;0.4073370099067688;0.0;0.790044903755188;0.8759132027626038;0.790044903755188;0.0
0.044272005558013916;0.044272005558013916;0.32892340421676636;0.0;0.7958336472511292;0.7958336472511292;0.87270587682724;0.0
0.04444539546966553;0.04444539546966553;0.22082722187042236;0.0;0.8003212809562683;1.7036054134368896;0.8003212809562683;0.0
0.04447197914123535;0.04447197914123535;0.2779993414878845;0.0;0.8041002750396729;0.8834131956100464;0.8041002750396729;0.0
0.04455575346946716;0.04455575346946716;0.27491408586502075;0.0;0.8048219084739685;0.8117769956588745;0.8048219084739685;0.0
0.04468241706490517;0.04468241706490517;0.4268953204154968;0.0;0.8078243732452393;0.956961989402771;0.8078243732452393;0.0
0.04473283886909485;0.04473283886909485;0.19100241363048553;0.0;0.8081474900245667;0.8081474900245667;1.8578745126724243;0.0
0.04497581720352173;0.04497581720352173;0.12839394807815552;0.0;0.810106098651886;0.811110258102417;0.810106098651886;0.0
0.045285940170288086;0.045285940170288086;0.28499987721443176;0.0;0.8142992854118347;0.8142992854118347;1.2748609781265259;0.0
0.045472025871276855;0.045472025871276855;0.31798699498176575;0.0;0.8157842755317688;0.8629395365715027;0.8157842755317688;0.0
0.04552510380744934;0.04552510380744934;0.36024010181427;0.0;0.816758930683136;1.1626585721969604;0.816758930683136;0.0
0.04569762945175171;0.04569762945175171;0.23068425059318542;0.0;0.8196361064910889;1.0407403707504272;0.8196361064910889;0.0
0.04592137038707733;0.04592137038707733;0.15699440240859985;0.0;0.8222342133522034;0.863085925579071;0.8222342133522034;0.0
0.045962631702423096;0.045962631702423096;0.07042133808135986;0.0;0.8225765824317932;0.8225765824317932;1.1179029941558838;0.0
0.045988380908966064;0.045988380908966064;0.28146594762802124;0.0;0.8260087966918945;1.6466059684753418;0.8260087966918945;0.0
0.04600748419761658;0.04600748419761658;0.4745284914970398;0.0;0.8262003064155579;0.8923996090888977;0.8262003064155579;0.0
0.0461459755897522;0.0461459755897522;0.43319034576416016;0.0;0.8283798098564148;1.0474214553833008;0.8283798098564148;0.0
0.046230316162109375;0.046230316162109375;0.2871074378490448;0.0;0.8329251408576965;0.8446163535118103;0.8329251408576965;0.0
0.04640708863735199;0.04640708863735199;0.29312512278556824;0.0;0.8417599201202393;0.8417599201202393;0.9149871468544006;0.0
0.0464271605014801;0.0464271605014801;0.21521985530853271;0.0;0.8463011384010315;1.0494461059570312;0.8463011384010315;0.0
0.04644203186035156;0.04644203186035156;0.25523585081100464;0.0;0.8516977429389954;1.1211130619049072;0.8516977429389954;0.0
0.046443819999694824;0.046443819999694824;0.2049691379070282;0.0;0.8533592224121094;1.1513839960098267;0.8533592224121094;0.0
0.046593621373176575;0.046593621373176575;0.25531888008117676;0.0;0.8601277470588684;0.8601277470588684;3.236555576324463;0.0
0.04670265316963196;0.04670265316963196;0.41098982095718384;0.0;0.8601808547973633;1.0092413425445557;0.8601808547973633;0.0
0.04685063660144806;0.04685063660144806;0.3525150418281555;0.0;0.8607789278030396;1.0490096807479858;0.8607789278030396;0.0
0.04695862531661987;0.04695862531661987;0.2650212049484253;0.0;0.8667565584182739;0.8872027397155762;0.8667565584182739;0.0
0.047012150287628174;0.047012150287628174;0.25186240673065186;0.0;0.8708873987197876;0.9833317399024963;0.8708873987197876;0.0
0.04708656668663025;0.04708656668663025;0.36930230259895325;0.0;0.8750242590904236;1.2204945087432861;0.8750242590904236;0.0
0.04720452427864075;0.04720452427864075;0.46451106667518616;0.0;0.8778578639030457;0.8983247876167297;0.8778578639030457;0.0
0.04747509956359863;0.04747509956359863;0.33829838037490845;0.0;0.8782153129577637;0.9509636163711548;0.8782153129577637;0.0
0.04765725135803223;0.04765725135803223;0.3828060030937195;0.0;0.8816487789154053;0.9404280781745911;0.8816487789154053;0.0
0.04770916700363159;0.04770916700363159;0.3617764711380005;0.0;0.8827598690986633;0.9984315037727356;0.8827598690986633;0.0
0.047931790351867676;0.047931790351867676;0.2452375888824463;0.0;0.8897453546524048;1.1293351650238037;0.8897453546524048;0.0
0.048064351081848145;0.048064351081848145;0.3343559205532074;0.0;0.8910719752311707;1.1565577983856201;0.8910719752311707;0.0
0.04825848340988159;0.04825848340988159;0.434955358505249;0.0;0.8912582993507385;1.2414934635162354;0.8912582993507385;0.0
0.04852408170700073;0.04852408170700073;0.2976455092430115;0.0;0.8924962878227234;0.8924962878227234;1.8045216798782349;0.0
0.048935115337371826;0.048935115337371826;0.16924512386322021;0.0;0.8947972655296326;1.2962909936904907;0.8947972655296326;0.0
0.04926660656929016;0.04926660656929016;0.19785010814666748;0.0;0.8956910967826843;1.2261688709259033;0.8956910967826843;0.0
0.04951459914445877;0.04951459914445877;0.3153983950614929;0.0;0.897339940071106;1.159149408340454;0.897339940071106;0.0
0.04959943890571594;0.04959943890571594;0.246584951877594;0.0;0.9030814170837402;1.098963975906372;0.9030814170837402;0.0
0.04961630702018738;0.04961630702018738;0.4605085849761963;0.0;0.9030925035476685;1.5407073497772217;0.9030925035476685;0.0
0.04987609386444092;0.04987609386444092;0.4806615114212036;0.0;0.9033903479576111;1.088234543800354;0.9033903479576111;0.0
0.04989221692085266;0.04989221692085266;0.15304408967494965;0.0;0.9127417802810669;1.4537742137908936;0.9127417802810669;0.0
0.050071895122528076;0.050071895122528076;0.3300677239894867;0.0;0.9200323820114136;1.2442023754119873;0.9200323820114136;0.0
0.050116539001464844;0.050116539001464844;0.19864194095134735;0.0;0.9254404902458191;1.1841751337051392;0.9254404902458191;0.0
0.050141483545303345;0.050141483545303345;0.46223723888397217;0.0;0.9302116632461548;1.0386161804199219;0.9302116632461548;0.0
0.050252169370651245;0.050252169370651245;0.18352915346622467;0.0;0.9333768486976624;1.0910686254501343;0.9333768486976624;0.0
0.050883859395980835;0.050883859395980835;0.2834712862968445;0.0;0.9373758435249329;0.9373758435249329;1.2064186334609985;0.0
0.05105334520339966;0.05105334520339966;0.16563653945922852;0.0;0.9498077630996704;1.4591392278671265;0.9498077630996704;0.0
0.05107903480529785;0.05107903480529785;0.41652682423591614;0.0;0.9525763392448425;1.2366479635238647;0.9525763392448425;0.0
0.05112922191619873;0.05112922191619873;0.2630975842475891;0.0;0.952732503414154;1.2869590520858765;0.952732503414154;0.0
0.05118989944458008;0.05118989944458008;0.42806482315063477;0.0;0.9557620286941528;1.2168896198272705;0.9557620286941528;0.0
0.05145686864852905;0.05145686864852905;0.3581894040107727;0.0;0.9565302133560181;1.2968370914459229;0.9565302133560181;0.0
0.05146035552024841;0.05146035552024841;0.41990870237350464;0.0;0.9586504697799683;0.9586504697799683;48.70606994628906;0.0
0.051748424768447876;0.051748424768447876;0.2744453549385071;0.0;0.9630919098854065;0.9630919098854065;1.0721900463104248;0.0
0.05177457630634308;0.05177457630634308;0.19919031858444214;0.0;0.9667342901229858;1.1160056591033936;0.9667342901229858;0.0
0.05217580497264862;0.05217580497264862;0.14906078577041626;0.0;0.9745407104492188;1.2207363843917847;0.9745407104492188;0.0
0.05221197009086609;0.05221197009086609;0.26068222522735596;0.0;0.979766309261322;0.979766309261322;1.0208600759506226;0.0
0.052838027477264404;0.052838027477264404;0.2954776883125305;0.0;0.9819905757904053;1.536933422088623;0.9819905757904053;0.0
0.05285230278968811;0.05285230278968811;0.2386663556098938;0.0;0.9906142354011536;1.020878553390503;0.9906142354011536;0.0
0.05287271738052368;0.05287271738052368;0.37879836559295654;0.0;0.9990410208702087;1.3036900758743286;0.9990410208702087;0.0
0.053139448165893555;0.053139448165893555;0.35845738649368286;0.0;1.0024938583374023;1.0024938583374023;1.0879160165786743;0.0
0.05339151620864868;0.05339151620864868;0.23890402913093567;0.0;1.0080493688583374;1.2950153350830078;1.0080493688583374;0.0
0.05457693338394165;0.05457693338394165;0.3538011312484741;0.0;1.0172748565673828;1.0824506282806396;1.0172748565673828;0.0
0.05492216348648071;0.05492216348648071;0.25284719467163086;0.0;1.0233110189437866;1.274206519126892;1.0233110189437866;0.0
0.055037736892700195;0.055037736892700195;0.31292396783828735;0.0;1.0243806838989258;1.345126986503601;1.0243806838989258;0.0
0.055064499378204346;0.055064499378204346;0.24225449562072754;0.0;1.0246373414993286;1.0246373414993286;1.332345724105835;0.0
0.055082932114601135;0.055082932114601135;0.48523104190826416;0.0;1.0341850519180298;1.1857798099517822;1.0341850519180298;0.0
0.05543503165245056;0.05543503165245056;0.2604205012321472;0.0;1.0555981397628784;1.6669220924377441;1.0555981397628784;0.0
0.05563312768936157;0.05563312768936157;0.2752150297164917;0.0;1.083940029144287;1.5833154916763306;1.083940029144287;0.0
0.05657133460044861;0.05657133460044861;0.1927577257156372;0.0;1.0851973295211792;1.0851973295211792;1.584998369216919;0.0
0.05696636438369751;0.05696636438369751;0.24416828155517578;0.0;1.0992653369903564;1.2914080619812012;1.0992653369903564;0.0
0.05698108673095703;0.05698108673095703;0.25992029905319214;0.0;1.1024103164672852;1.715669870376587;1.1024103164672852;0.0
0.05751246213912964;0.05751246213912964;0.2653183937072754;0.0;1.1065014600753784;1.1065014600753784;1.7965439558029175;0.0
0.05775977671146393;0.05775977671146393;0.28008490800857544;0.0;1.1251142024993896;1.9477289915084839;1.1251142024993896;0.0
0.05783325433731079;0.05783325433731079;0.27838554978370667;0.0;1.1324679851531982;1.7052892446517944;1.1324679851531982;0.0
0.0579795241355896;0.0579795241355896;0.212738037109375;0.0;1.1339260339736938;1.9658013582229614;1.1339260339736938;0.0
0.058205246925354004;0.058205246925354004;0.20865729451179504;0.0;1.1396515369415283;1.1851105690002441;1.1396515369415283;0.0
0.05829864740371704;0.05829864740371704;0.2631065249443054;0.0;1.1416867971420288;1.3787689208984375;1.1416867971420288;0.0
0.05894690752029419;0.05894690752029419;0.43049144744873047;0.0;1.1420762538909912;1.1420762538909912;1.6122492551803589;0.0
0.059201568365097046;0.059201568365097046;0.17015677690505981;0.0;1.145239233970642;1.145239233970642;1.2133209705352783;0.0
0.05958731472492218;0.05958731472492218;0.17332583665847778;0.0;1.1654105186462402;1.171782374382019;1.1654105186462402;0.0
0.05974955856800079;0.05974955856800079;0.33377760648727417;0.0;1.1729551553726196;1.4731158018112183;1.1729551553726196;0.0
0.05990654230117798;0.05990654230117798;0.3273453116416931;0.0;1.209291934967041;1.209291934967041;1.8142166137695312;0.0
0.06042218208312988;0.06042218208312988;0.2357926219701767;0.0;1.210450291633606;1.260605812072754;1.210450291633606;0.0
0.061070263385772705;0.061070263385772705;0.4286919832229614;0.0;1.2189133167266846;1.224854588508606;1.2189133167266846;0.0
0.061495572328567505;0.061495572328567505;0.4336918592453003;0.0;1.2241511344909668;1.7949994802474976;1.2241511344909668;0.0
0.061699748039245605;0.061699748039245605;0.25863438844680786;0.0;1.2260535955429077;1.2260535955429077;1.7044392824172974;0.0
0.06174607574939728;0.06174607574939728;0.36347493529319763;0.0;1.2282321453094482;1.6567291021347046;1.2282321453094482;0.0
0.062255680561065674;0.062255680561065674;0.29545724391937256;0.0;1.2347307205200195;1.9665693044662476;1.2347307205200195;0.0
0.06295296549797058;0.06295296549797058;0.547953724861145;0.0;1.251212239265442;1.251212239265442;1.583961844444275;0.0
0.0630899965763092;0.0630899965763092;0.3223668038845062;0.0;1.253432273864746;1.7276185750961304;1.253432273864746;0.0
0.06448325514793396;0.06448325514793396;0.37995970249176025;0.0;1.2536852359771729;1.6299928426742554;1.2536852359771729;0.0
0.06453722715377808;0.06453722715377808;0.2698768973350525;0.0;1.254472017288208;1.254472017288208;1.3728306293487549;0.0
0.06466758251190186;0.06466758251190186;0.3298265337944031;0.0;1.2568224668502808;1.3572185039520264;1.2568224668502808;0.0
0.06475263833999634;0.06475263833999634;0.38177090883255005;0.0;1.2643955945968628;1.429190993309021;1.2643955945968628;0.0
0.06484515964984894;0.06484515964984894;0.2508751153945923;0.0;1.2717291116714478;1.2717291116714478;1.3183155059814453;0.0
0.06494469940662384;0.06494469940662384;0.35771799087524414;0.0;1.27936851978302;1.7278333902359009;1.27936851978302;0.0
0.06505286693572998;0.06505286693572998;0.34591102600097656;0.0;1.291759729385376;1.4072840213775635;1.291759729385376;0.0
0.06513550877571106;0.06513550877571106;0.38598448038101196;0.0;1.3016160726547241;1.3016160726547241;1.3096646070480347;0.0
0.06541883945465088;0.06541883945465088;0.376806378364563;0.0;1.3058714866638184;1.3058714866638184;1.6683870553970337;0.0
0.06565962731838226;0.06565962731838226;0.590042233467102;0.0;1.3081122636795044;1.3081122636795044;2.66459059715271;0.0
0.06588739156723022;0.06588739156723022;0.3400649428367615;0.0;1.3104830980300903;1.4599294662475586;1.3104830980300903;0.0
0.06666427850723267;0.06666427850723267;0.25381946563720703;0.0;1.3329356908798218;1.471168041229248;1.3329356908798218;0.0
0.06691968441009521;0.06691968441009521;0.45137637853622437;0.0;1.337001919746399;1.6855626106262207;1.337001919746399;0.0
0.06738054752349854;0.06738054752349854;0.4937169551849365;0.0;1.3568352460861206;1.3568352460861206;1.7774068117141724;0.0
0.06751358509063721;0.06751358509063721;0.518403172492981;0.0;1.3800151348114014;1.6030685901641846;1.3800151348114014;0.0
0.06776869297027588;0.06776869297027588;0.3935619294643402;0.0;1.4036885499954224;1.4036885499954224;1.8161319494247437;0.0
0.06789189577102661;0.06789189577102661;0.4245871305465698;0.0;1.4109293222427368;1.465353012084961;1.4109293222427368;0.0
0.06802543997764587;0.06802543997764587;0.3212829828262329;0.0;1.4148215055465698;1.5333914756774902;1.4148215055465698;0.0
0.06847941875457764;0.06847941875457764;0.34089380502700806;0.0;1.4348310232162476;1.660231590270996;1.4348310232162476;0.0
0.06858572363853455;0.06858572363853455;0.21591073274612427;0.0;1.4489781856536865;1.4489781856536865;2.088087797164917;0.0
0.06895297765731812;0.06895297765731812;0.4245956540107727;0.0;1.4517014026641846;1.6153602600097656;1.4517014026641846;0.0
0.0698021650314331;0.0698021650314331;0.2501868009567261;0.0;1.4636321067810059;1.760921597480774;1.4636321067810059;0.0
0.06984108686447144;0.06984108686447144;0.18927502632141113;0.0;1.4701061248779297;2.01222562789917;1.4701061248779297;0.0
0.0704660415649414;0.0704660415649414;0.495541512966156;0.0;1.5013219118118286;1.9798611402511597;1.5013219118118286;0.0
0.07085791975259781;0.07085791975259781;0.4273260235786438;0.0;1.5143065452575684;1.8642959594726562;1.5143065452575684;0.0
0.07171368598937988;0.07171368598937988;0.4324607253074646;0.0;1.5151129961013794;1.5151129961013794;1.5457581281661987;0.0
0.07210278511047363;0.07210278511047363;0.26056259870529175;0.0;1.5473403930664062;1.5473403930664062;1.5784916877746582;0.0
0.07253396511077881;0.07253396511077881;0.47006088495254517;0.0;1.5570703744888306;1.5570703744888306;1.7672871351242065;0.0
0.07306152582168579;0.07306152582168579;0.2716861665248871;0.0;1.6394705772399902;1.6394705772399902;1.6987907886505127;0.0
0.07352960109710693;0.07352960109710693;0.36904293298721313;0.0;1.6488620042800903;1.6488620042800903;1.651336669921875;0.0
0.07436102628707886;0.07436102628707886;0.5030352473258972;0.0;1.6535581350326538;1.6535581350326538;39.95569610595703;0.0
0.07921725511550903;0.07921725511550903;0.22656840085983276;0.0;1.6629573106765747;1.8022780418395996;1.6629573106765747;0.0
0.07948571443557739;0.07948571443557739;0.3596789836883545;0.0;1.6937214136123657;1.6937214136123657;1.9651470184326172;0.0
0.08101975917816162;0.08101975917816162;0.39896160364151;0.0;1.7574856281280518;1.7574856281280518;1.8962920904159546;0.0
0.08163470029830933;0.08163470029830933;0.3576356768608093;0.0;1.7659326791763306;2.964526653289795;1.7659326791763306;0.0
0.08269178867340088;0.08269178867340088;0.3514469265937805;0.0;1.7794524431228638;1.7794524431228638;2.4673147201538086;0.0
0.08423483371734619;0.08423483371734619;0.377532035112381;0.0;1.8144481182098389;2.302696466445923;1.8144481182098389;0.0
0.08617718517780304;0.08617718517780304;0.27016013860702515;0.0;1.9577596187591553;1.9577596187591553;2.221881151199341;0.0
0.08753728866577148;0.08753728866577148;0.4483579099178314;0.0;2.024183511734009;2.024183511734009;2.653813362121582;0.0
0.09037083387374878;0.09037083387374878;0.405392050743103;0.0;2.1342837810516357;2.1342837810516357;43.76795959472656;0.0
0.11029273271560669;0.11029273271560669;0.4157107472419739;0.0;2.1932713985443115;2.1932713985443115;2.2018399238586426;0.0
