inf-norm-min-adv-dist;inf-norm-PGD-dist;inf-norm-sec-att-dist;inf-norm-Clever-0.0-samples;2-norm-min-adv-dist;2-norm-PGD-dist;2-norm-sec-att-dist;2-norm-Clever-0.0-samples
0.0;0.0;0.0;0.0;0.0;0.0;0.0;0.0
0.0;0.0;0.0;0.0;0.0;0.0;0.0;0.0
0.0;0.0;0.0;0.0;0.0;0.0;0.0;0.0
0.0;0.0;0.0;0.0;0.0;0.0;0.0;0.0
0.0;0.0;0.0;0.0;0.0;0.0;0.0;0.0
0.0;0.0;0.0;0.0;0.0;0.0;0.0;0.0
0.0;0.0;0.0;0.0;0.0;0.0;0.0;0.0
0.0010000020265579224;0.0010000020265579224;0.006598606705665588;0.0;0.012611327692866325;0.017262449488043785;0.012611327692866325;0.0
0.0010000020265579224;0.0010000020265579224;0.010683931410312653;0.0;0.014970067888498306;0.017318787053227425;0.014970067888498306;0.0
0.001000046730041504;0.001000046730041504;0.005985334515571594;0.0;0.015645690262317657;0.024120206013321877;0.015645690262317657;0.0
0.001999974250793457;0.001999974250793457;0.013011753559112549;0.0;0.021716054528951645;0.02369067631661892;0.021716054528951645;0.0
0.0025001168251037598;0.0025001168251037598;0.015818342566490173;0.0;0.03676756098866463;0.03676756098866463;0.07496508955955505;0.0
0.003000006079673767;0.003000006079673767;0.039184555411338806;0.0;0.03840208798646927;0.11635549366474152;0.03840208798646927;0.0
0.003000006079673767;0.003000006079673767;0.013920258730649948;0.0;0.038705337792634964;0.0445929691195488;0.038705337792634964;0.0
0.0030001401901245117;0.0030001401901245117;0.06308162212371826;0.0;0.04150460287928581;0.0509352870285511;0.04150460287928581;0.0
0.00349995493888855;0.00349995493888855;0.05231782793998718;0.0;0.043549008667469025;0.13980181515216827;0.043549008667469025;0.0
0.003999948501586914;0.003999948501586914;0.0603678822517395;0.0;0.04495767131447792;0.06947450339794159;0.04495767131447792;0.0
0.0040000081062316895;0.0040000081062316895;0.03802069276571274;0.0;0.046085651963949203;0.06446816772222519;0.046085651963949203;0.0
0.0040000081062316895;0.0040000081062316895;0.02476302534341812;0.0;0.04715697467327118;0.07300923764705658;0.04715697467327118;0.0
0.0040000081062316895;0.0040000081062316895;0.014414817094802856;0.0;0.049449529498815536;0.07805850356817245;0.049449529498815536;0.0
0.004496850073337555;0.004496850073337555;0.023373641073703766;0.0;0.04998458921909332;0.0630454421043396;0.04998458921909332;0.0
0.004500009119510651;0.004500009119510651;0.033587269484996796;0.0;0.05441905930638313;0.07219836115837097;0.05441905930638313;0.0
0.005000010132789612;0.005000010132789612;0.02443297952413559;0.0;0.05479991063475609;0.05479991063475609;0.07094427943229675;0.0
0.005000010132789612;0.005000010132789612;0.018885985016822815;0.0;0.05769972875714302;0.08514457941055298;0.05769972875714302;0.0
0.005486145615577698;0.005486145615577698;0.030240125954151154;0.0;0.05983448773622513;0.05983448773622513;0.11059696227312088;0.0
0.005499929189682007;0.005499929189682007;0.011711657047271729;0.0;0.06023089587688446;0.0695326030254364;0.06023089587688446;0.0
0.005500011146068573;0.005500011146068573;0.045822180807590485;0.0;0.061804670840501785;0.06631588190793991;0.061804670840501785;0.0
0.005909055471420288;0.005909055471420288;0.014966502785682678;0.0;0.06676942855119705;0.09166201204061508;0.06676942855119705;0.0
0.00594831258058548;0.00594831258058548;0.02399119734764099;0.0;0.07069601863622665;0.14930234849452972;0.07069601863622665;0.0
0.005996078252792358;0.005996078252792358;0.04491543769836426;0.0;0.07404321432113647;0.07404321432113647;0.07956172525882721;0.0
0.005999922752380371;0.005999922752380371;0.018436074256896973;0.0;0.07524841278791428;0.09852926433086395;0.07524841278791428;0.0
0.006292715668678284;0.006292715668678284;0.010417088866233826;0.0;0.0758158415555954;0.10063789784908295;0.0758158415555954;0.0
0.00658135861158371;0.00658135861158371;0.03510385751724243;0.0;0.07760149240493774;0.11583016067743301;0.07760149240493774;0.0
0.006719321012496948;0.006719321012496948;0.027940914034843445;0.0;0.07958194613456726;0.08731885254383087;0.07958194613456726;0.0
0.006752893328666687;0.006752893328666687;0.05230998992919922;0.0;0.08003735542297363;0.10461372882127762;0.08003735542297363;0.0
0.00680561363697052;0.00680561363697052;0.03221188485622406;0.0;0.08044031262397766;0.20733003318309784;0.08044031262397766;0.0
0.006825804710388184;0.006825804710388184;0.03756028413772583;0.0;0.08045405149459839;0.09054064750671387;0.08045405149459839;0.0
0.006869375705718994;0.006869375705718994;0.07195904850959778;0.0;0.08053130656480789;0.08053130656480789;0.10821010917425156;0.0
0.006962627172470093;0.006962627172470093;0.028363540768623352;0.0;0.08182346075773239;0.10234230756759644;0.08182346075773239;0.0
0.007201187312602997;0.007201187312602997;0.05146253854036331;0.0;0.08222897350788116;0.1502106934785843;0.08222897350788116;0.0
0.007206384092569351;0.007206384092569351;0.03812544047832489;0.0;0.08328975737094879;0.26427143812179565;0.08328975737094879;0.0
0.007328726351261139;0.007328726351261139;0.03166532516479492;0.0;0.08524804562330246;0.0912976861000061;0.08524804562330246;0.0
0.007353156805038452;0.007353156805038452;0.0595795214176178;0.0;0.08747892081737518;0.09694741666316986;0.08747892081737518;0.0
0.007375970482826233;0.007375970482826233;0.030987173318862915;0.0;0.08918388932943344;0.1133040115237236;0.08918388932943344;0.0
0.007689297199249268;0.007689297199249268;0.02768821269273758;0.0;0.09105902910232544;0.13396227359771729;0.09105902910232544;0.0
0.007730036973953247;0.007730036973953247;0.022959649562835693;0.0;0.09231945872306824;0.09231945872306824;0.2627229690551758;0.0
0.007920704782009125;0.007920704782009125;0.1360064297914505;0.0;0.09264709800481796;0.3290085196495056;0.09264709800481796;0.0
0.008014202117919922;0.008014202117919922;0.05917781591415405;0.0;0.09297224879264832;0.16953012347221375;0.09297224879264832;0.0
0.008181154727935791;0.008181154727935791;0.06430990993976593;0.0;0.0936901643872261;0.31520241498947144;0.0936901643872261;0.0
0.008205071091651917;0.008205071091651917;0.022918350994586945;0.0;0.09371238201856613;0.11937224864959717;0.09371238201856613;0.0
0.008234255015850067;0.008234255015850067;0.03053484857082367;0.0;0.09413108974695206;0.09413108974695206;0.09817575663328171;0.0
0.00825643539428711;0.00825643539428711;0.024469934403896332;0.0;0.09425955265760422;0.1286148726940155;0.09425955265760422;0.0
0.008452881127595901;0.008452881127595901;0.021530598402023315;0.0;0.09474632143974304;0.17638061940670013;0.09474632143974304;0.0
0.008538797497749329;0.008538797497749329;0.0325113981962204;0.0;0.09529683738946915;0.1526913195848465;0.09529683738946915;0.0
0.008639700710773468;0.008639700710773468;0.0257699117064476;0.0;0.09631814807653427;0.1452459692955017;0.09631814807653427;0.0
0.008658617734909058;0.008658617734909058;0.06821107864379883;0.0;0.09763874113559723;0.11284832656383514;0.09763874113559723;0.0
0.008963413536548615;0.008963413536548615;0.059866681694984436;0.0;0.09991305321455002;0.1956193447113037;0.09991305321455002;0.0
0.008964577689766884;0.008964577689766884;0.03129889443516731;0.0;0.10023542493581772;0.11902974545955658;0.10023542493581772;0.0
0.008993566036224365;0.008993566036224365;0.045109257102012634;0.0;0.10076834261417389;0.10076834261417389;0.10745595395565033;0.0
0.009114917367696762;0.009114917367696762;0.03578774258494377;0.0;0.10077155381441116;0.21214288473129272;0.10077155381441116;0.0
0.009213805198669434;0.009213805198669434;0.03866894543170929;0.0;0.10103929787874222;0.19414201378822327;0.10103929787874222;0.0
0.009264841675758362;0.009264841675758362;0.0629965215921402;0.0;0.10117510706186295;0.1585940420627594;0.10117510706186295;0.0
0.00936184823513031;0.00936184823513031;0.052700579166412354;0.0;0.10127034038305283;0.11170580983161926;0.10127034038305283;0.0
0.009376674890518188;0.009376674890518188;0.0733790397644043;0.0;0.1016043871641159;0.1312481313943863;0.1016043871641159;0.0
0.009413100779056549;0.009413100779056549;0.033400602638721466;0.0;0.1022215262055397;0.18359440565109253;0.1022215262055397;0.0
0.00945824384689331;0.00945824384689331;0.05341792106628418;0.0;0.10275840014219284;0.1476287692785263;0.10275840014219284;0.0
0.009486258029937744;0.009486258029937744;0.04334491491317749;0.0;0.10290420800447464;0.21375033259391785;0.10290420800447464;0.0
0.009514421224594116;0.009514421224594116;0.058703094720840454;0.0;0.10309220850467682;0.32853490114212036;0.10309220850467682;0.0
0.009555280208587646;0.009555280208587646;0.1461006999015808;0.0;0.10486843436956406;0.18104562163352966;0.10486843436956406;0.0
0.009560167789459229;0.009560167789459229;0.03630682826042175;0.0;0.10595186054706573;0.1408001035451889;0.10595186054706573;0.0
0.009647727012634277;0.009647727012634277;0.09068465232849121;0.0;0.10608404129743576;0.10608404129743576;0.25606927275657654;0.0
0.009863361716270447;0.009863361716270447;0.14536255598068237;0.0;0.10612227022647858;0.19715608656406403;0.10612227022647858;0.0
0.009907469153404236;0.009907469153404236;0.059060029685497284;0.0;0.10773618519306183;0.10945366322994232;0.10773618519306183;0.0
0.009939797222614288;0.009939797222614288;0.06818196177482605;0.0;0.10783388465642929;0.1219606027007103;0.10783388465642929;0.0
0.010029315948486328;0.010029315948486328;0.06831136345863342;0.0;0.10804379731416702;0.10804379731416702;0.14720895886421204;0.0
0.01003970205783844;0.01003970205783844;0.052118800580501556;0.0;0.10844767093658447;0.16226983070373535;0.10844767093658447;0.0
0.01006343960762024;0.01006343960762024;0.0322100967168808;0.0;0.10961060971021652;0.11552142351865768;0.10961060971021652;0.0
0.010071001946926117;0.010071001946926117;0.05198213458061218;0.0;0.11201729625463486;0.12542331218719482;0.11201729625463486;0.0
0.01015058159828186;0.01015058159828186;0.033992573618888855;0.0;0.11207666248083115;0.19318123161792755;0.11207666248083115;0.0
0.01024368405342102;0.01024368405342102;0.02836945652961731;0.0;0.11371424049139023;0.2869572341442108;0.11371424049139023;0.0
0.010419212281703949;0.010419212281703949;0.06436464190483093;0.0;0.11738535016775131;0.14148083329200745;0.11738535016775131;0.0
0.010432027280330658;0.010432027280330658;0.034224361181259155;0.0;0.11768089979887009;0.22679390013217926;0.11768089979887009;0.0
0.010441333055496216;0.010441333055496216;0.06864311546087265;0.0;0.1186751052737236;0.12225253880023956;0.1186751052737236;0.0
0.01057317852973938;0.01057317852973938;0.4082755744457245;0.0;0.11926565319299698;0.13361798226833344;0.11926565319299698;0.0
0.010655499994754791;0.010655499994754791;0.08656984567642212;0.0;0.11939818412065506;0.3270478844642639;0.11939818412065506;0.0
0.010675907135009766;0.010675907135009766;0.02271156758069992;0.0;0.1209392249584198;0.1209392249584198;0.12539346516132355;0.0
0.010810136795043945;0.010810136795043945;0.09345287084579468;0.0;0.12292898446321487;0.28664594888687134;0.12292898446321487;0.0
0.010935306549072266;0.010935306549072266;0.0720624178647995;0.0;0.12333305925130844;0.16100649535655975;0.12333305925130844;0.0
0.010945543646812439;0.010945543646812439;0.20908506214618683;0.0;0.12385904788970947;0.23740211129188538;0.12385904788970947;0.0
0.010981947183609009;0.010981947183609009;0.06327512860298157;0.0;0.12456030398607254;0.22751553356647491;0.12456030398607254;0.0
0.01099097728729248;0.01099097728729248;0.044628798961639404;0.0;0.1257980316877365;0.15220697224140167;0.1257980316877365;0.0
0.01107741892337799;0.01107741892337799;0.07692649960517883;0.0;0.12607549130916595;0.1676599681377411;0.12607549130916595;0.0
0.011091440916061401;0.011091440916061401;0.03954974561929703;0.0;0.12673936784267426;0.1321263164281845;0.12673936784267426;0.0
0.011183708906173706;0.011183708906173706;0.053034424781799316;0.0;0.1270216852426529;0.1743338406085968;0.1270216852426529;0.0
0.01121976226568222;0.01121976226568222;0.05611160397529602;0.0;0.12811507284641266;0.1597633957862854;0.12811507284641266;0.0
0.011246681213378906;0.011246681213378906;0.10017627477645874;0.0;0.12968885898590088;0.18796837329864502;0.12968885898590088;0.0
0.011311149224638939;0.011311149224638939;0.035536862909793854;0.0;0.1301577240228653;0.1301577240228653;0.13125309348106384;0.0
0.011323302984237671;0.011323302984237671;0.031735628843307495;0.0;0.13121314346790314;0.18243509531021118;0.13121314346790314;0.0
0.01137058436870575;0.01137058436870575;0.06541666388511658;0.0;0.13137415051460266;0.2974388599395752;0.13137415051460266;0.0
0.01142999529838562;0.01142999529838562;0.0862654373049736;0.0;0.13188235461711884;0.21932239830493927;0.13188235461711884;0.0
0.011456102132797241;0.011456102132797241;0.07532419264316559;0.0;0.1320418119430542;0.300748348236084;0.1320418119430542;0.0
0.011485956609249115;0.011485956609249115;0.017785459756851196;0.0;0.13280245661735535;0.13280245661735535;0.1557697206735611;0.0
0.011489957571029663;0.011489957571029663;0.05913592875003815;0.0;0.13300345838069916;0.44014647603034973;0.13300345838069916;0.0
0.011507932096719742;0.011507932096719742;0.06989071518182755;0.0;0.13362741470336914;0.20171862840652466;0.13362741470336914;0.0
0.011515796184539795;0.011515796184539795;0.09086942672729492;0.0;0.13379134237766266;0.14351317286491394;0.13379134237766266;0.0
0.011595841497182846;0.011595841497182846;0.04541405290365219;0.0;0.1340002864599228;0.1340002864599228;0.15409298241138458;0.0
0.011628523468971252;0.011628523468971252;0.024672701954841614;0.0;0.13467463850975037;0.25455060601234436;0.13467463850975037;0.0
0.011693578213453293;0.011693578213453293;0.0363769568502903;0.0;0.1370130330324173;0.3025391101837158;0.1370130330324173;0.0
0.011694911867380142;0.011694911867380142;0.06692266464233398;0.0;0.13702012598514557;0.1506229192018509;0.13702012598514557;0.0
0.011767946183681488;0.011767946183681488;0.057859867811203;0.0;0.13889166712760925;0.31676551699638367;0.13889166712760925;0.0
0.011888660490512848;0.011888660490512848;0.0472722202539444;0.0;0.1401875913143158;0.17812782526016235;0.1401875913143158;0.0
0.011901095509529114;0.011901095509529114;0.04691074788570404;0.0;0.1403777003288269;0.1403777003288269;0.2370709478855133;0.0
0.011911556124687195;0.011911556124687195;0.171744242310524;0.0;0.1408621072769165;0.3668707311153412;0.1408621072769165;0.0
0.012099221348762512;0.012099221348762512;0.028545036911964417;0.0;0.1412598341703415;0.206220805644989;0.1412598341703415;0.0
0.012137927114963531;0.012137927114963531;0.047062233090400696;0.0;0.1420917510986328;0.22699964046478271;0.1420917510986328;0.0
0.01213926449418068;0.01213926449418068;0.03737065941095352;0.0;0.14380578696727753;0.15992693603038788;0.14380578696727753;0.0
0.012182164937257767;0.012182164937257767;0.047752805054187775;0.0;0.1443665772676468;0.3421880304813385;0.1443665772676468;0.0
0.012217104434967041;0.012217104434967041;0.03432105481624603;0.0;0.14513333141803741;0.2125852108001709;0.14513333141803741;0.0
0.01235651969909668;0.01235651969909668;0.1709722876548767;0.0;0.14539264142513275;0.1560424566268921;0.14539264142513275;0.0
0.012363329529762268;0.012363329529762268;0.035614147782325745;0.0;0.14556458592414856;0.4473518133163452;0.14556458592414856;0.0
0.012365736067295074;0.012365736067295074;0.036150068044662476;0.0;0.1461508870124817;0.26631322503089905;0.1461508870124817;0.0
0.012394681572914124;0.012394681572914124;0.06445232778787613;0.0;0.14818812906742096;0.28567075729370117;0.14818812906742096;0.0
0.012414984405040741;0.012414984405040741;0.021672524511814117;0.0;0.14826160669326782;0.25919997692108154;0.14826160669326782;0.0
0.01248660683631897;0.01248660683631897;0.04677799716591835;0.0;0.14834588766098022;0.20342950522899628;0.14834588766098022;0.0
0.012536760419607162;0.012536760419607162;0.05563575029373169;0.0;0.14897441864013672;0.27512240409851074;0.14897441864013672;0.0
0.012544915080070496;0.012544915080070496;0.09370137751102448;0.0;0.14924822747707367;0.23938658833503723;0.14924822747707367;0.0
0.01255236566066742;0.01255236566066742;0.08382357656955719;0.0;0.14981001615524292;0.14981001615524292;0.16004173457622528;0.0
0.012557025998830795;0.012557025998830795;0.06852997839450836;0.0;0.14996422827243805;0.2213292419910431;0.14996422827243805;0.0
0.012584701180458069;0.012584701180458069;0.08908470720052719;0.0;0.15044592320919037;0.19128863513469696;0.15044592320919037;0.0
0.01262560486793518;0.01262560486793518;0.04651026427745819;0.0;0.1520717889070511;0.32778799533843994;0.1520717889070511;0.0
0.012657403945922852;0.012657403945922852;0.10890555381774902;0.0;0.15397588908672333;0.1919335424900055;0.15397588908672333;0.0
0.012666337192058563;0.012666337192058563;0.0726182833313942;0.0;0.15435881912708282;0.18859469890594482;0.15435881912708282;0.0
0.012832581996917725;0.012832581996917725;0.06252656877040863;0.0;0.15566496551036835;0.28179335594177246;0.15566496551036835;0.0
0.012894079089164734;0.012894079089164734;0.14506854116916656;0.0;0.15651622414588928;0.1625678688287735;0.15651622414588928;0.0
0.01294735074043274;0.01294735074043274;0.1353665143251419;0.0;0.1566588282585144;0.2875556945800781;0.1566588282585144;0.0
0.013057723641395569;0.013057723641395569;0.1151316836476326;0.0;0.1569075584411621;0.2064790427684784;0.1569075584411621;0.0
0.013114944100379944;0.013114944100379944;0.05449394881725311;0.0;0.15698300302028656;0.18228016793727875;0.15698300302028656;0.0
0.013172626495361328;0.013172626495361328;0.04801568761467934;0.0;0.15704619884490967;0.27079299092292786;0.15704619884490967;0.0
0.013217348605394363;0.013217348605394363;0.06454518437385559;0.0;0.1575276404619217;0.32206112146377563;0.1575276404619217;0.0
0.013222724199295044;0.013222724199295044;0.08149008452892303;0.0;0.15827353298664093;0.21563316881656647;0.15827353298664093;0.0
0.013278931379318237;0.013278931379318237;0.16100019216537476;0.0;0.16068056225776672;0.1907302290201187;0.16068056225776672;0.0
0.013279646635055542;0.013279646635055542;0.1406504511833191;0.0;0.16125403344631195;0.23105663061141968;0.16125403344631195;0.0
0.013298243284225464;0.013298243284225464;0.14017605781555176;0.0;0.16283980011940002;0.17989061772823334;0.16283980011940002;0.0
0.013330191373825073;0.013330191373825073;0.12113133817911148;0.0;0.1638052761554718;0.1879144161939621;0.1638052761554718;0.0
0.013337671756744385;0.013337671756744385;0.126042902469635;0.0;0.16495268046855927;0.34521540999412537;0.16495268046855927;0.0
0.013342350721359253;0.013342350721359253;0.04578790068626404;0.0;0.16565275192260742;0.20206673443317413;0.16565275192260742;0.0
0.013455890119075775;0.013455890119075775;0.03393901512026787;0.0;0.16646713018417358;0.2554231882095337;0.16646713018417358;0.0
0.01356390118598938;0.01356390118598938;0.09113949537277222;0.0;0.16676834225654602;0.186635822057724;0.16676834225654602;0.0
0.013619258999824524;0.013619258999824524;0.05266498029232025;0.0;0.16702711582183838;0.16702711582183838;0.34906429052352905;0.0
0.013640910387039185;0.013640910387039185;0.06337649375200272;0.0;0.16724739968776703;0.8031363487243652;0.16724739968776703;0.0
0.013657033443450928;0.013657033443450928;0.16391004621982574;0.0;0.16887633502483368;0.21966838836669922;0.16887633502483368;0.0
0.013721942901611328;0.013721942901611328;0.043139442801475525;0.0;0.1702061891555786;0.2276081144809723;0.1702061891555786;0.0
0.013731636106967926;0.013731636106967926;0.09497605264186859;0.0;0.17053645849227905;0.21203799545764923;0.17053645849227905;0.0
0.013739168643951416;0.013739168643951416;0.1898040473461151;0.0;0.17054055631160736;0.24355925619602203;0.17054055631160736;0.0
0.013746768236160278;0.013746768236160278;0.0505346804857254;0.0;0.17095409333705902;0.22048740088939667;0.17095409333705902;0.0
0.01380300521850586;0.01380300521850586;0.0534440279006958;0.0;0.17102643847465515;0.1896025836467743;0.17102643847465515;0.0
0.013820409774780273;0.013820409774780273;0.06794083118438721;0.0;0.1723514050245285;0.19470998644828796;0.1723514050245285;0.0
0.013868153095245361;0.013868153095245361;0.0879179835319519;0.0;0.17273961007595062;0.2473173439502716;0.17273961007595062;0.0
0.013883158564567566;0.013883158564567566;0.1343671679496765;0.0;0.1727721095085144;0.4709640145301819;0.1727721095085144;0.0
0.013917937874794006;0.013917937874794006;0.054679110646247864;0.0;0.1729876697063446;0.26269689202308655;0.1729876697063446;0.0
0.013980060815811157;0.013980060815811157;0.12898489832878113;0.0;0.17351584136486053;0.22674590349197388;0.17351584136486053;0.0
0.014053553342819214;0.014053553342819214;0.08856314420700073;0.0;0.17580224573612213;0.17580224573612213;0.22799097001552582;0.0
0.014081239700317383;0.014081239700317383;0.059230297803878784;0.0;0.1760827749967575;0.2157425433397293;0.1760827749967575;0.0
0.01411871612071991;0.01411871612071991;0.06565038859844208;0.0;0.17718611657619476;0.23359955847263336;0.17718611657619476;0.0
0.014163091778755188;0.014163091778755188;0.05259612202644348;0.0;0.17856447398662567;0.29610928893089294;0.17856447398662567;0.0
0.014287233352661133;0.014287233352661133;0.029123514890670776;0.0;0.17952421307563782;0.5767338871955872;0.17952421307563782;0.0
0.014348477125167847;0.014348477125167847;0.087827667593956;0.0;0.17954592406749725;0.357718825340271;0.17954592406749725;0.0
0.014377117156982422;0.014377117156982422;0.31102466583251953;0.0;0.18062779307365417;0.4338112473487854;0.18062779307365417;0.0
0.014412332326173782;0.014412332326173782;0.08247167617082596;0.0;0.18066471815109253;0.23240360617637634;0.18066471815109253;0.0
0.014464735984802246;0.014464735984802246;0.05140076205134392;0.0;0.18273760378360748;0.18273760378360748;0.3491329550743103;0.0
0.01448182761669159;0.01448182761669159;0.02903348207473755;0.0;0.1830219179391861;0.1972876489162445;0.1830219179391861;0.0
0.014492088928818703;0.014492088928818703;0.07134662568569183;0.0;0.18331418931484222;0.5232201218605042;0.18331418931484222;0.0
0.014501333236694336;0.014501333236694336;0.056792452931404114;0.0;0.18337209522724152;0.2797865867614746;0.18337209522724152;0.0
0.014520131051540375;0.014520131051540375;0.10461399704217911;0.0;0.18361757695674896;0.18798355758190155;0.18361757695674896;0.0
0.014638006687164307;0.014638006687164307;0.12380808591842651;0.0;0.18412037193775177;0.25672298669815063;0.18412037193775177;0.0
0.014656513929367065;0.014656513929367065;0.0714794248342514;0.0;0.1843898445367813;0.21178971230983734;0.1843898445367813;0.0
0.014701589941978455;0.014701589941978455;0.03276442736387253;0.0;0.18477076292037964;0.2795224189758301;0.18477076292037964;0.0
0.014733612537384033;0.014733612537384033;0.029184862971305847;0.0;0.18506130576133728;0.21999605000019073;0.18506130576133728;0.0
0.01484149694442749;0.01484149694442749;0.09187072515487671;0.0;0.18588921427726746;0.2574409246444702;0.18588921427726746;0.0
0.014871716499328613;0.014871716499328613;0.14461186528205872;0.0;0.18628545105457306;0.3100625276565552;0.18628545105457306;0.0
0.014878273010253906;0.014878273010253906;0.12957048416137695;0.0;0.18654273450374603;0.24561932682991028;0.18654273450374603;0.0
0.014895379543304443;0.014895379543304443;0.101956307888031;0.0;0.18660758435726166;0.2717200219631195;0.18660758435726166;0.0
0.014910589903593063;0.014910589903593063;0.06304227560758591;0.0;0.1884671449661255;0.3594231903553009;0.1884671449661255;0.0
0.014927864074707031;0.014927864074707031;0.11000955104827881;0.0;0.18884770572185516;0.9485790729522705;0.18884770572185516;0.0
0.015041649341583252;0.015041649341583252;0.09107854962348938;0.0;0.19316637516021729;0.32411977648735046;0.19316637516021729;0.0
0.015067696571350098;0.015067696571350098;0.09334003925323486;0.0;0.19375403225421906;0.24445940554141998;0.19375403225421906;0.0
0.015099573880434036;0.015099573880434036;0.04910691827535629;0.0;0.19507919251918793;0.30001628398895264;0.19507919251918793;0.0
0.015150770545005798;0.015150770545005798;0.04110226035118103;0.0;0.19545932114124298;0.31552305817604065;0.19545932114124298;0.0
0.015252232551574707;0.015252232551574707;0.157595694065094;0.0;0.19569778442382812;0.25949931144714355;0.19569778442382812;0.0
0.0152963325381279;0.0152963325381279;0.05742330849170685;0.0;0.1967010349035263;0.21782468259334564;0.1967010349035263;0.0
0.015438675880432129;0.015438675880432129;0.1484324336051941;0.0;0.19671465456485748;0.19671465456485748;0.20649035274982452;0.0
0.015468154102563858;0.015468154102563858;0.09654022008180618;0.0;0.19792400300502777;0.2696782052516937;0.19792400300502777;0.0
0.015559107065200806;0.015559107065200806;0.07275404036045074;0.0;0.19809192419052124;0.4789320230484009;0.19809192419052124;0.0
0.015751048922538757;0.015751048922538757;0.06862439215183258;0.0;0.19863088428974152;0.22409158945083618;0.19863088428974152;0.0
0.015884876251220703;0.015884876251220703;0.08190301060676575;0.0;0.19874806702136993;0.2160223424434662;0.19874806702136993;0.0
0.015925675630569458;0.015925675630569458;0.10836771130561829;0.0;0.19987718760967255;0.274323970079422;0.19987718760967255;0.0
0.016039736568927765;0.016039736568927765;0.0637507513165474;0.0;0.20126980543136597;0.2911478579044342;0.20126980543136597;0.0
0.016167908906936646;0.016167908906936646;0.05744712054729462;0.0;0.2014569640159607;0.2014569640159607;0.2159469723701477;0.0
0.01618972420692444;0.01618972420692444;0.052387893199920654;0.0;0.20197565853595734;0.28905701637268066;0.20197565853595734;0.0
0.016206741333007812;0.016206741333007812;0.040963053703308105;0.0;0.20256774127483368;0.2659284174442291;0.20256774127483368;0.0
0.01620703935623169;0.01620703935623169;0.1474233865737915;0.0;0.20322975516319275;0.22517947852611542;0.20322975516319275;0.0
0.01621316373348236;0.01621316373348236;0.08497960865497589;0.0;0.20330990850925446;0.37391775846481323;0.20330990850925446;0.0
0.016225218772888184;0.016225218772888184;0.061202116310596466;0.0;0.2077055275440216;0.22730185091495514;0.2077055275440216;0.0
0.0162365585565567;0.0162365585565567;0.09645316004753113;0.0;0.20823222398757935;0.20823222398757935;0.27147287130355835;0.0
0.016241103410720825;0.016241103410720825;0.05615764856338501;0.0;0.20846503973007202;0.3187527358531952;0.20846503973007202;0.0
0.016369439661502838;0.016369439661502838;0.04178713262081146;0.0;0.20895519852638245;0.4402303695678711;0.20895519852638245;0.0
0.016449764370918274;0.016449764370918274;0.09800315648317337;0.0;0.2089705914258957;0.23839391767978668;0.2089705914258957;0.0
0.01647467166185379;0.01647467166185379;0.08492687344551086;0.0;0.20940597355365753;0.26149308681488037;0.20940597355365753;0.0
0.01648429036140442;0.01648429036140442;0.1689213514328003;0.0;0.209957554936409;0.2941451966762543;0.209957554936409;0.0
0.016560744494199753;0.016560744494199753;0.05708050727844238;0.0;0.2107318937778473;0.33459192514419556;0.2107318937778473;0.0
0.016606345772743225;0.016606345772743225;0.13463261723518372;0.0;0.21092964708805084;0.35656076669692993;0.21092964708805084;0.0
0.016681000590324402;0.016681000590324402;0.038584768772125244;0.0;0.21103310585021973;0.3238160014152527;0.21103310585021973;0.0
0.016760140657424927;0.016760140657424927;0.09842000156641006;0.0;0.21196796000003815;0.4975869953632355;0.21196796000003815;0.0
0.016764134168624878;0.016764134168624878;0.2695578634738922;0.0;0.21236751973628998;0.5946110486984253;0.21236751973628998;0.0
0.01678720861673355;0.01678720861673355;0.035929515957832336;0.0;0.21290890872478485;0.24132493138313293;0.21290890872478485;0.0
0.01682591438293457;0.01682591438293457;0.2550837993621826;0.0;0.21391403675079346;0.34975725412368774;0.21391403675079346;0.0
0.01684977114200592;0.01684977114200592;0.10699829459190369;0.0;0.2140376716852188;0.24311192333698273;0.2140376716852188;0.0
0.016868188977241516;0.016868188977241516;0.07891586422920227;0.0;0.2140648514032364;0.3333343267440796;0.2140648514032364;0.0
0.01691538840532303;0.01691538840532303;0.12766027450561523;0.0;0.21443545818328857;0.3115008473396301;0.21443545818328857;0.0
0.016943812370300293;0.016943812370300293;0.06034201383590698;0.0;0.21450406312942505;0.4367234408855438;0.21450406312942505;0.0
0.016989678144454956;0.016989678144454956;0.1566133052110672;0.0;0.21518588066101074;0.5446604490280151;0.21518588066101074;0.0
0.01700499653816223;0.01700499653816223;0.04212823510169983;0.0;0.21596239507198334;0.31256309151649475;0.21596239507198334;0.0
0.01704961061477661;0.01704961061477661;0.05363240838050842;0.0;0.21604220569133759;0.3550240695476532;0.21604220569133759;0.0
0.01719609647989273;0.01719609647989273;0.14773216843605042;0.0;0.21771584451198578;0.3609203100204468;0.21771584451198578;0.0
0.017245367169380188;0.017245367169380188;0.10854875296354294;0.0;0.21842043101787567;0.28405627608299255;0.21842043101787567;0.0
0.017287902534008026;0.017287902534008026;0.08160112053155899;0.0;0.21848052740097046;0.3056190013885498;0.21848052740097046;0.0
0.0173809677362442;0.0173809677362442;0.08465713262557983;0.0;0.21856965124607086;0.23673948645591736;0.21856965124607086;0.0
0.017401427030563354;0.017401427030563354;0.09036242961883545;0.0;0.2190191000699997;0.3909156620502472;0.2190191000699997;0.0
0.017486177384853363;0.017486177384853363;0.07190419733524323;0.0;0.21948933601379395;0.24132393300533295;0.21948933601379395;0.0
0.017492175102233887;0.017492175102233887;0.0834522694349289;0.0;0.21999457478523254;0.23654283583164215;0.21999457478523254;0.0
0.017502449452877045;0.017502449452877045;0.047843173146247864;0.0;0.2207808643579483;0.29859817028045654;0.2207808643579483;0.0
0.01759760081768036;0.01759760081768036;0.10998401045799255;0.0;0.22112439572811127;0.33102139830589294;0.22112439572811127;0.0
0.01759934425354004;0.01759934425354004;0.19891607761383057;0.0;0.22132602334022522;0.3847939074039459;0.22132602334022522;0.0
0.017656758427619934;0.017656758427619934;0.1456511914730072;0.0;0.22140391170978546;0.6326022148132324;0.22140391170978546;0.0
0.017832249402999878;0.017832249402999878;0.0867864191532135;0.0;0.22194769978523254;0.22194769978523254;0.3313553035259247;0.0
0.0178351029753685;0.0178351029753685;0.05608358234167099;0.0;0.22212332487106323;0.3285858631134033;0.22212332487106323;0.0
0.017895758152008057;0.017895758152008057;0.0615960955619812;0.0;0.22300206124782562;0.226408451795578;0.22300206124782562;0.0
0.017909392714500427;0.017909392714500427;0.13800103962421417;0.0;0.22385446727275848;0.29637718200683594;0.22385446727275848;0.0
0.017951250076293945;0.017951250076293945;0.08685240149497986;0.0;0.22422069311141968;0.2890044152736664;0.22422069311141968;0.0
0.0180056095123291;0.0180056095123291;0.040840134024620056;0.0;0.22506238520145416;0.4163501560688019;0.22506238520145416;0.0
0.018021780997514725;0.018021780997514725;0.05494695156812668;0.0;0.22590799629688263;0.4573819637298584;0.22590799629688263;0.0
0.018117129802703857;0.018117129802703857;0.0953570157289505;0.0;0.22638945281505585;0.4760528802871704;0.22638945281505585;0.0
0.018293827772140503;0.018293827772140503;0.3888169527053833;0.0;0.22651991248130798;0.31786444783210754;0.22651991248130798;0.0
0.018335044384002686;0.018335044384002686;0.10333546996116638;0.0;0.22742076218128204;0.31976571679115295;0.22742076218128204;0.0
0.018364548683166504;0.018364548683166504;0.044737473130226135;0.0;0.22858119010925293;0.6077440977096558;0.22858119010925293;0.0
0.018388807773590088;0.018388807773590088;0.12042301893234253;0.0;0.2288724184036255;0.437754362821579;0.2288724184036255;0.0
0.018441587686538696;0.018441587686538696;0.07407903671264648;0.0;0.2289857566356659;0.29006320238113403;0.2289857566356659;0.0
0.018441975116729736;0.018441975116729736;0.05202808231115341;0.0;0.2293228805065155;0.726360023021698;0.2293228805065155;0.0
0.01845031976699829;0.01845031976699829;0.12432563304901123;0.0;0.22948499023914337;0.39560237526893616;0.22948499023914337;0.0
0.01846030354499817;0.01846030354499817;0.06597581505775452;0.0;0.22961455583572388;0.2815204858779907;0.22961455583572388;0.0
0.01852506399154663;0.01852506399154663;0.05229397863149643;0.0;0.22977286577224731;0.22977286577224731;0.25144845247268677;0.0
0.018712930381298065;0.018712930381298065;0.058656465262174606;0.0;0.22981366515159607;0.27349212765693665;0.22981366515159607;0.0
0.018822386860847473;0.018822386860847473;0.08520426601171494;0.0;0.23020853102207184;0.3039757013320923;0.23020853102207184;0.0
0.018825814127922058;0.018825814127922058;0.053707413375377655;0.0;0.2302730679512024;0.44155287742614746;0.2302730679512024;0.0
0.018899600952863693;0.018899600952863693;0.045010387897491455;0.0;0.230489119887352;0.27467602491378784;0.230489119887352;0.0
0.018900156021118164;0.018900156021118164;0.05721968412399292;0.0;0.23084428906440735;0.3967624604701996;0.23084428906440735;0.0
0.018988922238349915;0.018988922238349915;0.13115230202674866;0.0;0.2316172868013382;0.29050615429878235;0.2316172868013382;0.0
0.019008934497833252;0.019008934497833252;0.09002678096294403;0.0;0.23304548859596252;0.5397278070449829;0.23304548859596252;0.0
0.01902846246957779;0.01902846246957779;0.04597599059343338;0.0;0.23421801626682281;0.32989227771759033;0.23421801626682281;0.0
0.01909056305885315;0.01909056305885315;0.1542517989873886;0.0;0.2348049134016037;0.38131338357925415;0.2348049134016037;0.0
0.019097208976745605;0.019097208976745605;0.1490541249513626;0.0;0.23610375821590424;0.3466334044933319;0.23610375821590424;0.0
0.019124984741210938;0.019124984741210938;0.03155320882797241;0.0;0.2363760620355606;0.37760648131370544;0.2363760620355606;0.0
0.019153758883476257;0.019153758883476257;0.11110025644302368;0.0;0.23705078661441803;0.6774774789810181;0.23705078661441803;0.0
0.019178621470928192;0.019178621470928192;0.06866991519927979;0.0;0.23728010058403015;0.3251160979270935;0.23728010058403015;0.0
0.019206106662750244;0.019206106662750244;0.12932229042053223;0.0;0.23758846521377563;0.23758846521377563;0.24631573259830475;0.0
0.01931563764810562;0.01931563764810562;0.03268123418092728;0.0;0.23830784857273102;0.35801535844802856;0.23830784857273102;0.0
0.01931767165660858;0.01931767165660858;0.045035362243652344;0.0;0.23846738040447235;0.3522442877292633;0.23846738040447235;0.0
0.019380927085876465;0.019380927085876465;0.12722110748291016;0.0;0.23855097591876984;0.4378415644168854;0.23855097591876984;0.0
0.01938280463218689;0.01938280463218689;0.0777076929807663;0.0;0.23915478587150574;0.2474665343761444;0.23915478587150574;0.0
0.01949140429496765;0.01949140429496765;0.18269270658493042;0.0;0.24115242063999176;0.31940263509750366;0.24115242063999176;0.0
0.01949489116668701;0.01949489116668701;0.1967846155166626;0.0;0.2413657009601593;0.25337278842926025;0.2413657009601593;0.0
0.019625216722488403;0.019625216722488403;0.059912651777267456;0.0;0.24154630303382874;0.2836323082447052;0.24154630303382874;0.0
0.019630208611488342;0.019630208611488342;0.19853435456752777;0.0;0.24258124828338623;0.40456917881965637;0.24258124828338623;0.0
0.019657880067825317;0.019657880067825317;0.09043247997760773;0.0;0.24305477738380432;0.37714943289756775;0.24305477738380432;0.0
0.01967930793762207;0.01967930793762207;0.1044578105211258;0.0;0.24364455044269562;0.3114415109157562;0.24364455044269562;0.0
0.01973467320203781;0.01973467320203781;0.14675140380859375;0.0;0.2441217005252838;0.49144235253334045;0.2441217005252838;0.0
0.019773513078689575;0.019773513078689575;0.09911089390516281;0.0;0.24422654509544373;0.27142950892448425;0.24422654509544373;0.0
0.01977837085723877;0.01977837085723877;0.08045163005590439;0.0;0.24503624439239502;0.49067258834838867;0.24503624439239502;0.0
0.019779928028583527;0.019779928028583527;0.11522306501865387;0.0;0.24574550986289978;0.49967318773269653;0.24574550986289978;0.0
0.01983720064163208;0.01983720064163208;0.13584300875663757;0.0;0.24682070314884186;0.2908272445201874;0.24682070314884186;0.0
0.019877377897500992;0.019877377897500992;0.044770874083042145;0.0;0.2471359819173813;0.3497975468635559;0.2471359819173813;0.0
0.019971773028373718;0.019971773028373718;0.1434217244386673;0.0;0.2477477341890335;0.32379138469696045;0.2477477341890335;0.0
0.02001050114631653;0.02001050114631653;0.12401165068149567;0.0;0.25002896785736084;0.4159092307090759;0.25002896785736084;0.0
0.02002759277820587;0.02002759277820587;0.05914952605962753;0.0;0.25012004375457764;0.35225945711135864;0.25012004375457764;0.0
0.02009478211402893;0.02009478211402893;0.11192864179611206;0.0;0.25073909759521484;0.442067414522171;0.25073909759521484;0.0
0.020098090171813965;0.020098090171813965;0.06588679552078247;0.0;0.25085991621017456;0.4162123501300812;0.25085991621017456;0.0
0.020149633288383484;0.020149633288383484;0.08637769520282745;0.0;0.25090041756629944;0.31068435311317444;0.25090041756629944;0.0
0.02016058936715126;0.02016058936715126;0.08213342726230621;0.0;0.25196927785873413;0.26391175389289856;0.25196927785873413;0.0
0.020231515169143677;0.020231515169143677;0.1848689317703247;0.0;0.25224658846855164;0.3053857982158661;0.25224658846855164;0.0
0.020278871059417725;0.020278871059417725;0.10927817225456238;0.0;0.25235870480537415;0.41396090388298035;0.25235870480537415;0.0
0.020364612340927124;0.020364612340927124;0.10092762112617493;0.0;0.2531721293926239;0.2531721293926239;0.2602115869522095;0.0
0.02036847174167633;0.02036847174167633;0.07807238399982452;0.0;0.25573694705963135;0.3406035900115967;0.25573694705963135;0.0
0.02041850984096527;0.02041850984096527;0.14957363903522491;0.0;0.25606030225753784;0.4109925627708435;0.25606030225753784;0.0
0.020427420735359192;0.020427420735359192;0.11291292309761047;0.0;0.25626784563064575;0.30791422724723816;0.25626784563064575;0.0
0.020494915544986725;0.020494915544986725;0.06896892935037613;0.0;0.2571215331554413;0.36187660694122314;0.2571215331554413;0.0
0.020516052842140198;0.020516052842140198;0.1308257132768631;0.0;0.259255975484848;0.6945141553878784;0.259255975484848;0.0
0.020562991499900818;0.020562991499900818;0.10005003213882446;0.0;0.2599765360355377;0.3154911398887634;0.2599765360355377;0.0
0.020603016018867493;0.020603016018867493;0.09101243317127228;0.0;0.2603156566619873;0.2603156566619873;0.29289510846138;0.0
0.020630300045013428;0.020630300045013428;0.2671983242034912;0.0;0.2603848874568939;0.5900821685791016;0.2603848874568939;0.0
0.020680338144302368;0.020680338144302368;0.07505622506141663;0.0;0.26043573021888733;0.30189186334609985;0.26043573021888733;0.0
0.02071736752986908;0.02071736752986908;0.18990303575992584;0.0;0.26303157210350037;1.010274052619934;0.26303157210350037;0.0
0.020723357796669006;0.020723357796669006;0.14670899510383606;0.0;0.2634931206703186;0.5682939291000366;0.2634931206703186;0.0
0.02075439691543579;0.02075439691543579;0.1437099575996399;0.0;0.26595553755760193;0.5416397452354431;0.26595553755760193;0.0
0.02080698311328888;0.02080698311328888;0.07667045295238495;0.0;0.26642319560050964;0.5321942567825317;0.26642319560050964;0.0
0.020809277892112732;0.020809277892112732;0.04527486860752106;0.0;0.2667919397354126;0.5762399435043335;0.2667919397354126;0.0
0.020854279398918152;0.020854279398918152;0.039427049458026886;0.0;0.26679253578186035;0.3492330014705658;0.26679253578186035;0.0
0.020860135555267334;0.020860135555267334;0.11643558740615845;0.0;0.26760056614875793;0.42489999532699585;0.26760056614875793;0.0
0.02110259234905243;0.02110259234905243;0.05302412062883377;0.0;0.26858851313591003;0.3337875008583069;0.26858851313591003;0.0
0.021202027797698975;0.021202027797698975;0.1670253872871399;0.0;0.2686415910720825;0.29246392846107483;0.2686415910720825;0.0
0.021228112280368805;0.021228112280368805;0.08005402982234955;0.0;0.26946309208869934;0.5904236435890198;0.26946309208869934;0.0
0.02127009630203247;0.02127009630203247;0.13820849359035492;0.0;0.27063480019569397;0.3849612772464752;0.27063480019569397;0.0
0.021274179220199585;0.021274179220199585;0.18597234785556793;0.0;0.27188965678215027;0.7320084571838379;0.27188965678215027;0.0
0.021288275718688965;0.021288275718688965;0.15857583284378052;0.0;0.2723529040813446;0.2723529040813446;0.33805400133132935;0.0
0.021339446306228638;0.021339446306228638;0.07804805040359497;0.0;0.27239328622817993;0.49621468782424927;0.27239328622817993;0.0
0.021359339356422424;0.021359339356422424;0.06431525200605392;0.0;0.2727002203464508;0.27427852153778076;0.2727002203464508;0.0
0.0213618203997612;0.0213618203997612;0.08007296919822693;0.0;0.2730812728404999;0.33474957942962646;0.2730812728404999;0.0
0.02146264910697937;0.02146264910697937;0.08054423332214355;0.0;0.27408087253570557;0.27408087253570557;0.3045295476913452;0.0
0.021484047174453735;0.021484047174453735;0.07004287093877792;0.0;0.2740941643714905;0.3015291690826416;0.2740941643714905;0.0
0.021574944257736206;0.021574944257736206;0.05830225348472595;0.0;0.27500781416893005;0.43350404500961304;0.27500781416893005;0.0
0.021649718284606934;0.021649718284606934;0.2663293182849884;0.0;0.27564606070518494;0.3852475881576538;0.27564606070518494;0.0
0.021726012229919434;0.021726012229919434;0.1844264566898346;0.0;0.2761977016925812;0.4147406816482544;0.2761977016925812;0.0
0.02173590660095215;0.02173590660095215;0.07618141174316406;0.0;0.27657243609428406;0.30675622820854187;0.27657243609428406;0.0
0.021739646792411804;0.021739646792411804;0.2033257633447647;0.0;0.2767254114151001;0.3128263056278229;0.2767254114151001;0.0
0.0217706561088562;0.0217706561088562;0.10333339869976044;0.0;0.2779588997364044;0.2779588997364044;0.35584795475006104;0.0
0.02182149887084961;0.02182149887084961;0.08719116449356079;0.0;0.2783125936985016;0.4992891550064087;0.2783125936985016;0.0
0.02182990312576294;0.02182990312576294;0.06219834089279175;0.0;0.278410941362381;0.29422295093536377;0.278410941362381;0.0
0.02184554934501648;0.02184554934501648;0.06527887284755707;0.0;0.2786443531513214;0.3035997748374939;0.2786443531513214;0.0
0.021896332502365112;0.021896332502365112;0.14067459106445312;0.0;0.27880316972732544;0.35882678627967834;0.27880316972732544;0.0
0.021941334009170532;0.021941334009170532;0.06513690948486328;0.0;0.27978426218032837;0.2926062047481537;0.27978426218032837;0.0
0.021954938769340515;0.021954938769340515;0.12394136190414429;0.0;0.28110209107398987;0.3950265049934387;0.28110209107398987;0.0
0.022120028734207153;0.022120028734207153;0.19864699244499207;0.0;0.2817245423793793;0.5633166432380676;0.2817245423793793;0.0
0.0222092866897583;0.0222092866897583;0.2657703161239624;0.0;0.28223350644111633;0.6719639897346497;0.28223350644111633;0.0
0.02226465940475464;0.02226465940475464;0.08529306948184967;0.0;0.283206969499588;0.3631649315357208;0.283206969499588;0.0
0.022476166486740112;0.022476166486740112;0.08591833710670471;0.0;0.28370964527130127;0.7506973147392273;0.28370964527130127;0.0
0.02256467193365097;0.02256467193365097;0.06529553234577179;0.0;0.28447458148002625;0.28447458148002625;0.4587775468826294;0.0
0.022581301629543304;0.022581301629543304;0.052904170006513596;0.0;0.2846008539199829;0.4052937924861908;0.2846008539199829;0.0
0.022642195224761963;0.022642195224761963;0.10596165806055069;0.0;0.2856575548648834;0.5131174325942993;0.2856575548648834;0.0
0.022652804851531982;0.022652804851531982;0.18599939346313477;0.0;0.2859340012073517;0.44985905289649963;0.2859340012073517;0.0
0.02266669273376465;0.02266669273376465;0.08584833145141602;0.0;0.28599637746810913;0.3170604407787323;0.28599637746810913;0.0
0.0226706862449646;0.0226706862449646;0.06331803649663925;0.0;0.28630632162094116;0.50222247838974;0.28630632162094116;0.0
0.02274489402770996;0.02274489402770996;0.11905813217163086;0.0;0.28741753101348877;0.46213310956954956;0.28741753101348877;0.0
0.022753089666366577;0.022753089666366577;0.09500356018543243;0.0;0.2876872718334198;0.37525349855422974;0.2876872718334198;0.0
0.022767245769500732;0.022767245769500732;0.19637277722358704;0.0;0.28910350799560547;0.3483560383319855;0.28910350799560547;0.0
0.022769033908843994;0.022769033908843994;0.252075731754303;0.0;0.28983274102211;0.32231783866882324;0.28983274102211;0.0
0.02278081327676773;0.02278081327676773;0.07303664088249207;0.0;0.29020601511001587;0.6025594472885132;0.29020601511001587;0.0
0.02280232310295105;0.02280232310295105;0.08806703984737396;0.0;0.29151374101638794;0.45926129817962646;0.29151374101638794;0.0
0.022886961698532104;0.022886961698532104;0.08884511888027191;0.0;0.2934199571609497;0.3881085515022278;0.2934199571609497;0.0
0.022999584674835205;0.022999584674835205;0.13711696863174438;0.0;0.29482302069664;0.4598083198070526;0.29482302069664;0.0
0.023011863231658936;0.023011863231658936;0.08073854446411133;0.0;0.29515305161476135;0.29515305161476135;0.42294344305992126;0.0
0.02302265167236328;0.02302265167236328;0.07088707387447357;0.0;0.29713332653045654;0.45874860882759094;0.29713332653045654;0.0
0.02321624755859375;0.02321624755859375;0.1797187328338623;0.0;0.29728156328201294;0.29728156328201294;0.31838417053222656;0.0
0.02329026162624359;0.02329026162624359;0.1775093674659729;0.0;0.2975238859653473;0.38990890979766846;0.2975238859653473;0.0
0.023341722786426544;0.023341722786426544;0.06020662188529968;0.0;0.29803934693336487;0.33974573016166687;0.29803934693336487;0.0
0.023352831602096558;0.023352831602096558;0.1533495932817459;0.0;0.29868561029434204;0.48679834604263306;0.29868561029434204;0.0
0.023379147052764893;0.023379147052764893;0.0937231108546257;0.0;0.3013911247253418;0.4627387821674347;0.3013911247253418;0.0
0.023440271615982056;0.023440271615982056;0.15305757522583008;0.0;0.3016447126865387;0.4801584482192993;0.3016447126865387;0.0
0.02344970405101776;0.02344970405101776;0.07024246454238892;0.0;0.30266258120536804;0.34130552411079407;0.30266258120536804;0.0
0.023508012294769287;0.023508012294769287;0.21715706586837769;0.0;0.3028087019920349;0.8438622355461121;0.3028087019920349;0.0
0.02360035479068756;0.02360035479068756;0.09058615565299988;0.0;0.30302855372428894;0.5214149355888367;0.30302855372428894;0.0
0.02370402216911316;0.02370402216911316;0.04852631688117981;0.0;0.3031292259693146;0.6037260293960571;0.3031292259693146;0.0
0.02373473346233368;0.02373473346233368;0.11574198305606842;0.0;0.3052011728286743;0.4896388649940491;0.3052011728286743;0.0
0.023816941305994987;0.023816941305994987;0.056804828345775604;0.0;0.3055167496204376;0.42331597208976746;0.3055167496204376;0.0
0.023844122886657715;0.023844122886657715;0.11165681481361389;0.0;0.30565154552459717;0.38600844144821167;0.30565154552459717;0.0
0.023849472403526306;0.023849472403526306;0.10341250896453857;0.0;0.3056688606739044;0.4596792161464691;0.3056688606739044;0.0
0.023861542344093323;0.023861542344093323;0.044268637895584106;0.0;0.30592647194862366;0.43052980303764343;0.30592647194862366;0.0
0.024010688066482544;0.024010688066482544;0.09447076916694641;0.0;0.30691632628440857;0.38415980339050293;0.30691632628440857;0.0
0.024038851261138916;0.024038851261138916;0.211607426404953;0.0;0.3069317638874054;0.5599483847618103;0.3069317638874054;0.0
0.024064086377620697;0.024064086377620697;0.12499122321605682;0.0;0.30750900506973267;0.3862523138523102;0.30750900506973267;0.0
0.024245083332061768;0.024245083332061768;0.0736006572842598;0.0;0.3080989122390747;0.3080989122390747;1.0737133026123047;0.0
0.02433040738105774;0.02433040738105774;0.0966615080833435;0.0;0.3095043897628784;0.4114344120025635;0.3095043897628784;0.0
0.024344682693481445;0.024344682693481445;0.1564456820487976;0.0;0.31114572286605835;0.6055877208709717;0.31114572286605835;0.0
0.02435384690761566;0.02435384690761566;0.3014112710952759;0.0;0.31203970313072205;0.34120973944664;0.31203970313072205;0.0
0.024460256099700928;0.024460256099700928;0.22358614206314087;0.0;0.3137788772583008;0.40489476919174194;0.3137788772583008;0.0
0.024567976593971252;0.024567976593971252;0.13588155806064606;0.0;0.31477341055870056;0.6629383563995361;0.31477341055870056;0.0
0.02457040548324585;0.02457040548324585;0.22194908559322357;0.0;0.3155927360057831;0.49788275361061096;0.3155927360057831;0.0
0.024733036756515503;0.024733036756515503;0.07658138871192932;0.0;0.31564128398895264;0.39729514718055725;0.31564128398895264;0.0
0.024749822914600372;0.024749822914600372;0.17120949923992157;0.0;0.3160823881626129;0.40161997079849243;0.3160823881626129;0.0
0.024771571159362793;0.024771571159362793;0.13349752128124237;0.0;0.3170418441295624;0.6128610968589783;0.3170418441295624;0.0
0.02477329969406128;0.02477329969406128;0.21077442169189453;0.0;0.3173797130584717;0.6049845218658447;0.3173797130584717;0.0
0.024857521057128906;0.024857521057128906;0.2094285786151886;0.0;0.317410409450531;0.6009188294410706;0.317410409450531;0.0
0.024929165840148926;0.024929165840148926;0.12061256170272827;0.0;0.31755688786506653;0.37070831656455994;0.31755688786506653;0.0
0.024940036237239838;0.024940036237239838;0.08527808636426926;0.0;0.3177270293235779;0.40384507179260254;0.3177270293235779;0.0
0.024995088577270508;0.024995088577270508;0.23167431354522705;0.0;0.31848424673080444;0.3380762040615082;0.31848424673080444;0.0
0.025088369846343994;0.025088369846343994;0.3197140693664551;0.0;0.3189610242843628;0.3189610242843628;1.2200627326965332;0.0
0.02512437105178833;0.02512437105178833;0.05123130977153778;0.0;0.31897851824760437;0.49525630474090576;0.31897851824760437;0.0
0.025137901306152344;0.025137901306152344;0.03958018869161606;0.0;0.32001161575317383;0.32001161575317383;0.3622596561908722;0.0
0.025183171033859253;0.025183171033859253;0.08897098898887634;0.0;0.3205048739910126;0.6961901783943176;0.3205048739910126;0.0
0.025328263640403748;0.025328263640403748;0.13630276918411255;0.0;0.32067275047302246;0.4604639410972595;0.32067275047302246;0.0
0.02539864182472229;0.02539864182472229;0.18707168102264404;0.0;0.3211575746536255;0.40328481793403625;0.3211575746536255;0.0
0.025415971875190735;0.025415971875190735;0.12916207313537598;0.0;0.32173052430152893;0.46316635608673096;0.32173052430152893;0.0
0.025556206703186035;0.025556206703186035;0.06295353174209595;0.0;0.3220617175102234;0.4038139879703522;0.3220617175102234;0.0
0.025589823722839355;0.025589823722839355;0.0707559585571289;0.0;0.32259005308151245;0.32259005308151245;0.3261376917362213;0.0
0.025630861520767212;0.025630861520767212;0.08532410860061646;0.0;0.3232000172138214;0.4598153531551361;0.3232000172138214;0.0
0.025663048028945923;0.025663048028945923;0.16919103264808655;0.0;0.32391321659088135;0.547765851020813;0.32391321659088135;0.0
0.025701463222503662;0.025701463222503662;0.18893353641033173;0.0;0.3240920901298523;0.6407893300056458;0.3240920901298523;0.0
0.02575884759426117;0.02575884759426117;0.15258389711380005;0.0;0.32424497604370117;0.5976681113243103;0.32424497604370117;0.0
0.026016801595687866;0.026016801595687866;0.23362095654010773;0.0;0.32463228702545166;0.40096315741539;0.32463228702545166;0.0
0.02611333131790161;0.02611333131790161;0.23727792501449585;0.0;0.32468104362487793;0.32468104362487793;0.33254918456077576;0.0
0.026186451315879822;0.026186451315879822;0.08840551227331161;0.0;0.3255760073661804;0.7272042632102966;0.3255760073661804;0.0
0.026196137070655823;0.026196137070655823;0.12198872119188309;0.0;0.3266194462776184;0.3266194462776184;0.3386459946632385;0.0
0.026272237300872803;0.026272237300872803;0.06866800785064697;0.0;0.3266979157924652;0.3683755695819855;0.3266979157924652;0.0
0.02629087120294571;0.02629087120294571;0.10415716469287872;0.0;0.3268824517726898;0.5555824041366577;0.3268824517726898;0.0
0.02644169330596924;0.02644169330596924;0.059548407793045044;0.0;0.32691580057144165;0.46069926023483276;0.32691580057144165;0.0
0.026522457599639893;0.026522457599639893;0.08281227946281433;0.0;0.3309054672718048;0.36576128005981445;0.3309054672718048;0.0
0.026528574526309967;0.026528574526309967;0.0857485830783844;0.0;0.3309236168861389;0.6994010806083679;0.3309236168861389;0.0
0.026644736528396606;0.026644736528396606;0.09212249517440796;0.0;0.3313179016113281;0.5825579166412354;0.3313179016113281;0.0
0.026663631200790405;0.026663631200790405;0.10790631175041199;0.0;0.3313591480255127;0.4016092121601105;0.3313591480255127;0.0
0.026673585176467896;0.026673585176467896;0.10377617180347443;0.0;0.3315868377685547;0.3315868377685547;0.4295295476913452;0.0
0.02671036124229431;0.02671036124229431;0.052182912826538086;0.0;0.33275124430656433;0.5850638151168823;0.33275124430656433;0.0
0.02678707242012024;0.02678707242012024;0.12606491148471832;0.0;0.332881897687912;0.6264245510101318;0.332881897687912;0.0
0.026887118816375732;0.026887118816375732;0.14446158707141876;0.0;0.33296045660972595;0.4757601022720337;0.33296045660972595;0.0
0.02714553475379944;0.02714553475379944;0.1038459837436676;0.0;0.33345937728881836;1.0333902835845947;0.33345937728881836;0.0
0.02723577618598938;0.02723577618598938;0.130842387676239;0.0;0.33362120389938354;0.553969144821167;0.33362120389938354;0.0
0.027238130569458008;0.027238130569458008;0.12024537473917007;0.0;0.33637169003486633;0.33637169003486633;42.214141845703125;0.0
0.027241677045822144;0.027241677045822144;0.11069391667842865;0.0;0.3374626636505127;0.5161241888999939;0.3374626636505127;0.0
0.027252092957496643;0.027252092957496643;0.1014145016670227;0.0;0.33813968300819397;0.4258943200111389;0.33813968300819397;0.0
0.02727651596069336;0.02727651596069336;0.13395144045352936;0.0;0.338760644197464;0.338760644197464;0.43749815225601196;0.0
0.02730157971382141;0.02730157971382141;0.05390332639217377;0.0;0.3390207290649414;0.3975769281387329;0.3390207290649414;0.0
0.027379877865314484;0.027379877865314484;0.12104108184576035;0.0;0.3407038152217865;0.3566484749317169;0.3407038152217865;0.0
0.02742588520050049;0.02742588520050049;0.1793903410434723;0.0;0.3424970507621765;0.5416501760482788;0.3424970507621765;0.0
0.0274595245718956;0.0274595245718956;0.0718040019273758;0.0;0.34308719635009766;0.7540903091430664;0.34308719635009766;0.0
0.02750912308692932;0.02750912308692932;0.2199084460735321;0.0;0.3448503315448761;0.5226200819015503;0.3448503315448761;0.0
0.027553126215934753;0.027553126215934753;0.2992035746574402;0.0;0.3457326292991638;0.3457326292991638;0.3790125846862793;0.0
0.027614355087280273;0.027614355087280273;0.2299356758594513;0.0;0.34598252177238464;0.5370573401451111;0.34598252177238464;0.0
0.027625486254692078;0.027625486254692078;0.12935307621955872;0.0;0.34885573387145996;0.7947514057159424;0.34885573387145996;0.0
0.027669519186019897;0.027669519186019897;0.04438513517379761;0.0;0.35077840089797974;0.6216887831687927;0.35077840089797974;0.0
0.02772185206413269;0.02772185206413269;0.2890430688858032;0.0;0.3513182997703552;0.46300166845321655;0.3513182997703552;0.0
0.027744174003601074;0.027744174003601074;0.17976385354995728;0.0;0.35190969705581665;0.7206860780715942;0.35190969705581665;0.0
0.02778497338294983;0.02778497338294983;0.09283778071403503;0.0;0.35548022389411926;0.4415310323238373;0.35548022389411926;0.0
0.027814529836177826;0.027814529836177826;0.14854642748832703;0.0;0.3562881052494049;0.4505143463611603;0.3562881052494049;0.0
0.02783811092376709;0.02783811092376709;0.09393242001533508;0.0;0.3565559685230255;0.878616988658905;0.3565559685230255;0.0
0.02787935733795166;0.02787935733795166;0.16459661722183228;0.0;0.35748666524887085;0.58559650182724;0.35748666524887085;0.0
0.027903392910957336;0.027903392910957336;0.12280678749084473;0.0;0.35824644565582275;0.40708762407302856;0.35824644565582275;0.0
0.027927041053771973;0.027927041053771973;0.1275222897529602;0.0;0.3585202991962433;1.0136009454727173;0.3585202991962433;0.0
0.027928531169891357;0.027928531169891357;0.16136012971401215;0.0;0.359306663274765;0.359306663274765;0.40893781185150146;0.0
0.027990281581878662;0.027990281581878662;0.06605684757232666;0.0;0.35946762561798096;0.601001501083374;0.35946762561798096;0.0
0.028027325868606567;0.028027325868606567;0.059921860694885254;0.0;0.3603699803352356;0.5156260132789612;0.3603699803352356;0.0
0.028078250586986542;0.028078250586986542;0.2023187279701233;0.0;0.3616669178009033;0.4156995713710785;0.3616669178009033;0.0
0.02814948558807373;0.02814948558807373;0.22196157276630402;0.0;0.36280393600463867;0.6051240563392639;0.36280393600463867;0.0
0.028202295303344727;0.028202295303344727;0.2469455450773239;0.0;0.36501532793045044;0.6027376651763916;0.36501532793045044;0.0
0.02851235866546631;0.02851235866546631;0.1225581020116806;0.0;0.36589086055755615;0.59320467710495;0.36589086055755615;0.0
0.02863086760044098;0.02863086760044098;0.11470174789428711;0.0;0.36802971363067627;0.47777053713798523;0.36802971363067627;0.0
0.028646409511566162;0.028646409511566162;0.12505489587783813;0.0;0.36860334873199463;0.7825691103935242;0.36860334873199463;0.0
0.028692662715911865;0.028692662715911865;0.33968549966812134;0.0;0.3686513602733612;0.5996477007865906;0.3686513602733612;0.0
0.028700105845928192;0.028700105845928192;0.19642633199691772;0.0;0.3706178665161133;1.0651261806488037;0.3706178665161133;0.0
0.028742730617523193;0.028742730617523193;0.057890236377716064;0.0;0.37200719118118286;0.6508084535598755;0.37200719118118286;0.0
0.028823956847190857;0.028823956847190857;0.13308589160442352;0.0;0.373603492975235;0.6466740965843201;0.373603492975235;0.0
0.028835490345954895;0.028835490345954895;0.3180176615715027;0.0;0.3757269084453583;0.4514339864253998;0.3757269084453583;0.0
0.028868362307548523;0.028868362307548523;0.1750185787677765;0.0;0.37628766894340515;0.6442026495933533;0.37628766894340515;0.0
0.028869211673736572;0.028869211673736572;0.08241483569145203;0.0;0.37681499123573303;0.37681499123573303;0.40327897667884827;0.0
0.028870567679405212;0.028870567679405212;0.12090475112199783;0.0;0.3774162530899048;0.4730381369590759;0.3774162530899048;0.0
0.02887904644012451;0.02887904644012451;0.09816296398639679;0.0;0.3779609203338623;0.430093377828598;0.3779609203338623;0.0
0.02893739938735962;0.02893739938735962;0.18013405799865723;0.0;0.3786095976829529;0.5547623038291931;0.3786095976829529;0.0
0.02893783152103424;0.02893783152103424;0.03824503719806671;0.0;0.38086187839508057;0.4656470715999603;0.38086187839508057;0.0
0.028959214687347412;0.028959214687347412;0.08477926254272461;0.0;0.3808933198451996;0.4628373384475708;0.3808933198451996;0.0
0.02908337116241455;0.02908337116241455;0.20273852348327637;0.0;0.38343578577041626;0.48270153999328613;0.38343578577041626;0.0
0.029102355241775513;0.029102355241775513;0.17932917177677155;0.0;0.38384321331977844;0.38384321331977844;0.4104318618774414;0.0
0.029228568077087402;0.029228568077087402;0.2408994436264038;0.0;0.38453859090805054;1.0617080926895142;0.38453859090805054;0.0
0.029242753982543945;0.029242753982543945;0.08833926916122437;0.0;0.38458558917045593;1.0982725620269775;0.38458558917045593;0.0
0.029489755630493164;0.029489755630493164;0.10926687717437744;0.0;0.38602447509765625;0.5037615299224854;0.38602447509765625;0.0
0.02956557273864746;0.02956557273864746;0.24933625757694244;0.0;0.3860801160335541;0.6060843467712402;0.3860801160335541;0.0
0.029834866523742676;0.029834866523742676;0.2023189663887024;0.0;0.3927396833896637;0.6318318843841553;0.3927396833896637;0.0
0.029903501272201538;0.029903501272201538;0.3007694482803345;0.0;0.3935835063457489;0.5199841856956482;0.3935835063457489;0.0
0.029913365840911865;0.029913365840911865;0.38644641637802124;0.0;0.39465197920799255;0.4920133650302887;0.39465197920799255;0.0
0.029916584491729736;0.029916584491729736;0.0802031010389328;0.0;0.3959754407405853;0.3959754407405853;0.4513731896877289;0.0
0.030019111931324005;0.030019111931324005;0.16228033602237701;0.0;0.3965844511985779;0.45100682973861694;0.3965844511985779;0.0
0.030040860176086426;0.030040860176086426;0.17005833983421326;0.0;0.398188054561615;1.0567182302474976;0.398188054561615;0.0
0.03005145490169525;0.03005145490169525;0.27458351850509644;0.0;0.39936381578445435;0.871787428855896;0.39936381578445435;0.0
0.03020310401916504;0.03020310401916504;0.13391244411468506;0.0;0.40023666620254517;0.4923144280910492;0.40023666620254517;0.0
0.030217081308364868;0.030217081308364868;0.09415535628795624;0.0;0.40116044878959656;0.4701225459575653;0.40116044878959656;0.0
0.030231289565563202;0.030231289565563202;0.1556149125099182;0.0;0.4026172161102295;0.7564725279808044;0.4026172161102295;0.0
0.030269846320152283;0.030269846320152283;0.09243173897266388;0.0;0.4030981659889221;0.7746544480323792;0.4030981659889221;0.0
0.030397966504096985;0.030397966504096985;0.13457249104976654;0.0;0.4049367606639862;0.6411680579185486;0.4049367606639862;0.0
0.03039802610874176;0.03039802610874176;0.14944805204868317;0.0;0.40531691908836365;0.6291020512580872;0.40531691908836365;0.0
0.030496597290039062;0.030496597290039062;0.29912257194519043;0.0;0.4059845805168152;0.5966224074363708;0.4059845805168152;0.0
0.030514955520629883;0.030514955520629883;0.12104366719722748;0.0;0.4062432646751404;0.46727797389030457;0.4062432646751404;0.0
0.030577480792999268;0.030577480792999268;0.12302291393280029;0.0;0.4069136083126068;0.49022045731544495;0.4069136083126068;0.0
0.030598551034927368;0.030598551034927368;0.06997653841972351;0.0;0.40707695484161377;0.5017040967941284;0.40707695484161377;0.0
0.030608803033828735;0.030608803033828735;0.25114905834198;0.0;0.4074058532714844;0.4958442151546478;0.4074058532714844;0.0
0.030716046690940857;0.030716046690940857;0.11527028679847717;0.0;0.4093208611011505;0.5395907163619995;0.4093208611011505;0.0
0.030782371759414673;0.030782371759414673;0.14813187718391418;0.0;0.40953561663627625;0.48140060901641846;0.40953561663627625;0.0
0.030804455280303955;0.030804455280303955;0.05844849348068237;0.0;0.41072046756744385;0.4923825263977051;0.41072046756744385;0.0
0.030948102474212646;0.030948102474212646;0.11560046672821045;0.0;0.41198408603668213;0.5358862280845642;0.41198408603668213;0.0
0.030983183532953262;0.030983183532953262;0.14998653531074524;0.0;0.41212886571884155;0.863673746585846;0.41212886571884155;0.0
0.031130507588386536;0.031130507588386536;0.2535631060600281;0.0;0.41218802332878113;0.7641924619674683;0.41218802332878113;0.0
0.031135156750679016;0.031135156750679016;0.10958513617515564;0.0;0.4124533236026764;0.4182252287864685;0.4124533236026764;0.0
0.03123760223388672;0.03123760223388672;0.32804182171821594;0.0;0.41266196966171265;0.8098190426826477;0.41266196966171265;0.0
0.031243249773979187;0.031243249773979187;0.13929075002670288;0.0;0.41321757435798645;0.6843915581703186;0.41321757435798645;0.0
0.0312577486038208;0.0312577486038208;0.2174396514892578;0.0;0.4144922196865082;1.7442551851272583;0.4144922196865082;0.0
0.03126087039709091;0.03126087039709091;0.08439323306083679;0.0;0.4152527451515198;0.8807253241539001;0.4152527451515198;0.0
0.031314194202423096;0.031314194202423096;0.11552280187606812;0.0;0.4158414900302887;0.5904784202575684;0.4158414900302887;0.0
0.03143501281738281;0.03143501281738281;0.11145465075969696;0.0;0.4166136085987091;0.5495120882987976;0.4166136085987091;0.0
0.03153173625469208;0.03153173625469208;0.10977958142757416;0.0;0.41771867871284485;0.5092408657073975;0.41771867871284485;0.0
0.03163701295852661;0.03163701295852661;0.13637283444404602;0.0;0.4184679687023163;0.7097547054290771;0.4184679687023163;0.0
0.031670957803726196;0.031670957803726196;0.09885625541210175;0.0;0.41937771439552307;0.41937771439552307;0.4817945659160614;0.0
0.03169536590576172;0.03169536590576172;0.48188477754592896;0.0;0.4196354150772095;0.5401607751846313;0.4196354150772095;0.0
0.03177905082702637;0.03177905082702637;0.31161391735076904;0.0;0.4211542308330536;0.4229260981082916;0.4211542308330536;0.0
0.03186465799808502;0.03186465799808502;0.1798308789730072;0.0;0.4226360619068146;0.5246575474739075;0.4226360619068146;0.0
0.03188113868236542;0.03188113868236542;0.2349064201116562;0.0;0.42473262548446655;0.48560890555381775;0.42473262548446655;0.0
0.03189823031425476;0.03189823031425476;0.21613872051239014;0.0;0.42491114139556885;0.5307212471961975;0.42491114139556885;0.0
0.031920358538627625;0.031920358538627625;0.16005268692970276;0.0;0.4265342056751251;0.5820631980895996;0.4265342056751251;0.0
0.03193584084510803;0.03193584084510803;0.11494997143745422;0.0;0.42743539810180664;0.60237717628479;0.42743539810180664;0.0
0.032017096877098083;0.032017096877098083;0.30388695001602173;0.0;0.427863746881485;0.8525176644325256;0.427863746881485;0.0
0.03206890821456909;0.03206890821456909;0.11802715063095093;0.0;0.4287945628166199;0.5759406685829163;0.4287945628166199;0.0
0.03209739923477173;0.03209739923477173;0.17646858096122742;0.0;0.4303510785102844;0.5730944275856018;0.4303510785102844;0.0
0.032227739691734314;0.032227739691734314;0.0882394015789032;0.0;0.43109700083732605;0.5047162771224976;0.43109700083732605;0.0
0.032283954322338104;0.032283954322338104;0.2664235234260559;0.0;0.43179023265838623;0.49862152338027954;0.43179023265838623;0.0
0.03232938051223755;0.03232938051223755;0.381037175655365;0.0;0.43617531657218933;0.9507139921188354;0.43617531657218933;0.0
0.03234967589378357;0.03234967589378357;0.21810472011566162;0.0;0.43862858414649963;0.43862858414649963;0.48463454842567444;0.0
0.03248949348926544;0.03248949348926544;0.10942180454730988;0.0;0.4422813057899475;0.7639563679695129;0.4422813057899475;0.0
0.03252759575843811;0.03252759575843811;0.062167853116989136;0.0;0.44240522384643555;0.6125203371047974;0.44240522384643555;0.0
0.03261968865990639;0.03261968865990639;0.3061438500881195;0.0;0.4429536759853363;0.641811192035675;0.4429536759853363;0.0
0.03267991542816162;0.03267991542816162;0.24786745011806488;0.0;0.44312381744384766;0.6692795157432556;0.44312381744384766;0.0
0.03270536661148071;0.03270536661148071;0.06717810779809952;0.0;0.4440038502216339;0.55992591381073;0.4440038502216339;0.0
0.03278109431266785;0.03278109431266785;0.2508840560913086;0.0;0.44456884264945984;0.7201641798019409;0.44456884264945984;0.0
0.03295145183801651;0.03295145183801651;0.11475637555122375;0.0;0.4448612630367279;0.47307851910591125;0.4448612630367279;0.0
0.03299897909164429;0.03299897909164429;0.18984383344650269;0.0;0.44569623470306396;1.0076749324798584;0.44569623470306396;0.0
0.033009499311447144;0.033009499311447144;0.11049355566501617;0.0;0.445859432220459;0.7110984325408936;0.445859432220459;0.0
0.03315916657447815;0.03315916657447815;0.08464750647544861;0.0;0.4461928606033325;0.4887753427028656;0.4461928606033325;0.0
0.0332222580909729;0.0332222580909729;0.1364254653453827;0.0;0.4468836784362793;0.5637899041175842;0.4468836784362793;0.0
0.033292487263679504;0.033292487263679504;0.16865071654319763;0.0;0.44725364446640015;0.9115362763404846;0.44725364446640015;0.0
0.03333938121795654;0.03333938121795654;0.15022605657577515;0.0;0.44928231835365295;0.44928231835365295;0.4791325032711029;0.0
0.03337825834751129;0.03337825834751129;0.09380385279655457;0.0;0.45307448506355286;0.45307448506355286;0.495086669921875;0.0
0.03342270851135254;0.03342270851135254;0.21643421053886414;0.0;0.45401865243911743;0.5748149156570435;0.45401865243911743;0.0
0.033495768904685974;0.033495768904685974;0.2642146050930023;0.0;0.45582666993141174;0.8548136949539185;0.45582666993141174;0.0
0.03349679708480835;0.03349679708480835;0.41566669940948486;0.0;0.4559246301651001;0.8790658712387085;0.4559246301651001;0.0
0.033691078424453735;0.033691078424453735;0.13620075583457947;0.0;0.45604172348976135;0.5684254169464111;0.45604172348976135;0.0
0.03373908996582031;0.03373908996582031;0.188923180103302;0.0;0.4623390734195709;0.8616938591003418;0.4623390734195709;0.0
0.0337790846824646;0.0337790846824646;0.11278139799833298;0.0;0.463144987821579;0.5676457285881042;0.463144987821579;0.0
0.033800363540649414;0.033800363540649414;0.23254740238189697;0.0;0.46448007225990295;0.46448007225990295;0.4962381422519684;0.0
0.033809274435043335;0.033809274435043335;0.17005442082881927;0.0;0.4656875729560852;0.832940936088562;0.4656875729560852;0.0
0.033819615840911865;0.033819615840911865;0.07595288753509521;0.0;0.4688410460948944;1.742555022239685;0.4688410460948944;0.0
0.033908069133758545;0.033908069133758545;0.23914963006973267;0.0;0.4690319299697876;0.6810674071311951;0.4690319299697876;0.0
0.033916473388671875;0.033916473388671875;0.10529515147209167;0.0;0.46936866641044617;0.6124327182769775;0.46936866641044617;0.0
0.0339488685131073;0.0339488685131073;0.34081220626831055;0.0;0.47023385763168335;0.9427952170372009;0.47023385763168335;0.0
0.03394979238510132;0.03394979238510132;0.14499884843826294;0.0;0.47098690271377563;0.5659474730491638;0.47098690271377563;0.0
0.033992111682891846;0.033992111682891846;0.08677756786346436;0.0;0.4714605212211609;0.5679402947425842;0.4714605212211609;0.0
0.0340002179145813;0.0340002179145813;0.23751676082611084;0.0;0.47234147787094116;0.47234147787094116;0.5039718747138977;0.0
0.0340406596660614;0.0340406596660614;0.14556685090065002;0.0;0.472855806350708;1.0386443138122559;0.472855806350708;0.0
0.03404390811920166;0.03404390811920166;0.1654306948184967;0.0;0.4742527902126312;0.7938650250434875;0.4742527902126312;0.0
0.03409254550933838;0.03409254550933838;0.09819595515727997;0.0;0.47450491786003113;0.9093385934829712;0.47450491786003113;0.0
0.03418540209531784;0.03418540209531784;0.16591590642929077;0.0;0.4753173887729645;0.5938132405281067;0.4753173887729645;0.0
0.03419944643974304;0.03419944643974304;0.18149754405021667;0.0;0.4783342778682709;0.567583441734314;0.4783342778682709;0.0
0.034199535846710205;0.034199535846710205;0.18698042631149292;0.0;0.47864025831222534;0.508948028087616;0.47864025831222534;0.0
0.03442728519439697;0.03442728519439697;0.19161392748355865;0.0;0.4796362817287445;0.4947443902492523;0.4796362817287445;0.0
0.03445973992347717;0.03445973992347717;0.14008626341819763;0.0;0.4796726405620575;1.1500146389007568;0.4796726405620575;0.0
0.03453695774078369;0.03453695774078369;0.27757197618484497;0.0;0.47975417971611023;0.5759965777397156;0.47975417971611023;0.0
0.03459170460700989;0.03459170460700989;0.22980301082134247;0.0;0.4804497957229614;1.1635713577270508;0.4804497957229614;0.0
0.034622371196746826;0.034622371196746826;0.12920986115932465;0.0;0.48136913776397705;0.544363796710968;0.48136913776397705;0.0
0.03473040461540222;0.03473040461540222;0.13966768980026245;0.0;0.48606523871421814;0.6281768679618835;0.48606523871421814;0.0
0.03481169044971466;0.03481169044971466;0.16820132732391357;0.0;0.486379474401474;0.8274238705635071;0.486379474401474;0.0
0.03489869832992554;0.03489869832992554;0.14270736277103424;0.0;0.4873226583003998;0.4873226583003998;0.4949208199977875;0.0
0.03490176796913147;0.03490176796913147;0.13435715436935425;0.0;0.4889404773712158;0.5225092172622681;0.4889404773712158;0.0
0.034920454025268555;0.034920454025268555;0.2624867558479309;0.0;0.4893173277378082;0.8483462333679199;0.4893173277378082;0.0
0.035005927085876465;0.035005927085876465;0.09503930807113647;0.0;0.4895990192890167;0.4895990192890167;0.5909024477005005;0.0
0.03505459427833557;0.03505459427833557;0.24255821108818054;0.0;0.49017176032066345;0.49017176032066345;43.485294342041016;0.0
0.035111021250486374;0.035111021250486374;0.1852259635925293;0.0;0.4904392659664154;1.0746921300888062;0.4904392659664154;0.0
0.035124897956848145;0.035124897956848145;0.1578504890203476;0.0;0.4905642569065094;0.4905642569065094;0.6234337091445923;0.0
0.03512835502624512;0.03512835502624512;0.1544296145439148;0.0;0.490784615278244;0.6129628419876099;0.490784615278244;0.0
0.03515484929084778;0.03515484929084778;0.15845155715942383;0.0;0.49107497930526733;0.8285698294639587;0.49107497930526733;0.0
0.03526096045970917;0.03526096045970917;0.09559592604637146;0.0;0.4956142008304596;0.6903079152107239;0.4956142008304596;0.0
0.03529226779937744;0.03529226779937744;0.23763152956962585;0.0;0.49732619524002075;0.5596684217453003;0.49732619524002075;0.0
0.035380542278289795;0.035380542278289795;0.20813211798667908;0.0;0.498872846364975;0.5754765868186951;0.498872846364975;0.0
0.03548486530780792;0.03548486530780792;0.09478721022605896;0.0;0.5002871155738831;0.5024290680885315;0.5002871155738831;0.0
0.035694003105163574;0.035694003105163574;0.21797871589660645;0.0;0.5012982487678528;0.7350500226020813;0.5012982487678528;0.0
0.03574901819229126;0.03574901819229126;0.10502851009368896;0.0;0.5018865466117859;0.5096650123596191;0.5018865466117859;0.0
0.03577527403831482;0.03577527403831482;0.18560507893562317;0.0;0.5029163360595703;0.5679054856300354;0.5029163360595703;0.0
0.035974740982055664;0.035974740982055664;0.20502641797065735;0.0;0.5056871175765991;0.5056871175765991;0.8946539163589478;0.0
0.036060631275177;0.036060631275177;0.10431675612926483;0.0;0.5061146020889282;0.7444982528686523;0.5061146020889282;0.0
0.03617286682128906;0.03617286682128906;0.1899295300245285;0.0;0.5070781707763672;0.5555972456932068;0.5070781707763672;0.0
0.03619039058685303;0.03619039058685303;0.29734373092651367;0.0;0.5089457631111145;0.7013546228408813;0.5089457631111145;0.0
0.036364078521728516;0.036364078521728516;0.47166335582733154;0.0;0.5089831352233887;0.6416005492210388;0.5089831352233887;0.0
0.03643941879272461;0.03643941879272461;0.4162566065788269;0.0;0.5092985033988953;0.6167084574699402;0.5092985033988953;0.0
0.03644847869873047;0.03644847869873047;0.16049087047576904;0.0;0.5103842616081238;0.5620688796043396;0.5103842616081238;0.0
0.03664982318878174;0.03664982318878174;0.26125001907348633;0.0;0.5109025239944458;1.1392176151275635;0.5109025239944458;0.0
0.03674007207155228;0.03674007207155228;0.22390729188919067;0.0;0.5110472440719604;0.6359155774116516;0.5110472440719604;0.0
0.036774635314941406;0.036774635314941406;0.2707598805427551;0.0;0.5125826001167297;0.9775710701942444;0.5125826001167297;0.0
0.03677713871002197;0.03677713871002197;0.19713787734508514;0.0;0.512584388256073;1.3360629081726074;0.512584388256073;0.0
0.036786824464797974;0.036786824464797974;0.22559966146945953;0.0;0.5141488909721375;0.5141488909721375;0.6511833667755127;0.0
0.036933302879333496;0.036933302879333496;0.19302117824554443;0.0;0.514991283416748;0.8121224045753479;0.514991283416748;0.0
0.036974191665649414;0.036974191665649414;0.23334413766860962;0.0;0.5158724188804626;0.7361719608306885;0.5158724188804626;0.0
0.037020593881607056;0.037020593881607056;0.1232847273349762;0.0;0.5159233808517456;1.069159984588623;0.5159233808517456;0.0
0.03711897134780884;0.03711897134780884;0.2490207552909851;0.0;0.5172033905982971;0.8161730766296387;0.5172033905982971;0.0
0.03717319667339325;0.03717319667339325;0.08774706721305847;0.0;0.5185720324516296;0.6352314949035645;0.5185720324516296;0.0
0.03721529245376587;0.03721529245376587;0.20512594282627106;0.0;0.5191047787666321;0.5997279286384583;0.5191047787666321;0.0
0.03725653886795044;0.03725653886795044;0.44421517848968506;0.0;0.5215100049972534;1.0456173419952393;0.5215100049972534;0.0
0.03735983371734619;0.03735983371734619;0.08619309216737747;0.0;0.5231438875198364;0.8590244054794312;0.5231438875198364;0.0
0.03743820637464523;0.03743820637464523;0.4117127060890198;0.0;0.5299332141876221;0.65716952085495;0.5299332141876221;0.0
0.03748840093612671;0.03748840093612671;0.10974878072738647;0.0;0.5299671292304993;0.5502445101737976;0.5299671292304993;0.0
0.03752029687166214;0.03752029687166214;0.08547167479991913;0.0;0.5316934585571289;1.2542966604232788;0.5316934585571289;0.0
0.037547871470451355;0.037547871470451355;0.13660001754760742;0.0;0.5346346497535706;0.622710645198822;0.5346346497535706;0.0
0.03763929009437561;0.03763929009437561;0.16624653339385986;0.0;0.5356087684631348;0.5694185495376587;0.5356087684631348;0.0
0.03772575780749321;0.03772575780749321;0.1576174646615982;0.0;0.5402317047119141;0.9778459668159485;0.5402317047119141;0.0
0.03776409476995468;0.03776409476995468;0.5154176950454712;0.0;0.5413101315498352;0.5413101315498352;0.6166594624519348;0.0
0.03778564929962158;0.03778564929962158;0.29939550161361694;0.0;0.5459150075912476;0.7497700452804565;0.5459150075912476;0.0
0.03790435194969177;0.03790435194969177;0.43946659564971924;0.0;0.5486964583396912;0.6271847486495972;0.5486964583396912;0.0
0.03800153732299805;0.03800153732299805;0.15727800130844116;0.0;0.5512834787368774;0.9287863969802856;0.5512834787368774;0.0
0.03807497024536133;0.03807497024536133;0.18634676933288574;0.0;0.5514208674430847;0.8632588982582092;0.5514208674430847;0.0
0.03807646036148071;0.03807646036148071;0.2342739701271057;0.0;0.5540538430213928;0.96551114320755;0.5540538430213928;0.0
0.03821185231208801;0.03821185231208801;0.17839643359184265;0.0;0.5551388263702393;0.7480952143669128;0.5551388263702393;0.0
0.038226306438446045;0.038226306438446045;0.08895918726921082;0.0;0.5582004189491272;0.6911733150482178;0.5582004189491272;0.0
0.03843013942241669;0.03843013942241669;0.3087148070335388;0.0;0.5589448809623718;0.6315549612045288;0.5589448809623718;0.0
0.038446664810180664;0.038446664810180664;0.22122108936309814;0.0;0.5590834021568298;0.9455112218856812;0.5590834021568298;0.0
0.03850629925727844;0.03850629925727844;0.19702225923538208;0.0;0.5609136819839478;0.6764873266220093;0.5609136819839478;0.0
0.038518354296684265;0.038518354296684265;0.060925036668777466;0.0;0.5614643692970276;0.9791496396064758;0.5614643692970276;0.0
0.03859752416610718;0.03859752416610718;0.3027633726596832;0.0;0.5636810064315796;0.9699010848999023;0.5636810064315796;0.0
0.038611993193626404;0.038611993193626404;0.15376973152160645;0.0;0.565728485584259;0.7819692492485046;0.565728485584259;0.0
0.0387195348739624;0.0387195348739624;0.17705047130584717;0.0;0.5676770806312561;0.6094232201576233;0.5676770806312561;0.0
0.03874984383583069;0.03874984383583069;0.15177595615386963;0.0;0.5677453279495239;0.7740480899810791;0.5677453279495239;0.0
0.038762450218200684;0.038762450218200684;0.16902995109558105;0.0;0.5682796835899353;0.7282053232192993;0.5682796835899353;0.0
0.03888458013534546;0.03888458013534546;0.23219244182109833;0.0;0.5685747265815735;0.7241829633712769;0.5685747265815735;0.0
0.03888516128063202;0.03888516128063202;0.1513691246509552;0.0;0.569159209728241;0.7522888779640198;0.569159209728241;0.0
0.03897666931152344;0.03897666931152344;0.29048749804496765;0.0;0.569508969783783;0.98204106092453;0.569508969783783;0.0
0.039003774523735046;0.039003774523735046;0.10925564169883728;0.0;0.5702823400497437;0.6977710127830505;0.5702823400497437;0.0
0.039157673716545105;0.039157673716545105;0.2250397801399231;0.0;0.5703917741775513;1.088841438293457;0.5703917741775513;0.0
0.03931094706058502;0.03931094706058502;0.3178228735923767;0.0;0.5719634294509888;0.8000964522361755;0.5719634294509888;0.0
0.039358943700790405;0.039358943700790405;0.5314222574234009;0.0;0.5768495202064514;0.891891598701477;0.5768495202064514;0.0
0.03937191516160965;0.03937191516160965;0.33449727296829224;0.0;0.5796352028846741;0.5796352028846741;1.0533289909362793;0.0
0.03941380977630615;0.03941380977630615;0.17513540387153625;0.0;0.5802561640739441;1.0316554307937622;0.5802561640739441;0.0
0.03955456614494324;0.03955456614494324;0.175828218460083;0.0;0.5836953520774841;1.2764118909835815;0.5836953520774841;0.0
0.039576172828674316;0.039576172828674316;0.11705717444419861;0.0;0.5846884846687317;0.8805898427963257;0.5846884846687317;0.0
0.03958055377006531;0.03958055377006531;0.17840301990509033;0.0;0.5851567387580872;0.5851567387580872;1.5627034902572632;0.0
0.03961163014173508;0.03961163014173508;0.14671584963798523;0.0;0.5857001543045044;0.6457515954971313;0.5857001543045044;0.0
0.03961610794067383;0.03961610794067383;0.22143366932868958;0.0;0.5862117409706116;0.6327434778213501;0.5862117409706116;0.0
0.039761751890182495;0.039761751890182495;0.23012813925743103;0.0;0.5868141651153564;0.5868141651153564;0.6787880063056946;0.0
0.03979773074388504;0.03979773074388504;0.24628251791000366;0.0;0.587002694606781;0.587002694606781;0.8731098771095276;0.0
0.03997194766998291;0.03997194766998291;0.15227574110031128;0.0;0.5934739112854004;0.7507002353668213;0.5934739112854004;0.0
0.040028899908065796;0.040028899908065796;0.1469479501247406;0.0;0.5936551094055176;0.6914180517196655;0.5936551094055176;0.0
0.040035128593444824;0.040035128593444824;0.26255738735198975;0.0;0.5938429832458496;1.050935983657837;0.5938429832458496;0.0
0.040080130100250244;0.040080130100250244;0.2637544274330139;0.0;0.5951261520385742;1.0204817056655884;0.5951261520385742;0.0
0.040104448795318604;0.040104448795318604;0.2150873839855194;0.0;0.5956294536590576;1.1027758121490479;0.5956294536590576;0.0
0.040278688073158264;0.040278688073158264;0.18282634019851685;0.0;0.5977712273597717;0.6519650220870972;0.5977712273597717;0.0
0.04033946990966797;0.04033946990966797;0.17740142345428467;0.0;0.5985233187675476;0.5985233187675476;1.7297948598861694;0.0
0.04035305976867676;0.04035305976867676;0.2775886058807373;0.0;0.6039548516273499;0.6039548516273499;0.8547906875610352;0.0
0.04056122899055481;0.04056122899055481;0.1871166229248047;0.0;0.6045600175857544;1.3998323678970337;0.6045600175857544;0.0
0.04058387875556946;0.04058387875556946;0.15384310483932495;0.0;0.6072536110877991;1.059022068977356;0.6072536110877991;0.0
0.04060709476470947;0.04060709476470947;0.13143384456634521;0.0;0.6074939966201782;1.3621914386749268;0.6074939966201782;0.0
0.04069295525550842;0.04069295525550842;0.10634250938892365;0.0;0.607923150062561;0.8231691122055054;0.607923150062561;0.0
0.04081225395202637;0.04081225395202637;0.31639981269836426;0.0;0.6093927621841431;0.6093927621841431;1.1400156021118164;0.0
0.04087495803833008;0.04087495803833008;0.3997477889060974;0.0;0.6097344160079956;0.9934865236282349;0.6097344160079956;0.0
0.04095936566591263;0.04095936566591263;0.18405494093894958;0.0;0.6126422882080078;1.4409725666046143;0.6126422882080078;0.0
0.04096028953790665;0.04096028953790665;0.25067228078842163;0.0;0.6145859360694885;1.250279188156128;0.6145859360694885;0.0
0.041085898876190186;0.041085898876190186;0.11792173981666565;0.0;0.6179865598678589;1.173274278640747;0.6179865598678589;0.0
0.041198551654815674;0.041198551654815674;0.19668300449848175;0.0;0.6196911931037903;0.9739130735397339;0.6196911931037903;0.0
0.041293103247880936;0.041293103247880936;0.20027342438697815;0.0;0.6206619739532471;0.7227705717086792;0.6206619739532471;0.0
0.04129648208618164;0.04129648208618164;0.11035886406898499;0.0;0.6222537755966187;1.222000002861023;0.6222537755966187;0.0
0.04141438007354736;0.04141438007354736;0.08059155941009521;0.0;0.6257277727127075;0.6257277727127075;0.6896091103553772;0.0
0.0416717529296875;0.0416717529296875;0.3745388388633728;0.0;0.6260698437690735;0.6260698437690735;0.6607048511505127;0.0
0.041715994477272034;0.041715994477272034;0.123260498046875;0.0;0.6279425024986267;1.0510624647140503;0.6279425024986267;0.0
0.041825100779533386;0.041825100779533386;0.1525680422782898;0.0;0.6289730668067932;1.0249912738800049;0.6289730668067932;0.0
0.04190811514854431;0.04190811514854431;0.1931222528219223;0.0;0.629978358745575;1.180938720703125;0.629978358745575;0.0
0.041978418827056885;0.041978418827056885;0.2869998812675476;0.0;0.6304089426994324;0.8925244808197021;0.6304089426994324;0.0
0.04204140603542328;0.04204140603542328;0.2478117048740387;0.0;0.632211446762085;0.9352326393127441;0.632211446762085;0.0
0.0421278178691864;0.0421278178691864;0.31300491094589233;0.0;0.6385820508003235;0.6385820508003235;0.8670575618743896;0.0
0.04213070869445801;0.04213070869445801;0.21593831479549408;0.0;0.6399756669998169;1.0835403203964233;0.6399756669998169;0.0
0.04226219654083252;0.04226219654083252;0.19372525811195374;0.0;0.6411961317062378;0.7244141697883606;0.6411961317062378;0.0
0.04227232187986374;0.04227232187986374;0.18866980075836182;0.0;0.6417524218559265;0.6417524218559265;0.6982338428497314;0.0
0.042448341846466064;0.042448341846466064;0.20396611094474792;0.0;0.6439414024353027;0.6439414024353027;0.753836989402771;0.0
0.04244992136955261;0.04244992136955261;0.26798588037490845;0.0;0.6454446315765381;0.6454446315765381;0.7727596163749695;0.0
0.04245791584253311;0.04245791584253311;0.15647554397583008;0.0;0.6463181376457214;0.7780129313468933;0.6463181376457214;0.0
0.042554497718811035;0.042554497718811035;0.21196575462818146;0.0;0.6466977596282959;1.0070995092391968;0.6466977596282959;0.0
0.04261595010757446;0.04261595010757446;0.28803956508636475;0.0;0.6467960476875305;0.7093291282653809;0.6467960476875305;0.0
0.04280848801136017;0.04280848801136017;0.0815616250038147;0.0;0.6500206589698792;1.0200910568237305;0.6500206589698792;0.0
0.04301285743713379;0.04301285743713379;0.08913987874984741;0.0;0.6511081457138062;1.097361445426941;0.6511081457138062;0.0
0.04305056482553482;0.04305056482553482;0.3497608006000519;0.0;0.6531254649162292;0.6773459911346436;0.6531254649162292;0.0
0.043055400252342224;0.043055400252342224;0.13904982805252075;0.0;0.6561596989631653;0.6561596989631653;1.4841691255569458;0.0
0.043129026889801025;0.043129026889801025;0.3883051574230194;0.0;0.6585909724235535;0.934465229511261;0.6585909724235535;0.0
0.04330100864171982;0.04330100864171982;0.1258160024881363;0.0;0.661517858505249;0.8551925420761108;0.661517858505249;0.0
0.043362826108932495;0.043362826108932495;0.44644665718078613;0.0;0.6637871861457825;0.6704757213592529;0.6637871861457825;0.0
0.043373942375183105;0.043373942375183105;0.1077757328748703;0.0;0.6646568775177002;0.9297636151313782;0.6646568775177002;0.0
0.043384574353694916;0.043384574353694916;0.15358610451221466;0.0;0.6682608723640442;0.6682608723640442;0.8921440243721008;0.0
0.043454766273498535;0.043454766273498535;0.4132760763168335;0.0;0.6748620867729187;0.6748620867729187;0.6788417100906372;0.0
0.04345595836639404;0.04345595836639404;0.25242263078689575;0.0;0.6749103665351868;1.1291991472244263;0.6749103665351868;0.0
0.043511390686035156;0.043511390686035156;0.31792575120925903;0.0;0.6752094626426697;0.6752094626426697;0.6801470518112183;0.0
0.04380793869495392;0.04380793869495392;0.1814527064561844;0.0;0.6801304221153259;0.8445892333984375;0.6801304221153259;0.0
0.043890759348869324;0.043890759348869324;0.27488476037979126;0.0;0.6802741289138794;1.057238221168518;0.6802741289138794;0.0
0.04394106566905975;0.04394106566905975;0.2709370255470276;0.0;0.6814366579055786;1.0865275859832764;0.6814366579055786;0.0
0.04394367337226868;0.04394367337226868;0.11712339520454407;0.0;0.6840740442276001;1.1995662450790405;0.6840740442276001;0.0
0.044042736291885376;0.044042736291885376;0.1363229900598526;0.0;0.6845746040344238;0.7849032878875732;0.6845746040344238;0.0
0.04411247372627258;0.04411247372627258;0.2086494117975235;0.0;0.68556809425354;0.7739983797073364;0.68556809425354;0.0
0.044143468141555786;0.044143468141555786;0.08221679925918579;0.0;0.6865543127059937;0.6865543127059937;1.0544377565383911;0.0
0.04418700933456421;0.04418700933456421;0.20147919654846191;0.0;0.6868764162063599;1.0466350317001343;0.6868764162063599;0.0
0.04429161548614502;0.04429161548614502;0.27395540475845337;0.0;0.6879214644432068;0.9180785417556763;0.6879214644432068;0.0
0.0443473756313324;0.0443473756313324;0.1266859471797943;0.0;0.6881924271583557;1.0324503183364868;0.6881924271583557;0.0
0.044649094343185425;0.044649094343185425;0.2907049059867859;0.0;0.6909626722335815;0.6909626722335815;0.9178548455238342;0.0
0.0447089821100235;0.0447089821100235;0.0762353241443634;0.0;0.6916446089744568;0.8142660856246948;0.6916446089744568;0.0
0.04477018117904663;0.04477018117904663;0.20435947179794312;0.0;0.6919517517089844;1.3264621496200562;0.6919517517089844;0.0
0.044969066977500916;0.044969066977500916;0.29039135575294495;0.0;0.6942322254180908;0.764435887336731;0.6942322254180908;0.0
0.04511916637420654;0.04511916637420654;0.3202061057090759;0.0;0.6947979927062988;0.6947979927062988;0.7501994371414185;0.0
0.04514598846435547;0.04514598846435547;0.3790799379348755;0.0;0.6949846148490906;0.7191025614738464;0.6949846148490906;0.0
0.045153260231018066;0.045153260231018066;0.31670504808425903;0.0;0.6997908353805542;0.8338419198989868;0.6997908353805542;0.0
0.045158907771110535;0.045158907771110535;0.3483222723007202;0.0;0.7039923071861267;0.8168408870697021;0.7039923071861267;0.0
0.04524087905883789;0.04524087905883789;0.2526739835739136;0.0;0.7043610215187073;0.747783362865448;0.7043610215187073;0.0
0.045255184173583984;0.045255184173583984;0.3429325819015503;0.0;0.7045270204544067;1.039933204650879;0.7045270204544067;0.0
0.04528924822807312;0.04528924822807312;0.44272100925445557;0.0;0.7063901424407959;0.7899289727210999;0.7063901424407959;0.0
0.04529598355293274;0.04529598355293274;0.11413952708244324;0.0;0.7090290784835815;1.2637253999710083;0.7090290784835815;0.0
0.04531186819076538;0.04531186819076538;0.06352907419204712;0.0;0.7095872163772583;0.7095872163772583;0.7494493722915649;0.0
0.04534138739109039;0.04534138739109039;0.2512861490249634;0.0;0.7103369832038879;0.7103369832038879;0.8138681650161743;0.0
0.045410990715026855;0.045410990715026855;0.2371005415916443;0.0;0.7141720652580261;1.1193268299102783;0.7141720652580261;0.0
0.045599162578582764;0.045599162578582764;0.17554378509521484;0.0;0.7158600687980652;1.0619739294052124;0.7158600687980652;0.0
0.04575452208518982;0.04575452208518982;0.16882622241973877;0.0;0.717150092124939;1.1969085931777954;0.717150092124939;0.0
0.04577136039733887;0.04577136039733887;0.22015565633773804;0.0;0.717909038066864;0.717909038066864;0.7211108207702637;0.0
0.04579484462738037;0.04579484462738037;0.13493850827217102;0.0;0.7189531326293945;0.7294891476631165;0.7189531326293945;0.0
0.045847684144973755;0.045847684144973755;0.11284595727920532;0.0;0.7194311618804932;0.8380866050720215;0.7194311618804932;0.0
0.04596681892871857;0.04596681892871857;0.10154122114181519;0.0;0.7205285429954529;1.1180427074432373;0.7205285429954529;0.0
0.0461384654045105;0.0461384654045105;0.18152235448360443;0.0;0.7213676571846008;1.1008358001708984;0.7213676571846008;0.0
0.046485573053359985;0.046485573053359985;0.3240965008735657;0.0;0.722127377986908;1.2835793495178223;0.722127377986908;0.0
0.04663035273551941;0.04663035273551941;0.20183999836444855;0.0;0.7244656682014465;1.3480544090270996;0.7244656682014465;0.0
0.04672671854496002;0.04672671854496002;0.26149892807006836;0.0;0.7244688868522644;0.9125275015830994;0.7244688868522644;0.0
0.04673326015472412;0.04673326015472412;0.18042117357254028;0.0;0.7244841456413269;0.7385863661766052;0.7244841456413269;0.0
0.04681718349456787;0.04681718349456787;0.10408151149749756;0.0;0.7273193001747131;0.7273193001747131;0.848452627658844;0.0
0.046849846839904785;0.046849846839904785;0.19998139142990112;0.0;0.7295449376106262;1.1717560291290283;0.7295449376106262;0.0
0.04705077409744263;0.04705077409744263;0.2423040270805359;0.0;0.7342535853385925;0.7342535853385925;0.7368835210800171;0.0
0.04707595705986023;0.04707595705986023;0.1361532211303711;0.0;0.7346476316452026;0.8895894885063171;0.7346476316452026;0.0
0.04718795418739319;0.04718795418739319;0.3504438102245331;0.0;0.7347376942634583;1.7385913133621216;0.7347376942634583;0.0
0.047611355781555176;0.047611355781555176;0.2596159875392914;0.0;0.7349241971969604;1.7616840600967407;0.7349241971969604;0.0
0.047637224197387695;0.047637224197387695;0.21449939906597137;0.0;0.7355232834815979;0.7355232834815979;0.8066872954368591;0.0
0.04783238470554352;0.04783238470554352;0.2110348492860794;0.0;0.7358976602554321;0.8367406129837036;0.7358976602554321;0.0
0.0479741096496582;0.0479741096496582;0.13213348388671875;0.0;0.736754298210144;1.847002387046814;0.736754298210144;0.0
0.04823914170265198;0.04823914170265198;0.3204430937767029;0.0;0.7370196580886841;0.7370196580886841;44.86647033691406;0.0
0.04838764667510986;0.04838764667510986;0.3991793990135193;0.0;0.7387748956680298;1.240403175354004;0.7387748956680298;0.0
0.04847186803817749;0.04847186803817749;0.23997539281845093;0.0;0.7403109669685364;1.5025758743286133;0.7403109669685364;0.0
0.04847416281700134;0.04847416281700134;0.1849198341369629;0.0;0.7417701482772827;1.2284306287765503;0.7417701482772827;0.0
0.048553466796875;0.048553466796875;0.32953232526779175;0.0;0.7442810535430908;1.1553699970245361;0.7442810535430908;0.0
0.04874551296234131;0.04874551296234131;0.14258719980716705;0.0;0.7456237077713013;0.9802135825157166;0.7456237077713013;0.0
0.04874861240386963;0.04874861240386963;0.12776798009872437;0.0;0.7466893792152405;0.7894958853721619;0.7466893792152405;0.0
0.04877877235412598;0.04877877235412598;0.14164799451828003;0.0;0.7498661279678345;1.3119868040084839;0.7498661279678345;0.0
0.04886138439178467;0.04886138439178467;0.18194955587387085;0.0;0.7514584064483643;0.7514584064483643;1.0757980346679688;0.0
0.04900895059108734;0.04900895059108734;0.283112108707428;0.0;0.7557306885719299;0.7557306885719299;1.1513128280639648;0.0
0.049071282148361206;0.049071282148361206;0.1478523313999176;0.0;0.7591210007667542;0.8789004683494568;0.7591210007667542;0.0
0.04911346733570099;0.04911346733570099;0.48634666204452515;0.0;0.7599666118621826;1.191615343093872;0.7599666118621826;0.0
0.04921390116214752;0.04921390116214752;0.11324961483478546;0.0;0.7612429857254028;0.7612429857254028;0.8448390960693359;0.0
0.049235522747039795;0.049235522747039795;0.1644083559513092;0.0;0.762143075466156;1.4442112445831299;0.762143075466156;0.0
0.04938232898712158;0.04938232898712158;0.1271553635597229;0.0;0.7621689438819885;1.303778052330017;0.7621689438819885;0.0
0.04942998290061951;0.04942998290061951;0.1563161164522171;0.0;0.7659255266189575;0.7659255266189575;1.11556077003479;0.0
0.04943147301673889;0.04943147301673889;0.17817288637161255;0.0;0.7663583159446716;0.8492507934570312;0.7663583159446716;0.0
0.04957074671983719;0.04957074671983719;0.2621980905532837;0.0;0.7683367133140564;1.0054160356521606;0.7683367133140564;0.0
0.04963576793670654;0.04963576793670654;0.24672842025756836;0.0;0.7726550698280334;1.4006460905075073;0.7726550698280334;0.0
0.049657464027404785;0.049657464027404785;0.4272695481777191;0.0;0.7753350734710693;0.7753350734710693;1.6590003967285156;0.0
0.04986560344696045;0.04986560344696045;0.26449793577194214;0.0;0.7807192206382751;1.0456302165985107;0.7807192206382751;0.0
0.049914926290512085;0.049914926290512085;0.1795141100883484;0.0;0.7819652557373047;1.1062194108963013;0.7819652557373047;0.0
0.049944765865802765;0.049944765865802765;0.19714529812335968;0.0;0.7832512855529785;0.8112168908119202;0.7832512855529785;0.0
0.049955591559410095;0.049955591559410095;0.45133405923843384;0.0;0.7841058969497681;1.1214519739151;0.7841058969497681;0.0
0.05001860857009888;0.05001860857009888;0.16003131866455078;0.0;0.7844051122665405;1.080856204032898;0.7844051122665405;0.0
0.050134629011154175;0.050134629011154175;0.20608970522880554;0.0;0.7861520051956177;0.7861520051956177;2.175236701965332;0.0
0.05022698640823364;0.05022698640823364;0.17030251026153564;0.0;0.7872978448867798;2.073033571243286;0.7872978448867798;0.0
0.05028647929430008;0.05028647929430008;0.1464541256427765;0.0;0.7888011932373047;0.9659650325775146;0.7888011932373047;0.0
0.050475090742111206;0.050475090742111206;0.22886431217193604;0.0;0.7901052832603455;0.9862751364707947;0.7901052832603455;0.0
0.05059007927775383;0.05059007927775383;0.35494059324264526;0.0;0.7901754379272461;0.7901754379272461;34.0430793762207;0.0
0.050644636154174805;0.050644636154174805;0.5112113952636719;0.0;0.7932205200195312;1.5962220430374146;0.7932205200195312;0.0
0.05079829692840576;0.05079829692840576;0.2380865216255188;0.0;0.7943732738494873;0.910906195640564;0.7943732738494873;0.0
0.05083656311035156;0.05083656311035156;0.15659692883491516;0.0;0.7965200543403625;1.0546997785568237;0.7965200543403625;0.0
0.05089219659566879;0.05089219659566879;0.19777891039848328;0.0;0.800029456615448;0.800029456615448;1.4277745485305786;0.0
0.051093220710754395;0.051093220710754395;0.27167391777038574;0.0;0.8028817772865295;1.2718337774276733;0.8028817772865295;0.0
0.05154234170913696;0.05154234170913696;0.3216738700866699;0.0;0.8031761050224304;0.9909496307373047;0.8031761050224304;0.0
0.051606133580207825;0.051606133580207825;0.14009399712085724;0.0;0.8046160936355591;1.1641560792922974;0.8046160936355591;0.0
0.05184692144393921;0.05184692144393921;0.18742555379867554;0.0;0.8057574033737183;1.5751214027404785;0.8057574033737183;0.0
0.051912784576416016;0.051912784576416016;0.6054363250732422;0.0;0.8058924078941345;0.9701411128044128;0.8058924078941345;0.0
0.0521906316280365;0.0521906316280365;0.14968298375606537;0.0;0.8093293309211731;1.2152347564697266;0.8093293309211731;0.0
0.05221576988697052;0.05221576988697052;0.15087291598320007;0.0;0.8093939423561096;0.8900922536849976;0.8093939423561096;0.0
0.05237889289855957;0.05237889289855957;0.2902621030807495;0.0;0.8109844923019409;1.0436363220214844;0.8109844923019409;0.0
0.05292621999979019;0.05292621999979019;0.3020736873149872;0.0;0.8113681674003601;1.0208821296691895;0.8113681674003601;0.0
0.053010761737823486;0.053010761737823486;0.06318165361881256;0.0;0.8130600452423096;1.2983567714691162;0.8130600452423096;0.0
0.0530182421207428;0.0530182421207428;0.29551810026168823;0.0;0.8134047389030457;0.9475135803222656;0.8134047389030457;0.0
0.053094834089279175;0.053094834089279175;0.317873477935791;0.0;0.8145674467086792;0.9942142963409424;0.8145674467086792;0.0
0.05335614085197449;0.05335614085197449;0.422737181186676;0.0;0.8172819018363953;1.1484280824661255;0.8172819018363953;0.0
0.053456783294677734;0.053456783294677734;0.3600059747695923;0.0;0.817331850528717;0.845138430595398;0.817331850528717;0.0
0.05348461866378784;0.05348461866378784;0.1713123470544815;0.0;0.82132488489151;0.89754718542099;0.82132488489151;0.0
0.05353140830993652;0.05353140830993652;0.46768227219581604;0.0;0.8225999474525452;1.2873388528823853;0.8225999474525452;0.0
0.0536186546087265;0.0536186546087265;0.2251759171485901;0.0;0.8249219059944153;0.8576489090919495;0.8249219059944153;0.0
0.05366939306259155;0.05366939306259155;0.42006680369377136;0.0;0.8280585408210754;0.8280585408210754;0.9366481900215149;0.0
0.0536731481552124;0.0536731481552124;0.24458537995815277;0.0;0.8285525441169739;1.4116876125335693;0.8285525441169739;0.0
0.05370458960533142;0.05370458960533142;0.13851958513259888;0.0;0.8298631906509399;1.0463993549346924;0.8298631906509399;0.0
0.05390661954879761;0.05390661954879761;0.4556789994239807;0.0;0.8299239873886108;1.2042876482009888;0.8299239873886108;0.0
0.05395159125328064;0.05395159125328064;0.2622166872024536;0.0;0.8329038619995117;0.9722265601158142;0.8329038619995117;0.0
0.05405515432357788;0.05405515432357788;0.3035982847213745;0.0;0.834476113319397;0.9975023865699768;0.834476113319397;0.0
0.054238975048065186;0.054238975048065186;0.30252212285995483;0.0;0.8384611010551453;0.8384611010551453;2.2567806243896484;0.0
0.054264962673187256;0.054264962673187256;0.22235062718391418;0.0;0.8387864232063293;0.9233487248420715;0.8387864232063293;0.0
0.05434854328632355;0.05434854328632355;0.2159879058599472;0.0;0.8482953310012817;0.9815585613250732;0.8482953310012817;0.0
0.05447489023208618;0.05447489023208618;0.11456242203712463;0.0;0.8504427075386047;1.088011622428894;0.8504427075386047;0.0
0.054610103368759155;0.054610103368759155;0.3500461280345917;0.0;0.8535448312759399;1.073551893234253;0.8535448312759399;0.0
0.0547480583190918;0.0547480583190918;0.3660673499107361;0.0;0.8592234253883362;1.1077477931976318;0.8592234253883362;0.0
0.054852306842803955;0.054852306842803955;0.20807775855064392;0.0;0.8599575161933899;1.0089410543441772;0.8599575161933899;0.0
0.05489407479763031;0.05489407479763031;0.15750662982463837;0.0;0.860885500907898;1.1643801927566528;0.860885500907898;0.0
0.05518662929534912;0.05518662929534912;0.23911210894584656;0.0;0.864342451095581;1.0340666770935059;0.864342451095581;0.0
0.05518901348114014;0.05518901348114014;0.3882017135620117;0.0;0.865830659866333;1.2418444156646729;0.865830659866333;0.0
0.05527687072753906;0.05527687072753906;0.3717957139015198;0.0;0.8670961260795593;0.8670961260795593;0.8837929964065552;0.0
0.055439770221710205;0.055439770221710205;0.3043241500854492;0.0;0.8735296726226807;1.0488594770431519;0.8735296726226807;0.0
0.05545496940612793;0.05545496940612793;0.22439631819725037;0.0;0.874767005443573;1.007986068725586;0.874767005443573;0.0
0.05553913116455078;0.05553913116455078;0.27217257022857666;0.0;0.8763537406921387;1.1242320537567139;0.8763537406921387;0.0
0.05564969778060913;0.05564969778060913;0.15905827283859253;0.0;0.8829630017280579;0.8829630017280579;1.1030199527740479;0.0
0.05587121844291687;0.05587121844291687;0.21132606267929077;0.0;0.8877034783363342;0.8877034783363342;1.1818161010742188;0.0
0.05603089928627014;0.05603089928627014;0.5466392636299133;0.0;0.8890590071678162;0.8890590071678162;1.0286098718643188;0.0
0.056105852127075195;0.056105852127075195;0.1139150857925415;0.0;0.8899728655815125;0.8899728655815125;0.9493903517723083;0.0
0.056178778409957886;0.056178778409957886;0.19705884158611298;0.0;0.8907468318939209;1.008297085762024;0.8907468318939209;0.0
0.056480228900909424;0.056480228900909424;0.15678051114082336;0.0;0.8924123048782349;0.8924123048782349;1.832621455192566;0.0
0.056557267904281616;0.056557267904281616;0.23960945010185242;0.0;0.8951384425163269;0.8951384425163269;0.9719439148902893;0.0
0.05674043297767639;0.05674043297767639;0.415838360786438;0.0;0.8955224752426147;1.784134864807129;0.8955224752426147;0.0
0.056741416454315186;0.056741416454315186;0.37108540534973145;0.0;0.8975846767425537;1.162208914756775;0.8975846767425537;0.0
0.056914299726486206;0.056914299726486206;0.2569221258163452;0.0;0.9151185154914856;0.9151185154914856;2.239494562149048;0.0
0.05704062432050705;0.05704062432050705;0.14050769805908203;0.0;0.9154716730117798;1.1918175220489502;0.9154716730117798;0.0
0.057091400027275085;0.057091400027275085;0.19614945352077484;0.0;0.9163874983787537;1.0201621055603027;0.9163874983787537;0.0
0.057151615619659424;0.057151615619659424;0.14976662397384644;0.0;0.9224516749382019;1.26318359375;0.9224516749382019;0.0
0.057167649269104004;0.057167649269104004;0.06944435834884644;0.0;0.9293685555458069;0.9590356945991516;0.9293685555458069;0.0
0.05726492404937744;0.05726492404937744;0.2511568069458008;0.0;0.9321232438087463;0.9321232438087463;44.62779998779297;0.0
0.05751609802246094;0.05751609802246094;0.24319857358932495;0.0;0.944805920124054;1.1617932319641113;0.944805920124054;0.0
0.057929039001464844;0.057929039001464844;0.14450417459011078;0.0;0.9453219175338745;0.9453219175338745;1.1372120380401611;0.0
0.05793789029121399;0.05793789029121399;0.14041495323181152;0.0;0.9464441537857056;1.975665807723999;0.9464441537857056;0.0
0.05794277787208557;0.05794277787208557;0.1754499226808548;0.0;0.9471147656440735;1.1455942392349243;0.9471147656440735;0.0
0.05798664689064026;0.05798664689064026;0.1442064642906189;0.0;0.9473677277565002;1.1812421083450317;0.9473677277565002;0.0
0.05829104781150818;0.05829104781150818;0.34539568424224854;0.0;0.9477624297142029;0.981352686882019;0.9477624297142029;0.0
0.0583111047744751;0.0583111047744751;0.4337891936302185;0.0;0.9519975781440735;1.259717345237732;0.9519975781440735;0.0
0.05832946300506592;0.05832946300506592;0.2300925850868225;0.0;0.9529858231544495;1.1600537300109863;0.9529858231544495;0.0
0.058441340923309326;0.058441340923309326;0.20846593379974365;0.0;0.9540947079658508;1.1615122556686401;0.9540947079658508;0.0
0.058662936091423035;0.058662936091423035;0.25426650047302246;0.0;0.957171618938446;1.6086117029190063;0.957171618938446;0.0
0.058685049414634705;0.058685049414634705;0.12748682498931885;0.0;0.9594492316246033;1.5085935592651367;0.9594492316246033;0.0
0.058790236711502075;0.058790236711502075;0.17498981952667236;0.0;0.9597114324569702;1.0427924394607544;0.9597114324569702;0.0
0.059152938425540924;0.059152938425540924;0.17347627878189087;0.0;0.9622531533241272;1.0958588123321533;0.9622531533241272;0.0
0.05939573049545288;0.05939573049545288;0.1093369871377945;0.0;0.9666383862495422;1.0931323766708374;0.9666383862495422;0.0
0.05965010076761246;0.05965010076761246;0.4163033366203308;0.0;0.9670763611793518;0.9670763611793518;1.0768989324569702;0.0
0.05998432636260986;0.05998432636260986;0.24508482217788696;0.0;0.9677438139915466;0.9677438139915466;1.3253281116485596;0.0
0.06002819538116455;0.06002819538116455;0.3176780045032501;0.0;0.9738015532493591;0.9738015532493591;45.40851974487305;0.0
0.06052100658416748;0.06052100658416748;0.3345709443092346;0.0;0.9751333594322205;0.9751333594322205;1.3622225522994995;0.0
0.06053054332733154;0.06053054332733154;0.19976133108139038;0.0;0.9792743921279907;1.0314621925354004;0.9792743921279907;0.0
0.060757845640182495;0.060757845640182495;0.25071829557418823;0.0;0.986140251159668;1.0333536863327026;0.986140251159668;0.0
0.06090593338012695;0.06090593338012695;0.41220688819885254;0.0;0.9869706630706787;1.5659174919128418;0.9869706630706787;0.0
0.06108534336090088;0.06108534336090088;0.34954923391342163;0.0;0.9987786412239075;0.9987786412239075;1.178781509399414;0.0
0.06124788522720337;0.06124788522720337;0.4069242477416992;0.0;1.0027774572372437;1.0027774572372437;1.2711070775985718;0.0
0.061303019523620605;0.061303019523620605;0.16923655569553375;0.0;1.0029644966125488;1.5229365825653076;1.0029644966125488;0.0
0.06137727200984955;0.06137727200984955;0.3432905673980713;0.0;1.0037695169448853;1.062851905822754;1.0037695169448853;0.0
0.06139487028121948;0.06139487028121948;0.3996269702911377;0.0;1.0083975791931152;1.8050129413604736;1.0083975791931152;0.0
0.06171312928199768;0.06171312928199768;0.3153434991836548;0.0;1.0115491151809692;1.7757627964019775;1.0115491151809692;0.0
0.061750203371047974;0.061750203371047974;0.3531842827796936;0.0;1.0175577402114868;1.1812666654586792;1.0175577402114868;0.0
0.061852484941482544;0.061852484941482544;0.3697682023048401;0.0;1.0244851112365723;1.5732651948928833;1.0244851112365723;0.0
0.06195607781410217;0.06195607781410217;0.2798084616661072;0.0;1.0283679962158203;1.0283679962158203;1.34797203540802;0.0
0.06219860911369324;0.06219860911369324;0.38509178161621094;0.0;1.0288662910461426;1.6964561939239502;1.0288662910461426;0.0
0.06239598989486694;0.06239598989486694;0.42455774545669556;0.0;1.0289011001586914;2.0300447940826416;1.0289011001586914;0.0
0.062430404126644135;0.062430404126644135;0.14305147528648376;0.0;1.0321300029754639;1.0321300029754639;1.1632517576217651;0.0
0.062496304512023926;0.062496304512023926;0.4428485035896301;0.0;1.0324606895446777;1.1605998277664185;1.0324606895446777;0.0
0.06253308057785034;0.06253308057785034;0.33714911341667175;0.0;1.0326725244522095;1.6160814762115479;1.0326725244522095;0.0
0.06258276104927063;0.06258276104927063;0.2835226058959961;0.0;1.0354244709014893;2.1668457984924316;1.0354244709014893;0.0
0.06265932321548462;0.06265932321548462;0.36560505628585815;0.0;1.0375111103057861;1.0375111103057861;1.2345136404037476;0.0
0.06289523839950562;0.06289523839950562;0.16315016150474548;0.0;1.0375182628631592;1.0375182628631592;1.7355494499206543;0.0
0.06318479776382446;0.06318479776382446;0.3908085823059082;0.0;1.0426090955734253;1.390462875366211;1.0426090955734253;0.0
0.06318801641464233;0.06318801641464233;0.23792189359664917;0.0;1.0436149835586548;1.290139079093933;1.0436149835586548;0.0
0.06323355436325073;0.06323355436325073;0.2211797535419464;0.0;1.0479730367660522;1.3650306463241577;1.0479730367660522;0.0
0.06352458894252777;0.06352458894252777;0.2145947813987732;0.0;1.0512170791625977;2.4304606914520264;1.0512170791625977;0.0
0.06364047527313232;0.06364047527313232;0.37332668900489807;0.0;1.0521763563156128;2.0784659385681152;1.0521763563156128;0.0
0.06373527646064758;0.06373527646064758;0.18359440565109253;0.0;1.0551857948303223;1.0551857948303223;1.4856330156326294;0.0
0.06393998861312866;0.06393998861312866;0.4474356770515442;0.0;1.064038872718811;1.7540074586868286;1.064038872718811;0.0
0.06397557258605957;0.06397557258605957;0.295993447303772;0.0;1.0693029165267944;1.1263816356658936;1.0693029165267944;0.0
0.06443369388580322;0.06443369388580322;0.224132239818573;0.0;1.0742348432540894;2.2530505657196045;1.0742348432540894;0.0
0.06449010223150253;0.06449010223150253;0.163040429353714;0.0;1.0749152898788452;1.4806771278381348;1.0749152898788452;0.0
0.06511792540550232;0.06511792540550232;0.18005606532096863;0.0;1.0751703977584839;1.297554850578308;1.0751703977584839;0.0
0.06513780355453491;0.06513780355453491;0.34034258127212524;0.0;1.0752465724945068;1.2660213708877563;1.0752465724945068;0.0
0.06528186798095703;0.06528186798095703;0.130642831325531;0.0;1.0764590501785278;1.277868390083313;1.0764590501785278;0.0
0.06562358140945435;0.06562358140945435;0.35832178592681885;0.0;1.07774019241333;1.5373458862304688;1.07774019241333;0.0
0.0661320686340332;0.0661320686340332;0.28973034024238586;0.0;1.077951431274414;1.077951431274414;1.3532921075820923;0.0
0.066184401512146;0.066184401512146;0.4196850061416626;0.0;1.0783805847167969;2.236438274383545;1.0783805847167969;0.0
0.06623584032058716;0.06623584032058716;0.36765092611312866;0.0;1.0836224555969238;1.2685543298721313;1.0836224555969238;0.0
0.06633749604225159;0.06633749604225159;0.1814618706703186;0.0;1.0866068601608276;1.3324828147888184;1.0866068601608276;0.0
0.06673267483711243;0.06673267483711243;0.12675902247428894;0.0;1.0958778858184814;1.0958778858184814;48.70606994628906;0.0
0.06705117225646973;0.06705117225646973;0.3149870038032532;0.0;1.0971035957336426;1.600672960281372;1.0971035957336426;0.0
0.06711232662200928;0.06711232662200928;0.17065933346748352;0.0;1.0999009609222412;2.5007660388946533;1.0999009609222412;0.0
0.06716752052307129;0.06716752052307129;0.3977806568145752;0.0;1.1139440536499023;1.4343657493591309;1.1139440536499023;0.0
0.06719151139259338;0.06719151139259338;0.2606027126312256;0.0;1.1203217506408691;1.156417965888977;1.1203217506408691;0.0
0.067472904920578;0.067472904920578;0.254322350025177;0.0;1.120774507522583;1.6425493955612183;1.120774507522583;0.0
0.06755846738815308;0.06755846738815308;0.21536493301391602;0.0;1.1263813972473145;1.1716707944869995;1.1263813972473145;0.0
0.06764781475067139;0.06764781475067139;0.35057735443115234;0.0;1.1288673877716064;1.184561014175415;1.1288673877716064;0.0
0.06769078969955444;0.06769078969955444;0.2977939546108246;0.0;1.1310536861419678;1.360776424407959;1.1310536861419678;0.0
0.06774032115936279;0.06774032115936279;0.39650076627731323;0.0;1.1407866477966309;1.6465814113616943;1.1407866477966309;0.0
0.06804284453392029;0.06804284453392029;0.34716886281967163;0.0;1.1492029428482056;1.1492029428482056;1.3901828527450562;0.0
0.06830388307571411;0.06830388307571411;0.26253074407577515;0.0;1.1495294570922852;1.3455991744995117;1.1495294570922852;0.0
0.06841641664505005;0.06841641664505005;0.29061681032180786;0.0;1.1524202823638916;1.2138093709945679;1.1524202823638916;0.0
0.06849992275238037;0.06849992275238037;0.29777365922927856;0.0;1.1656222343444824;1.1656222343444824;1.2153645753860474;0.0
0.06871932744979858;0.06871932744979858;0.2918969392776489;0.0;1.169073224067688;1.2928985357284546;1.169073224067688;0.0
0.06873810291290283;0.06873810291290283;0.2488819658756256;0.0;1.171738624572754;1.9292824268341064;1.171738624572754;0.0
0.06937539577484131;0.06937539577484131;0.3221912384033203;0.0;1.1720478534698486;1.925347924232483;1.1720478534698486;0.0
0.06967505812644958;0.06967505812644958;0.23284360766410828;0.0;1.175877571105957;1.175877571105957;1.808524489402771;0.0
0.07014822959899902;0.07014822959899902;0.37800806760787964;0.0;1.178368330001831;2.364083766937256;1.178368330001831;0.0
0.07052457332611084;0.07052457332611084;0.43848443031311035;0.0;1.17844820022583;1.565455436706543;1.17844820022583;0.0
0.0705590546131134;0.0705590546131134;0.37202197313308716;0.0;1.1833261251449585;1.1833261251449585;2.2750356197357178;0.0
0.07056862115859985;0.07056862115859985;0.26407158374786377;0.0;1.1933587789535522;1.1933587789535522;1.2777068614959717;0.0
0.0707411840558052;0.0707411840558052;0.2951197922229767;0.0;1.1936591863632202;1.3497686386108398;1.1936591863632202;0.0
0.071097731590271;0.071097731590271;0.20044347643852234;0.0;1.2148517370224;1.3380509614944458;1.2148517370224;0.0
0.07121038436889648;0.07121038436889648;0.279191255569458;0.0;1.2257747650146484;2.4826602935791016;1.2257747650146484;0.0
0.07224112749099731;0.07224112749099731;0.2649056911468506;0.0;1.2277169227600098;1.395493507385254;1.2277169227600098;0.0
0.0724020004272461;0.0724020004272461;0.43943339586257935;0.0;1.2295640707015991;1.3840105533599854;1.2295640707015991;0.0
0.07243406772613525;0.07243406772613525;0.47380757331848145;0.0;1.2357490062713623;1.2357490062713623;1.7705024480819702;0.0
0.0727074146270752;0.0727074146270752;0.176264226436615;0.0;1.2540501356124878;1.4095754623413086;1.2540501356124878;0.0
0.0728009045124054;0.0728009045124054;0.22014999389648438;0.0;1.2557337284088135;2.8959240913391113;1.2557337284088135;0.0
0.07287865877151489;0.07287865877151489;0.48717987537384033;0.0;1.2646321058273315;1.2646321058273315;1.7731921672821045;0.0
0.07313299179077148;0.07313299179077148;0.37728190422058105;0.0;1.2649736404418945;1.5577726364135742;1.2649736404418945;0.0
0.07318338751792908;0.07318338751792908;0.23190200328826904;0.0;1.2653865814208984;1.4668670892715454;1.2653865814208984;0.0
0.07318413257598877;0.07318413257598877;0.20710745453834534;0.0;1.2695765495300293;1.2695765495300293;1.467979907989502;0.0
0.07322430610656738;0.07322430610656738;0.3651691973209381;0.0;1.2789952754974365;1.2789952754974365;1.3602538108825684;0.0
0.07410472631454468;0.07410472631454468;0.32867422699928284;0.0;1.2890293598175049;1.2890293598175049;1.3494142293930054;0.0
0.07435393333435059;0.07435393333435059;0.3942464590072632;0.0;1.3060710430145264;1.6534792184829712;1.3060710430145264;0.0
0.07446160912513733;0.07446160912513733;0.41386282444000244;0.0;1.3066476583480835;1.7822520732879639;1.3066476583480835;0.0
0.07463741302490234;0.07463741302490234;0.3088648021221161;0.0;1.3091169595718384;2.3482091426849365;1.3091169595718384;0.0
0.07560655474662781;0.07560655474662781;0.37952369451522827;0.0;1.3203210830688477;1.3890148401260376;1.3203210830688477;0.0
0.07596591114997864;0.07596591114997864;0.40459662675857544;0.0;1.3305267095565796;1.350683331489563;1.3305267095565796;0.0
0.07620760798454285;0.07620760798454285;0.22582167387008667;0.0;1.339316964149475;1.7350465059280396;1.339316964149475;0.0
0.0762215256690979;0.0762215256690979;0.3468385934829712;0.0;1.3486875295639038;1.3486875295639038;1.668861985206604;0.0
0.07702559232711792;0.07702559232711792;0.2749347388744354;0.0;1.3579230308532715;1.3579230308532715;1.6203807592391968;0.0
0.07740199565887451;0.07740199565887451;0.3987129330635071;0.0;1.3584318161010742;1.3584318161010742;1.7932136058807373;0.0
0.07802578806877136;0.07802578806877136;0.3074556589126587;0.0;1.3616524934768677;1.9405584335327148;1.3616524934768677;0.0
0.07820183038711548;0.07820183038711548;0.38691845536231995;0.0;1.3654711246490479;1.6064908504486084;1.3654711246490479;0.0
0.07843220233917236;0.07843220233917236;0.43746352195739746;0.0;1.3727844953536987;1.3727844953536987;1.523048996925354;0.0
0.07867568731307983;0.07867568731307983;0.4666978716850281;0.0;1.3760384321212769;1.829668641090393;1.3760384321212769;0.0
0.07870113849639893;0.07870113849639893;0.29471540451049805;0.0;1.379592776298523;1.5562891960144043;1.379592776298523;0.0
0.07870679348707199;0.07870679348707199;0.3515101671218872;0.0;1.3856912851333618;1.3856912851333618;2.794581890106201;0.0
0.07886382937431335;0.07886382937431335;0.4305419325828552;0.0;1.3938374519348145;2.6077778339385986;1.3938374519348145;0.0
0.07986342906951904;0.07986342906951904;0.3365047574043274;0.0;1.4084676504135132;1.4084676504135132;1.5414602756500244;0.0
0.07999402284622192;0.07999402284622192;0.15635788440704346;0.0;1.415941834449768;1.9448434114456177;1.415941834449768;0.0
0.08018505573272705;0.08018505573272705;0.42799627780914307;0.0;1.4239674806594849;1.4239674806594849;1.8102502822875977;0.0
0.08057430386543274;0.08057430386543274;0.19198715686798096;0.0;1.4259310960769653;1.4259310960769653;2.3265697956085205;0.0
0.08130573481321335;0.08130573481321335;0.33494067192077637;0.0;1.429532766342163;2.2235937118530273;1.429532766342163;0.0
0.08132869005203247;0.08132869005203247;0.3906756043434143;0.0;1.4433513879776;1.4433513879776;1.7310255765914917;0.0
0.08146145939826965;0.08146145939826965;0.33994513750076294;0.0;1.450782060623169;1.5497996807098389;1.450782060623169;0.0
0.08152775466442108;0.08152775466442108;0.22842051088809967;0.0;1.4778847694396973;1.4778847694396973;1.5049221515655518;0.0
0.08153879642486572;0.08153879642486572;0.3733203411102295;0.0;1.4791364669799805;1.8207499980926514;1.4791364669799805;0.0
0.08241148293018341;0.08241148293018341;0.19142666459083557;0.0;1.5186761617660522;1.5186761617660522;45.336021423339844;0.0
0.08247601985931396;0.08247601985931396;0.32658055424690247;0.0;1.526283621788025;1.526283621788025;2.457566261291504;0.0
0.08407074213027954;0.08407074213027954;0.23005768656730652;0.0;1.5282953977584839;1.6688170433044434;1.5282953977584839;0.0
0.08407222479581833;0.08407222479581833;0.47650381922721863;0.0;1.5365241765975952;1.927527666091919;1.5365241765975952;0.0
0.08457902073860168;0.08457902073860168;0.34016790986061096;0.0;1.5410797595977783;1.9232759475708008;1.5410797595977783;0.0
0.08513158559799194;0.08513158559799194;0.2763439416885376;0.0;1.5416181087493896;1.5416181087493896;1.7366515398025513;0.0
0.0851818323135376;0.0851818323135376;0.4172874689102173;0.0;1.5940041542053223;1.5940041542053223;3.2402918338775635;0.0
0.08765333890914917;0.08765333890914917;0.24933990836143494;0.0;1.6012070178985596;1.6012070178985596;1.8077776432037354;0.0
0.08771359920501709;0.08771359920501709;0.3108198642730713;0.0;1.601716160774231;1.601716160774231;1.6138676404953003;0.0
0.08805787563323975;0.08805787563323975;0.29656291007995605;0.0;1.603406310081482;2.2623398303985596;1.603406310081482;0.0
0.08807060122489929;0.08807060122489929;0.43179526925086975;0.0;1.6064592599868774;2.456104278564453;1.6064592599868774;0.0
0.08818838000297546;0.08818838000297546;0.3122456669807434;0.0;1.6090734004974365;1.8204716444015503;1.6090734004974365;0.0
0.0883665382862091;0.0883665382862091;0.30394601821899414;0.0;1.6135011911392212;1.6135011911392212;3.729944944381714;0.0
0.08858710527420044;0.08858710527420044;0.4572967290878296;0.0;1.637028455734253;1.637028455734253;1.9568842649459839;0.0
0.0900689959526062;0.0900689959526062;0.4754282832145691;0.0;1.6485788822174072;1.6670148372650146;1.6485788822174072;0.0
0.09019696712493896;0.09019696712493896;0.22564616799354553;0.0;1.6487059593200684;1.6487059593200684;1.9020109176635742;0.0
0.09041993319988251;0.09041993319988251;0.36323535442352295;0.0;1.6649378538131714;1.6649378538131714;2.597921848297119;0.0
0.09087133407592773;0.09087133407592773;0.4734506607055664;0.0;1.6711547374725342;1.6711547374725342;2.0817508697509766;0.0
0.09123420715332031;0.09123420715332031;0.5939644575119019;0.0;1.6793148517608643;1.9956356287002563;1.6793148517608643;0.0
0.0913519412279129;0.0913519412279129;0.22921252250671387;0.0;1.692983865737915;1.7680256366729736;1.692983865737915;0.0
0.09230810403823853;0.09230810403823853;0.2906755208969116;0.0;1.695335030555725;3.4191431999206543;1.695335030555725;0.0
0.09248392283916473;0.09248392283916473;0.36924707889556885;0.0;1.6982803344726562;2.372955799102783;1.6982803344726562;0.0
0.09250271320343018;0.09250271320343018;0.2832615375518799;0.0;1.7007784843444824;1.7007784843444824;1.794852375984192;0.0
0.09359252452850342;0.09359252452850342;0.3690595030784607;0.0;1.7020982503890991;2.0190207958221436;1.7020982503890991;0.0
0.09409940242767334;0.09409940242767334;0.22795766592025757;0.0;1.7103136777877808;2.0664000511169434;1.7103136777877808;0.0
0.09446990489959717;0.09446990489959717;0.4864201247692108;0.0;1.7175167798995972;1.7175167798995972;2.2757599353790283;0.0
0.09534037113189697;0.09534037113189697;0.3612155616283417;0.0;1.7226767539978027;2.3753983974456787;1.7226767539978027;0.0
0.09561687707901001;0.09561687707901001;0.3753014802932739;0.0;1.7425150871276855;1.7425150871276855;2.9988937377929688;0.0
0.09567368030548096;0.09567368030548096;0.45541971921920776;0.0;1.7464699745178223;1.7464699745178223;2.7825374603271484;0.0
0.0960075855255127;0.0960075855255127;0.40213918685913086;0.0;1.7540830373764038;1.7540830373764038;1.8939794301986694;0.0
0.09621864557266235;0.09621864557266235;0.4540589451789856;0.0;1.7586702108383179;1.8300279378890991;1.7586702108383179;0.0
0.09633088111877441;0.09633088111877441;0.3776364326477051;0.0;1.760949730873108;1.9451591968536377;1.760949730873108;0.0
0.09679844975471497;0.09679844975471497;0.2538435459136963;0.0;1.7663289308547974;1.9074221849441528;1.7663289308547974;0.0
0.0973963737487793;0.0973963737487793;0.36323797702789307;0.0;1.7668095827102661;1.8940560817718506;1.7668095827102661;0.0
0.09822285175323486;0.09822285175323486;0.3707317113876343;0.0;1.8063690662384033;2.013723373413086;1.8063690662384033;0.0
0.09851539134979248;0.09851539134979248;0.33141106367111206;0.0;1.8229317665100098;1.8229317665100098;1.9203479290008545;0.0
0.09889352321624756;0.09889352321624756;0.38014841079711914;0.0;1.8257290124893188;2.030223846435547;1.8257290124893188;0.0
0.09891119599342346;0.09891119599342346;0.4685204029083252;0.0;1.8451030254364014;1.8451030254364014;2.264728546142578;0.0
0.09896516799926758;0.09896516799926758;0.3354405164718628;0.0;1.8474807739257812;1.8474807739257812;2.6885485649108887;0.0
0.09996300935745239;0.09996300935745239;0.36992400884628296;0.0;1.8815572261810303;1.8815572261810303;2.625309467315674;0.0
0.1001788079738617;0.1001788079738617;0.4516983926296234;0.0;1.8859903812408447;2.664551019668579;1.8859903812408447;0.0
0.1002511978149414;0.1002511978149414;0.2493646740913391;0.0;1.9043489694595337;1.9043489694595337;1.9527075290679932;0.0
0.10058681666851044;0.10058681666851044;0.33341726660728455;0.0;1.9114933013916016;2.026303291320801;1.9114933013916016;0.0
0.10114085674285889;0.10114085674285889;0.4076021909713745;0.0;1.9203437566757202;1.9203437566757202;3.5875039100646973;0.0
0.10210472345352173;0.10210472345352173;0.37388986349105835;0.0;1.9217441082000732;2.009082078933716;1.9217441082000732;0.0
0.10350480675697327;0.10350480675697327;0.3525596857070923;0.0;1.9497636556625366;2.793652057647705;1.9497636556625366;0.0
0.10573181509971619;0.10573181509971619;0.3281777501106262;0.0;1.9501047134399414;2.3957557678222656;1.9501047134399414;0.0
0.10625654458999634;0.10625654458999634;0.4102936387062073;0.0;1.953551173210144;1.953551173210144;2.284104347229004;0.0
0.10633355379104614;0.10633355379104614;0.38748353719711304;0.0;2.028020143508911;2.028020143508911;2.377876043319702;0.0
0.10643422603607178;0.10643422603607178;0.20998358726501465;0.0;2.029947519302368;3.3401777744293213;2.029947519302368;0.0
0.10644185543060303;0.10644185543060303;0.44524532556533813;0.0;2.0458600521087646;2.49741268157959;2.0458600521087646;0.0
0.10660333931446075;0.10660333931446075;0.3191068768501282;0.0;2.050010919570923;2.050010919570923;2.6307690143585205;0.0
0.10677969455718994;0.10677969455718994;0.40211570262908936;0.0;2.067002296447754;2.067002296447754;2.264237642288208;0.0
0.10725590586662292;0.10725590586662292;0.34565478563308716;0.0;2.0944266319274902;2.435399293899536;2.0944266319274902;0.0
0.10748875141143799;0.10748875141143799;0.3639723062515259;0.0;2.0983071327209473;2.0983071327209473;2.618290424346924;0.0
0.10784763097763062;0.10784763097763062;0.3327459692955017;0.0;2.1081113815307617;2.1081113815307617;24.31500816345215;0.0
0.10839948058128357;0.10839948058128357;0.48608309030532837;0.0;2.1360490322113037;2.1360490322113037;29.047027587890625;0.0
0.10843080282211304;0.10843080282211304;0.5268236398696899;0.0;2.1395840644836426;2.1395840644836426;2.2960762977600098;0.0
0.10859188437461853;0.10859188437461853;0.3393269181251526;0.0;2.1452207565307617;2.1452207565307617;2.7190136909484863;0.0
0.10906624794006348;0.10906624794006348;0.29402679204940796;0.0;2.1689953804016113;2.1689953804016113;3.126272439956665;0.0
0.10972672700881958;0.10972672700881958;0.529549777507782;0.0;2.196885824203491;2.6081087589263916;2.196885824203491;0.0
0.11147141456604004;0.11147141456604004;0.32249361276626587;0.0;2.2579345703125;2.2579345703125;3.526585340499878;0.0
0.11174294352531433;0.11174294352531433;0.41701993346214294;0.0;2.2674624919891357;2.2674624919891357;28.802419662475586;0.0
0.1122092604637146;0.1122092604637146;0.4331093728542328;0.0;2.2898755073547363;2.2898755073547363;3.5212576389312744;0.0
0.11277484893798828;0.11277484893798828;0.3899894952774048;0.0;2.3033127784729004;2.3033127784729004;33.310184478759766;0.0
0.11328595876693726;0.11328595876693726;0.4504963159561157;0.0;2.3118226528167725;3.1773808002471924;2.3118226528167725;0.0
0.11350500583648682;0.11350500583648682;0.5209020376205444;0.0;2.338538408279419;2.5210883617401123;2.338538408279419;0.0
0.11426138877868652;0.11426138877868652;0.3189975619316101;0.0;2.353930711746216;2.353930711746216;2.7497398853302;0.0
0.11492753028869629;0.11492753028869629;0.2889227867126465;0.0;2.3872947692871094;2.3872947692871094;3.0479092597961426;0.0
0.11535590887069702;0.11535590887069702;0.24753141403198242;0.0;2.4562249183654785;2.4562249183654785;38.49758529663086;0.0
0.11728239059448242;0.11728239059448242;0.41347241401672363;0.0;2.4963130950927734;2.4963130950927734;2.5253031253814697;0.0
0.11930191516876221;0.11930191516876221;0.5412865877151489;0.0;2.5009593963623047;2.5009593963623047;31.66727638244629;0.0
0.11940658092498779;0.11940658092498779;0.3283737301826477;0.0;2.5114383697509766;2.5114383697509766;44.91595458984375;0.0
0.12409541010856628;0.12409541010856628;0.23404711484909058;0.0;2.524118185043335;2.524118185043335;2.5571258068084717;0.0
0.1349080204963684;0.1349080204963684;0.32592159509658813;0.0;2.535400390625;2.535400390625;2.744373083114624;0.0
0.13875263929367065;0.13875263929367065;0.4977071285247803;0.0;2.595508337020874;2.6683897972106934;2.595508337020874;0.0
0.1446058750152588;0.1446058750152588;0.38213658332824707;0.0;3.006563663482666;3.006563663482666;25.37691879272461;0.0
0.1537865400314331;0.1537865400314331;0.3319145441055298;0.0;3.0806944370269775;3.0806944370269775;3.7406630516052246;0.0
